Name,Item No,Vf,Imax,CCT,CRI,Cutout,Beam Angle,Wattage,Batch Code,Stock Code,BIS No,BIS SEC,MRP,MFG BY,IMAGE
Olyn 9,DTZ075X,12V DC,700mA,2700K, CRI>90,Φ82*H120mm,6°,9W,AJ/CG,ARAD0975/27/06/W,R-41159492,IS 10322 (PART 5/SEC1):2012,6399,"Guangdong Sat Technology Co. Ltd., No. 11 Lianbao Rd, Shengfeng District, Xiaolan Town, Zhongshan City, Guangdong, China – 528400",./assets/images/downlights/Olyn-9-white.webp
Olyn 9,DTZ075X,12V DC,700mA,2700K, CRI>90,Φ82*H120mm,6°,9W,AJ/CG,ARAD0975/27/06/B,R-41159492,IS 10322 (PART 5/SEC1):2012,6399,"Guangdong Sat Technology Co. Ltd., No. 11 Lianbao Rd, Shengfeng District, Xiaolan Town, Zhongshan City, Guangdong, China – 528400",./assets/images/downlights/Olyn-9-black.webp
Olyn 9,DTZ075X,12V DC,700mA,3000K, CRI>90,Φ82*H120mm,6°,9W,AJ/CG,ARAD0975/30/06/W,R-41159492,IS 10322 (PART 5/SEC1):2012,6399,"Guangdong Sat Technology Co. Ltd., No. 11 Lianbao Rd, Shengfeng District, Xiaolan Town, Zhongshan City, Guangdong, China – 528400",./assets/images/downlights/Olyn-9-white.webp
Olyn 9,DTZ075X,12V DC,700mA,3000K, CRI>90,Φ82*H120mm,6°,9W,AJ/CG,ARAD0975/30/06/B,R-41159492,IS 10322 (PART 5/SEC1):2012,6399,"Guangdong Sat Technology Co. Ltd., No. 11 Lianbao Rd, Shengfeng District, Xiaolan Town, Zhongshan City, Guangdong, China – 528400",./assets/images/downlights/Olyn-9-black.webp
Olyn 9,DTZ075X,12V DC,700mA,3500K, CRI>90,Φ82*H120mm,6°,9W,AJ/CG,ARAD0975/35/06/W,R-41159492,IS 10322 (PART 5/SEC1):2012,6399,"Guangdong Sat Technology Co. Ltd., No. 11 Lianbao Rd, Shengfeng District, Xiaolan Town, Zhongshan City, Guangdong, China – 528400",./assets/images/downlights/Olyn-9-white.webp
Olyn 9,DTZ075X,12V DC,700mA,3500K, CRI>90,Φ82*H120mm,6°,9W,AJ/CG,ARAD0975/35/06/B,R-41159492,IS 10322 (PART 5/SEC1):2012,6399,"Guangdong Sat Technology Co. Ltd., No. 11 Lianbao Rd, Shengfeng District, Xiaolan Town, Zhongshan City, Guangdong, China – 528400",./assets/images/downlights/Olyn-9-black.webp
Olyn 9,DTZ075X,12V DC,700mA,4000K, CRI>90,Φ82*H120mm,6°,9W,AJ/CG,ARAD0975/40/06/W,R-41159492,IS 10322 (PART 5/SEC1):2012,6399,"Guangdong Sat Technology Co. Ltd., No. 11 Lianbao Rd, Shengfeng District, Xiaolan Town, Zhongshan City, Guangdong, China – 528400",./assets/images/downlights/Olyn-9-white.webp
Olyn 9,DTZ075X,12V DC,700mA,4000K, CRI>90,Φ82*H120mm,6°,9W,AJ/CG,ARAD0975/40/06/B,R-41159492,IS 10322 (PART 5/SEC1):2012,6399,"Guangdong Sat Technology Co. Ltd., No. 11 Lianbao Rd, Shengfeng District, Xiaolan Town, Zhongshan City, Guangdong, China – 528400",./assets/images/downlights/Olyn-9-black.webp
Olyn 9,DTZ075X,12V DC,700mA,5000K, CRI>90,Φ82*H120mm,6°,9W,AJ/CG,ARAD0975/50/06/W,R-41159492,IS 10322 (PART 5/SEC1):2012,6399,"Guangdong Sat Technology Co. Ltd., No. 11 Lianbao Rd, Shengfeng District, Xiaolan Town, Zhongshan City, Guangdong, China – 528400",./assets/images/downlights/Olyn-9-white.webp
Olyn 9,DTZ075X,12V DC,700mA,5000K, CRI>90,Φ82*H120mm,6°,9W,AJ/CG,ARAD0975/50/06/B,R-41159492,IS 10322 (PART 5/SEC1):2012,6399,"Guangdong Sat Technology Co. Ltd., No. 11 Lianbao Rd, Shengfeng District, Xiaolan Town, Zhongshan City, Guangdong, China – 528400",./assets/images/downlights/Olyn-9-black.webp
Olyn 9,DTZ075X,36V DC,200mA,2700K, CRI>97,Φ82*H120mm,15°,9W,AJ/CG,ARAD0975/27/15/W,R-41159492,IS 10322 (PART 5/SEC1):2012,6399,"Guangdong Sat Technology Co. Ltd., No. 11 Lianbao Rd, Shengfeng District, Xiaolan Town, Zhongshan City, Guangdong, China – 528400",./assets/images/downlights/Olyn-9-white.webp
Olyn 9,DTZ075X,36V DC,200mA,2700K, CRI>97,Φ82*H120mm,15°,9W,AJ/CG,ARAD0975/27/15/B,R-41159492,IS 10322 (PART 5/SEC1):2012,6399,"Guangdong Sat Technology Co. Ltd., No. 11 Lianbao Rd, Shengfeng District, Xiaolan Town, Zhongshan City, Guangdong, China – 528400",./assets/images/downlights/Olyn-9-black.webp
Olyn 9,DTZ075X,36V DC,200mA,3000K, CRI>97,Φ82*H120mm,15°,9W,AJ/CG,ARAD0975/30/15/W,R-41159492,IS 10322 (PART 5/SEC1):2012,6399,"Guangdong Sat Technology Co. Ltd., No. 11 Lianbao Rd, Shengfeng District, Xiaolan Town, Zhongshan City, Guangdong, China – 528400",./assets/images/downlights/Olyn-9-white.webp
Olyn 9,DTZ075X,36V DC,200mA,3000K, CRI>97,Φ82*H120mm,15°,9W,AJ/CG,ARAD0975/30/15/B,R-41159492,IS 10322 (PART 5/SEC1):2012,6399,"Guangdong Sat Technology Co. Ltd., No. 11 Lianbao Rd, Shengfeng District, Xiaolan Town, Zhongshan City, Guangdong, China – 528400",./assets/images/downlights/Olyn-9-black.webp
Olyn 9,DTZ075X,36V DC,200mA,3500K, CRI>97,Φ82*H120mm,15°,9W,AJ/CG,ARAD0975/35/15/W,R-41159492,IS 10322 (PART 5/SEC1):2012,6399,"Guangdong Sat Technology Co. Ltd., No. 11 Lianbao Rd, Shengfeng District, Xiaolan Town, Zhongshan City, Guangdong, China – 528400",./assets/images/downlights/Olyn-9-white.webp
Olyn 9,DTZ075X,36V DC,200mA,3500K, CRI>97,Φ82*H120mm,15°,9W,AJ/CG,ARAD0975/35/15/B,R-41159492,IS 10322 (PART 5/SEC1):2012,6399,"Guangdong Sat Technology Co. Ltd., No. 11 Lianbao Rd, Shengfeng District, Xiaolan Town, Zhongshan City, Guangdong, China – 528400",./assets/images/downlights/Olyn-9-black.webp
Olyn 9,DTZ075X,36V DC,200mA,4000K, CRI>97,Φ82*H120mm,15°,9W,AJ/CG,ARAD0975/40/15/W,R-41159492,IS 10322 (PART 5/SEC1):2012,6399,"Guangdong Sat Technology Co. Ltd., No. 11 Lianbao Rd, Shengfeng District, Xiaolan Town, Zhongshan City, Guangdong, China – 528400",./assets/images/downlights/Olyn-9-white.webp
Olyn 9,DTZ075X,36V DC,200mA,4000K, CRI>97,Φ82*H120mm,15°,9W,AJ/CG,ARAD0975/40/15/B,R-41159492,IS 10322 (PART 5/SEC1):2012,6399,"Guangdong Sat Technology Co. Ltd., No. 11 Lianbao Rd, Shengfeng District, Xiaolan Town, Zhongshan City, Guangdong, China – 528400",./assets/images/downlights/Olyn-9-black.webp
Olyn 9,DTZ075X,36V DC,200mA,5000K, CRI>97,Φ82*H120mm,15°,9W,AJ/CG,ARAD0975/50/15/W,R-41159492,IS 10322 (PART 5/SEC1):2012,6399,"Guangdong Sat Technology Co. Ltd., No. 11 Lianbao Rd, Shengfeng District, Xiaolan Town, Zhongshan City, Guangdong, China – 528400",./assets/images/downlights/Olyn-9-white.webp
Olyn 9,DTZ075X,36V DC,200mA,5000K, CRI>97,Φ82*H120mm,15°,9W,AJ/CG,ARAD0975/50/15/B,R-41159492,IS 10322 (PART 5/SEC1):2012,6399,"Guangdong Sat Technology Co. Ltd., No. 11 Lianbao Rd, Shengfeng District, Xiaolan Town, Zhongshan City, Guangdong, China – 528400",./assets/images/downlights/Olyn-9-black.webp
Olyn 9,DTZ075X,36V DC,200mA,2700K, CRI>97,Φ82*H120mm,24°,9W,AJ/CG,ARAD0975/27/24/W,R-41159492,IS 10322 (PART 5/SEC1):2012,6399,"Guangdong Sat Technology Co. Ltd., No. 11 Lianbao Rd, Shengfeng District, Xiaolan Town, Zhongshan City, Guangdong, China – 528400",./assets/images/downlights/Olyn-9-white.webp
Olyn 9,DTZ075X,36V DC,200mA,2700K, CRI>97,Φ82*H120mm,24°,9W,AJ/CG,ARAD0975/27/24/B,R-41159492,IS 10322 (PART 5/SEC1):2012,6399,"Guangdong Sat Technology Co. Ltd., No. 11 Lianbao Rd, Shengfeng District, Xiaolan Town, Zhongshan City, Guangdong, China – 528400",./assets/images/downlights/Olyn-9-black.webp
Olyn 9,DTZ075X,36V DC,200mA,3000K, CRI>97,Φ82*H120mm,24°,9W,AJ/CG,ARAD0975/30/24/W,R-41159492,IS 10322 (PART 5/SEC1):2012,6399,"Guangdong Sat Technology Co. Ltd., No. 11 Lianbao Rd, Shengfeng District, Xiaolan Town, Zhongshan City, Guangdong, China – 528400",./assets/images/downlights/Olyn-9-white.webp
Olyn 9,DTZ075X,36V DC,200mA,3000K, CRI>97,Φ82*H120mm,24°,9W,AJ/CG,ARAD0975/30/24/B,R-41159492,IS 10322 (PART 5/SEC1):2012,6399,"Guangdong Sat Technology Co. Ltd., No. 11 Lianbao Rd, Shengfeng District, Xiaolan Town, Zhongshan City, Guangdong, China – 528400",./assets/images/downlights/Olyn-9-black.webp
Olyn 9,DTZ075X,36V DC,200mA,3500K, CRI>97,Φ82*H120mm,24°,9W,AJ/CG,ARAD0975/35/24/W,R-41159492,IS 10322 (PART 5/SEC1):2012,6399,"Guangdong Sat Technology Co. Ltd., No. 11 Lianbao Rd, Shengfeng District, Xiaolan Town, Zhongshan City, Guangdong, China – 528400",./assets/images/downlights/Olyn-9-white.webp
Olyn 9,DTZ075X,36V DC,200mA,3500K, CRI>97,Φ82*H120mm,24°,9W,AJ/CG,ARAD0975/35/24/B,R-41159492,IS 10322 (PART 5/SEC1):2012,6399,"Guangdong Sat Technology Co. Ltd., No. 11 Lianbao Rd, Shengfeng District, Xiaolan Town, Zhongshan City, Guangdong, China – 528400",./assets/images/downlights/Olyn-9-black.webp
Olyn 9,DTZ075X,36V DC,200mA,4000K, CRI>97,Φ82*H120mm,24°,9W,AJ/CG,ARAD0975/40/24/W,R-41159492,IS 10322 (PART 5/SEC1):2012,6399,"Guangdong Sat Technology Co. Ltd., No. 11 Lianbao Rd, Shengfeng District, Xiaolan Town, Zhongshan City, Guangdong, China – 528400",./assets/images/downlights/Olyn-9-white.webp
Olyn 9,DTZ075X,36V DC,200mA,4000K, CRI>97,Φ82*H120mm,24°,9W,AJ/CG,ARAD0975/40/24/B,R-41159492,IS 10322 (PART 5/SEC1):2012,6399,"Guangdong Sat Technology Co. Ltd., No. 11 Lianbao Rd, Shengfeng District, Xiaolan Town, Zhongshan City, Guangdong, China – 528400",./assets/images/downlights/Olyn-9-black.webp
Olyn 9,DTZ075X,36V DC,200mA,5000K, CRI>97,Φ82*H120mm,24°,9W,AJ/CG,ARAD0975/50/24/W,R-41159492,IS 10322 (PART 5/SEC1):2012,6399,"Guangdong Sat Technology Co. Ltd., No. 11 Lianbao Rd, Shengfeng District, Xiaolan Town, Zhongshan City, Guangdong, China – 528400",./assets/images/downlights/Olyn-9-white.webp
Olyn 9,DTZ075X,36V DC,200mA,5000K, CRI>97,Φ82*H120mm,24°,9W,AJ/CG,ARAD0975/50/24/B,R-41159492,IS 10322 (PART 5/SEC1):2012,6399,"Guangdong Sat Technology Co. Ltd., No. 11 Lianbao Rd, Shengfeng District, Xiaolan Town, Zhongshan City, Guangdong, China – 528400",./assets/images/downlights/Olyn-9-black.webp
Olyn 9,DTZ075X,36V DC,200mA,2700K, CRI>97,Φ82*H120mm,36°,9W,AJ/CG,ARAD0975/27/36/W,R-41159492,IS 10322 (PART 5/SEC1):2012,6399,"Guangdong Sat Technology Co. Ltd., No. 11 Lianbao Rd, Shengfeng District, Xiaolan Town, Zhongshan City, Guangdong, China – 528400",./assets/images/downlights/Olyn-9-white.webp
Olyn 9,DTZ075X,36V DC,200mA,2700K, CRI>97,Φ82*H120mm,36°,9W,AJ/CG,ARAD0975/27/36/B,R-41159492,IS 10322 (PART 5/SEC1):2012,6399,"Guangdong Sat Technology Co. Ltd., No. 11 Lianbao Rd, Shengfeng District, Xiaolan Town, Zhongshan City, Guangdong, China – 528400",./assets/images/downlights/Olyn-9-black.webp
Olyn 9,DTZ075X,36V DC,200mA,3000K, CRI>97,Φ82*H120mm,36°,9W,AJ/CG,ARAD0975/30/36/W,R-41159492,IS 10322 (PART 5/SEC1):2012,6399,"Guangdong Sat Technology Co. Ltd., No. 11 Lianbao Rd, Shengfeng District, Xiaolan Town, Zhongshan City, Guangdong, China – 528400",./assets/images/downlights/Olyn-9-white.webp
Olyn 9,DTZ075X,36V DC,200mA,3000K, CRI>97,Φ82*H120mm,36°,9W,AJ/CG,ARAD0975/30/36/B,R-41159492,IS 10322 (PART 5/SEC1):2012,6399,"Guangdong Sat Technology Co. Ltd., No. 11 Lianbao Rd, Shengfeng District, Xiaolan Town, Zhongshan City, Guangdong, China – 528400",./assets/images/downlights/Olyn-9-black.webp
Olyn 9,DTZ075X,36V DC,200mA,3500K, CRI>97,Φ82*H120mm,36°,9W,AJ/CG,ARAD0975/35/36/W,R-41159492,IS 10322 (PART 5/SEC1):2012,6399,"Guangdong Sat Technology Co. Ltd., No. 11 Lianbao Rd, Shengfeng District, Xiaolan Town, Zhongshan City, Guangdong, China – 528400",./assets/images/downlights/Olyn-9-white.webp
Olyn 9,DTZ075X,36V DC,200mA,3500K, CRI>97,Φ82*H120mm,36°,9W,AJ/CG,ARAD0975/35/36/B,R-41159492,IS 10322 (PART 5/SEC1):2012,6399,"Guangdong Sat Technology Co. Ltd., No. 11 Lianbao Rd, Shengfeng District, Xiaolan Town, Zhongshan City, Guangdong, China – 528400",./assets/images/downlights/Olyn-9-black.webp
Olyn 9,DTZ075X,36V DC,200mA,4000K, CRI>97,Φ82*H120mm,36°,9W,AJ/CG,ARAD0975/40/36/W,R-41159492,IS 10322 (PART 5/SEC1):2012,6399,"Guangdong Sat Technology Co. Ltd., No. 11 Lianbao Rd, Shengfeng District, Xiaolan Town, Zhongshan City, Guangdong, China – 528400",./assets/images/downlights/Olyn-9-white.webp
Olyn 9,DTZ075X,36V DC,200mA,4000K, CRI>97,Φ82*H120mm,36°,9W,AJ/CG,ARAD0975/40/36/B,R-41159492,IS 10322 (PART 5/SEC1):2012,6399,"Guangdong Sat Technology Co. Ltd., No. 11 Lianbao Rd, Shengfeng District, Xiaolan Town, Zhongshan City, Guangdong, China – 528400",./assets/images/downlights/Olyn-9-black.webp
Olyn 9,DTZ075X,36V DC,200mA,5000K, CRI>97,Φ82*H120mm,36°,9W,AJ/CG,ARAD0975/50/36/W,R-41159492,IS 10322 (PART 5/SEC1):2012,6399,"Guangdong Sat Technology Co. Ltd., No. 11 Lianbao Rd, Shengfeng District, Xiaolan Town, Zhongshan City, Guangdong, China – 528400",./assets/images/downlights/Olyn-9-white.webp
Olyn 9,DTZ075X,36V DC,200mA,5000K, CRI>97,Φ82*H120mm,36°,9W,AJ/CG,ARAD0975/50/36/B,R-41159492,IS 10322 (PART 5/SEC1):2012,6399,"Guangdong Sat Technology Co. Ltd., No. 11 Lianbao Rd, Shengfeng District, Xiaolan Town, Zhongshan City, Guangdong, China – 528400",./assets/images/downlights/Olyn-9-black.webp
Olyn 9,DTZ075X,36V DC,200mA,2700K, CRI>97,Φ82*H120mm,45°,9W,AJ/CG,ARAD0975/27/45/W,R-41159492,IS 10322 (PART 5/SEC1):2012,6399,"Guangdong Sat Technology Co. Ltd., No. 11 Lianbao Rd, Shengfeng District, Xiaolan Town, Zhongshan City, Guangdong, China – 528400",./assets/images/downlights/Olyn-9-white.webp
Olyn 9,DTZ075X,36V DC,200mA,2700K, CRI>97,Φ82*H120mm,45°,9W,AJ/CG,ARAD0975/27/45/B,R-41159492,IS 10322 (PART 5/SEC1):2012,6399,"Guangdong Sat Technology Co. Ltd., No. 11 Lianbao Rd, Shengfeng District, Xiaolan Town, Zhongshan City, Guangdong, China – 528400",./assets/images/downlights/Olyn-9-black.webp
Olyn 9,DTZ075X,36V DC,200mA,3000K, CRI>97,Φ82*H120mm,45°,9W,AJ/CG,ARAD0975/30/45/W,R-41159492,IS 10322 (PART 5/SEC1):2012,6399,"Guangdong Sat Technology Co. Ltd., No. 11 Lianbao Rd, Shengfeng District, Xiaolan Town, Zhongshan City, Guangdong, China – 528400",./assets/images/downlights/Olyn-9-white.webp
Olyn 9,DTZ075X,36V DC,200mA,3000K, CRI>97,Φ82*H120mm,45°,9W,AJ/CG,ARAD0975/30/45/B,R-41159492,IS 10322 (PART 5/SEC1):2012,6399,"Guangdong Sat Technology Co. Ltd., No. 11 Lianbao Rd, Shengfeng District, Xiaolan Town, Zhongshan City, Guangdong, China – 528400",./assets/images/downlights/Olyn-9-black.webp
Olyn 9,DTZ075X,36V DC,200mA,3500K, CRI>97,Φ82*H120mm,45°,9W,AJ/CG,ARAD0975/35/45/W,R-41159492,IS 10322 (PART 5/SEC1):2012,6399,"Guangdong Sat Technology Co. Ltd., No. 11 Lianbao Rd, Shengfeng District, Xiaolan Town, Zhongshan City, Guangdong, China – 528400",./assets/images/downlights/Olyn-9-white.webp
Olyn 9,DTZ075X,36V DC,200mA,3500K, CRI>97,Φ82*H120mm,45°,9W,AJ/CG,ARAD0975/35/45/B,R-41159492,IS 10322 (PART 5/SEC1):2012,6399,"Guangdong Sat Technology Co. Ltd., No. 11 Lianbao Rd, Shengfeng District, Xiaolan Town, Zhongshan City, Guangdong, China – 528400",./assets/images/downlights/Olyn-9-black.webp
Olyn 9,DTZ075X,36V DC,200mA,4000K, CRI>97,Φ82*H120mm,45°,9W,AJ/CG,ARAD0975/40/45/W,R-41159492,IS 10322 (PART 5/SEC1):2012,6399,"Guangdong Sat Technology Co. Ltd., No. 11 Lianbao Rd, Shengfeng District, Xiaolan Town, Zhongshan City, Guangdong, China – 528400",./assets/images/downlights/Olyn-9-white.webp
Olyn 9,DTZ075X,36V DC,200mA,4000K, CRI>97,Φ82*H120mm,45°,9W,AJ/CG,ARAD0975/40/45/B,R-41159492,IS 10322 (PART 5/SEC1):2012,6399,"Guangdong Sat Technology Co. Ltd., No. 11 Lianbao Rd, Shengfeng District, Xiaolan Town, Zhongshan City, Guangdong, China – 528400",./assets/images/downlights/Olyn-9-black.webp
Olyn 9,DTZ075X,36V DC,200mA,5000K, CRI>97,Φ82*H120mm,45°,9W,AJ/CG,ARAD0975/50/45/W,R-41159492,IS 10322 (PART 5/SEC1):2012,6399,"Guangdong Sat Technology Co. Ltd., No. 11 Lianbao Rd, Shengfeng District, Xiaolan Town, Zhongshan City, Guangdong, China – 528400",./assets/images/downlights/Olyn-9-white.webp
Olyn 9,DTZ075X,36V DC,200mA,5000K, CRI>97,Φ82*H120mm,45°,9W,AJ/CG,ARAD0975/50/45/B,R-41159492,IS 10322 (PART 5/SEC1):2012,6399,"Guangdong Sat Technology Co. Ltd., No. 11 Lianbao Rd, Shengfeng District, Xiaolan Town, Zhongshan City, Guangdong, China – 528400",./assets/images/downlights/Olyn-9-black.webp
Olyn 9 Houdini,DTZ075X,36V DC,200mA,2700K, CRI>90,Φ82*H120mm,6°,9W,AJ/CG,ARAD0975/27/06/TL,R-41159492,IS 10322 (PART 5/SEC1):2012,6999,"Guangdong Sat Technology Co. Ltd., No. 11 Lianbao Rd, Shengfeng District, Xiaolan Town, Zhongshan City, Guangdong, China – 528400",./assets/images/downlights/Olyn-houdini-9-TL-Black.webp
Olyn 9 Houdini,DTZ075X,36V DC,200mA,3000K, CRI>90,Φ82*H120mm,6°,9W,AJ/CG,ARAD0975/30/06/TL,R-41159492,IS 10322 (PART 5/SEC1):2012,6999,"Guangdong Sat Technology Co. Ltd., No. 11 Lianbao Rd, Shengfeng District, Xiaolan Town, Zhongshan City, Guangdong, China – 528400",./assets/images/downlights/Olyn-houdini-9-TL-Black.webp
Olyn 9 Houdini,DTZ075X,36V DC,200mA,3500K, CRI>90,Φ82*H120mm,6°,9W,AJ/CG,ARAD0975/35/06/TL,R-41159492,IS 10322 (PART 5/SEC1):2012,6999,"Guangdong Sat Technology Co. Ltd., No. 11 Lianbao Rd, Shengfeng District, Xiaolan Town, Zhongshan City, Guangdong, China – 528400",./assets/images/downlights/Olyn-houdini-9-TL-Black.webp
Olyn 9 Houdini,DTZ075X,36V DC,200mA,4000K, CRI>90,Φ82*H120mm,6°,9W,AJ/CG,ARAD0975/40/06/TL,R-41159492,IS 10322 (PART 5/SEC1):2012,6999,"Guangdong Sat Technology Co. Ltd., No. 11 Lianbao Rd, Shengfeng District, Xiaolan Town, Zhongshan City, Guangdong, China – 528400",./assets/images/downlights/Olyn-houdini-9-TL-Black.webp
Olyn 9 Houdini,DTZ075X,36V DC,200mA,5000K, CRI>90,Φ82*H120mm,6°,9W,AJ/CG,ARAD0975/50/06/TL,R-41159492,IS 10322 (PART 5/SEC1):2012,6999,"Guangdong Sat Technology Co. Ltd., No. 11 Lianbao Rd, Shengfeng District, Xiaolan Town, Zhongshan City, Guangdong, China – 528400",./assets/images/downlights/Olyn-houdini-9-TL-Black.webp
Olyn 9 Houdini,DTZ075X,36V DC,200mA,2700K, CRI>97,Φ82*H120mm,15°,9W,AJ/CG,ARAD0975/27/15/TL,R-41159492,IS 10322 (PART 5/SEC1):2012,6999,"Guangdong Sat Technology Co. Ltd., No. 11 Lianbao Rd, Shengfeng District, Xiaolan Town, Zhongshan City, Guangdong, China – 528400",./assets/images/downlights/Olyn-houdini-9-TL-Black.webp
Olyn 9 Houdini,DTZ075X,36V DC,200mA,3000K, CRI>97,Φ82*H120mm,15°,9W,AJ/CG,ARAD0975/30/15/TL,R-41159492,IS 10322 (PART 5/SEC1):2012,6999,"Guangdong Sat Technology Co. Ltd., No. 11 Lianbao Rd, Shengfeng District, Xiaolan Town, Zhongshan City, Guangdong, China – 528400",./assets/images/downlights/Olyn-houdini-9-TL-Black.webp
Olyn 9 Houdini,DTZ075X,36V DC,200mA,3500K, CRI>97,Φ82*H120mm,15°,9W,AJ/CG,ARAD0975/35/15/TL,R-41159492,IS 10322 (PART 5/SEC1):2012,6999,"Guangdong Sat Technology Co. Ltd., No. 11 Lianbao Rd, Shengfeng District, Xiaolan Town, Zhongshan City, Guangdong, China – 528400",./assets/images/downlights/Olyn-houdini-9-TL-Black.webp
Olyn 9 Houdini,DTZ075X,36V DC,200mA,4000K, CRI>97,Φ82*H120mm,15°,9W,AJ/CG,ARAD0975/40/15/TL,R-41159492,IS 10322 (PART 5/SEC1):2012,6999,"Guangdong Sat Technology Co. Ltd., No. 11 Lianbao Rd, Shengfeng District, Xiaolan Town, Zhongshan City, Guangdong, China – 528400",./assets/images/downlights/Olyn-houdini-9-TL-Black.webp
Olyn 9 Houdini,DTZ075X,36V DC,200mA,5000K, CRI>97,Φ82*H120mm,15°,9W,AJ/CG,ARAD0975/50/15/TL,R-41159492,IS 10322 (PART 5/SEC1):2012,6999,"Guangdong Sat Technology Co. Ltd., No. 11 Lianbao Rd, Shengfeng District, Xiaolan Town, Zhongshan City, Guangdong, China – 528400",./assets/images/downlights/Olyn-houdini-9-TL-Black.webp
Olyn 9 Houdini,DTZ075X,36V DC,200mA,2700K, CRI>97,Φ82*H120mm,24°,9W,AJ/CG,ARAD0975/27/24/TL,R-41159492,IS 10322 (PART 5/SEC1):2012,6999,"Guangdong Sat Technology Co. Ltd., No. 11 Lianbao Rd, Shengfeng District, Xiaolan Town, Zhongshan City, Guangdong, China – 528400",./assets/images/downlights/Olyn-houdini-9-TL-Black.webp
Olyn 9 Houdini,DTZ075X,36V DC,200mA,3000K, CRI>97,Φ82*H120mm,24°,9W,AJ/CG,ARAD0975/30/24/TL,R-41159492,IS 10322 (PART 5/SEC1):2012,6999,"Guangdong Sat Technology Co. Ltd., No. 11 Lianbao Rd, Shengfeng District, Xiaolan Town, Zhongshan City, Guangdong, China – 528400",./assets/images/downlights/Olyn-houdini-9-TL-Black.webp
Olyn 9 Houdini,DTZ075X,36V DC,200mA,3500K, CRI>97,Φ82*H120mm,24°,9W,AJ/CG,ARAD0975/35/24/TL,R-41159492,IS 10322 (PART 5/SEC1):2012,6999,"Guangdong Sat Technology Co. Ltd., No. 11 Lianbao Rd, Shengfeng District, Xiaolan Town, Zhongshan City, Guangdong, China – 528400",./assets/images/downlights/Olyn-houdini-9-TL-Black.webp
Olyn 9 Houdini,DTZ075X,36V DC,200mA,4000K, CRI>97,Φ82*H120mm,24°,9W,AJ/CG,ARAD0975/40/24/TL,R-41159492,IS 10322 (PART 5/SEC1):2012,6999,"Guangdong Sat Technology Co. Ltd., No. 11 Lianbao Rd, Shengfeng District, Xiaolan Town, Zhongshan City, Guangdong, China – 528400",./assets/images/downlights/Olyn-houdini-9-TL-Black.webp
Olyn 9 Houdini,DTZ075X,36V DC,200mA,5000K, CRI>97,Φ82*H120mm,24°,9W,AJ/CG,ARAD0975/50/24/TL,R-41159492,IS 10322 (PART 5/SEC1):2012,6999,"Guangdong Sat Technology Co. Ltd., No. 11 Lianbao Rd, Shengfeng District, Xiaolan Town, Zhongshan City, Guangdong, China – 528400",./assets/images/downlights/Olyn-houdini-9-TL-Black.webp
Olyn 9 Houdini,DTZ075X,36V DC,200mA,2700K, CRI>97,Φ82*H120mm,36°,9W,AJ/CG,ARAD0975/27/36/TL,R-41159492,IS 10322 (PART 5/SEC1):2012,6999,"Guangdong Sat Technology Co. Ltd., No. 11 Lianbao Rd, Shengfeng District, Xiaolan Town, Zhongshan City, Guangdong, China – 528400",./assets/images/downlights/Olyn-houdini-9-TL-Black.webp
Olyn 9 Houdini,DTZ075X,36V DC,200mA,3000K, CRI>97,Φ82*H120mm,36°,9W,AJ/CG,ARAD0975/30/36/TL,R-41159492,IS 10322 (PART 5/SEC1):2012,6999,"Guangdong Sat Technology Co. Ltd., No. 11 Lianbao Rd, Shengfeng District, Xiaolan Town, Zhongshan City, Guangdong, China – 528400",./assets/images/downlights/Olyn-houdini-9-TL-Black.webp
Olyn 9 Houdini,DTZ075X,36V DC,200mA,3500K, CRI>97,Φ82*H120mm,36°,9W,AJ/CG,ARAD0975/35/36/TL,R-41159492,IS 10322 (PART 5/SEC1):2012,6999,"Guangdong Sat Technology Co. Ltd., No. 11 Lianbao Rd, Shengfeng District, Xiaolan Town, Zhongshan City, Guangdong, China – 528400",./assets/images/downlights/Olyn-houdini-9-TL-Black.webp
Olyn 9 Houdini,DTZ075X,36V DC,200mA,4000K, CRI>97,Φ82*H120mm,36°,9W,AJ/CG,ARAD0975/40/36/TL,R-41159492,IS 10322 (PART 5/SEC1):2012,6999,"Guangdong Sat Technology Co. Ltd., No. 11 Lianbao Rd, Shengfeng District, Xiaolan Town, Zhongshan City, Guangdong, China – 528400",./assets/images/downlights/Olyn-houdini-9-TL-Black.webp
Olyn 9 Houdini,DTZ075X,36V DC,200mA,5000K, CRI>97,Φ82*H120mm,36°,9W,AJ/CG,ARAD0975/50/36/TL,R-41159492,IS 10322 (PART 5/SEC1):2012,6999,"Guangdong Sat Technology Co. Ltd., No. 11 Lianbao Rd, Shengfeng District, Xiaolan Town, Zhongshan City, Guangdong, China – 528400",./assets/images/downlights/Olyn-houdini-9-TL-Black.webp
Olyn 9 Houdini,DTZ075X,36V DC,200mA,2700K, CRI>97,Φ82*H120mm,45°,9W,AJ/CG,ARAD0975/27/45/TL,R-41159492,IS 10322 (PART 5/SEC1):2012,6999,"Guangdong Sat Technology Co. Ltd., No. 11 Lianbao Rd, Shengfeng District, Xiaolan Town, Zhongshan City, Guangdong, China – 528400",./assets/images/downlights/Olyn-houdini-9-TL-Black.webp
Olyn 9 Houdini,DTZ075X,36V DC,200mA,3000K, CRI>97,Φ82*H120mm,45°,9W,AJ/CG,ARAD0975/30/45/TL,R-41159492,IS 10322 (PART 5/SEC1):2012,6999,"Guangdong Sat Technology Co. Ltd., No. 11 Lianbao Rd, Shengfeng District, Xiaolan Town, Zhongshan City, Guangdong, China – 528400",./assets/images/downlights/Olyn-houdini-9-TL-Black.webp
Olyn 9 Houdini,DTZ075X,36V DC,200mA,3500K, CRI>97,Φ82*H120mm,45°,9W,AJ/CG,ARAD0975/35/45/TL,R-41159492,IS 10322 (PART 5/SEC1):2012,6999,"Guangdong Sat Technology Co. Ltd., No. 11 Lianbao Rd, Shengfeng District, Xiaolan Town, Zhongshan City, Guangdong, China – 528400",./assets/images/downlights/Olyn-houdini-9-TL-Black.webp
Olyn 9 Houdini,DTZ075X,36V DC,200mA,4000K, CRI>97,Φ82*H120mm,45°,9W,AJ/CG,ARAD0975/40/45/TL,R-41159492,IS 10322 (PART 5/SEC1):2012,6999,"Guangdong Sat Technology Co. Ltd., No. 11 Lianbao Rd, Shengfeng District, Xiaolan Town, Zhongshan City, Guangdong, China – 528400",./assets/images/downlights/Olyn-houdini-9-TL-Black.webp
Olyn 9 Houdini,DTZ075X,36V DC,200mA,5000K, CRI>97,Φ82*H120mm,45°,9W,AJ/CG,ARAD0975/50/45/TL,R-41159492,IS 10322 (PART 5/SEC1):2012,6999,"Guangdong Sat Technology Co. Ltd., No. 11 Lianbao Rd, Shengfeng District, Xiaolan Town, Zhongshan City, Guangdong, China – 528400",./assets/images/downlights/Olyn-houdini-9-TL-Black.webp
Olyn 9 Tunable,DTZ075X,36V DC,200mA,2700K~6500K, CRI>97,Φ82*H120mm,15°,9W,AJ/CG,ARAD0975/CT/15/W,R-41159492,IS 10322 (PART 5/SEC1):2012,7599,"Guangdong Sat Technology Co. Ltd., No. 11 Lianbao Rd, Shengfeng District, Xiaolan Town, Zhongshan City, Guangdong, China – 528400",./assets/images/downlights/Olyn-9-white.webp
Olyn 9 Tunable,DTZ075X,36V DC,200mA,2700K~6500K, CRI>97,Φ82*H120mm,15°,9W,AJ/CG,ARAD0975/CT/15/B,R-41159492,IS 10322 (PART 5/SEC1):2012,7599,"Guangdong Sat Technology Co. Ltd., No. 11 Lianbao Rd, Shengfeng District, Xiaolan Town, Zhongshan City, Guangdong, China – 528400",./assets/images/downlights/Olyn-9-black.webp
Olyn 9 Tunable,DTZ075X,36V DC,200mA,2700K~6500K, CRI>97,Φ82*H120mm,24°,9W,AJ/CG,ARAD0975/CT/24/W,R-41159492,IS 10322 (PART 5/SEC1):2012,7599,"Guangdong Sat Technology Co. Ltd., No. 11 Lianbao Rd, Shengfeng District, Xiaolan Town, Zhongshan City, Guangdong, China – 528400",./assets/images/downlights/Olyn-9-white.webp
Olyn 9 Tunable,DTZ075X,36V DC,200mA,2700K~6500K, CRI>97,Φ82*H120mm,24°,9W,AJ/CG,ARAD0975/CT/24/B,R-41159492,IS 10322 (PART 5/SEC1):2012,7599,"Guangdong Sat Technology Co. Ltd., No. 11 Lianbao Rd, Shengfeng District, Xiaolan Town, Zhongshan City, Guangdong, China – 528400",./assets/images/downlights/Olyn-9-black.webp
Olyn 9 Tunable,DTZ075X,36V DC,200mA,2700K~6500K, CRI>97,Φ82*H120mm,36°,9W,AJ/CG,ARAD0975/CT/36/W,R-41159492,IS 10322 (PART 5/SEC1):2012,7599,"Guangdong Sat Technology Co. Ltd., No. 11 Lianbao Rd, Shengfeng District, Xiaolan Town, Zhongshan City, Guangdong, China – 528400",./assets/images/downlights/Olyn-9-white.webp
Olyn 9 Tunable,DTZ075X,36V DC,200mA,2700K~6500K, CRI>97,Φ82*H120mm,36°,9W,AJ/CG,ARAD0975/CT/36/B,R-41159492,IS 10322 (PART 5/SEC1):2012,7599,"Guangdong Sat Technology Co. Ltd., No. 11 Lianbao Rd, Shengfeng District, Xiaolan Town, Zhongshan City, Guangdong, China – 528400",./assets/images/downlights/Olyn-9-black.webp
Olyn 9 Tunable,DTZ075X,36V DC,200mA,2700K~6500K, CRI>97,Φ82*H120mm,45°,9W,AJ/CG,ARAD0975/CT/45/W,R-41159492,IS 10322 (PART 5/SEC1):2012,7599,"Guangdong Sat Technology Co. Ltd., No. 11 Lianbao Rd, Shengfeng District, Xiaolan Town, Zhongshan City, Guangdong, China – 528400",./assets/images/downlights/Olyn-9-white.webp
Olyn 9 Tunable,DTZ075X,36V DC,200mA,2700K~6500K, CRI>97,Φ82*H120mm,45°,9W,AJ/CG,ARAD0975/CT/45/B,R-41159492,IS 10322 (PART 5/SEC1):2012,7599,"Guangdong Sat Technology Co. Ltd., No. 11 Lianbao Rd, Shengfeng District, Xiaolan Town, Zhongshan City, Guangdong, China – 528400",./assets/images/downlights/Olyn-9-black.webp
Olyn 9 Houdini Tunable,DTZ075X,36V DC,200mA,2700K~6500K, CRI>97,Φ82*H120mm,15°,9W,AJ/CG,ARAD0975/CT/15/TL,R-41159492,IS 10322 (PART 5/SEC1):2012,8199,"Guangdong Sat Technology Co. Ltd., No. 11 Lianbao Rd, Shengfeng District, Xiaolan Town, Zhongshan City, Guangdong, China – 528400",./assets/images/downlights/Olyn-houdini-9-TL-Black.webp
Olyn 9 Houdini Tunable,DTZ075X,36V DC,200mA,2700K~6500K, CRI>97,Φ82*H120mm,24°,9W,AJ/CG,ARAD0975/CT/24/TL,R-41159492,IS 10322 (PART 5/SEC1):2012,8199,"Guangdong Sat Technology Co. Ltd., No. 11 Lianbao Rd, Shengfeng District, Xiaolan Town, Zhongshan City, Guangdong, China – 528400",./assets/images/downlights/Olyn-houdini-9-TL-Black.webp
Olyn 9 Houdini Tunable,DTZ075X,36V DC,200mA,2700K~6500K, CRI>97,Φ82*H120mm,36°,9W,AJ/CG,ARAD0975/CT/36/TL,R-41159492,IS 10322 (PART 5/SEC1):2012,8199,"Guangdong Sat Technology Co. Ltd., No. 11 Lianbao Rd, Shengfeng District, Xiaolan Town, Zhongshan City, Guangdong, China – 528400",./assets/images/downlights/Olyn-houdini-9-TL-Black.webp
Olyn 9 Houdini Tunable,DTZ075X,36V DC,200mA,2700K~6500K, CRI>97,Φ82*H120mm,45°,9W,AJ/CG,ARAD0975/CT/45/TL,R-41159492,IS 10322 (PART 5/SEC1):2012,8199,"Guangdong Sat Technology Co. Ltd., No. 11 Lianbao Rd, Shengfeng District, Xiaolan Town, Zhongshan City, Guangdong, China – 528400",./assets/images/downlights/Olyn-houdini-9-TL-Black.webp
Olyn 15,DTZ075X,36V DC,350mA,2700K, CRI>97,Φ82*H120mm,15°,15W,AJ/CG,ARAD1575/27/15/W,R-41159492,IS 10322 (PART 5/SEC1):2012,7399,"Guangdong Sat Technology Co. Ltd., No. 11 Lianbao Rd, Shengfeng District, Xiaolan Town, Zhongshan City, Guangdong, China – 528400",./assets/images/downlights/Olyn-15-white.webp
Olyn 15,DTZ075X,36V DC,350mA,2700K, CRI>97,Φ82*H120mm,15°,15W,AJ/CG,ARAD1575/27/15/B,R-41159492,IS 10322 (PART 5/SEC1):2012,7399,"Guangdong Sat Technology Co. Ltd., No. 11 Lianbao Rd, Shengfeng District, Xiaolan Town, Zhongshan City, Guangdong, China – 528400",./assets/images/downlights/Olyn-15-black.webp
Olyn 15,DTZ075X,36V DC,350mA,3000K, CRI>97,Φ82*H120mm,15°,15W,AJ/CG,ARAD1575/30/15/W,R-41159492,IS 10322 (PART 5/SEC1):2012,7399,"Guangdong Sat Technology Co. Ltd., No. 11 Lianbao Rd, Shengfeng District, Xiaolan Town, Zhongshan City, Guangdong, China – 528400",./assets/images/downlights/Olyn-15-white.webp
Olyn 15,DTZ075X,36V DC,350mA,3000K, CRI>97,Φ82*H120mm,15°,15W,AJ/CG,ARAD1575/30/15/B,R-41159492,IS 10322 (PART 5/SEC1):2012,7399,"Guangdong Sat Technology Co. Ltd., No. 11 Lianbao Rd, Shengfeng District, Xiaolan Town, Zhongshan City, Guangdong, China – 528400",./assets/images/downlights/Olyn-15-black.webp
Olyn 15,DTZ075X,36V DC,350mA,3500K, CRI>97,Φ82*H120mm,15°,15W,AJ/CG,ARAD1575/35/15/W,R-41159492,IS 10322 (PART 5/SEC1):2012,7399,"Guangdong Sat Technology Co. Ltd., No. 11 Lianbao Rd, Shengfeng District, Xiaolan Town, Zhongshan City, Guangdong, China – 528400",./assets/images/downlights/Olyn-15-white.webp
Olyn 15,DTZ075X,36V DC,350mA,3500K, CRI>97,Φ82*H120mm,15°,15W,AJ/CG,ARAD1575/35/15/B,R-41159492,IS 10322 (PART 5/SEC1):2012,7399,"Guangdong Sat Technology Co. Ltd., No. 11 Lianbao Rd, Shengfeng District, Xiaolan Town, Zhongshan City, Guangdong, China – 528400",./assets/images/downlights/Olyn-15-black.webp
Olyn 15,DTZ075X,36V DC,350mA,4000K, CRI>97,Φ82*H120mm,15°,15W,AJ/CG,ARAD1575/40/15/W,R-41159492,IS 10322 (PART 5/SEC1):2012,7399,"Guangdong Sat Technology Co. Ltd., No. 11 Lianbao Rd, Shengfeng District, Xiaolan Town, Zhongshan City, Guangdong, China – 528400",./assets/images/downlights/Olyn-15-white.webp
Olyn 15,DTZ075X,36V DC,350mA,4000K, CRI>97,Φ82*H120mm,15°,15W,AJ/CG,ARAD1575/40/15/B,R-41159492,IS 10322 (PART 5/SEC1):2012,7399,"Guangdong Sat Technology Co. Ltd., No. 11 Lianbao Rd, Shengfeng District, Xiaolan Town, Zhongshan City, Guangdong, China – 528400",./assets/images/downlights/Olyn-15-black.webp
Olyn 15,DTZ075X,36V DC,350mA,5000K, CRI>97,Φ82*H120mm,15°,15W,AJ/CG,ARAD1575/50/15/W,R-41159492,IS 10322 (PART 5/SEC1):2012,7399,"Guangdong Sat Technology Co. Ltd., No. 11 Lianbao Rd, Shengfeng District, Xiaolan Town, Zhongshan City, Guangdong, China – 528400",./assets/images/downlights/Olyn-15-white.webp
Olyn 15,DTZ075X,36V DC,350mA,5000K, CRI>97,Φ82*H120mm,15°,15W,AJ/CG,ARAD1575/50/15/B,R-41159492,IS 10322 (PART 5/SEC1):2012,7399,"Guangdong Sat Technology Co. Ltd., No. 11 Lianbao Rd, Shengfeng District, Xiaolan Town, Zhongshan City, Guangdong, China – 528400",./assets/images/downlights/Olyn-15-black.webp
Olyn 15,DTZ075X,36V DC,350mA,2700K, CRI>97,Φ82*H120mm,24°,15W,AJ/CG,ARAD1575/27/24/W,R-41159492,IS 10322 (PART 5/SEC1):2012,7399,"Guangdong Sat Technology Co. Ltd., No. 11 Lianbao Rd, Shengfeng District, Xiaolan Town, Zhongshan City, Guangdong, China – 528400",./assets/images/downlights/Olyn-15-white.webp
Olyn 15,DTZ075X,36V DC,350mA,2700K, CRI>97,Φ82*H120mm,24°,15W,AJ/CG,ARAD1575/27/24/B,R-41159492,IS 10322 (PART 5/SEC1):2012,7399,"Guangdong Sat Technology Co. Ltd., No. 11 Lianbao Rd, Shengfeng District, Xiaolan Town, Zhongshan City, Guangdong, China – 528400",./assets/images/downlights/Olyn-15-black.webp
Olyn 15,DTZ075X,36V DC,350mA,3000K, CRI>97,Φ82*H120mm,24°,15W,AJ/CG,ARAD1575/30/24/W,R-41159492,IS 10322 (PART 5/SEC1):2012,7399,"Guangdong Sat Technology Co. Ltd., No. 11 Lianbao Rd, Shengfeng District, Xiaolan Town, Zhongshan City, Guangdong, China – 528400",./assets/images/downlights/Olyn-15-white.webp
Olyn 15,DTZ075X,36V DC,350mA,3000K, CRI>97,Φ82*H120mm,24°,15W,AJ/CG,ARAD1575/30/24/B,R-41159492,IS 10322 (PART 5/SEC1):2012,7399,"Guangdong Sat Technology Co. Ltd., No. 11 Lianbao Rd, Shengfeng District, Xiaolan Town, Zhongshan City, Guangdong, China – 528400",./assets/images/downlights/Olyn-15-black.webp
Olyn 15,DTZ075X,36V DC,350mA,3500K, CRI>97,Φ82*H120mm,24°,15W,AJ/CG,ARAD1575/35/24/W,R-41159492,IS 10322 (PART 5/SEC1):2012,7399,"Guangdong Sat Technology Co. Ltd., No. 11 Lianbao Rd, Shengfeng District, Xiaolan Town, Zhongshan City, Guangdong, China – 528400",./assets/images/downlights/Olyn-15-white.webp
Olyn 15,DTZ075X,36V DC,350mA,3500K, CRI>97,Φ82*H120mm,24°,15W,AJ/CG,ARAD1575/35/24/B,R-41159492,IS 10322 (PART 5/SEC1):2012,7399,"Guangdong Sat Technology Co. Ltd., No. 11 Lianbao Rd, Shengfeng District, Xiaolan Town, Zhongshan City, Guangdong, China – 528400",./assets/images/downlights/Olyn-15-black.webp
Olyn 15,DTZ075X,36V DC,350mA,4000K, CRI>97,Φ82*H120mm,24°,15W,AJ/CG,ARAD1575/40/24/W,R-41159492,IS 10322 (PART 5/SEC1):2012,7399,"Guangdong Sat Technology Co. Ltd., No. 11 Lianbao Rd, Shengfeng District, Xiaolan Town, Zhongshan City, Guangdong, China – 528400",./assets/images/downlights/Olyn-15-white.webp
Olyn 15,DTZ075X,36V DC,350mA,4000K, CRI>97,Φ82*H120mm,24°,15W,AJ/CG,ARAD1575/40/24/B,R-41159492,IS 10322 (PART 5/SEC1):2012,7399,"Guangdong Sat Technology Co. Ltd., No. 11 Lianbao Rd, Shengfeng District, Xiaolan Town, Zhongshan City, Guangdong, China – 528400",./assets/images/downlights/Olyn-15-black.webp
Olyn 15,DTZ075X,36V DC,350mA,5000K, CRI>97,Φ82*H120mm,24°,15W,AJ/CG,ARAD1575/50/24/W,R-41159492,IS 10322 (PART 5/SEC1):2012,7399,"Guangdong Sat Technology Co. Ltd., No. 11 Lianbao Rd, Shengfeng District, Xiaolan Town, Zhongshan City, Guangdong, China – 528400",./assets/images/downlights/Olyn-15-white.webp
Olyn 15,DTZ075X,36V DC,350mA,5000K, CRI>97,Φ82*H120mm,24°,15W,AJ/CG,ARAD1575/50/24/B,R-41159492,IS 10322 (PART 5/SEC1):2012,7399,"Guangdong Sat Technology Co. Ltd., No. 11 Lianbao Rd, Shengfeng District, Xiaolan Town, Zhongshan City, Guangdong, China – 528400",./assets/images/downlights/Olyn-15-black.webp
Olyn 15,DTZ075X,36V DC,350mA,2700K, CRI>97,Φ82*H120mm,36°,15W,AJ/CG,ARAD1575/27/36/W,R-41159492,IS 10322 (PART 5/SEC1):2012,7399,"Guangdong Sat Technology Co. Ltd., No. 11 Lianbao Rd, Shengfeng District, Xiaolan Town, Zhongshan City, Guangdong, China – 528400",./assets/images/downlights/Olyn-15-white.webp
Olyn 15,DTZ075X,36V DC,350mA,2700K, CRI>97,Φ82*H120mm,36°,15W,AJ/CG,ARAD1575/27/36/B,R-41159492,IS 10322 (PART 5/SEC1):2012,7399,"Guangdong Sat Technology Co. Ltd., No. 11 Lianbao Rd, Shengfeng District, Xiaolan Town, Zhongshan City, Guangdong, China – 528400",./assets/images/downlights/Olyn-15-black.webp
Olyn 15,DTZ075X,36V DC,350mA,3000K, CRI>97,Φ82*H120mm,36°,15W,AJ/CG,ARAD1575/30/36/W,R-41159492,IS 10322 (PART 5/SEC1):2012,7399,"Guangdong Sat Technology Co. Ltd., No. 11 Lianbao Rd, Shengfeng District, Xiaolan Town, Zhongshan City, Guangdong, China – 528400",./assets/images/downlights/Olyn-15-white.webp
Olyn 15,DTZ075X,36V DC,350mA,3000K, CRI>97,Φ82*H120mm,36°,15W,AJ/CG,ARAD1575/30/36/B,R-41159492,IS 10322 (PART 5/SEC1):2012,7399,"Guangdong Sat Technology Co. Ltd., No. 11 Lianbao Rd, Shengfeng District, Xiaolan Town, Zhongshan City, Guangdong, China – 528400",./assets/images/downlights/Olyn-15-black.webp
Olyn 15,DTZ075X,36V DC,350mA,3500K, CRI>97,Φ82*H120mm,36°,15W,AJ/CG,ARAD1575/35/36/W,R-41159492,IS 10322 (PART 5/SEC1):2012,7399,"Guangdong Sat Technology Co. Ltd., No. 11 Lianbao Rd, Shengfeng District, Xiaolan Town, Zhongshan City, Guangdong, China – 528400",./assets/images/downlights/Olyn-15-white.webp
Olyn 15,DTZ075X,36V DC,350mA,3500K, CRI>97,Φ82*H120mm,36°,15W,AJ/CG,ARAD1575/35/36/B,R-41159492,IS 10322 (PART 5/SEC1):2012,7399,"Guangdong Sat Technology Co. Ltd., No. 11 Lianbao Rd, Shengfeng District, Xiaolan Town, Zhongshan City, Guangdong, China – 528400",./assets/images/downlights/Olyn-15-black.webp
Olyn 15,DTZ075X,36V DC,350mA,4000K, CRI>97,Φ82*H120mm,36°,15W,AJ/CG,ARAD1575/40/36/W,R-41159492,IS 10322 (PART 5/SEC1):2012,7399,"Guangdong Sat Technology Co. Ltd., No. 11 Lianbao Rd, Shengfeng District, Xiaolan Town, Zhongshan City, Guangdong, China – 528400",./assets/images/downlights/Olyn-15-white.webp
Olyn 15,DTZ075X,36V DC,350mA,4000K, CRI>97,Φ82*H120mm,36°,15W,AJ/CG,ARAD1575/40/36/B,R-41159492,IS 10322 (PART 5/SEC1):2012,7399,"Guangdong Sat Technology Co. Ltd., No. 11 Lianbao Rd, Shengfeng District, Xiaolan Town, Zhongshan City, Guangdong, China – 528400",./assets/images/downlights/Olyn-15-black.webp
Olyn 15,DTZ075X,36V DC,350mA,5000K, CRI>97,Φ82*H120mm,36°,15W,AJ/CG,ARAD1575/50/36/W,R-41159492,IS 10322 (PART 5/SEC1):2012,7399,"Guangdong Sat Technology Co. Ltd., No. 11 Lianbao Rd, Shengfeng District, Xiaolan Town, Zhongshan City, Guangdong, China – 528400",./assets/images/downlights/Olyn-15-white.webp
Olyn 15,DTZ075X,36V DC,350mA,5000K, CRI>97,Φ82*H120mm,36°,15W,AJ/CG,ARAD1575/50/36/B,R-41159492,IS 10322 (PART 5/SEC1):2012,7399,"Guangdong Sat Technology Co. Ltd., No. 11 Lianbao Rd, Shengfeng District, Xiaolan Town, Zhongshan City, Guangdong, China – 528400",./assets/images/downlights/Olyn-15-black.webp
Olyn 15,DTZ075X,36V DC,350mA,2700K, CRI>97,Φ82*H120mm,45°,15W,AJ/CG,ARAD1575/27/45/W,R-41159492,IS 10322 (PART 5/SEC1):2012,7399,"Guangdong Sat Technology Co. Ltd., No. 11 Lianbao Rd, Shengfeng District, Xiaolan Town, Zhongshan City, Guangdong, China – 528400",./assets/images/downlights/Olyn-15-white.webp
Olyn 15,DTZ075X,36V DC,350mA,2700K, CRI>97,Φ82*H120mm,45°,15W,AJ/CG,ARAD1575/27/45/B,R-41159492,IS 10322 (PART 5/SEC1):2012,7399,"Guangdong Sat Technology Co. Ltd., No. 11 Lianbao Rd, Shengfeng District, Xiaolan Town, Zhongshan City, Guangdong, China – 528400",./assets/images/downlights/Olyn-15-black.webp
Olyn 15,DTZ075X,36V DC,350mA,3000K, CRI>97,Φ82*H120mm,45°,15W,AJ/CG,ARAD1575/30/45/W,R-41159492,IS 10322 (PART 5/SEC1):2012,7399,"Guangdong Sat Technology Co. Ltd., No. 11 Lianbao Rd, Shengfeng District, Xiaolan Town, Zhongshan City, Guangdong, China – 528400",./assets/images/downlights/Olyn-15-white.webp
Olyn 15,DTZ075X,36V DC,350mA,3000K, CRI>97,Φ82*H120mm,45°,15W,AJ/CG,ARAD1575/30/45/B,R-41159492,IS 10322 (PART 5/SEC1):2012,7399,"Guangdong Sat Technology Co. Ltd., No. 11 Lianbao Rd, Shengfeng District, Xiaolan Town, Zhongshan City, Guangdong, China – 528400",./assets/images/downlights/Olyn-15-black.webp
Olyn 15,DTZ075X,36V DC,350mA,3500K, CRI>97,Φ82*H120mm,45°,15W,AJ/CG,ARAD1575/35/45/W,R-41159492,IS 10322 (PART 5/SEC1):2012,7399,"Guangdong Sat Technology Co. Ltd., No. 11 Lianbao Rd, Shengfeng District, Xiaolan Town, Zhongshan City, Guangdong, China – 528400",./assets/images/downlights/Olyn-15-white.webp
Olyn 15,DTZ075X,36V DC,350mA,3500K, CRI>97,Φ82*H120mm,45°,15W,AJ/CG,ARAD1575/35/45/B,R-41159492,IS 10322 (PART 5/SEC1):2012,7399,"Guangdong Sat Technology Co. Ltd., No. 11 Lianbao Rd, Shengfeng District, Xiaolan Town, Zhongshan City, Guangdong, China – 528400",./assets/images/downlights/Olyn-15-black.webp
Olyn 15,DTZ075X,36V DC,350mA,4000K, CRI>97,Φ82*H120mm,45°,15W,AJ/CG,ARAD1575/40/45/W,R-41159492,IS 10322 (PART 5/SEC1):2012,7399,"Guangdong Sat Technology Co. Ltd., No. 11 Lianbao Rd, Shengfeng District, Xiaolan Town, Zhongshan City, Guangdong, China – 528400",./assets/images/downlights/Olyn-15-white.webp
Olyn 15,DTZ075X,36V DC,350mA,4000K, CRI>97,Φ82*H120mm,45°,15W,AJ/CG,ARAD1575/40/45/B,R-41159492,IS 10322 (PART 5/SEC1):2012,7399,"Guangdong Sat Technology Co. Ltd., No. 11 Lianbao Rd, Shengfeng District, Xiaolan Town, Zhongshan City, Guangdong, China – 528400",./assets/images/downlights/Olyn-15-black.webp
Olyn 15,DTZ075X,36V DC,350mA,5000K, CRI>97,Φ82*H120mm,45°,15W,AJ/CG,ARAD1575/50/45/W,R-41159492,IS 10322 (PART 5/SEC1):2012,7399,"Guangdong Sat Technology Co. Ltd., No. 11 Lianbao Rd, Shengfeng District, Xiaolan Town, Zhongshan City, Guangdong, China – 528400",./assets/images/downlights/Olyn-15-white.webp
Olyn 15,DTZ075X,36V DC,350mA,5000K, CRI>97,Φ82*H120mm,45°,15W,AJ/CG,ARAD1575/50/45/B,R-41159492,IS 10322 (PART 5/SEC1):2012,7399,"Guangdong Sat Technology Co. Ltd., No. 11 Lianbao Rd, Shengfeng District, Xiaolan Town, Zhongshan City, Guangdong, China – 528400",./assets/images/downlights/Olyn-15-black.webp
Olyn 15 Houdini,DTZ075X,36V DC,350mA,2700K, CRI>97,Φ82*H120mm,15°,15W,AJ/CG,ARAD1575/27/15/TL,R-41159492,IS 10322 (PART 5/SEC1):2012,7999,"Guangdong Sat Technology Co. Ltd., No. 11 Lianbao Rd, Shengfeng District, Xiaolan Town, Zhongshan City, Guangdong, China – 528400",./assets/images/downlights/Olyn-houdini-15-TL-Black.webp
Olyn 15 Houdini,DTZ075X,36V DC,350mA,3000K, CRI>97,Φ82*H120mm,15°,15W,AJ/CG,ARAD1575/30/15/TL,R-41159492,IS 10322 (PART 5/SEC1):2012,7999,"Guangdong Sat Technology Co. Ltd., No. 11 Lianbao Rd, Shengfeng District, Xiaolan Town, Zhongshan City, Guangdong, China – 528400",./assets/images/downlights/Olyn-houdini-15-TL-Black.webp
Olyn 15 Houdini,DTZ075X,36V DC,350mA,3500K, CRI>97,Φ82*H120mm,15°,15W,AJ/CG,ARAD1575/35/15/TL,R-41159492,IS 10322 (PART 5/SEC1):2012,7999,"Guangdong Sat Technology Co. Ltd., No. 11 Lianbao Rd, Shengfeng District, Xiaolan Town, Zhongshan City, Guangdong, China – 528400",./assets/images/downlights/Olyn-houdini-15-TL-Black.webp
Olyn 15 Houdini,DTZ075X,36V DC,350mA,4000K, CRI>97,Φ82*H120mm,15°,15W,AJ/CG,ARAD1575/40/15/TL,R-41159492,IS 10322 (PART 5/SEC1):2012,7999,"Guangdong Sat Technology Co. Ltd., No. 11 Lianbao Rd, Shengfeng District, Xiaolan Town, Zhongshan City, Guangdong, China – 528400",./assets/images/downlights/Olyn-houdini-15-TL-Black.webp
Olyn 15 Houdini,DTZ075X,36V DC,350mA,5000K, CRI>97,Φ82*H120mm,15°,15W,AJ/CG,ARAD1575/50/15/TL,R-41159492,IS 10322 (PART 5/SEC1):2012,7999,"Guangdong Sat Technology Co. Ltd., No. 11 Lianbao Rd, Shengfeng District, Xiaolan Town, Zhongshan City, Guangdong, China – 528400",./assets/images/downlights/Olyn-houdini-15-TL-Black.webp
Olyn 15 Houdini,DTZ075X,36V DC,350mA,2700K, CRI>97,Φ82*H120mm,24°,15W,AJ/CG,ARAD1575/27/24/TL,R-41159492,IS 10322 (PART 5/SEC1):2012,7999,"Guangdong Sat Technology Co. Ltd., No. 11 Lianbao Rd, Shengfeng District, Xiaolan Town, Zhongshan City, Guangdong, China – 528400",./assets/images/downlights/Olyn-houdini-15-TL-Black.webp
Olyn 15 Houdini,DTZ075X,36V DC,350mA,3000K, CRI>97,Φ82*H120mm,24°,15W,AJ/CG,ARAD1575/30/24/TL,R-41159492,IS 10322 (PART 5/SEC1):2012,7999,"Guangdong Sat Technology Co. Ltd., No. 11 Lianbao Rd, Shengfeng District, Xiaolan Town, Zhongshan City, Guangdong, China – 528400",./assets/images/downlights/Olyn-houdini-15-TL-Black.webp
Olyn 15 Houdini,DTZ075X,36V DC,350mA,3500K, CRI>97,Φ82*H120mm,24°,15W,AJ/CG,ARAD1575/35/24/TL,R-41159492,IS 10322 (PART 5/SEC1):2012,7999,"Guangdong Sat Technology Co. Ltd., No. 11 Lianbao Rd, Shengfeng District, Xiaolan Town, Zhongshan City, Guangdong, China – 528400",./assets/images/downlights/Olyn-houdini-15-TL-Black.webp
Olyn 15 Houdini,DTZ075X,36V DC,350mA,4000K, CRI>97,Φ82*H120mm,24°,15W,AJ/CG,ARAD1575/40/24/TL,R-41159492,IS 10322 (PART 5/SEC1):2012,7999,"Guangdong Sat Technology Co. Ltd., No. 11 Lianbao Rd, Shengfeng District, Xiaolan Town, Zhongshan City, Guangdong, China – 528400",./assets/images/downlights/Olyn-houdini-15-TL-Black.webp
Olyn 15 Houdini,DTZ075X,36V DC,350mA,5000K, CRI>97,Φ82*H120mm,24°,15W,AJ/CG,ARAD1575/50/24/TL,R-41159492,IS 10322 (PART 5/SEC1):2012,7999,"Guangdong Sat Technology Co. Ltd., No. 11 Lianbao Rd, Shengfeng District, Xiaolan Town, Zhongshan City, Guangdong, China – 528400",./assets/images/downlights/Olyn-houdini-15-TL-Black.webp
Olyn 15 Houdini,DTZ075X,36V DC,350mA,2700K, CRI>97,Φ82*H120mm,36°,15W,AJ/CG,ARAD1575/27/36/TL,R-41159492,IS 10322 (PART 5/SEC1):2012,7999,"Guangdong Sat Technology Co. Ltd., No. 11 Lianbao Rd, Shengfeng District, Xiaolan Town, Zhongshan City, Guangdong, China – 528400",./assets/images/downlights/Olyn-houdini-15-TL-Black.webp
Olyn 15 Houdini,DTZ075X,36V DC,350mA,3000K, CRI>97,Φ82*H120mm,36°,15W,AJ/CG,ARAD1575/30/36/TL,R-41159492,IS 10322 (PART 5/SEC1):2012,7999,"Guangdong Sat Technology Co. Ltd., No. 11 Lianbao Rd, Shengfeng District, Xiaolan Town, Zhongshan City, Guangdong, China – 528400",./assets/images/downlights/Olyn-houdini-15-TL-Black.webp
Olyn 15 Houdini,DTZ075X,36V DC,350mA,3500K, CRI>97,Φ82*H120mm,36°,15W,AJ/CG,ARAD1575/35/36/TL,R-41159492,IS 10322 (PART 5/SEC1):2012,7999,"Guangdong Sat Technology Co. Ltd., No. 11 Lianbao Rd, Shengfeng District, Xiaolan Town, Zhongshan City, Guangdong, China – 528400",./assets/images/downlights/Olyn-houdini-15-TL-Black.webp
Olyn 15 Houdini,DTZ075X,36V DC,350mA,4000K, CRI>97,Φ82*H120mm,36°,15W,AJ/CG,ARAD1575/40/36/TL,R-41159492,IS 10322 (PART 5/SEC1):2012,7999,"Guangdong Sat Technology Co. Ltd., No. 11 Lianbao Rd, Shengfeng District, Xiaolan Town, Zhongshan City, Guangdong, China – 528400",./assets/images/downlights/Olyn-houdini-15-TL-Black.webp
Olyn 15 Houdini,DTZ075X,36V DC,350mA,5000K, CRI>97,Φ82*H120mm,36°,15W,AJ/CG,ARAD1575/50/36/TL,R-41159492,IS 10322 (PART 5/SEC1):2012,7999,"Guangdong Sat Technology Co. Ltd., No. 11 Lianbao Rd, Shengfeng District, Xiaolan Town, Zhongshan City, Guangdong, China – 528400",./assets/images/downlights/Olyn-houdini-15-TL-Black.webp
Olyn 15 Houdini,DTZ075X,36V DC,350mA,2700K, CRI>97,Φ82*H120mm,45°,15W,AJ/CG,ARAD1575/27/45/TL,R-41159492,IS 10322 (PART 5/SEC1):2012,7999,"Guangdong Sat Technology Co. Ltd., No. 11 Lianbao Rd, Shengfeng District, Xiaolan Town, Zhongshan City, Guangdong, China – 528400",./assets/images/downlights/Olyn-houdini-15-TL-Black.webp
Olyn 15 Houdini,DTZ075X,36V DC,350mA,3000K, CRI>97,Φ82*H120mm,45°,15W,AJ/CG,ARAD1575/30/45/TL,R-41159492,IS 10322 (PART 5/SEC1):2012,7999,"Guangdong Sat Technology Co. Ltd., No. 11 Lianbao Rd, Shengfeng District, Xiaolan Town, Zhongshan City, Guangdong, China – 528400",./assets/images/downlights/Olyn-houdini-15-TL-Black.webp
Olyn 15 Houdini,DTZ075X,36V DC,350mA,3500K, CRI>97,Φ82*H120mm,45°,15W,AJ/CG,ARAD1575/35/45/TL,R-41159492,IS 10322 (PART 5/SEC1):2012,7999,"Guangdong Sat Technology Co. Ltd., No. 11 Lianbao Rd, Shengfeng District, Xiaolan Town, Zhongshan City, Guangdong, China – 528400",./assets/images/downlights/Olyn-houdini-15-TL-Black.webp
Olyn 15 Houdini,DTZ075X,36V DC,350mA,4000K, CRI>97,Φ82*H120mm,45°,15W,AJ/CG,ARAD1575/40/45/TL,R-41159492,IS 10322 (PART 5/SEC1):2012,7999,"Guangdong Sat Technology Co. Ltd., No. 11 Lianbao Rd, Shengfeng District, Xiaolan Town, Zhongshan City, Guangdong, China – 528400",./assets/images/downlights/Olyn-houdini-15-TL-Black.webp
Olyn 15 Houdini,DTZ075X,36V DC,350mA,5000K, CRI>97,Φ82*H120mm,45°,15W,AJ/CG,ARAD1575/50/45/TL,R-41159492,IS 10322 (PART 5/SEC1):2012,7999,"Guangdong Sat Technology Co. Ltd., No. 11 Lianbao Rd, Shengfeng District, Xiaolan Town, Zhongshan City, Guangdong, China – 528400",./assets/images/downlights/Olyn-houdini-15-TL-Black.webp
Olyn 15 Tunable,DTZ075X,36V DC,350mA,2700K~6500K, CRI>97,Φ82*H120mm,15°,15W,AJ/CG,ARAD1575/CT/15/W,R-41159492,IS 10322 (PART 5/SEC1):2012,8599,"Guangdong Sat Technology Co. Ltd., No. 11 Lianbao Rd, Shengfeng District, Xiaolan Town, Zhongshan City, Guangdong, China – 528400",./assets/images/downlights/Olyn-15-white.webp
Olyn 15 Tunable,DTZ075X,36V DC,350mA,2700K~6500K, CRI>97,Φ82*H120mm,15°,15W,AJ/CG,ARAD1575/CT/15/B,R-41159492,IS 10322 (PART 5/SEC1):2012,8599,"Guangdong Sat Technology Co. Ltd., No. 11 Lianbao Rd, Shengfeng District, Xiaolan Town, Zhongshan City, Guangdong, China – 528400",./assets/images/downlights/Olyn-15-black.webp
Olyn 15 Tunable,DTZ075X,36V DC,350mA,2700K~6500K, CRI>97,Φ82*H120mm,24°,15W,AJ/CG,ARAD1575/CT/24/W,R-41159492,IS 10322 (PART 5/SEC1):2012,8599,"Guangdong Sat Technology Co. Ltd., No. 11 Lianbao Rd, Shengfeng District, Xiaolan Town, Zhongshan City, Guangdong, China – 528400",./assets/images/downlights/Olyn-15-white.webp
Olyn 15 Tunable,DTZ075X,36V DC,350mA,2700K~6500K, CRI>97,Φ82*H120mm,24°,15W,AJ/CG,ARAD1575/CT/24/B,R-41159492,IS 10322 (PART 5/SEC1):2012,8599,"Guangdong Sat Technology Co. Ltd., No. 11 Lianbao Rd, Shengfeng District, Xiaolan Town, Zhongshan City, Guangdong, China – 528400",./assets/images/downlights/Olyn-15-black.webp
Olyn 15 Tunable,DTZ075X,36V DC,350mA,2700K~6500K, CRI>97,Φ82*H120mm,36°,15W,AJ/CG,ARAD1575/CT/36/W,R-41159492,IS 10322 (PART 5/SEC1):2012,8599,"Guangdong Sat Technology Co. Ltd., No. 11 Lianbao Rd, Shengfeng District, Xiaolan Town, Zhongshan City, Guangdong, China – 528400",./assets/images/downlights/Olyn-15-white.webp
Olyn 15 Tunable,DTZ075X,36V DC,350mA,2700K~6500K, CRI>97,Φ82*H120mm,36°,15W,AJ/CG,ARAD1575/CT/36/B,R-41159492,IS 10322 (PART 5/SEC1):2012,8599,"Guangdong Sat Technology Co. Ltd., No. 11 Lianbao Rd, Shengfeng District, Xiaolan Town, Zhongshan City, Guangdong, China – 528400",./assets/images/downlights/Olyn-15-black.webp
Olyn 15 Tunable,DTZ075X,36V DC,350mA,2700K~6500K, CRI>97,Φ82*H120mm,45°,15W,AJ/CG,ARAD1575/CT/45/W,R-41159492,IS 10322 (PART 5/SEC1):2012,8599,"Guangdong Sat Technology Co. Ltd., No. 11 Lianbao Rd, Shengfeng District, Xiaolan Town, Zhongshan City, Guangdong, China – 528400",./assets/images/downlights/Olyn-15-white.webp
Olyn 15 Tunable,DTZ075X,36V DC,350mA,2700K~6500K, CRI>97,Φ82*H120mm,45°,15W,AJ/CG,ARAD1575/CT/45/B,R-41159492,IS 10322 (PART 5/SEC1):2012,8599,"Guangdong Sat Technology Co. Ltd., No. 11 Lianbao Rd, Shengfeng District, Xiaolan Town, Zhongshan City, Guangdong, China – 528400",./assets/images/downlights/Olyn-15-black.webp
Olyn15 Houdini Tunable,DTZ075X,36V DC,350mA,2700K~6500K, CRI>97,Φ82*H120mm,15°,15W,AJ/CG,ARAD1575/CT/15/TL,R-41159492,IS 10322 (PART 5/SEC1):2012,9199,"Guangdong Sat Technology Co. Ltd., No. 11 Lianbao Rd, Shengfeng District, Xiaolan Town, Zhongshan City, Guangdong, China – 528400",./assets/images/downlights/Olyn-houdini-15-TL-Black.webp
Olyn15 Houdini Tunable,DTZ075X,36V DC,350mA,2700K~6500K, CRI>97,Φ82*H120mm,24°,15W,AJ/CG,ARAD1575/CT/24/TL,R-41159492,IS 10322 (PART 5/SEC1):2012,9199,"Guangdong Sat Technology Co. Ltd., No. 11 Lianbao Rd, Shengfeng District, Xiaolan Town, Zhongshan City, Guangdong, China – 528400",./assets/images/downlights/Olyn-houdini-15-TL-Black.webp
Olyn15 Houdini Tunable,DTZ075X,36V DC,350mA,2700K~6500K, CRI>97,Φ82*H120mm,36°,15W,AJ/CG,ARAD1575/CT/36/TL,R-41159492,IS 10322 (PART 5/SEC1):2012,9199,"Guangdong Sat Technology Co. Ltd., No. 11 Lianbao Rd, Shengfeng District, Xiaolan Town, Zhongshan City, Guangdong, China – 528400",./assets/images/downlights/Olyn-houdini-15-TL-Black.webp
Olyn15 Houdini Tunable,DTZ075X,36V DC,350mA,2700K~6500K, CRI>97,Φ82*H120mm,45°,15W,AJ/CG,ARAD1575/CT/45/TL,R-41159492,IS 10322 (PART 5/SEC1):2012,9199,"Guangdong Sat Technology Co. Ltd., No. 11 Lianbao Rd, Shengfeng District, Xiaolan Town, Zhongshan City, Guangdong, China – 528400",./assets/images/downlights/Olyn-houdini-15-TL-Black.webp
Olyn Fit,DTZ075X,36V DC,350mA,2700K, CRI>97,Φ82*H90mm,15°,15W,AJ/CG,ARAD1575/27/15/W/V2,R-41159492,IS 10322 (PART 5/SEC1):2012,7399,"Guangdong Sat Technology Co. Ltd., No. 11 Lianbao Rd, Shengfeng District, Xiaolan Town, Zhongshan City, Guangdong, China – 528400",./assets/images/downlights/Olyn-fit-V2-black-white.webp
Olyn Fit,DTZ075X,36V DC,350mA,2700K, CRI>97,Φ82*H90mm,15°,15W,AJ/CG,ARAD1575/27/15/B/V2,R-41159492,IS 10322 (PART 5/SEC1):2012,7399,"Guangdong Sat Technology Co. Ltd., No. 11 Lianbao Rd, Shengfeng District, Xiaolan Town, Zhongshan City, Guangdong, China – 528400",./assets/images/downlights/Olyn-fit-V2-black.webp
Olyn Fit,DTZ075X,36V DC,350mA,3000K, CRI>97,Φ82*H90mm,15°,15W,AJ/CG,ARAD1575/30/15/W/V2,R-41159492,IS 10322 (PART 5/SEC1):2012,7399,"Guangdong Sat Technology Co. Ltd., No. 11 Lianbao Rd, Shengfeng District, Xiaolan Town, Zhongshan City, Guangdong, China – 528400",./assets/images/downlights/Olyn-fit-V2-black-white.webp
Olyn Fit,DTZ075X,36V DC,350mA,3000K, CRI>97,Φ82*H90mm,15°,15W,AJ/CG,ARAD1575/30/15/B/V2,R-41159492,IS 10322 (PART 5/SEC1):2012,7399,"Guangdong Sat Technology Co. Ltd., No. 11 Lianbao Rd, Shengfeng District, Xiaolan Town, Zhongshan City, Guangdong, China – 528400",./assets/images/downlights/Olyn-fit-V2-black.webp
Olyn Fit,DTZ075X,36V DC,350mA,3500K, CRI>97,Φ82*H90mm,15°,15W,AJ/CG,ARAD1575/35/15/W/V2,R-41159492,IS 10322 (PART 5/SEC1):2012,7399,"Guangdong Sat Technology Co. Ltd., No. 11 Lianbao Rd, Shengfeng District, Xiaolan Town, Zhongshan City, Guangdong, China – 528400",./assets/images/downlights/Olyn-fit-V2-black-white.webp
Olyn Fit,DTZ075X,36V DC,350mA,3500K, CRI>97,Φ82*H90mm,15°,15W,AJ/CG,ARAD1575/35/15/B/V2,R-41159492,IS 10322 (PART 5/SEC1):2012,7399,"Guangdong Sat Technology Co. Ltd., No. 11 Lianbao Rd, Shengfeng District, Xiaolan Town, Zhongshan City, Guangdong, China – 528400",./assets/images/downlights/Olyn-fit-V2-black.webp
Olyn Fit,DTZ075X,36V DC,350mA,4000K, CRI>97,Φ82*H90mm,15°,15W,AJ/CG,ARAD1575/40/15/W/V2,R-41159492,IS 10322 (PART 5/SEC1):2012,7399,"Guangdong Sat Technology Co. Ltd., No. 11 Lianbao Rd, Shengfeng District, Xiaolan Town, Zhongshan City, Guangdong, China – 528400",./assets/images/downlights/Olyn-fit-V2-black-white.webp
Olyn Fit,DTZ075X,36V DC,350mA,4000K, CRI>97,Φ82*H90mm,15°,15W,AJ/CG,ARAD1575/40/15/B/V2,R-41159492,IS 10322 (PART 5/SEC1):2012,7399,"Guangdong Sat Technology Co. Ltd., No. 11 Lianbao Rd, Shengfeng District, Xiaolan Town, Zhongshan City, Guangdong, China – 528400",./assets/images/downlights/Olyn-fit-V2-black.webp
Olyn Fit,DTZ075X,36V DC,350mA,5000K, CRI>97,Φ82*H90mm,15°,15W,AJ/CG,ARAD1575/50/15/W/V2,R-41159492,IS 10322 (PART 5/SEC1):2012,7399,"Guangdong Sat Technology Co. Ltd., No. 11 Lianbao Rd, Shengfeng District, Xiaolan Town, Zhongshan City, Guangdong, China – 528400",./assets/images/downlights/Olyn-fit-V2-black-white.webp
Olyn Fit,DTZ075X,36V DC,350mA,5000K, CRI>97,Φ82*H90mm,15°,15W,AJ/CG,ARAD1575/50/15/B/V2,R-41159492,IS 10322 (PART 5/SEC1):2012,7399,"Guangdong Sat Technology Co. Ltd., No. 11 Lianbao Rd, Shengfeng District, Xiaolan Town, Zhongshan City, Guangdong, China – 528400",./assets/images/downlights/Olyn-fit-V2-black.webp
Olyn Fit,DTZ075X,36V DC,350mA,2700K, CRI>97,Φ82*H90mm,24°,15W,AJ/CG,ARAD1575/27/24/W/V2,R-41159492,IS 10322 (PART 5/SEC1):2012,7399,"Guangdong Sat Technology Co. Ltd., No. 11 Lianbao Rd, Shengfeng District, Xiaolan Town, Zhongshan City, Guangdong, China – 528400",./assets/images/downlights/Olyn-fit-V2-black-white.webp
Olyn Fit,DTZ075X,36V DC,350mA,2700K, CRI>97,Φ82*H90mm,24°,15W,AJ/CG,ARAD1575/27/24/B/V2,R-41159492,IS 10322 (PART 5/SEC1):2012,7399,"Guangdong Sat Technology Co. Ltd., No. 11 Lianbao Rd, Shengfeng District, Xiaolan Town, Zhongshan City, Guangdong, China – 528400",./assets/images/downlights/Olyn-fit-V2-black.webp
Olyn Fit,DTZ075X,36V DC,350mA,3000K, CRI>97,Φ82*H90mm,24°,15W,AJ/CG,ARAD1575/30/24/W/V2,R-41159492,IS 10322 (PART 5/SEC1):2012,7399,"Guangdong Sat Technology Co. Ltd., No. 11 Lianbao Rd, Shengfeng District, Xiaolan Town, Zhongshan City, Guangdong, China – 528400",./assets/images/downlights/Olyn-fit-V2-black-white.webp
Olyn Fit,DTZ075X,36V DC,350mA,3000K, CRI>97,Φ82*H90mm,24°,15W,AJ/CG,ARAD1575/30/24/B/V2,R-41159492,IS 10322 (PART 5/SEC1):2012,7399,"Guangdong Sat Technology Co. Ltd., No. 11 Lianbao Rd, Shengfeng District, Xiaolan Town, Zhongshan City, Guangdong, China – 528400",./assets/images/downlights/Olyn-fit-V2-black.webp
Olyn Fit,DTZ075X,36V DC,350mA,3500K, CRI>97,Φ82*H90mm,24°,15W,AJ/CG,ARAD1575/35/24/W/V2,R-41159492,IS 10322 (PART 5/SEC1):2012,7399,"Guangdong Sat Technology Co. Ltd., No. 11 Lianbao Rd, Shengfeng District, Xiaolan Town, Zhongshan City, Guangdong, China – 528400",./assets/images/downlights/Olyn-fit-V2-black-white.webp
Olyn Fit,DTZ075X,36V DC,350mA,3500K, CRI>97,Φ82*H90mm,24°,15W,AJ/CG,ARAD1575/35/24/B/V2,R-41159492,IS 10322 (PART 5/SEC1):2012,7399,"Guangdong Sat Technology Co. Ltd., No. 11 Lianbao Rd, Shengfeng District, Xiaolan Town, Zhongshan City, Guangdong, China – 528400",./assets/images/downlights/Olyn-fit-V2-black.webp
Olyn Fit,DTZ075X,36V DC,350mA,4000K, CRI>97,Φ82*H90mm,24°,15W,AJ/CG,ARAD1575/40/24/W/V2,R-41159492,IS 10322 (PART 5/SEC1):2012,7399,"Guangdong Sat Technology Co. Ltd., No. 11 Lianbao Rd, Shengfeng District, Xiaolan Town, Zhongshan City, Guangdong, China – 528400",./assets/images/downlights/Olyn-fit-V2-black-white.webp
Olyn Fit,DTZ075X,36V DC,350mA,4000K, CRI>97,Φ82*H90mm,24°,15W,AJ/CG,ARAD1575/40/24/B/V2,R-41159492,IS 10322 (PART 5/SEC1):2012,7399,"Guangdong Sat Technology Co. Ltd., No. 11 Lianbao Rd, Shengfeng District, Xiaolan Town, Zhongshan City, Guangdong, China – 528400",./assets/images/downlights/Olyn-fit-V2-black.webp
Olyn Fit,DTZ075X,36V DC,350mA,5000K, CRI>97,Φ82*H90mm,24°,15W,AJ/CG,ARAD1575/50/24/W/V2,R-41159492,IS 10322 (PART 5/SEC1):2012,7399,"Guangdong Sat Technology Co. Ltd., No. 11 Lianbao Rd, Shengfeng District, Xiaolan Town, Zhongshan City, Guangdong, China – 528400",./assets/images/downlights/Olyn-fit-V2-black-white.webp
Olyn Fit,DTZ075X,36V DC,350mA,5000K, CRI>97,Φ82*H90mm,24°,15W,AJ/CG,ARAD1575/50/24/B/V2,R-41159492,IS 10322 (PART 5/SEC1):2012,7399,"Guangdong Sat Technology Co. Ltd., No. 11 Lianbao Rd, Shengfeng District, Xiaolan Town, Zhongshan City, Guangdong, China – 528400",./assets/images/downlights/Olyn-fit-V2-black.webp
Olyn Fit,DTZ075X,36V DC,350mA,2700K, CRI>97,Φ82*H90mm,36°,15W,AJ/CG,ARAD1575/27/36/W/V2,R-41159492,IS 10322 (PART 5/SEC1):2012,7399,"Guangdong Sat Technology Co. Ltd., No. 11 Lianbao Rd, Shengfeng District, Xiaolan Town, Zhongshan City, Guangdong, China – 528400",./assets/images/downlights/Olyn-fit-V2-black-white.webp
Olyn Fit,DTZ075X,36V DC,350mA,2700K, CRI>97,Φ82*H90mm,36°,15W,AJ/CG,ARAD1575/27/36/B/V2,R-41159492,IS 10322 (PART 5/SEC1):2012,7399,"Guangdong Sat Technology Co. Ltd., No. 11 Lianbao Rd, Shengfeng District, Xiaolan Town, Zhongshan City, Guangdong, China – 528400",./assets/images/downlights/Olyn-fit-V2-black.webp
Olyn Fit,DTZ075X,36V DC,350mA,3000K, CRI>97,Φ82*H90mm,36°,15W,AJ/CG,ARAD1575/30/36/W/V2,R-41159492,IS 10322 (PART 5/SEC1):2012,7399,"Guangdong Sat Technology Co. Ltd., No. 11 Lianbao Rd, Shengfeng District, Xiaolan Town, Zhongshan City, Guangdong, China – 528400",./assets/images/downlights/Olyn-fit-V2-black-white.webp
Olyn Fit,DTZ075X,36V DC,350mA,3000K, CRI>97,Φ82*H90mm,36°,15W,AJ/CG,ARAD1575/30/36/B/V2,R-41159492,IS 10322 (PART 5/SEC1):2012,7399,"Guangdong Sat Technology Co. Ltd., No. 11 Lianbao Rd, Shengfeng District, Xiaolan Town, Zhongshan City, Guangdong, China – 528400",./assets/images/downlights/Olyn-fit-V2-black.webp
Olyn Fit,DTZ075X,36V DC,350mA,3500K, CRI>97,Φ82*H90mm,36°,15W,AJ/CG,ARAD1575/35/36/W/V2,R-41159492,IS 10322 (PART 5/SEC1):2012,7399,"Guangdong Sat Technology Co. Ltd., No. 11 Lianbao Rd, Shengfeng District, Xiaolan Town, Zhongshan City, Guangdong, China – 528400",./assets/images/downlights/Olyn-fit-V2-black-white.webp
Olyn Fit,DTZ075X,36V DC,350mA,3500K, CRI>97,Φ82*H90mm,36°,15W,AJ/CG,ARAD1575/35/36/B/V2,R-41159492,IS 10322 (PART 5/SEC1):2012,7399,"Guangdong Sat Technology Co. Ltd., No. 11 Lianbao Rd, Shengfeng District, Xiaolan Town, Zhongshan City, Guangdong, China – 528400",./assets/images/downlights/Olyn-fit-V2-black.webp
Olyn Fit,DTZ075X,36V DC,350mA,4000K, CRI>97,Φ82*H90mm,36°,15W,AJ/CG,ARAD1575/40/36/W/V2,R-41159492,IS 10322 (PART 5/SEC1):2012,7399,"Guangdong Sat Technology Co. Ltd., No. 11 Lianbao Rd, Shengfeng District, Xiaolan Town, Zhongshan City, Guangdong, China – 528400",./assets/images/downlights/Olyn-fit-V2-black-white.webp
Olyn Fit,DTZ075X,36V DC,350mA,4000K, CRI>97,Φ82*H90mm,36°,15W,AJ/CG,ARAD1575/40/36/B/V2,R-41159492,IS 10322 (PART 5/SEC1):2012,7399,"Guangdong Sat Technology Co. Ltd., No. 11 Lianbao Rd, Shengfeng District, Xiaolan Town, Zhongshan City, Guangdong, China – 528400",./assets/images/downlights/Olyn-fit-V2-black.webp
Olyn Fit,DTZ075X,36V DC,350mA,5000K, CRI>97,Φ82*H90mm,36°,15W,AJ/CG,ARAD1575/50/36/W/V2,R-41159492,IS 10322 (PART 5/SEC1):2012,7399,"Guangdong Sat Technology Co. Ltd., No. 11 Lianbao Rd, Shengfeng District, Xiaolan Town, Zhongshan City, Guangdong, China – 528400",./assets/images/downlights/Olyn-fit-V2-black-white.webp
Olyn Fit,DTZ075X,36V DC,350mA,5000K, CRI>97,Φ82*H90mm,36°,15W,AJ/CG,ARAD1575/50/36/B/V2,R-41159492,IS 10322 (PART 5/SEC1):2012,7399,"Guangdong Sat Technology Co. Ltd., No. 11 Lianbao Rd, Shengfeng District, Xiaolan Town, Zhongshan City, Guangdong, China – 528400",./assets/images/downlights/Olyn-fit-V2-black.webp
Olyn Fit,DTZ075X,36V DC,350mA,2700K, CRI>97,Φ82*H90mm,45°,15W,AJ/CG,ARAD1575/27/45/W/V2,R-41159492,IS 10322 (PART 5/SEC1):2012,7399,"Guangdong Sat Technology Co. Ltd., No. 11 Lianbao Rd, Shengfeng District, Xiaolan Town, Zhongshan City, Guangdong, China – 528400",./assets/images/downlights/Olyn-fit-V2-black-white.webp
Olyn Fit,DTZ075X,36V DC,350mA,2700K, CRI>97,Φ82*H90mm,45°,15W,AJ/CG,ARAD1575/27/45/B/V2,R-41159492,IS 10322 (PART 5/SEC1):2012,7399,"Guangdong Sat Technology Co. Ltd., No. 11 Lianbao Rd, Shengfeng District, Xiaolan Town, Zhongshan City, Guangdong, China – 528400",./assets/images/downlights/Olyn-fit-V2-black.webp
Olyn Fit,DTZ075X,36V DC,350mA,3000K, CRI>97,Φ82*H90mm,45°,15W,AJ/CG,ARAD1575/30/45/W/V2,R-41159492,IS 10322 (PART 5/SEC1):2012,7399,"Guangdong Sat Technology Co. Ltd., No. 11 Lianbao Rd, Shengfeng District, Xiaolan Town, Zhongshan City, Guangdong, China – 528400",./assets/images/downlights/Olyn-fit-V2-black-white.webp
Olyn Fit,DTZ075X,36V DC,350mA,3000K, CRI>97,Φ82*H90mm,45°,15W,AJ/CG,ARAD1575/30/45/B/V2,R-41159492,IS 10322 (PART 5/SEC1):2012,7399,"Guangdong Sat Technology Co. Ltd., No. 11 Lianbao Rd, Shengfeng District, Xiaolan Town, Zhongshan City, Guangdong, China – 528400",./assets/images/downlights/Olyn-fit-V2-black.webp
Olyn Fit,DTZ075X,36V DC,350mA,3500K, CRI>97,Φ82*H90mm,45°,15W,AJ/CG,ARAD1575/35/45/W/V2,R-41159492,IS 10322 (PART 5/SEC1):2012,7399,"Guangdong Sat Technology Co. Ltd., No. 11 Lianbao Rd, Shengfeng District, Xiaolan Town, Zhongshan City, Guangdong, China – 528400",./assets/images/downlights/Olyn-fit-V2-black-white.webp
Olyn Fit,DTZ075X,36V DC,350mA,3500K, CRI>97,Φ82*H90mm,45°,15W,AJ/CG,ARAD1575/35/45/B/V2,R-41159492,IS 10322 (PART 5/SEC1):2012,7399,"Guangdong Sat Technology Co. Ltd., No. 11 Lianbao Rd, Shengfeng District, Xiaolan Town, Zhongshan City, Guangdong, China – 528400",./assets/images/downlights/Olyn-fit-V2-black.webp
Olyn Fit,DTZ075X,36V DC,350mA,4000K, CRI>97,Φ82*H90mm,45°,15W,AJ/CG,ARAD1575/40/45/W/V2,R-41159492,IS 10322 (PART 5/SEC1):2012,7399,"Guangdong Sat Technology Co. Ltd., No. 11 Lianbao Rd, Shengfeng District, Xiaolan Town, Zhongshan City, Guangdong, China – 528400",./assets/images/downlights/Olyn-fit-V2-black-white.webp
Olyn Fit,DTZ075X,36V DC,350mA,4000K, CRI>97,Φ82*H90mm,45°,15W,AJ/CG,ARAD1575/40/45/B/V2,R-41159492,IS 10322 (PART 5/SEC1):2012,7399,"Guangdong Sat Technology Co. Ltd., No. 11 Lianbao Rd, Shengfeng District, Xiaolan Town, Zhongshan City, Guangdong, China – 528400",./assets/images/downlights/Olyn-fit-V2-black.webp
Olyn Fit,DTZ075X,36V DC,350mA,5000K, CRI>97,Φ82*H90mm,45°,15W,AJ/CG,ARAD1575/50/45/W/V2,R-41159492,IS 10322 (PART 5/SEC1):2012,7399,"Guangdong Sat Technology Co. Ltd., No. 11 Lianbao Rd, Shengfeng District, Xiaolan Town, Zhongshan City, Guangdong, China – 528400",./assets/images/downlights/Olyn-fit-V2-black-white.webp
Olyn Fit,DTZ075X,36V DC,350mA,5000K, CRI>97,Φ82*H90mm,45°,15W,AJ/CG,ARAD1575/50/45/B/V2,R-41159492,IS 10322 (PART 5/SEC1):2012,7399,"Guangdong Sat Technology Co. Ltd., No. 11 Lianbao Rd, Shengfeng District, Xiaolan Town, Zhongshan City, Guangdong, China – 528400",./assets/images/downlights/Olyn-fit-V2-black.webp
Olyn Fit Tunable,DTZ075X,36V DC,350mA,2700K~6500K, CRI>97,Φ82*H90mm,15°,15W,AJ/CG,ARAD1575/CT/15/W/V2,R-41159492,IS 10322 (PART 5/SEC1):2012,8599,"Guangdong Sat Technology Co. Ltd., No. 11 Lianbao Rd, Shengfeng District, Xiaolan Town, Zhongshan City, Guangdong, China – 528400",./assets/images/downlights/Olyn-fit-V2-black-white.webp
Olyn Fit Tunable,DTZ075X,36V DC,350mA,2700K~6500K, CRI>97,Φ82*H90mm,15°,15W,AJ/CG,ARAD1575/CT/15/B/V2,R-41159492,IS 10322 (PART 5/SEC1):2012,8599,"Guangdong Sat Technology Co. Ltd., No. 11 Lianbao Rd, Shengfeng District, Xiaolan Town, Zhongshan City, Guangdong, China – 528400",./assets/images/downlights/Olyn-fit-V2-black.webp
Olyn Fit Tunable,DTZ075X,36V DC,350mA,2700K~6500K, CRI>97,Φ82*H90mm,24°,15W,AJ/CG,ARAD1575/CT/24/W/V2,R-41159492,IS 10322 (PART 5/SEC1):2012,8599,"Guangdong Sat Technology Co. Ltd., No. 11 Lianbao Rd, Shengfeng District, Xiaolan Town, Zhongshan City, Guangdong, China – 528400",./assets/images/downlights/Olyn-fit-V2-black-white.webp
Olyn Fit Tunable,DTZ075X,36V DC,350mA,2700K~6500K, CRI>97,Φ82*H90mm,24°,15W,AJ/CG,ARAD1575/CT/24/B/V2,R-41159492,IS 10322 (PART 5/SEC1):2012,8599,"Guangdong Sat Technology Co. Ltd., No. 11 Lianbao Rd, Shengfeng District, Xiaolan Town, Zhongshan City, Guangdong, China – 528400",./assets/images/downlights/Olyn-fit-V2-black.webp
Olyn Fit Tunable,DTZ075X,36V DC,350mA,2700K~6500K, CRI>97,Φ82*H90mm,36°,15W,AJ/CG,ARAD1575/CT/36/W/V2,R-41159492,IS 10322 (PART 5/SEC1):2012,8599,"Guangdong Sat Technology Co. Ltd., No. 11 Lianbao Rd, Shengfeng District, Xiaolan Town, Zhongshan City, Guangdong, China – 528400",./assets/images/downlights/Olyn-fit-V2-black-white.webp
Olyn Fit Tunable,DTZ075X,36V DC,350mA,2700K~6500K, CRI>97,Φ82*H90mm,36°,15W,AJ/CG,ARAD1575/CT/36/B/V2,R-41159492,IS 10322 (PART 5/SEC1):2012,8599,"Guangdong Sat Technology Co. Ltd., No. 11 Lianbao Rd, Shengfeng District, Xiaolan Town, Zhongshan City, Guangdong, China – 528400",./assets/images/downlights/Olyn-fit-V2-black.webp
Olyn Fit Tunable,DTZ075X,36V DC,350mA,2700K~6500K, CRI>97,Φ82*H90mm,45°,15W,AJ/CG,ARAD1575/CT/45/W/V2,R-41159492,IS 10322 (PART 5/SEC1):2012,8599,"Guangdong Sat Technology Co. Ltd., No. 11 Lianbao Rd, Shengfeng District, Xiaolan Town, Zhongshan City, Guangdong, China – 528400",./assets/images/downlights/Olyn-fit-V2-black-white.webp
Olyn Fit Tunable,DTZ075X,36V DC,350mA,2700K~6500K, CRI>97,Φ82*H90mm,45°,15W,AJ/CG,ARAD1575/CT/45/B/V2,R-41159492,IS 10322 (PART 5/SEC1):2012,8599,"Guangdong Sat Technology Co. Ltd., No. 11 Lianbao Rd, Shengfeng District, Xiaolan Town, Zhongshan City, Guangdong, China – 528400",./assets/images/downlights/Olyn-fit-V2-black.webp
Olyn Fit Houdini,DTZ075X,36V DC,350mA,2700K, CRI>97,Φ82*H90mm,15°,15W,AJ/CG,ARAD1575/27/15/V2/TL,R-41159492,IS 10322 (PART 5/SEC1):2012,7999,"Guangdong Sat Technology Co. Ltd., No. 11 Lianbao Rd, Shengfeng District, Xiaolan Town, Zhongshan City, Guangdong, China – 528400",./assets/images/downlights/Olyn-fit-ARAD1575-trimless-Black.webp
Olyn Fit Houdini,DTZ075X,36V DC,350mA,2700K, CRI>97,Φ82*H90mm,24°,15W,AJ/CG,ARAD1575/27/24/V2/TL,R-41159492,IS 10322 (PART 5/SEC1):2012,7999,"Guangdong Sat Technology Co. Ltd., No. 11 Lianbao Rd, Shengfeng District, Xiaolan Town, Zhongshan City, Guangdong, China – 528400",./assets/images/downlights/Olyn-fit-ARAD1575-trimless-Black.webp
Olyn Fit Houdini,DTZ075X,36V DC,350mA,2700K, CRI>97,Φ82*H90mm,36°,15W,AJ/CG,ARAD1575/27/36/V2/TL,R-41159492,IS 10322 (PART 5/SEC1):2012,7999,"Guangdong Sat Technology Co. Ltd., No. 11 Lianbao Rd, Shengfeng District, Xiaolan Town, Zhongshan City, Guangdong, China – 528400",./assets/images/downlights/Olyn-fit-ARAD1575-trimless-Black.webp
Olyn Fit Houdini,DTZ075X,36V DC,350mA,2700K, CRI>97,Φ82*H90mm,45°,15W,AJ/CG,ARAD1575/27/45/V2/TL,R-41159492,IS 10322 (PART 5/SEC1):2012,7999,"Guangdong Sat Technology Co. Ltd., No. 11 Lianbao Rd, Shengfeng District, Xiaolan Town, Zhongshan City, Guangdong, China – 528400",./assets/images/downlights/Olyn-fit-ARAD1575-trimless-Black.webp
Olyn Fit Houdini,DTZ075X,36V DC,350mA,3000K, CRI>97,Φ82*H90mm,15°,15W,AJ/CG,ARAD1575/30/15/V2/TL,R-41159492,IS 10322 (PART 5/SEC1):2012,7999,"Guangdong Sat Technology Co. Ltd., No. 11 Lianbao Rd, Shengfeng District, Xiaolan Town, Zhongshan City, Guangdong, China – 528400",./assets/images/downlights/Olyn-fit-ARAD1575-trimless-Black.webp
Olyn Fit Houdini,DTZ075X,36V DC,350mA,3000K, CRI>97,Φ82*H90mm,24°,15W,AJ/CG,ARAD1575/30/24/V2/TL,R-41159492,IS 10322 (PART 5/SEC1):2012,7999,"Guangdong Sat Technology Co. Ltd., No. 11 Lianbao Rd, Shengfeng District, Xiaolan Town, Zhongshan City, Guangdong, China – 528400",./assets/images/downlights/Olyn-fit-ARAD1575-trimless-Black.webp
Olyn Fit Houdini,DTZ075X,36V DC,350mA,3000K, CRI>97,Φ82*H90mm,36°,15W,AJ/CG,ARAD1575/30/36/V2/TL,R-41159492,IS 10322 (PART 5/SEC1):2012,7999,"Guangdong Sat Technology Co. Ltd., No. 11 Lianbao Rd, Shengfeng District, Xiaolan Town, Zhongshan City, Guangdong, China – 528400",./assets/images/downlights/Olyn-fit-ARAD1575-trimless-Black.webp
Olyn Fit Houdini,DTZ075X,36V DC,350mA,3000K, CRI>97,Φ82*H90mm,45°,15W,AJ/CG,ARAD1575/30/45/V2/TL,R-41159492,IS 10322 (PART 5/SEC1):2012,7999,"Guangdong Sat Technology Co. Ltd., No. 11 Lianbao Rd, Shengfeng District, Xiaolan Town, Zhongshan City, Guangdong, China – 528400",./assets/images/downlights/Olyn-fit-ARAD1575-trimless-Black.webp
Olyn Fit Houdini,DTZ075X,36V DC,350mA,3500K, CRI>97,Φ82*H90mm,15°,15W,AJ/CG,ARAD1575/35/15/V2/TL,R-41159492,IS 10322 (PART 5/SEC1):2012,7999,"Guangdong Sat Technology Co. Ltd., No. 11 Lianbao Rd, Shengfeng District, Xiaolan Town, Zhongshan City, Guangdong, China – 528400",./assets/images/downlights/Olyn-fit-ARAD1575-trimless-Black.webp
Olyn Fit Houdini,DTZ075X,36V DC,350mA,3500K, CRI>97,Φ82*H90mm,24°,15W,AJ/CG,ARAD1575/35/24/V2/TL,R-41159492,IS 10322 (PART 5/SEC1):2012,7999,"Guangdong Sat Technology Co. Ltd., No. 11 Lianbao Rd, Shengfeng District, Xiaolan Town, Zhongshan City, Guangdong, China – 528400",./assets/images/downlights/Olyn-fit-ARAD1575-trimless-Black.webp
Olyn Fit Houdini,DTZ075X,36V DC,350mA,3500K, CRI>97,Φ82*H90mm,36°,15W,AJ/CG,ARAD1575/35/36/V2/TL,R-41159492,IS 10322 (PART 5/SEC1):2012,7999,"Guangdong Sat Technology Co. Ltd., No. 11 Lianbao Rd, Shengfeng District, Xiaolan Town, Zhongshan City, Guangdong, China – 528400",./assets/images/downlights/Olyn-fit-ARAD1575-trimless-Black.webp
Olyn Fit Houdini,DTZ075X,36V DC,350mA,3500K, CRI>97,Φ82*H90mm,45°,15W,AJ/CG,ARAD1575/35/45/V2/TL,R-41159492,IS 10322 (PART 5/SEC1):2012,7999,"Guangdong Sat Technology Co. Ltd., No. 11 Lianbao Rd, Shengfeng District, Xiaolan Town, Zhongshan City, Guangdong, China – 528400",./assets/images/downlights/Olyn-fit-ARAD1575-trimless-Black.webp
Olyn Fit Houdini,DTZ075X,36V DC,350mA,4000K, CRI>97,Φ82*H90mm,15°,15W,AJ/CG,ARAD1575/40/15/V2/TL,R-41159492,IS 10322 (PART 5/SEC1):2012,7999,"Guangdong Sat Technology Co. Ltd., No. 11 Lianbao Rd, Shengfeng District, Xiaolan Town, Zhongshan City, Guangdong, China – 528400",./assets/images/downlights/Olyn-fit-ARAD1575-trimless-Black.webp
Olyn Fit Houdini,DTZ075X,36V DC,350mA,4000K, CRI>97,Φ82*H90mm,24°,15W,AJ/CG,ARAD1575/40/24/V2/TL,R-41159492,IS 10322 (PART 5/SEC1):2012,7999,"Guangdong Sat Technology Co. Ltd., No. 11 Lianbao Rd, Shengfeng District, Xiaolan Town, Zhongshan City, Guangdong, China – 528400",./assets/images/downlights/Olyn-fit-ARAD1575-trimless-Black.webp
Olyn Fit Houdini,DTZ075X,36V DC,350mA,4000K, CRI>97,Φ82*H90mm,36°,15W,AJ/CG,ARAD1575/40/36/V2/TL,R-41159492,IS 10322 (PART 5/SEC1):2012,7999,"Guangdong Sat Technology Co. Ltd., No. 11 Lianbao Rd, Shengfeng District, Xiaolan Town, Zhongshan City, Guangdong, China – 528400",./assets/images/downlights/Olyn-fit-ARAD1575-trimless-Black.webp
Olyn Fit Houdini,DTZ075X,36V DC,350mA,4000K, CRI>97,Φ82*H90mm,45°,15W,AJ/CG,ARAD1575/40/45/V2/TL,R-41159492,IS 10322 (PART 5/SEC1):2012,7999,"Guangdong Sat Technology Co. Ltd., No. 11 Lianbao Rd, Shengfeng District, Xiaolan Town, Zhongshan City, Guangdong, China – 528400",./assets/images/downlights/Olyn-fit-ARAD1575-trimless-Black.webp
Olyn Fit Houdini,DTZ075X,36V DC,350mA,5000K, CRI>97,Φ82*H90mm,15°,15W,AJ/CG,ARAD1575/50/15/V2/TL,R-41159492,IS 10322 (PART 5/SEC1):2012,7999,"Guangdong Sat Technology Co. Ltd., No. 11 Lianbao Rd, Shengfeng District, Xiaolan Town, Zhongshan City, Guangdong, China – 528400",./assets/images/downlights/Olyn-fit-ARAD1575-trimless-Black.webp
Olyn Fit Houdini,DTZ075X,36V DC,350mA,5000K, CRI>97,Φ82*H90mm,24°,15W,AJ/CG,ARAD1575/50/24/V2/TL,R-41159492,IS 10322 (PART 5/SEC1):2012,7999,"Guangdong Sat Technology Co. Ltd., No. 11 Lianbao Rd, Shengfeng District, Xiaolan Town, Zhongshan City, Guangdong, China – 528400",./assets/images/downlights/Olyn-fit-ARAD1575-trimless-Black.webp
Olyn Fit Houdini,DTZ075X,36V DC,350mA,5000K, CRI>97,Φ82*H90mm,36°,15W,AJ/CG,ARAD1575/50/36/V2/TL,R-41159492,IS 10322 (PART 5/SEC1):2012,7999,"Guangdong Sat Technology Co. Ltd., No. 11 Lianbao Rd, Shengfeng District, Xiaolan Town, Zhongshan City, Guangdong, China – 528400",./assets/images/downlights/Olyn-fit-ARAD1575-trimless-Black.webp
Olyn Fit Houdini,DTZ075X,36V DC,350mA,5000K, CRI>97,Φ82*H90mm,45°,15W,AJ/CG,ARAD1575/50/45/V2/TL,R-41159492,IS 10322 (PART 5/SEC1):2012,7999,"Guangdong Sat Technology Co. Ltd., No. 11 Lianbao Rd, Shengfeng District, Xiaolan Town, Zhongshan City, Guangdong, China – 528400",./assets/images/downlights/Olyn-fit-ARAD1575-trimless-Black.webp
Olyn Fit Tunable Houdini,DTZ075X,36V DC,350mA,2700K~6500K, CRI>97,Φ82*H90mm,15°,15W,AJ/CG,ARAD1575/CT/15/V2/TL,R-41159492,IS 10322 (PART 5/SEC1):2012,9199,"Guangdong Sat Technology Co. Ltd., No. 11 Lianbao Rd, Shengfeng District, Xiaolan Town, Zhongshan City, Guangdong, China – 528400",./assets/images/downlights/Olyn-fit-ARAD1575-trimless-Black.webp
Olyn Fit Tunable Houdini,DTZ075X,36V DC,350mA,2700K~6500K, CRI>97,Φ82*H90mm,24°,15W,AJ/CG,ARAD1575/CT/24/V2/TL,R-41159492,IS 10322 (PART 5/SEC1):2012,9199,"Guangdong Sat Technology Co. Ltd., No. 11 Lianbao Rd, Shengfeng District, Xiaolan Town, Zhongshan City, Guangdong, China – 528400",./assets/images/downlights/Olyn-fit-ARAD1575-trimless-Black.webp
Olyn Fit Tunable Houdini,DTZ075X,36V DC,350mA,2700K~6500K, CRI>97,Φ82*H90mm,36°,15W,AJ/CG,ARAD1575/CT/36/V2/TL,R-41159492,IS 10322 (PART 5/SEC1):2012,9199,"Guangdong Sat Technology Co. Ltd., No. 11 Lianbao Rd, Shengfeng District, Xiaolan Town, Zhongshan City, Guangdong, China – 528400",./assets/images/downlights/Olyn-fit-ARAD1575-trimless-Black.webp
Olyn Fit Tunable Houdini,DTZ075X,36V DC,350mA,2700K~6500K, CRI>97,Φ82*H90mm,45°,15W,AJ/CG,ARAD1575/CT/45/V2/TL,R-41159492,IS 10322 (PART 5/SEC1):2012,9199,"Guangdong Sat Technology Co. Ltd., No. 11 Lianbao Rd, Shengfeng District, Xiaolan Town, Zhongshan City, Guangdong, China – 528400",./assets/images/downlights/Olyn-fit-ARAD1575-trimless-Black.webp
Olyn 18,DTZ075X,36V DC,450mA,2700K, CRI>80,Φ82*H120mm,15°,18W,AJ/CG,ARAD1875/27/15/W,R-41159492,IS 10322 (PART 5/SEC1):2012,7399,"Guangdong Sat Technology Co. Ltd., No. 11 Lianbao Rd, Shengfeng District, Xiaolan Town, Zhongshan City, Guangdong, China – 528400",./assets/images/downlights/Olyn-18-white.webp
Olyn 18,DTZ075X,36V DC,450mA,2700K, CRI>80,Φ82*H120mm,15°,18W,AJ/CG,ARAD1875/27/15/B,R-41159492,IS 10322 (PART 5/SEC1):2012,7399,"Guangdong Sat Technology Co. Ltd., No. 11 Lianbao Rd, Shengfeng District, Xiaolan Town, Zhongshan City, Guangdong, China – 528400",./assets/images/downlights/Olyn-18-balck.webp
Olyn 18,DTZ075X,36V DC,450mA,3000K, CRI>80,Φ82*H120mm,15°,18W,AJ/CG,ARAD1875/30/15/W,R-41159492,IS 10322 (PART 5/SEC1):2012,7399,"Guangdong Sat Technology Co. Ltd., No. 11 Lianbao Rd, Shengfeng District, Xiaolan Town, Zhongshan City, Guangdong, China – 528400",./assets/images/downlights/Olyn-18-white.webp
Olyn 18,DTZ075X,36V DC,450mA,3000K, CRI>80,Φ82*H120mm,15°,18W,AJ/CG,ARAD1875/30/15/B,R-41159492,IS 10322 (PART 5/SEC1):2012,7399,"Guangdong Sat Technology Co. Ltd., No. 11 Lianbao Rd, Shengfeng District, Xiaolan Town, Zhongshan City, Guangdong, China – 528400",./assets/images/downlights/Olyn-18-balck.webp
Olyn 18,DTZ075X,36V DC,450mA,3500K, CRI>80,Φ82*H120mm,15°,18W,AJ/CG,ARAD1875/35/15/W,R-41159492,IS 10322 (PART 5/SEC1):2012,7399,"Guangdong Sat Technology Co. Ltd., No. 11 Lianbao Rd, Shengfeng District, Xiaolan Town, Zhongshan City, Guangdong, China – 528400",./assets/images/downlights/Olyn-18-white.webp
Olyn 18,DTZ075X,36V DC,450mA,3500K, CRI>80,Φ82*H120mm,15°,18W,AJ/CG,ARAD1875/35/15/B,R-41159492,IS 10322 (PART 5/SEC1):2012,7399,"Guangdong Sat Technology Co. Ltd., No. 11 Lianbao Rd, Shengfeng District, Xiaolan Town, Zhongshan City, Guangdong, China – 528400",./assets/images/downlights/Olyn-18-balck.webp
Olyn 18,DTZ075X,36V DC,450mA,4000K, CRI>80,Φ82*H120mm,15°,18W,AJ/CG,ARAD1875/40/15/W,R-41159492,IS 10322 (PART 5/SEC1):2012,7399,"Guangdong Sat Technology Co. Ltd., No. 11 Lianbao Rd, Shengfeng District, Xiaolan Town, Zhongshan City, Guangdong, China – 528400",./assets/images/downlights/Olyn-18-white.webp
Olyn 18,DTZ075X,36V DC,450mA,4000K, CRI>80,Φ82*H120mm,15°,18W,AJ/CG,ARAD1875/40/15/B,R-41159492,IS 10322 (PART 5/SEC1):2012,7399,"Guangdong Sat Technology Co. Ltd., No. 11 Lianbao Rd, Shengfeng District, Xiaolan Town, Zhongshan City, Guangdong, China – 528400",./assets/images/downlights/Olyn-18-balck.webp
Olyn 18,DTZ075X,36V DC,450mA,5000K, CRI>80,Φ82*H120mm,15°,18W,AJ/CG,ARAD1875/50/15/W,R-41159492,IS 10322 (PART 5/SEC1):2012,7399,"Guangdong Sat Technology Co. Ltd., No. 11 Lianbao Rd, Shengfeng District, Xiaolan Town, Zhongshan City, Guangdong, China – 528400",./assets/images/downlights/Olyn-18-white.webp
Olyn 18,DTZ075X,36V DC,450mA,5000K, CRI>80,Φ82*H120mm,15°,18W,AJ/CG,ARAD1875/50/15/B,R-41159492,IS 10322 (PART 5/SEC1):2012,7399,"Guangdong Sat Technology Co. Ltd., No. 11 Lianbao Rd, Shengfeng District, Xiaolan Town, Zhongshan City, Guangdong, China – 528400",./assets/images/downlights/Olyn-18-balck.webp
Olyn 18,DTZ075X,36V DC,450mA,2700K, CRI>80,Φ82*H120mm,24°,18W,AJ/CG,ARAD1875/27/24/W,R-41159492,IS 10322 (PART 5/SEC1):2012,7399,"Guangdong Sat Technology Co. Ltd., No. 11 Lianbao Rd, Shengfeng District, Xiaolan Town, Zhongshan City, Guangdong, China – 528400",./assets/images/downlights/Olyn-18-white.webp
Olyn 18,DTZ075X,36V DC,450mA,2700K, CRI>80,Φ82*H120mm,24°,18W,AJ/CG,ARAD1875/27/24/B,R-41159492,IS 10322 (PART 5/SEC1):2012,7399,"Guangdong Sat Technology Co. Ltd., No. 11 Lianbao Rd, Shengfeng District, Xiaolan Town, Zhongshan City, Guangdong, China – 528400",./assets/images/downlights/Olyn-18-balck.webp
Olyn 18,DTZ075X,36V DC,450mA,3000K, CRI>80,Φ82*H120mm,24°,18W,AJ/CG,ARAD1875/30/24/W,R-41159492,IS 10322 (PART 5/SEC1):2012,7399,"Guangdong Sat Technology Co. Ltd., No. 11 Lianbao Rd, Shengfeng District, Xiaolan Town, Zhongshan City, Guangdong, China – 528400",./assets/images/downlights/Olyn-18-white.webp
Olyn 18,DTZ075X,36V DC,450mA,3000K, CRI>80,Φ82*H120mm,24°,18W,AJ/CG,ARAD1875/30/24/B,R-41159492,IS 10322 (PART 5/SEC1):2012,7399,"Guangdong Sat Technology Co. Ltd., No. 11 Lianbao Rd, Shengfeng District, Xiaolan Town, Zhongshan City, Guangdong, China – 528400",./assets/images/downlights/Olyn-18-balck.webp
Olyn 18,DTZ075X,36V DC,450mA,3500K, CRI>80,Φ82*H120mm,24°,18W,AJ/CG,ARAD1875/35/24/W,R-41159492,IS 10322 (PART 5/SEC1):2012,7399,"Guangdong Sat Technology Co. Ltd., No. 11 Lianbao Rd, Shengfeng District, Xiaolan Town, Zhongshan City, Guangdong, China – 528400",./assets/images/downlights/Olyn-18-white.webp
Olyn 18,DTZ075X,36V DC,450mA,3500K, CRI>80,Φ82*H120mm,24°,18W,AJ/CG,ARAD1875/35/24/B,R-41159492,IS 10322 (PART 5/SEC1):2012,7399,"Guangdong Sat Technology Co. Ltd., No. 11 Lianbao Rd, Shengfeng District, Xiaolan Town, Zhongshan City, Guangdong, China – 528400",./assets/images/downlights/Olyn-18-balck.webp
Olyn 18,DTZ075X,36V DC,450mA,4000K, CRI>80,Φ82*H120mm,24°,18W,AJ/CG,ARAD1875/40/24/W,R-41159492,IS 10322 (PART 5/SEC1):2012,7399,"Guangdong Sat Technology Co. Ltd., No. 11 Lianbao Rd, Shengfeng District, Xiaolan Town, Zhongshan City, Guangdong, China – 528400",./assets/images/downlights/Olyn-18-white.webp
Olyn 18,DTZ075X,36V DC,450mA,4000K, CRI>80,Φ82*H120mm,24°,18W,AJ/CG,ARAD1875/40/24/B,R-41159492,IS 10322 (PART 5/SEC1):2012,7399,"Guangdong Sat Technology Co. Ltd., No. 11 Lianbao Rd, Shengfeng District, Xiaolan Town, Zhongshan City, Guangdong, China – 528400",./assets/images/downlights/Olyn-18-balck.webp
Olyn 18,DTZ075X,36V DC,450mA,5000K, CRI>80,Φ82*H120mm,24°,18W,AJ/CG,ARAD1875/50/24/W,R-41159492,IS 10322 (PART 5/SEC1):2012,7399,"Guangdong Sat Technology Co. Ltd., No. 11 Lianbao Rd, Shengfeng District, Xiaolan Town, Zhongshan City, Guangdong, China – 528400",./assets/images/downlights/Olyn-18-white.webp
Olyn 18,DTZ075X,36V DC,450mA,5000K, CRI>80,Φ82*H120mm,24°,18W,AJ/CG,ARAD1875/50/24/B,R-41159492,IS 10322 (PART 5/SEC1):2012,7399,"Guangdong Sat Technology Co. Ltd., No. 11 Lianbao Rd, Shengfeng District, Xiaolan Town, Zhongshan City, Guangdong, China – 528400",./assets/images/downlights/Olyn-18-balck.webp
Olyn 18,DTZ075X,36V DC,450mA,2700K, CRI>80,Φ82*H120mm,36°,18W,AJ/CG,ARAD1875/27/36/W,R-41159492,IS 10322 (PART 5/SEC1):2012,7399,"Guangdong Sat Technology Co. Ltd., No. 11 Lianbao Rd, Shengfeng District, Xiaolan Town, Zhongshan City, Guangdong, China – 528400",./assets/images/downlights/Olyn-18-white.webp
Olyn 18,DTZ075X,36V DC,450mA,2700K, CRI>80,Φ82*H120mm,36°,18W,AJ/CG,ARAD1875/27/36/B,R-41159492,IS 10322 (PART 5/SEC1):2012,7399,"Guangdong Sat Technology Co. Ltd., No. 11 Lianbao Rd, Shengfeng District, Xiaolan Town, Zhongshan City, Guangdong, China – 528400",./assets/images/downlights/Olyn-18-balck.webp
Olyn 18,DTZ075X,36V DC,450mA,3000K, CRI>80,Φ82*H120mm,36°,18W,AJ/CG,ARAD1875/30/36/W,R-41159492,IS 10322 (PART 5/SEC1):2012,7399,"Guangdong Sat Technology Co. Ltd., No. 11 Lianbao Rd, Shengfeng District, Xiaolan Town, Zhongshan City, Guangdong, China – 528400",./assets/images/downlights/Olyn-18-white.webp
Olyn 18,DTZ075X,36V DC,450mA,3000K, CRI>80,Φ82*H120mm,36°,18W,AJ/CG,ARAD1875/30/36/B,R-41159492,IS 10322 (PART 5/SEC1):2012,7399,"Guangdong Sat Technology Co. Ltd., No. 11 Lianbao Rd, Shengfeng District, Xiaolan Town, Zhongshan City, Guangdong, China – 528400",./assets/images/downlights/Olyn-18-balck.webp
Olyn 18,DTZ075X,36V DC,450mA,3500K, CRI>80,Φ82*H120mm,36°,18W,AJ/CG,ARAD1875/35/36/W,R-41159492,IS 10322 (PART 5/SEC1):2012,7399,"Guangdong Sat Technology Co. Ltd., No. 11 Lianbao Rd, Shengfeng District, Xiaolan Town, Zhongshan City, Guangdong, China – 528400",./assets/images/downlights/Olyn-18-white.webp
Olyn 18,DTZ075X,36V DC,450mA,3500K, CRI>80,Φ82*H120mm,36°,18W,AJ/CG,ARAD1875/35/36/B,R-41159492,IS 10322 (PART 5/SEC1):2012,7399,"Guangdong Sat Technology Co. Ltd., No. 11 Lianbao Rd, Shengfeng District, Xiaolan Town, Zhongshan City, Guangdong, China – 528400",./assets/images/downlights/Olyn-18-balck.webp
Olyn 18,DTZ075X,36V DC,450mA,4000K, CRI>80,Φ82*H120mm,36°,18W,AJ/CG,ARAD1875/40/36/W,R-41159492,IS 10322 (PART 5/SEC1):2012,7399,"Guangdong Sat Technology Co. Ltd., No. 11 Lianbao Rd, Shengfeng District, Xiaolan Town, Zhongshan City, Guangdong, China – 528400",./assets/images/downlights/Olyn-18-white.webp
Olyn 18,DTZ075X,36V DC,450mA,4000K, CRI>80,Φ82*H120mm,36°,18W,AJ/CG,ARAD1875/40/36/B,R-41159492,IS 10322 (PART 5/SEC1):2012,7399,"Guangdong Sat Technology Co. Ltd., No. 11 Lianbao Rd, Shengfeng District, Xiaolan Town, Zhongshan City, Guangdong, China – 528400",./assets/images/downlights/Olyn-18-balck.webp
Olyn 18,DTZ075X,36V DC,450mA,5000K, CRI>80,Φ82*H120mm,36°,18W,AJ/CG,ARAD1875/50/36/W,R-41159492,IS 10322 (PART 5/SEC1):2012,7399,"Guangdong Sat Technology Co. Ltd., No. 11 Lianbao Rd, Shengfeng District, Xiaolan Town, Zhongshan City, Guangdong, China – 528400",./assets/images/downlights/Olyn-18-white.webp
Olyn 18,DTZ075X,36V DC,450mA,5000K, CRI>80,Φ82*H120mm,36°,18W,AJ/CG,ARAD1875/50/36/B,R-41159492,IS 10322 (PART 5/SEC1):2012,7399,"Guangdong Sat Technology Co. Ltd., No. 11 Lianbao Rd, Shengfeng District, Xiaolan Town, Zhongshan City, Guangdong, China – 528400",./assets/images/downlights/Olyn-18-balck.webp
Olyn 18 Tunable,DTZ075X,36V DC,450mA,2700K~6500K, CRI>80,Φ82*H120mm,15°,18W,AJ/CG,ARAD1875/CT/15/W,R-41159492,IS 10322 (PART 5/SEC1):2012,8599,"Guangdong Sat Technology Co. Ltd., No. 11 Lianbao Rd, Shengfeng District, Xiaolan Town, Zhongshan City, Guangdong, China – 528400",./assets/images/downlights/Olyn-18-white.webp
Olyn 18 Tunable,DTZ075X,36V DC,450mA,2700K~6500K, CRI>80,Φ82*H120mm,15°,18W,AJ/CG,ARAD1875/CT/15/B,R-41159492,IS 10322 (PART 5/SEC1):2012,8599,"Guangdong Sat Technology Co. Ltd., No. 11 Lianbao Rd, Shengfeng District, Xiaolan Town, Zhongshan City, Guangdong, China – 528400",./assets/images/downlights/Olyn-18-balck.webp
Olyn 18 Tunable,DTZ075X,36V DC,450mA,2700K~6500K, CRI>80,Φ82*H120mm,24°,18W,AJ/CG,ARAD1875/CT/24/W,R-41159492,IS 10322 (PART 5/SEC1):2012,8599,"Guangdong Sat Technology Co. Ltd., No. 11 Lianbao Rd, Shengfeng District, Xiaolan Town, Zhongshan City, Guangdong, China – 528400",./assets/images/downlights/Olyn-18-white.webp
Olyn 18 Tunable,DTZ075X,36V DC,450mA,2700K~6500K, CRI>80,Φ82*H120mm,24°,18W,AJ/CG,ARAD1875/CT/24/B,R-41159492,IS 10322 (PART 5/SEC1):2012,8599,"Guangdong Sat Technology Co. Ltd., No. 11 Lianbao Rd, Shengfeng District, Xiaolan Town, Zhongshan City, Guangdong, China – 528400",./assets/images/downlights/Olyn-18-balck.webp
Olyn 18 Tunable,DTZ075X,36V DC,450mA,2700K~6500K, CRI>80,Φ82*H120mm,36°,18W,AJ/CG,ARAD1875/CT/36/W,R-41159492,IS 10322 (PART 5/SEC1):2012,8599,"Guangdong Sat Technology Co. Ltd., No. 11 Lianbao Rd, Shengfeng District, Xiaolan Town, Zhongshan City, Guangdong, China – 528400",./assets/images/downlights/Olyn-18-white.webp
Olyn 18 Tunable,DTZ075X,36V DC,450mA,2700K~6500K, CRI>80,Φ82*H120mm,36°,18W,AJ/CG,ARAD1875/CT/36/B,R-41159492,IS 10322 (PART 5/SEC1):2012,8599,"Guangdong Sat Technology Co. Ltd., No. 11 Lianbao Rd, Shengfeng District, Xiaolan Town, Zhongshan City, Guangdong, China – 528400",./assets/images/downlights/Olyn-18-white.webp
Olyn 18 Houdini,DTZ075X,36V DC,450mA,2700K, CRI>80,Φ82*H120mm,15°,18W,AJ/CG,ARAD1875/27/15/TL,R-41159492,IS 10322 (PART 5/SEC1):2012,7999,"Guangdong Sat Technology Co. Ltd., No. 11 Lianbao Rd, Shengfeng District, Xiaolan Town, Zhongshan City, Guangdong, China – 528400",./assets/images/downlights/Olyn-houdini-18-TL-Black.webp
Olyn 18 Houdini,DTZ075X,36V DC,450mA,2700K, CRI>80,Φ82*H120mm,24°,18W,AJ/CG,ARAD1875/27/24/TL,R-41159492,IS 10322 (PART 5/SEC1):2012,7999,"Guangdong Sat Technology Co. Ltd., No. 11 Lianbao Rd, Shengfeng District, Xiaolan Town, Zhongshan City, Guangdong, China – 528400",./assets/images/downlights/Olyn-houdini-18-TL-Black.webp
Olyn 18 Houdini,DTZ075X,36V DC,450mA,2700K, CRI>80,Φ82*H120mm,36°,18W,AJ/CG,ARAD1875/27/36/TL,R-41159492,IS 10322 (PART 5/SEC1):2012,7999,"Guangdong Sat Technology Co. Ltd., No. 11 Lianbao Rd, Shengfeng District, Xiaolan Town, Zhongshan City, Guangdong, China – 528400",./assets/images/downlights/Olyn-houdini-18-TL-Black.webp
Olyn 18 Houdini,DTZ075X,36V DC,450mA,3000K, CRI>80,Φ82*H120mm,15°,18W,AJ/CG,ARAD1875/30/15/TL,R-41159492,IS 10322 (PART 5/SEC1):2012,7999,"Guangdong Sat Technology Co. Ltd., No. 11 Lianbao Rd, Shengfeng District, Xiaolan Town, Zhongshan City, Guangdong, China – 528400",./assets/images/downlights/Olyn-houdini-18-TL-Black.webp
Olyn 18 Houdini,DTZ075X,36V DC,450mA,3000K, CRI>80,Φ82*H120mm,24°,18W,AJ/CG,ARAD1875/30/24/TL,R-41159492,IS 10322 (PART 5/SEC1):2012,7999,"Guangdong Sat Technology Co. Ltd., No. 11 Lianbao Rd, Shengfeng District, Xiaolan Town, Zhongshan City, Guangdong, China – 528400",./assets/images/downlights/Olyn-houdini-18-TL-Black.webp
Olyn 18 Houdini,DTZ075X,36V DC,450mA,3000K, CRI>80,Φ82*H120mm,36°,18W,AJ/CG,ARAD1875/30/36/TL,R-41159492,IS 10322 (PART 5/SEC1):2012,7999,"Guangdong Sat Technology Co. Ltd., No. 11 Lianbao Rd, Shengfeng District, Xiaolan Town, Zhongshan City, Guangdong, China – 528400",./assets/images/downlights/Olyn-houdini-18-TL-Black.webp
Olyn 18 Houdini,DTZ075X,36V DC,450mA,3500K, CRI>80,Φ82*H120mm,15°,18W,AJ/CG,ARAD1875/35/15/TL,R-41159492,IS 10322 (PART 5/SEC1):2012,7999,"Guangdong Sat Technology Co. Ltd., No. 11 Lianbao Rd, Shengfeng District, Xiaolan Town, Zhongshan City, Guangdong, China – 528400",./assets/images/downlights/Olyn-houdini-18-TL-Black.webp
Olyn 18 Houdini,DTZ075X,36V DC,450mA,3500K, CRI>80,Φ82*H120mm,24°,18W,AJ/CG,ARAD1875/35/24/TL,R-41159492,IS 10322 (PART 5/SEC1):2012,7999,"Guangdong Sat Technology Co. Ltd., No. 11 Lianbao Rd, Shengfeng District, Xiaolan Town, Zhongshan City, Guangdong, China – 528400",./assets/images/downlights/Olyn-houdini-18-TL-Black.webp
Olyn 18 Houdini,DTZ075X,36V DC,450mA,3500K, CRI>80,Φ82*H120mm,36°,18W,AJ/CG,ARAD1875/35/36/TL,R-41159492,IS 10322 (PART 5/SEC1):2012,7999,"Guangdong Sat Technology Co. Ltd., No. 11 Lianbao Rd, Shengfeng District, Xiaolan Town, Zhongshan City, Guangdong, China – 528400",./assets/images/downlights/Olyn-houdini-18-TL-Black.webp
Olyn 18 Houdini,DTZ075X,36V DC,450mA,4000K, CRI>80,Φ82*H120mm,15°,18W,AJ/CG,ARAD1875/40/15/TL,R-41159492,IS 10322 (PART 5/SEC1):2012,7999,"Guangdong Sat Technology Co. Ltd., No. 11 Lianbao Rd, Shengfeng District, Xiaolan Town, Zhongshan City, Guangdong, China – 528400",./assets/images/downlights/Olyn-houdini-18-TL-Black.webp
Olyn 18 Houdini,DTZ075X,36V DC,450mA,4000K, CRI>80,Φ82*H120mm,24°,18W,AJ/CG,ARAD1875/40/24/TL,R-41159492,IS 10322 (PART 5/SEC1):2012,7999,"Guangdong Sat Technology Co. Ltd., No. 11 Lianbao Rd, Shengfeng District, Xiaolan Town, Zhongshan City, Guangdong, China – 528400",./assets/images/downlights/Olyn-houdini-18-TL-Black.webp
Olyn 18 Houdini,DTZ075X,36V DC,450mA,4000K, CRI>80,Φ82*H120mm,36°,18W,AJ/CG,ARAD1875/40/36/TL,R-41159492,IS 10322 (PART 5/SEC1):2012,7999,"Guangdong Sat Technology Co. Ltd., No. 11 Lianbao Rd, Shengfeng District, Xiaolan Town, Zhongshan City, Guangdong, China – 528400",./assets/images/downlights/Olyn-houdini-18-TL-Black.webp
Olyn 18 Houdini,DTZ075X,36V DC,450mA,5000K, CRI>80,Φ82*H120mm,15°,18W,AJ/CG,ARAD1875/50/15/TL,R-41159492,IS 10322 (PART 5/SEC1):2012,7999,"Guangdong Sat Technology Co. Ltd., No. 11 Lianbao Rd, Shengfeng District, Xiaolan Town, Zhongshan City, Guangdong, China – 528400",./assets/images/downlights/Olyn-houdini-18-TL-Black.webp
Olyn 18 Houdini,DTZ075X,36V DC,450mA,5000K, CRI>80,Φ82*H120mm,24°,18W,AJ/CG,ARAD1875/50/24/TL,R-41159492,IS 10322 (PART 5/SEC1):2012,7999,"Guangdong Sat Technology Co. Ltd., No. 11 Lianbao Rd, Shengfeng District, Xiaolan Town, Zhongshan City, Guangdong, China – 528400",./assets/images/downlights/Olyn-houdini-18-TL-Black.webp
Olyn 18 Houdini,DTZ075X,36V DC,450mA,5000K, CRI>80,Φ82*H120mm,36°,18W,AJ/CG,ARAD1875/50/36/TL,R-41159492,IS 10322 (PART 5/SEC1):2012,7999,"Guangdong Sat Technology Co. Ltd., No. 11 Lianbao Rd, Shengfeng District, Xiaolan Town, Zhongshan City, Guangdong, China – 528400",./assets/images/downlights/Olyn-houdini-18-TL-Black.webp
Olyn 18 Tunable Houdini,DTZ075X,36V DC,450mA,2700K~6500K, CRI>80,Φ82*H120mm,15°,18W,AJ/CG,ARAD1875/CT/15/TL,R-41159492,IS 10322 (PART 5/SEC1):2012,9199,"Guangdong Sat Technology Co. Ltd., No. 11 Lianbao Rd, Shengfeng District, Xiaolan Town, Zhongshan City, Guangdong, China – 528400",./assets/images/downlights/Olyn-houdini-18-TL-Black.webp
Olyn 18 Tunable Houdini,DTZ075X,36V DC,450mA,2700K~6500K, CRI>80,Φ82*H120mm,24°,18W,AJ/CG,ARAD1875/CT/24/TL,R-41159492,IS 10322 (PART 5/SEC1):2012,9199,"Guangdong Sat Technology Co. Ltd., No. 11 Lianbao Rd, Shengfeng District, Xiaolan Town, Zhongshan City, Guangdong, China – 528400",./assets/images/downlights/Olyn-houdini-18-TL-Black.webp
Olyn 18 Tunable Houdini,DTZ075X,36V DC,450mA,2700K~6500K, CRI>80,Φ82*H120mm,36°,18W,AJ/CG,ARAD1875/CT/36/TL,R-41159492,IS 10322 (PART 5/SEC1):2012,9199,"Guangdong Sat Technology Co. Ltd., No. 11 Lianbao Rd, Shengfeng District, Xiaolan Town, Zhongshan City, Guangdong, China – 528400",./assets/images/downlights/Olyn-houdini-18-TL-Black.webp
Olyn Mini,DDY065S,36V DC,350mA,2700K, CRI>97,Φ59*H100mm,15°,15W,AJ/CG,ARAD1555/27/15/W,R-41159492,IS 10322 (PART 5/SEC1):2012,7299,"Guangdong Sat Technology Co. Ltd., No. 11 Lianbao Rd, Shengfeng District, Xiaolan Town, Zhongshan City, Guangdong, China – 528400",./assets/images/downlights/Olyn-mini-white.webp
Olyn Mini,DDY065S,36V DC,350mA,2700K, CRI>97,Φ59*H100mm,15°,15W,AJ/CG,ARAD1555/27/15/B,R-41159492,IS 10322 (PART 5/SEC1):2012,7299,"Guangdong Sat Technology Co. Ltd., No. 11 Lianbao Rd, Shengfeng District, Xiaolan Town, Zhongshan City, Guangdong, China – 528400",./assets/images/downlights/Olyn-mini-balck.webp
Olyn Mini,DDY065S,36V DC,350mA,3000K, CRI>97,Φ59*H100mm,15°,15W,AJ/CG,ARAD1555/30/15/W,R-41159492,IS 10322 (PART 5/SEC1):2012,7299,"Guangdong Sat Technology Co. Ltd., No. 11 Lianbao Rd, Shengfeng District, Xiaolan Town, Zhongshan City, Guangdong, China – 528400",./assets/images/downlights/Olyn-mini-white.webp
Olyn Mini,DDY065S,36V DC,350mA,3000K, CRI>97,Φ59*H100mm,15°,15W,AJ/CG,ARAD1555/30/15/B,R-41159492,IS 10322 (PART 5/SEC1):2012,7299,"Guangdong Sat Technology Co. Ltd., No. 11 Lianbao Rd, Shengfeng District, Xiaolan Town, Zhongshan City, Guangdong, China – 528400",./assets/images/downlights/Olyn-mini-balck.webp
Olyn Mini,DDY065S,36V DC,350mA,3500K, CRI>97,Φ59*H100mm,15°,15W,AJ/CG,ARAD1555/35/15/W,R-41159492,IS 10322 (PART 5/SEC1):2012,7299,"Guangdong Sat Technology Co. Ltd., No. 11 Lianbao Rd, Shengfeng District, Xiaolan Town, Zhongshan City, Guangdong, China – 528400",./assets/images/downlights/Olyn-mini-white.webp
Olyn Mini,DDY065S,36V DC,350mA,3500K, CRI>97,Φ59*H100mm,15°,15W,AJ/CG,ARAD1555/35/15/B,R-41159492,IS 10322 (PART 5/SEC1):2012,7299,"Guangdong Sat Technology Co. Ltd., No. 11 Lianbao Rd, Shengfeng District, Xiaolan Town, Zhongshan City, Guangdong, China – 528400",./assets/images/downlights/Olyn-mini-balck.webp
Olyn Mini,DDY065S,36V DC,350mA,4000K, CRI>97,Φ59*H100mm,15°,15W,AJ/CG,ARAD1555/40/15/W,R-41159492,IS 10322 (PART 5/SEC1):2012,7299,"Guangdong Sat Technology Co. Ltd., No. 11 Lianbao Rd, Shengfeng District, Xiaolan Town, Zhongshan City, Guangdong, China – 528400",./assets/images/downlights/Olyn-mini-white.webp
Olyn Mini,DDY065S,36V DC,350mA,4000K, CRI>97,Φ59*H100mm,15°,15W,AJ/CG,ARAD1555/40/15/B,R-41159492,IS 10322 (PART 5/SEC1):2012,7299,"Guangdong Sat Technology Co. Ltd., No. 11 Lianbao Rd, Shengfeng District, Xiaolan Town, Zhongshan City, Guangdong, China – 528400",./assets/images/downlights/Olyn-mini-balck.webp
Olyn Mini,DDY065S,36V DC,350mA,5000K, CRI>97,Φ59*H100mm,15°,15W,AJ/CG,ARAD1555/50/15/W,R-41159492,IS 10322 (PART 5/SEC1):2012,7299,"Guangdong Sat Technology Co. Ltd., No. 11 Lianbao Rd, Shengfeng District, Xiaolan Town, Zhongshan City, Guangdong, China – 528400",./assets/images/downlights/Olyn-mini-white.webp
Olyn Mini,DDY065S,36V DC,350mA,5000K, CRI>97,Φ59*H100mm,15°,15W,AJ/CG,ARAD1555/50/15/B,R-41159492,IS 10322 (PART 5/SEC1):2012,7299,"Guangdong Sat Technology Co. Ltd., No. 11 Lianbao Rd, Shengfeng District, Xiaolan Town, Zhongshan City, Guangdong, China – 528400",./assets/images/downlights/Olyn-mini-balck.webp
Olyn Mini,DDY065S,36V DC,350mA,2700K, CRI>97,Φ59*H100mm,24°,15W,AJ/CG,ARAD1555/27/24/W,R-41159492,IS 10322 (PART 5/SEC1):2012,7299,"Guangdong Sat Technology Co. Ltd., No. 11 Lianbao Rd, Shengfeng District, Xiaolan Town, Zhongshan City, Guangdong, China – 528400",./assets/images/downlights/Olyn-mini-white.webp
Olyn Mini,DDY065S,36V DC,350mA,2700K, CRI>97,Φ59*H100mm,24°,15W,AJ/CG,ARAD1555/27/24/B,R-41159492,IS 10322 (PART 5/SEC1):2012,7299,"Guangdong Sat Technology Co. Ltd., No. 11 Lianbao Rd, Shengfeng District, Xiaolan Town, Zhongshan City, Guangdong, China – 528400",./assets/images/downlights/Olyn-mini-balck.webp
Olyn Mini,DDY065S,36V DC,350mA,3000K, CRI>97,Φ59*H100mm,24°,15W,AJ/CG,ARAD1555/30/24/W,R-41159492,IS 10322 (PART 5/SEC1):2012,7299,"Guangdong Sat Technology Co. Ltd., No. 11 Lianbao Rd, Shengfeng District, Xiaolan Town, Zhongshan City, Guangdong, China – 528400",./assets/images/downlights/Olyn-mini-white.webp
Olyn Mini,DDY065S,36V DC,350mA,3000K, CRI>97,Φ59*H100mm,24°,15W,AJ/CG,ARAD1555/30/24/B,R-41159492,IS 10322 (PART 5/SEC1):2012,7299,"Guangdong Sat Technology Co. Ltd., No. 11 Lianbao Rd, Shengfeng District, Xiaolan Town, Zhongshan City, Guangdong, China – 528400",./assets/images/downlights/Olyn-mini-balck.webp
Olyn Mini,DDY065S,36V DC,350mA,3500K, CRI>97,Φ59*H100mm,24°,15W,AJ/CG,ARAD1555/35/24/W,R-41159492,IS 10322 (PART 5/SEC1):2012,7299,"Guangdong Sat Technology Co. Ltd., No. 11 Lianbao Rd, Shengfeng District, Xiaolan Town, Zhongshan City, Guangdong, China – 528400",./assets/images/downlights/Olyn-mini-white.webp
Olyn Mini,DDY065S,36V DC,350mA,3500K, CRI>97,Φ59*H100mm,24°,15W,AJ/CG,ARAD1555/35/24/B,R-41159492,IS 10322 (PART 5/SEC1):2012,7299,"Guangdong Sat Technology Co. Ltd., No. 11 Lianbao Rd, Shengfeng District, Xiaolan Town, Zhongshan City, Guangdong, China – 528400",./assets/images/downlights/Olyn-mini-balck.webp
Olyn Mini,DDY065S,36V DC,350mA,4000K, CRI>97,Φ59*H100mm,24°,15W,AJ/CG,ARAD1555/40/24/W,R-41159492,IS 10322 (PART 5/SEC1):2012,7299,"Guangdong Sat Technology Co. Ltd., No. 11 Lianbao Rd, Shengfeng District, Xiaolan Town, Zhongshan City, Guangdong, China – 528400",./assets/images/downlights/Olyn-mini-white.webp
Olyn Mini,DDY065S,36V DC,350mA,4000K, CRI>97,Φ59*H100mm,24°,15W,AJ/CG,ARAD1555/40/24/B,R-41159492,IS 10322 (PART 5/SEC1):2012,7299,"Guangdong Sat Technology Co. Ltd., No. 11 Lianbao Rd, Shengfeng District, Xiaolan Town, Zhongshan City, Guangdong, China – 528400",./assets/images/downlights/Olyn-mini-balck.webp
Olyn Mini,DDY065S,36V DC,350mA,5000K, CRI>97,Φ59*H100mm,24°,15W,AJ/CG,ARAD1555/50/24/W,R-41159492,IS 10322 (PART 5/SEC1):2012,7299,"Guangdong Sat Technology Co. Ltd., No. 11 Lianbao Rd, Shengfeng District, Xiaolan Town, Zhongshan City, Guangdong, China – 528400",./assets/images/downlights/Olyn-mini-white.webp
Olyn Mini,DDY065S,36V DC,350mA,5000K, CRI>97,Φ59*H100mm,24°,15W,AJ/CG,ARAD1555/50/24/B,R-41159492,IS 10322 (PART 5/SEC1):2012,7299,"Guangdong Sat Technology Co. Ltd., No. 11 Lianbao Rd, Shengfeng District, Xiaolan Town, Zhongshan City, Guangdong, China – 528400",./assets/images/downlights/Olyn-mini-balck.webp
Olyn Mini,DDY065S,36V DC,350mA,2700K, CRI>97,Φ59*H100mm,36°,15W,AJ/CG,ARAD1555/27/36/W,R-41159492,IS 10322 (PART 5/SEC1):2012,7299,"Guangdong Sat Technology Co. Ltd., No. 11 Lianbao Rd, Shengfeng District, Xiaolan Town, Zhongshan City, Guangdong, China – 528400",./assets/images/downlights/Olyn-mini-white.webp
Olyn Mini,DDY065S,36V DC,350mA,2700K, CRI>97,Φ59*H100mm,36°,15W,AJ/CG,ARAD1555/27/36/B,R-41159492,IS 10322 (PART 5/SEC1):2012,7299,"Guangdong Sat Technology Co. Ltd., No. 11 Lianbao Rd, Shengfeng District, Xiaolan Town, Zhongshan City, Guangdong, China – 528400",./assets/images/downlights/Olyn-mini-balck.webp
Olyn Mini,DDY065S,36V DC,350mA,3000K, CRI>97,Φ59*H100mm,36°,15W,AJ/CG,ARAD1555/30/36/W,R-41159492,IS 10322 (PART 5/SEC1):2012,7299,"Guangdong Sat Technology Co. Ltd., No. 11 Lianbao Rd, Shengfeng District, Xiaolan Town, Zhongshan City, Guangdong, China – 528400",./assets/images/downlights/Olyn-mini-white.webp
Olyn Mini,DDY065S,36V DC,350mA,3000K, CRI>97,Φ59*H100mm,36°,15W,AJ/CG,ARAD1555/30/36/B,R-41159492,IS 10322 (PART 5/SEC1):2012,7299,"Guangdong Sat Technology Co. Ltd., No. 11 Lianbao Rd, Shengfeng District, Xiaolan Town, Zhongshan City, Guangdong, China – 528400",./assets/images/downlights/Olyn-mini-balck.webp
Olyn Mini,DDY065S,36V DC,350mA,3500K, CRI>97,Φ59*H100mm,36°,15W,AJ/CG,ARAD1555/35/36/W,R-41159492,IS 10322 (PART 5/SEC1):2012,7299,"Guangdong Sat Technology Co. Ltd., No. 11 Lianbao Rd, Shengfeng District, Xiaolan Town, Zhongshan City, Guangdong, China – 528400",./assets/images/downlights/Olyn-mini-white.webp
Olyn Mini,DDY065S,36V DC,350mA,3500K, CRI>97,Φ59*H100mm,36°,15W,AJ/CG,ARAD1555/35/36/B,R-41159492,IS 10322 (PART 5/SEC1):2012,7299,"Guangdong Sat Technology Co. Ltd., No. 11 Lianbao Rd, Shengfeng District, Xiaolan Town, Zhongshan City, Guangdong, China – 528400",./assets/images/downlights/Olyn-mini-balck.webp
Olyn Mini,DDY065S,36V DC,350mA,4000K, CRI>97,Φ59*H100mm,36°,15W,AJ/CG,ARAD1555/40/36/W,R-41159492,IS 10322 (PART 5/SEC1):2012,7299,"Guangdong Sat Technology Co. Ltd., No. 11 Lianbao Rd, Shengfeng District, Xiaolan Town, Zhongshan City, Guangdong, China – 528400",./assets/images/downlights/Olyn-mini-white.webp
Olyn Mini,DDY065S,36V DC,350mA,4000K, CRI>97,Φ59*H100mm,36°,15W,AJ/CG,ARAD1555/40/36/B,R-41159492,IS 10322 (PART 5/SEC1):2012,7299,"Guangdong Sat Technology Co. Ltd., No. 11 Lianbao Rd, Shengfeng District, Xiaolan Town, Zhongshan City, Guangdong, China – 528400",./assets/images/downlights/Olyn-mini-balck.webp
Olyn Mini,DDY065S,36V DC,350mA,5000K, CRI>97,Φ59*H100mm,36°,15W,AJ/CG,ARAD1555/50/36/W,R-41159492,IS 10322 (PART 5/SEC1):2012,7299,"Guangdong Sat Technology Co. Ltd., No. 11 Lianbao Rd, Shengfeng District, Xiaolan Town, Zhongshan City, Guangdong, China – 528400",./assets/images/downlights/Olyn-mini-white.webp
Olyn Mini,DDY065S,36V DC,350mA,5000K, CRI>97,Φ59*H100mm,36°,15W,AJ/CG,ARAD1555/50/36/B,R-41159492,IS 10322 (PART 5/SEC1):2012,7299,"Guangdong Sat Technology Co. Ltd., No. 11 Lianbao Rd, Shengfeng District, Xiaolan Town, Zhongshan City, Guangdong, China – 528400",./assets/images/downlights/Olyn-mini-balck.webp
Olyn Mini Tunable,DDY065S,36V DC,350mA,2700K~6500K, CRI>97,Φ59*H100mm,15°,15W,AJ/CG,ARAD1555/CT/15/W,R-41159492,IS 10322 (PART 5/SEC1):2012,8499,"Guangdong Sat Technology Co. Ltd., No. 11 Lianbao Rd, Shengfeng District, Xiaolan Town, Zhongshan City, Guangdong, China – 528400",./assets/images/downlights/Olyn-mini-white.webp
Olyn Mini Tunable,DDY065S,36V DC,350mA,2700K~6500K, CRI>97,Φ59*H100mm,15°,15W,AJ/CG,ARAD1555/CT/15/B,R-41159492,IS 10322 (PART 5/SEC1):2012,8499,"Guangdong Sat Technology Co. Ltd., No. 11 Lianbao Rd, Shengfeng District, Xiaolan Town, Zhongshan City, Guangdong, China – 528400",./assets/images/downlights/Olyn-mini-balck.webp
Olyn Mini Tunable,DDY065S,36V DC,350mA,2700K~6500K, CRI>97,Φ59*H100mm,24°,15W,AJ/CG,ARAD1555/CT/24/W,R-41159492,IS 10322 (PART 5/SEC1):2012,8499,"Guangdong Sat Technology Co. Ltd., No. 11 Lianbao Rd, Shengfeng District, Xiaolan Town, Zhongshan City, Guangdong, China – 528400",./assets/images/downlights/Olyn-mini-white.webp
Olyn Mini Tunable,DDY065S,36V DC,350mA,2700K~6500K, CRI>97,Φ59*H100mm,24°,15W,AJ/CG,ARAD1555/CT/24/B,R-41159492,IS 10322 (PART 5/SEC1):2012,8499,"Guangdong Sat Technology Co. Ltd., No. 11 Lianbao Rd, Shengfeng District, Xiaolan Town, Zhongshan City, Guangdong, China – 528400",./assets/images/downlights/Olyn-mini-balck.webp
Olyn Mini Tunable,DDY065S,36V DC,350mA,2700K~6500K, CRI>97,Φ59*H100mm,36°,15W,AJ/CG,ARAD1555/CT/36/W,R-41159492,IS 10322 (PART 5/SEC1):2012,8499,"Guangdong Sat Technology Co. Ltd., No. 11 Lianbao Rd, Shengfeng District, Xiaolan Town, Zhongshan City, Guangdong, China – 528400",./assets/images/downlights/Olyn-mini-white.webp
Olyn Mini Tunable,DDY065S,36V DC,350mA,2700K~6500K, CRI>97,Φ59*H100mm,36°,15W,AJ/CG,ARAD1555/CT/36/B,R-41159492,IS 10322 (PART 5/SEC1):2012,8499,"Guangdong Sat Technology Co. Ltd., No. 11 Lianbao Rd, Shengfeng District, Xiaolan Town, Zhongshan City, Guangdong, China – 528400",./assets/images/downlights/Olyn-mini-balck.webp
Ogma,DSZ085Y,36V DC,200/350mA,2700K, CRI>97,Φ82*H66mm,60°,9W,AJ/CG,ARFW0975/27/60/W,R-41159492,IS 10322 (PART 5/SEC1):2012,6499,"Guangdong Sat Technology Co. Ltd., No. 11 Lianbao Rd, Shengfeng District, Xiaolan Town, Zhongshan City, Guangdong, China – 528400",./assets/images/downlights/Ogma-white.webp
Ogma,DSZ085Y,36V DC,200/350mA,2700K, CRI>97,Φ82*H66mm,60°,9W,AJ/CG,ARFW0975/27/60/B,R-41159492,IS 10322 (PART 5/SEC1):2012,6499,"Guangdong Sat Technology Co. Ltd., No. 11 Lianbao Rd, Shengfeng District, Xiaolan Town, Zhongshan City, Guangdong, China – 528400",./assets/images/downlights/Ogma-black.webp
Ogma,DSZ085Y,36V DC,200/350mA,3000K, CRI>97,Φ82*H66mm,60°,9W,AJ/CG,ARFW0975/30/60/W,R-41159492,IS 10322 (PART 5/SEC1):2012,6499,"Guangdong Sat Technology Co. Ltd., No. 11 Lianbao Rd, Shengfeng District, Xiaolan Town, Zhongshan City, Guangdong, China – 528400",./assets/images/downlights/Ogma-white.webp
Ogma,DSZ085Y,36V DC,200/350mA,3000K, CRI>97,Φ82*H66mm,60°,9W,AJ/CG,ARFW0975/30/60/B,R-41159492,IS 10322 (PART 5/SEC1):2012,6499,"Guangdong Sat Technology Co. Ltd., No. 11 Lianbao Rd, Shengfeng District, Xiaolan Town, Zhongshan City, Guangdong, China – 528400",./assets/images/downlights/Ogma-black.webp
Ogma,DSZ085Y,36V DC,200/350mA,3500K, CRI>97,Φ82*H66mm,60°,9W,AJ/CG,ARFW0975/35/60/W,R-41159492,IS 10322 (PART 5/SEC1):2012,6499,"Guangdong Sat Technology Co. Ltd., No. 11 Lianbao Rd, Shengfeng District, Xiaolan Town, Zhongshan City, Guangdong, China – 528400",./assets/images/downlights/Ogma-white.webp
Ogma,DSZ085Y,36V DC,200/350mA,3500K, CRI>97,Φ82*H66mm,60°,9W,AJ/CG,ARFW0975/35/60/B,R-41159492,IS 10322 (PART 5/SEC1):2012,6499,"Guangdong Sat Technology Co. Ltd., No. 11 Lianbao Rd, Shengfeng District, Xiaolan Town, Zhongshan City, Guangdong, China – 528400",./assets/images/downlights/Ogma-black.webp
Ogma,DSZ085Y,36V DC,200/350mA,4000K, CRI>97,Φ82*H66mm,60°,9W,AJ/CG,ARFW0975/40/60/W,R-41159492,IS 10322 (PART 5/SEC1):2012,6499,"Guangdong Sat Technology Co. Ltd., No. 11 Lianbao Rd, Shengfeng District, Xiaolan Town, Zhongshan City, Guangdong, China – 528400",./assets/images/downlights/Ogma-white.webp
Ogma,DSZ085Y,36V DC,200/350mA,4000K, CRI>97,Φ82*H66mm,60°,9W,AJ/CG,ARFW0975/40/60/B,R-41159492,IS 10322 (PART 5/SEC1):2012,6499,"Guangdong Sat Technology Co. Ltd., No. 11 Lianbao Rd, Shengfeng District, Xiaolan Town, Zhongshan City, Guangdong, China – 528400",./assets/images/downlights/Ogma-black.webp
Ogma,DSZ085Y,36V DC,200/350mA,5000K, CRI>97,Φ82*H66mm,60°,9W,AJ/CG,ARFW0975/50/60/W,R-41159492,IS 10322 (PART 5/SEC1):2012,6499,"Guangdong Sat Technology Co. Ltd., No. 11 Lianbao Rd, Shengfeng District, Xiaolan Town, Zhongshan City, Guangdong, China – 528400",./assets/images/downlights/Ogma-white.webp
Ogma,DSZ085Y,36V DC,200/350mA,5000K, CRI>97,Φ82*H66mm,60°,9W,AJ/CG,ARFW0975/50/60/B,R-41159492,IS 10322 (PART 5/SEC1):2012,6499,"Guangdong Sat Technology Co. Ltd., No. 11 Lianbao Rd, Shengfeng District, Xiaolan Town, Zhongshan City, Guangdong, China – 528400",./assets/images/downlights/Ogma-black.webp
Ogma Tunable,DSZ085Y,36V DC,200/350mA,2700K~6500K, CRI>97,Φ82*H66mm,60°,9W,AJ/CG,ARFW0975/CT/60/W,R-41159492,IS 10322 (PART 5/SEC1):2012,7699,"Guangdong Sat Technology Co. Ltd., No. 11 Lianbao Rd, Shengfeng District, Xiaolan Town, Zhongshan City, Guangdong, China – 528400",./assets/images/downlights/Ogma-white.webp
Ogma Tunable,DSZ085Y,36V DC,200/350mA,2700K~6500K, CRI>97,Φ82*H66mm,60°,9W,AJ/CG,ARFW0975/CT/60/B,R-41159492,IS 10322 (PART 5/SEC1):2012,7699,"Guangdong Sat Technology Co. Ltd., No. 11 Lianbao Rd, Shengfeng District, Xiaolan Town, Zhongshan City, Guangdong, China – 528400",./assets/images/downlights/Ogma-black.webp
Alcor,DDY085X,36V DC,200/350mA,2700K, CRI>97,Φ94*H63.5mm,40°,12W/15W,AJ/CG,ARFD0985/27/40,R-41159492,IS 10322 (PART 5/SEC1):2012,3999,"Guangdong Sat Technology Co. Ltd., No. 11 Lianbao Rd, Shengfeng District, Xiaolan Town, Zhongshan City, Guangdong, China – 528400",./assets/images/downlights/Alcor.webp
Alcor,DDY085X,36V DC,200/350mA,3000K, CRI>97,Φ94*H63.5mm,40°,12W/15W,AJ/CG,ARFD0985/30/40,R-41159492,IS 10322 (PART 5/SEC1):2012,3999,"Guangdong Sat Technology Co. Ltd., No. 11 Lianbao Rd, Shengfeng District, Xiaolan Town, Zhongshan City, Guangdong, China – 528400",./assets/images/downlights/Alcor.webp
Alcor,DDY085X,36V DC,200/350mA,3500K, CRI>97,Φ94*H63.5mm,40°,12W/15W,AJ/CG,ARFD0985/35/40,R-41159492,IS 10322 (PART 5/SEC1):2012,3999,"Guangdong Sat Technology Co. Ltd., No. 11 Lianbao Rd, Shengfeng District, Xiaolan Town, Zhongshan City, Guangdong, China – 528400",./assets/images/downlights/Alcor.webp
Alcor,DDY085X,36V DC,200/350mA,4000K, CRI>97,Φ94*H63.5mm,40°,12W/15W,AJ/CG,ARFD0985/40/40,R-41159492,IS 10322 (PART 5/SEC1):2012,3999,"Guangdong Sat Technology Co. Ltd., No. 11 Lianbao Rd, Shengfeng District, Xiaolan Town, Zhongshan City, Guangdong, China – 528400",./assets/images/downlights/Alcor.webp
Alcor,DDY085X,36V DC,200/350mA,5000K, CRI>97,Φ94*H63.5mm,40°,12W/15W,AJ/CG,ARFD0985/50/40,R-41159492,IS 10322 (PART 5/SEC1):2012,3999,"Guangdong Sat Technology Co. Ltd., No. 11 Lianbao Rd, Shengfeng District, Xiaolan Town, Zhongshan City, Guangdong, China – 528400",./assets/images/downlights/Alcor.webp
SKAT 8,DDW165X,36V DC,150mA,2700K, CRI>97, D50*H80mm,15°,8W,AJ/CG,ASFD0850/27/15/W,R-41159492,IS 10322 (PART 5/SEC1):2012,5899,"Guangdong Sat Technology Co. Ltd., No. 11 Lianbao Rd, Shengfeng District, Xiaolan Town, Zhongshan City, Guangdong, China – 528400",./assets/images/downlights/skat-white.webp
SKAT 8,DDW165X,36V DC,150mA,2700K, CRI>97, D50*H80mm,15°,8W,AJ/CG,ASFD0850/27/15/B,R-41159492,IS 10322 (PART 5/SEC1):2012,5899,"Guangdong Sat Technology Co. Ltd., No. 11 Lianbao Rd, Shengfeng District, Xiaolan Town, Zhongshan City, Guangdong, China – 528400",./assets/images/downlights/skat-black.webp
SKAT 8,DDW165X,36V DC,150mA,2700K, CRI>97, D50*H80mm,15°,8W,AJ/CG,ASFD0850/27/15/CG,R-41159492,IS 10322 (PART 5/SEC1):2012,6899,"Guangdong Sat Technology Co. Ltd., No. 11 Lianbao Rd, Shengfeng District, Xiaolan Town, Zhongshan City, Guangdong, China – 528400",./assets/images/downlights/skat-champeing-gold.webp
SKAT 8,DDW165X,36V DC,150mA,2700K, CRI>97, D50*H80mm,15°,8W,AJ/CG,ASFD0850/27/15/RG,R-41159492,IS 10322 (PART 5/SEC1):2012,6899,"Guangdong Sat Technology Co. Ltd., No. 11 Lianbao Rd, Shengfeng District, Xiaolan Town, Zhongshan City, Guangdong, China – 528400",./assets/images/downlights/skat-rose-gold.webp
SKAT 8,DDW165X,36V DC,150mA,2700K, CRI>97, D50*H80mm,15°,8W,AJ/CG,ASFD0850/27/15/BR,R-41159492,IS 10322 (PART 5/SEC1):2012,6899,"Guangdong Sat Technology Co. Ltd., No. 11 Lianbao Rd, Shengfeng District, Xiaolan Town, Zhongshan City, Guangdong, China – 528400",./assets/images/downlights/skat-brown.webp
SKAT 8,DDW165X,36V DC,150mA,2700K, CRI>97, D50*H80mm,15°,8W,AJ/CG,ASFD0850/27/15/COF,R-41159492,IS 10322 (PART 5/SEC1):2012,6899,"Guangdong Sat Technology Co. Ltd., No. 11 Lianbao Rd, Shengfeng District, Xiaolan Town, Zhongshan City, Guangdong, China – 528400",./assets/images/downlights/skat-cofee.webp
SKAT 8,DDW165X,36V DC,150mA,2700K, CRI>97, D50*H80mm,15°,8W,AJ/CG,ASFD0850/27/15/DGR,R-41159492,IS 10322 (PART 5/SEC1):2012,6899,"Guangdong Sat Technology Co. Ltd., No. 11 Lianbao Rd, Shengfeng District, Xiaolan Town, Zhongshan City, Guangdong, China – 528400",./assets/images/downlights/skat-dark-gray.webp
SKAT 8,DDW165X,36V DC,150mA,2700K, CRI>97, D50*H80mm,15°,8W,AJ/CG,ASFD0850/27/15/BB,R-41159492,IS 10322 (PART 5/SEC1):2012,6899,"Guangdong Sat Technology Co. Ltd., No. 11 Lianbao Rd, Shengfeng District, Xiaolan Town, Zhongshan City, Guangdong, China – 528400",./assets/images/downlights/skat-ballet-blue.webp
SKAT 8,DDW165X,36V DC,150mA,2700K, CRI>97, D50*H80mm,15°,8W,AJ/CG,ASFD0850/27/15/CH,R-41159492,IS 10322 (PART 5/SEC1):2012,6899,"Guangdong Sat Technology Co. Ltd., No. 11 Lianbao Rd, Shengfeng District, Xiaolan Town, Zhongshan City, Guangdong, China – 528400",./assets/images/downlights/skat-crome.webp
SKAT 8,DDW165X,36V DC,150mA,2700K, CRI>97, D50*H80mm,15°,8W,AJ/CG,ASFD0850/27/15/CHB,R-41159492,IS 10322 (PART 5/SEC1):2012,6899,"Guangdong Sat Technology Co. Ltd., No. 11 Lianbao Rd, Shengfeng District, Xiaolan Town, Zhongshan City, Guangdong, China – 528400",./assets/images/downlights/skat-crome-black.webp
SKAT 8,DDW165X,36V DC,150mA,2700K, CRI>97, D50*H80mm,24°,8W,AJ/CG,ASFD0850/27/24/W,R-41159492,IS 10322 (PART 5/SEC1):2012,5899,"Guangdong Sat Technology Co. Ltd., No. 11 Lianbao Rd, Shengfeng District, Xiaolan Town, Zhongshan City, Guangdong, China – 528400",./assets/images/downlights/skat-white.webp
SKAT 8,DDW165X,36V DC,150mA,2700K, CRI>97, D50*H80mm,24°,8W,AJ/CG,ASFD0850/27/24/B,R-41159492,IS 10322 (PART 5/SEC1):2012,5899,"Guangdong Sat Technology Co. Ltd., No. 11 Lianbao Rd, Shengfeng District, Xiaolan Town, Zhongshan City, Guangdong, China – 528400",./assets/images/downlights/skat-black.webp
SKAT 8,DDW165X,36V DC,150mA,2700K, CRI>97, D50*H80mm,24°,8W,AJ/CG,ASFD0850/27/24/CG,R-41159492,IS 10322 (PART 5/SEC1):2012,6899,"Guangdong Sat Technology Co. Ltd., No. 11 Lianbao Rd, Shengfeng District, Xiaolan Town, Zhongshan City, Guangdong, China – 528400",./assets/images/downlights/skat-champeing-gold.webp
SKAT 8,DDW165X,36V DC,150mA,2700K, CRI>97, D50*H80mm,24°,8W,AJ/CG,ASFD0850/27/24/RG,R-41159492,IS 10322 (PART 5/SEC1):2012,6899,"Guangdong Sat Technology Co. Ltd., No. 11 Lianbao Rd, Shengfeng District, Xiaolan Town, Zhongshan City, Guangdong, China – 528400",./assets/images/downlights/skat-rose-gold.webp
SKAT 8,DDW165X,36V DC,150mA,2700K, CRI>97, D50*H80mm,24°,8W,AJ/CG,ASFD0850/27/24/BR,R-41159492,IS 10322 (PART 5/SEC1):2012,6899,"Guangdong Sat Technology Co. Ltd., No. 11 Lianbao Rd, Shengfeng District, Xiaolan Town, Zhongshan City, Guangdong, China – 528400",./assets/images/downlights/skat-brown.webp
SKAT 8,DDW165X,36V DC,150mA,2700K, CRI>97, D50*H80mm,24°,8W,AJ/CG,ASFD0850/27/24/COF,R-41159492,IS 10322 (PART 5/SEC1):2012,6899,"Guangdong Sat Technology Co. Ltd., No. 11 Lianbao Rd, Shengfeng District, Xiaolan Town, Zhongshan City, Guangdong, China – 528400",./assets/images/downlights/skat-cofee.webp
SKAT 8,DDW165X,36V DC,150mA,2700K, CRI>97, D50*H80mm,24°,8W,AJ/CG,ASFD0850/27/24/DGR,R-41159492,IS 10322 (PART 5/SEC1):2012,6899,"Guangdong Sat Technology Co. Ltd., No. 11 Lianbao Rd, Shengfeng District, Xiaolan Town, Zhongshan City, Guangdong, China – 528400",./assets/images/downlights/skat-dark-gray.webp
SKAT 8,DDW165X,36V DC,150mA,2700K, CRI>97, D50*H80mm,24°,8W,AJ/CG,ASFD0850/27/24/BB,R-41159492,IS 10322 (PART 5/SEC1):2012,6899,"Guangdong Sat Technology Co. Ltd., No. 11 Lianbao Rd, Shengfeng District, Xiaolan Town, Zhongshan City, Guangdong, China – 528400",./assets/images/downlights/skat-ballet-blue.webp
SKAT 8,DDW165X,36V DC,150mA,2700K, CRI>97, D50*H80mm,24°,8W,AJ/CG,ASFD0850/27/24/CH,R-41159492,IS 10322 (PART 5/SEC1):2012,6899,"Guangdong Sat Technology Co. Ltd., No. 11 Lianbao Rd, Shengfeng District, Xiaolan Town, Zhongshan City, Guangdong, China – 528400",./assets/images/downlights/skat-crome.webp
SKAT 8,DDW165X,36V DC,150mA,2700K, CRI>97, D50*H80mm,24°,8W,AJ/CG,ASFD0850/27/24/CHB,R-41159492,IS 10322 (PART 5/SEC1):2012,6899,"Guangdong Sat Technology Co. Ltd., No. 11 Lianbao Rd, Shengfeng District, Xiaolan Town, Zhongshan City, Guangdong, China – 528400",./assets/images/downlights/skat-crome-black.webp
SKAT 8,DDW165X,36V DC,150mA,3000K, CRI>97, D50*H80mm,15°,8W,AJ/CG,ASFD0850/30/15/W,R-41159492,IS 10322 (PART 5/SEC1):2012,5899,"Guangdong Sat Technology Co. Ltd., No. 11 Lianbao Rd, Shengfeng District, Xiaolan Town, Zhongshan City, Guangdong, China – 528400",./assets/images/downlights/skat-white.webp
SKAT 8,DDW165X,36V DC,150mA,3000K, CRI>97, D50*H80mm,15°,8W,AJ/CG,ASFD0850/30/15/B,R-41159492,IS 10322 (PART 5/SEC1):2012,5899,"Guangdong Sat Technology Co. Ltd., No. 11 Lianbao Rd, Shengfeng District, Xiaolan Town, Zhongshan City, Guangdong, China – 528400",./assets/images/downlights/skat-black.webp
SKAT 8,DDW165X,36V DC,150mA,3000K, CRI>97, D50*H80mm,15°,8W,AJ/CG,ASFD0850/30/15/CG,R-41159492,IS 10322 (PART 5/SEC1):2012,6899,"Guangdong Sat Technology Co. Ltd., No. 11 Lianbao Rd, Shengfeng District, Xiaolan Town, Zhongshan City, Guangdong, China – 528400",./assets/images/downlights/skat-champeing-gold.webp
SKAT 8,DDW165X,36V DC,150mA,3000K, CRI>97, D50*H80mm,15°,8W,AJ/CG,ASFD0850/30/15/RG,R-41159492,IS 10322 (PART 5/SEC1):2012,6899,"Guangdong Sat Technology Co. Ltd., No. 11 Lianbao Rd, Shengfeng District, Xiaolan Town, Zhongshan City, Guangdong, China – 528400",./assets/images/downlights/skat-rose-gold.webp
SKAT 8,DDW165X,36V DC,150mA,3000K, CRI>97, D50*H80mm,15°,8W,AJ/CG,ASFD0850/30/15/BR,R-41159492,IS 10322 (PART 5/SEC1):2012,6899,"Guangdong Sat Technology Co. Ltd., No. 11 Lianbao Rd, Shengfeng District, Xiaolan Town, Zhongshan City, Guangdong, China – 528400",./assets/images/downlights/skat-brown.webp
SKAT 8,DDW165X,36V DC,150mA,3000K, CRI>97, D50*H80mm,15°,8W,AJ/CG,ASFD0850/30/15/COF,R-41159492,IS 10322 (PART 5/SEC1):2012,6899,"Guangdong Sat Technology Co. Ltd., No. 11 Lianbao Rd, Shengfeng District, Xiaolan Town, Zhongshan City, Guangdong, China – 528400",./assets/images/downlights/skat-cofee.webp
SKAT 8,DDW165X,36V DC,150mA,3000K, CRI>97, D50*H80mm,15°,8W,AJ/CG,ASFD0850/30/15/DGR,R-41159492,IS 10322 (PART 5/SEC1):2012,6899,"Guangdong Sat Technology Co. Ltd., No. 11 Lianbao Rd, Shengfeng District, Xiaolan Town, Zhongshan City, Guangdong, China – 528400",./assets/images/downlights/skat-dark-gray.webp
SKAT 8,DDW165X,36V DC,150mA,3000K, CRI>97, D50*H80mm,15°,8W,AJ/CG,ASFD0850/30/15/BB,R-41159492,IS 10322 (PART 5/SEC1):2012,6899,"Guangdong Sat Technology Co. Ltd., No. 11 Lianbao Rd, Shengfeng District, Xiaolan Town, Zhongshan City, Guangdong, China – 528400",./assets/images/downlights/skat-ballet-blue.webp
SKAT 8,DDW165X,36V DC,150mA,3000K, CRI>97, D50*H80mm,15°,8W,AJ/CG,ASFD0850/30/15/CH,R-41159492,IS 10322 (PART 5/SEC1):2012,6899,"Guangdong Sat Technology Co. Ltd., No. 11 Lianbao Rd, Shengfeng District, Xiaolan Town, Zhongshan City, Guangdong, China – 528400",./assets/images/downlights/skat-crome.webp
SKAT 8,DDW165X,36V DC,150mA,3000K, CRI>97, D50*H80mm,15°,8W,AJ/CG,ASFD0850/30/15/CHB,R-41159492,IS 10322 (PART 5/SEC1):2012,6899,"Guangdong Sat Technology Co. Ltd., No. 11 Lianbao Rd, Shengfeng District, Xiaolan Town, Zhongshan City, Guangdong, China – 528400",./assets/images/downlights/skat-crome-black.webp
SKAT 8,DDW165X,36V DC,150mA,3000K, CRI>97, D50*H80mm,24°,8W,AJ/CG,ASFD0850/30/24/W,R-41159492,IS 10322 (PART 5/SEC1):2012,5899,"Guangdong Sat Technology Co. Ltd., No. 11 Lianbao Rd, Shengfeng District, Xiaolan Town, Zhongshan City, Guangdong, China – 528400",./assets/images/downlights/skat-white.webp
SKAT 8,DDW165X,36V DC,150mA,3000K, CRI>97, D50*H80mm,24°,8W,AJ/CG,ASFD0850/30/24/B,R-41159492,IS 10322 (PART 5/SEC1):2012,5899,"Guangdong Sat Technology Co. Ltd., No. 11 Lianbao Rd, Shengfeng District, Xiaolan Town, Zhongshan City, Guangdong, China – 528400",./assets/images/downlights/skat-black.webp
SKAT 8,DDW165X,36V DC,150mA,3000K, CRI>97, D50*H80mm,24°,8W,AJ/CG,ASFD0850/30/24/CG,R-41159492,IS 10322 (PART 5/SEC1):2012,6899,"Guangdong Sat Technology Co. Ltd., No. 11 Lianbao Rd, Shengfeng District, Xiaolan Town, Zhongshan City, Guangdong, China – 528400",./assets/images/downlights/skat-champeing-gold.webp
SKAT 8,DDW165X,36V DC,150mA,3000K, CRI>97, D50*H80mm,24°,8W,AJ/CG,ASFD0850/30/24/RG,R-41159492,IS 10322 (PART 5/SEC1):2012,6899,"Guangdong Sat Technology Co. Ltd., No. 11 Lianbao Rd, Shengfeng District, Xiaolan Town, Zhongshan City, Guangdong, China – 528400",./assets/images/downlights/skat-rose-gold.webp
SKAT 8,DDW165X,36V DC,150mA,3000K, CRI>97, D50*H80mm,24°,8W,AJ/CG,ASFD0850/30/24/BR,R-41159492,IS 10322 (PART 5/SEC1):2012,6899,"Guangdong Sat Technology Co. Ltd., No. 11 Lianbao Rd, Shengfeng District, Xiaolan Town, Zhongshan City, Guangdong, China – 528400",./assets/images/downlights/skat-brown.webp
SKAT 8,DDW165X,36V DC,150mA,3000K, CRI>97, D50*H80mm,24°,8W,AJ/CG,ASFD0850/30/24/COF,R-41159492,IS 10322 (PART 5/SEC1):2012,6899,"Guangdong Sat Technology Co. Ltd., No. 11 Lianbao Rd, Shengfeng District, Xiaolan Town, Zhongshan City, Guangdong, China – 528400",./assets/images/downlights/skat-cofee.webp
SKAT 8,DDW165X,36V DC,150mA,3000K, CRI>97, D50*H80mm,24°,8W,AJ/CG,ASFD0850/30/24/DGR,R-41159492,IS 10322 (PART 5/SEC1):2012,6899,"Guangdong Sat Technology Co. Ltd., No. 11 Lianbao Rd, Shengfeng District, Xiaolan Town, Zhongshan City, Guangdong, China – 528400",./assets/images/downlights/skat-dark-gray.webp
SKAT 8,DDW165X,36V DC,150mA,3000K, CRI>97, D50*H80mm,24°,8W,AJ/CG,ASFD0850/30/24/BB,R-41159492,IS 10322 (PART 5/SEC1):2012,6899,"Guangdong Sat Technology Co. Ltd., No. 11 Lianbao Rd, Shengfeng District, Xiaolan Town, Zhongshan City, Guangdong, China – 528400",./assets/images/downlights/skat-ballet-blue.webp
SKAT 8,DDW165X,36V DC,150mA,3000K, CRI>97, D50*H80mm,24°,8W,AJ/CG,ASFD0850/30/24/CH,R-41159492,IS 10322 (PART 5/SEC1):2012,6899,"Guangdong Sat Technology Co. Ltd., No. 11 Lianbao Rd, Shengfeng District, Xiaolan Town, Zhongshan City, Guangdong, China – 528400",./assets/images/downlights/skat-crome.webp
SKAT 8,DDW165X,36V DC,150mA,3000K, CRI>97, D50*H80mm,24°,8W,AJ/CG,ASFD0850/30/24/CHB,R-41159492,IS 10322 (PART 5/SEC1):2012,6899,"Guangdong Sat Technology Co. Ltd., No. 11 Lianbao Rd, Shengfeng District, Xiaolan Town, Zhongshan City, Guangdong, China – 528400",./assets/images/downlights/skat-crome-black.webp
SKAT 8,DDW165X,36V DC,150mA,3500K, CRI>97, D50*H80mm,15°,8W,AJ/CG,ASFD0850/35/15/W,R-41159492,IS 10322 (PART 5/SEC1):2012,5899,"Guangdong Sat Technology Co. Ltd., No. 11 Lianbao Rd, Shengfeng District, Xiaolan Town, Zhongshan City, Guangdong, China – 528400",./assets/images/downlights/skat-white.webp
SKAT 8,DDW165X,36V DC,150mA,3500K, CRI>97, D50*H80mm,15°,8W,AJ/CG,ASFD0850/35/15/B,R-41159492,IS 10322 (PART 5/SEC1):2012,5899,"Guangdong Sat Technology Co. Ltd., No. 11 Lianbao Rd, Shengfeng District, Xiaolan Town, Zhongshan City, Guangdong, China – 528400",./assets/images/downlights/skat-black.webp
SKAT 8,DDW165X,36V DC,150mA,3500K, CRI>97, D50*H80mm,15°,8W,AJ/CG,ASFD0850/35/15/CG,R-41159492,IS 10322 (PART 5/SEC1):2012,6899,"Guangdong Sat Technology Co. Ltd., No. 11 Lianbao Rd, Shengfeng District, Xiaolan Town, Zhongshan City, Guangdong, China – 528400",./assets/images/downlights/skat-champeing-gold.webp
SKAT 8,DDW165X,36V DC,150mA,3500K, CRI>97, D50*H80mm,15°,8W,AJ/CG,ASFD0850/35/15/RG,R-41159492,IS 10322 (PART 5/SEC1):2012,6899,"Guangdong Sat Technology Co. Ltd., No. 11 Lianbao Rd, Shengfeng District, Xiaolan Town, Zhongshan City, Guangdong, China – 528400",./assets/images/downlights/skat-rose-gold.webp
SKAT 8,DDW165X,36V DC,150mA,3500K, CRI>97, D50*H80mm,15°,8W,AJ/CG,ASFD0850/35/15/BR,R-41159492,IS 10322 (PART 5/SEC1):2012,6899,"Guangdong Sat Technology Co. Ltd., No. 11 Lianbao Rd, Shengfeng District, Xiaolan Town, Zhongshan City, Guangdong, China – 528400",./assets/images/downlights/skat-brown.webp
SKAT 8,DDW165X,36V DC,150mA,3500K, CRI>97, D50*H80mm,15°,8W,AJ/CG,ASFD0850/35/15/COF,R-41159492,IS 10322 (PART 5/SEC1):2012,6899,"Guangdong Sat Technology Co. Ltd., No. 11 Lianbao Rd, Shengfeng District, Xiaolan Town, Zhongshan City, Guangdong, China – 528400",./assets/images/downlights/skat-cofee.webp
SKAT 8,DDW165X,36V DC,150mA,3500K, CRI>97, D50*H80mm,15°,8W,AJ/CG,ASFD0850/35/15/DGR,R-41159492,IS 10322 (PART 5/SEC1):2012,6899,"Guangdong Sat Technology Co. Ltd., No. 11 Lianbao Rd, Shengfeng District, Xiaolan Town, Zhongshan City, Guangdong, China – 528400",./assets/images/downlights/skat-dark-gray.webp
SKAT 8,DDW165X,36V DC,150mA,3500K, CRI>97, D50*H80mm,15°,8W,AJ/CG,ASFD0850/35/15/BB,R-41159492,IS 10322 (PART 5/SEC1):2012,6899,"Guangdong Sat Technology Co. Ltd., No. 11 Lianbao Rd, Shengfeng District, Xiaolan Town, Zhongshan City, Guangdong, China – 528400",./assets/images/downlights/skat-ballet-blue.webp
SKAT 8,DDW165X,36V DC,150mA,3500K, CRI>97, D50*H80mm,15°,8W,AJ/CG,ASFD0850/35/15/CH,R-41159492,IS 10322 (PART 5/SEC1):2012,6899,"Guangdong Sat Technology Co. Ltd., No. 11 Lianbao Rd, Shengfeng District, Xiaolan Town, Zhongshan City, Guangdong, China – 528400",./assets/images/downlights/skat-crome.webp
SKAT 8,DDW165X,36V DC,150mA,3500K, CRI>97, D50*H80mm,15°,8W,AJ/CG,ASFD0850/35/15/CHB,R-41159492,IS 10322 (PART 5/SEC1):2012,6899,"Guangdong Sat Technology Co. Ltd., No. 11 Lianbao Rd, Shengfeng District, Xiaolan Town, Zhongshan City, Guangdong, China – 528400",./assets/images/downlights/skat-crome-black.webp
SKAT 8,DDW165X,36V DC,150mA,3500K, CRI>97, D50*H80mm,24°,8W,AJ/CG,ASFD0850/35/24/W,R-41159492,IS 10322 (PART 5/SEC1):2012,5899,"Guangdong Sat Technology Co. Ltd., No. 11 Lianbao Rd, Shengfeng District, Xiaolan Town, Zhongshan City, Guangdong, China – 528400",./assets/images/downlights/skat-white.webp
SKAT 8,DDW165X,36V DC,150mA,3500K, CRI>97, D50*H80mm,24°,8W,AJ/CG,ASFD0850/35/24/B,R-41159492,IS 10322 (PART 5/SEC1):2012,5899,"Guangdong Sat Technology Co. Ltd., No. 11 Lianbao Rd, Shengfeng District, Xiaolan Town, Zhongshan City, Guangdong, China – 528400",./assets/images/downlights/skat-black.webp
SKAT 8,DDW165X,36V DC,150mA,3500K, CRI>97, D50*H80mm,24°,8W,AJ/CG,ASFD0850/35/24/CG,R-41159492,IS 10322 (PART 5/SEC1):2012,6899,"Guangdong Sat Technology Co. Ltd., No. 11 Lianbao Rd, Shengfeng District, Xiaolan Town, Zhongshan City, Guangdong, China – 528400",./assets/images/downlights/skat-champeing-gold.webp
SKAT 8,DDW165X,36V DC,150mA,3500K, CRI>97, D50*H80mm,24°,8W,AJ/CG,ASFD0850/35/24/RG,R-41159492,IS 10322 (PART 5/SEC1):2012,6899,"Guangdong Sat Technology Co. Ltd., No. 11 Lianbao Rd, Shengfeng District, Xiaolan Town, Zhongshan City, Guangdong, China – 528400",./assets/images/downlights/skat-rose-gold.webp
SKAT 8,DDW165X,36V DC,150mA,3500K, CRI>97, D50*H80mm,24°,8W,AJ/CG,ASFD0850/35/24/BR,R-41159492,IS 10322 (PART 5/SEC1):2012,6899,"Guangdong Sat Technology Co. Ltd., No. 11 Lianbao Rd, Shengfeng District, Xiaolan Town, Zhongshan City, Guangdong, China – 528400",./assets/images/downlights/skat-brown.webp
SKAT 8,DDW165X,36V DC,150mA,3500K, CRI>97, D50*H80mm,24°,8W,AJ/CG,ASFD0850/35/24/COF,R-41159492,IS 10322 (PART 5/SEC1):2012,6899,"Guangdong Sat Technology Co. Ltd., No. 11 Lianbao Rd, Shengfeng District, Xiaolan Town, Zhongshan City, Guangdong, China – 528400",./assets/images/downlights/skat-cofee.webp
SKAT 8,DDW165X,36V DC,150mA,3500K, CRI>97, D50*H80mm,24°,8W,AJ/CG,ASFD0850/35/24/DGR,R-41159492,IS 10322 (PART 5/SEC1):2012,6899,"Guangdong Sat Technology Co. Ltd., No. 11 Lianbao Rd, Shengfeng District, Xiaolan Town, Zhongshan City, Guangdong, China – 528400",./assets/images/downlights/skat-dark-gray.webp
SKAT 8,DDW165X,36V DC,150mA,3500K, CRI>97, D50*H80mm,24°,8W,AJ/CG,ASFD0850/35/24/BB,R-41159492,IS 10322 (PART 5/SEC1):2012,6899,"Guangdong Sat Technology Co. Ltd., No. 11 Lianbao Rd, Shengfeng District, Xiaolan Town, Zhongshan City, Guangdong, China – 528400",./assets/images/downlights/skat-ballet-blue.webp
SKAT 8,DDW165X,36V DC,150mA,3500K, CRI>97, D50*H80mm,24°,8W,AJ/CG,ASFD0850/35/24/CH,R-41159492,IS 10322 (PART 5/SEC1):2012,6899,"Guangdong Sat Technology Co. Ltd., No. 11 Lianbao Rd, Shengfeng District, Xiaolan Town, Zhongshan City, Guangdong, China – 528400",./assets/images/downlights/skat-crome.webp
SKAT 8,DDW165X,36V DC,150mA,3500K, CRI>97, D50*H80mm,24°,8W,AJ/CG,ASFD0850/35/24/CHB,R-41159492,IS 10322 (PART 5/SEC1):2012,6899,"Guangdong Sat Technology Co. Ltd., No. 11 Lianbao Rd, Shengfeng District, Xiaolan Town, Zhongshan City, Guangdong, China – 528400",./assets/images/downlights/skat-crome-black.webp
SKAT 8,DDW165X,36V DC,150mA,4000K, CRI>97, D50*H80mm,15°,8W,AJ/CG,ASFD0850/40/15/W,R-41159492,IS 10322 (PART 5/SEC1):2012,5899,"Guangdong Sat Technology Co. Ltd., No. 11 Lianbao Rd, Shengfeng District, Xiaolan Town, Zhongshan City, Guangdong, China – 528400",./assets/images/downlights/skat-white.webp
SKAT 8,DDW165X,36V DC,150mA,4000K, CRI>97, D50*H80mm,15°,8W,AJ/CG,ASFD0850/40/15/B,R-41159492,IS 10322 (PART 5/SEC1):2012,5899,"Guangdong Sat Technology Co. Ltd., No. 11 Lianbao Rd, Shengfeng District, Xiaolan Town, Zhongshan City, Guangdong, China – 528400",./assets/images/downlights/skat-black.webp
SKAT 8,DDW165X,36V DC,150mA,4000K, CRI>97, D50*H80mm,15°,8W,AJ/CG,ASFD0850/40/15/CG,R-41159492,IS 10322 (PART 5/SEC1):2012,6899,"Guangdong Sat Technology Co. Ltd., No. 11 Lianbao Rd, Shengfeng District, Xiaolan Town, Zhongshan City, Guangdong, China – 528400",./assets/images/downlights/skat-champeing-gold.webp
SKAT 8,DDW165X,36V DC,150mA,4000K, CRI>97, D50*H80mm,15°,8W,AJ/CG,ASFD0850/40/15/RG,R-41159492,IS 10322 (PART 5/SEC1):2012,6899,"Guangdong Sat Technology Co. Ltd., No. 11 Lianbao Rd, Shengfeng District, Xiaolan Town, Zhongshan City, Guangdong, China – 528400",./assets/images/downlights/skat-rose-gold.webp
SKAT 8,DDW165X,36V DC,150mA,4000K, CRI>97, D50*H80mm,15°,8W,AJ/CG,ASFD0850/40/15/BR,R-41159492,IS 10322 (PART 5/SEC1):2012,6899,"Guangdong Sat Technology Co. Ltd., No. 11 Lianbao Rd, Shengfeng District, Xiaolan Town, Zhongshan City, Guangdong, China – 528400",./assets/images/downlights/skat-brown.webp
SKAT 8,DDW165X,36V DC,150mA,4000K, CRI>97, D50*H80mm,15°,8W,AJ/CG,ASFD0850/40/15/COF,R-41159492,IS 10322 (PART 5/SEC1):2012,6899,"Guangdong Sat Technology Co. Ltd., No. 11 Lianbao Rd, Shengfeng District, Xiaolan Town, Zhongshan City, Guangdong, China – 528400",./assets/images/downlights/skat-cofee.webp
SKAT 8,DDW165X,36V DC,150mA,4000K, CRI>97, D50*H80mm,15°,8W,AJ/CG,ASFD0850/40/15/DGR,R-41159492,IS 10322 (PART 5/SEC1):2012,6899,"Guangdong Sat Technology Co. Ltd., No. 11 Lianbao Rd, Shengfeng District, Xiaolan Town, Zhongshan City, Guangdong, China – 528400",./assets/images/downlights/skat-dark-gray.webp
SKAT 8,DDW165X,36V DC,150mA,4000K, CRI>97, D50*H80mm,15°,8W,AJ/CG,ASFD0850/40/15/BB,R-41159492,IS 10322 (PART 5/SEC1):2012,6899,"Guangdong Sat Technology Co. Ltd., No. 11 Lianbao Rd, Shengfeng District, Xiaolan Town, Zhongshan City, Guangdong, China – 528400",./assets/images/downlights/skat-ballet-blue.webp
SKAT 8,DDW165X,36V DC,150mA,4000K, CRI>97, D50*H80mm,15°,8W,AJ/CG,ASFD0850/40/15/CH,R-41159492,IS 10322 (PART 5/SEC1):2012,6899,"Guangdong Sat Technology Co. Ltd., No. 11 Lianbao Rd, Shengfeng District, Xiaolan Town, Zhongshan City, Guangdong, China – 528400",./assets/images/downlights/skat-crome.webp
SKAT 8,DDW165X,36V DC,150mA,4000K, CRI>97, D50*H80mm,15°,8W,AJ/CG,ASFD0850/40/15/CHB,R-41159492,IS 10322 (PART 5/SEC1):2012,6899,"Guangdong Sat Technology Co. Ltd., No. 11 Lianbao Rd, Shengfeng District, Xiaolan Town, Zhongshan City, Guangdong, China – 528400",./assets/images/downlights/skat-crome-black.webp
SKAT 8,DDW165X,36V DC,150mA,4000K, CRI>97, D50*H80mm,24°,8W,AJ/CG,ASFD0850/40/24/W,R-41159492,IS 10322 (PART 5/SEC1):2012,5899,"Guangdong Sat Technology Co. Ltd., No. 11 Lianbao Rd, Shengfeng District, Xiaolan Town, Zhongshan City, Guangdong, China – 528400",./assets/images/downlights/skat-white.webp
SKAT 8,DDW165X,36V DC,150mA,4000K, CRI>97, D50*H80mm,24°,8W,AJ/CG,ASFD0850/40/24/B,R-41159492,IS 10322 (PART 5/SEC1):2012,5899,"Guangdong Sat Technology Co. Ltd., No. 11 Lianbao Rd, Shengfeng District, Xiaolan Town, Zhongshan City, Guangdong, China – 528400",./assets/images/downlights/skat-black.webp
SKAT 8,DDW165X,36V DC,150mA,4000K, CRI>97, D50*H80mm,24°,8W,AJ/CG,ASFD0850/40/24/CG,R-41159492,IS 10322 (PART 5/SEC1):2012,6899,"Guangdong Sat Technology Co. Ltd., No. 11 Lianbao Rd, Shengfeng District, Xiaolan Town, Zhongshan City, Guangdong, China – 528400",./assets/images/downlights/skat-champeing-gold.webp
SKAT 8,DDW165X,36V DC,150mA,4000K, CRI>97, D50*H80mm,24°,8W,AJ/CG,ASFD0850/40/24/RG,R-41159492,IS 10322 (PART 5/SEC1):2012,6899,"Guangdong Sat Technology Co. Ltd., No. 11 Lianbao Rd, Shengfeng District, Xiaolan Town, Zhongshan City, Guangdong, China – 528400",./assets/images/downlights/skat-rose-gold.webp
SKAT 8,DDW165X,36V DC,150mA,4000K, CRI>97, D50*H80mm,24°,8W,AJ/CG,ASFD0850/40/24/BR,R-41159492,IS 10322 (PART 5/SEC1):2012,6899,"Guangdong Sat Technology Co. Ltd., No. 11 Lianbao Rd, Shengfeng District, Xiaolan Town, Zhongshan City, Guangdong, China – 528400",./assets/images/downlights/skat-brown.webp
SKAT 8,DDW165X,36V DC,150mA,4000K, CRI>97, D50*H80mm,24°,8W,AJ/CG,ASFD0850/40/24/COF,R-41159492,IS 10322 (PART 5/SEC1):2012,6899,"Guangdong Sat Technology Co. Ltd., No. 11 Lianbao Rd, Shengfeng District, Xiaolan Town, Zhongshan City, Guangdong, China – 528400",./assets/images/downlights/skat-cofee.webp
SKAT 8,DDW165X,36V DC,150mA,4000K, CRI>97, D50*H80mm,24°,8W,AJ/CG,ASFD0850/40/24/DGR,R-41159492,IS 10322 (PART 5/SEC1):2012,6899,"Guangdong Sat Technology Co. Ltd., No. 11 Lianbao Rd, Shengfeng District, Xiaolan Town, Zhongshan City, Guangdong, China – 528400",./assets/images/downlights/skat-dark-gray.webp
SKAT 8,DDW165X,36V DC,150mA,4000K, CRI>97, D50*H80mm,24°,8W,AJ/CG,ASFD0850/40/24/BB,R-41159492,IS 10322 (PART 5/SEC1):2012,6899,"Guangdong Sat Technology Co. Ltd., No. 11 Lianbao Rd, Shengfeng District, Xiaolan Town, Zhongshan City, Guangdong, China – 528400",./assets/images/downlights/skat-ballet-blue.webp
SKAT 8,DDW165X,36V DC,150mA,4000K, CRI>97, D50*H80mm,24°,8W,AJ/CG,ASFD0850/40/24/CH,R-41159492,IS 10322 (PART 5/SEC1):2012,6899,"Guangdong Sat Technology Co. Ltd., No. 11 Lianbao Rd, Shengfeng District, Xiaolan Town, Zhongshan City, Guangdong, China – 528400",./assets/images/downlights/skat-crome.webp
SKAT 8,DDW165X,36V DC,150mA,4000K, CRI>97, D50*H80mm,24°,8W,AJ/CG,ASFD0850/40/24/CHB,R-41159492,IS 10322 (PART 5/SEC1):2012,6899,"Guangdong Sat Technology Co. Ltd., No. 11 Lianbao Rd, Shengfeng District, Xiaolan Town, Zhongshan City, Guangdong, China – 528400",./assets/images/downlights/skat-crome-black.webp
SKAT 8,DDW165X,36V DC,150mA,5000K, CRI>97, D50*H80mm,15°,8W,AJ/CG,ASFD0850/50/15/W,R-41159492,IS 10322 (PART 5/SEC1):2012,5899,"Guangdong Sat Technology Co. Ltd., No. 11 Lianbao Rd, Shengfeng District, Xiaolan Town, Zhongshan City, Guangdong, China – 528400",./assets/images/downlights/skat-white.webp
SKAT 8,DDW165X,36V DC,150mA,5000K, CRI>97, D50*H80mm,15°,8W,AJ/CG,ASFD0850/50/15/B,R-41159492,IS 10322 (PART 5/SEC1):2012,5899,"Guangdong Sat Technology Co. Ltd., No. 11 Lianbao Rd, Shengfeng District, Xiaolan Town, Zhongshan City, Guangdong, China – 528400",./assets/images/downlights/skat-black.webp
SKAT 8,DDW165X,36V DC,150mA,5000K, CRI>97, D50*H80mm,15°,8W,AJ/CG,ASFD0850/50/15/CG,R-41159492,IS 10322 (PART 5/SEC1):2012,6899,"Guangdong Sat Technology Co. Ltd., No. 11 Lianbao Rd, Shengfeng District, Xiaolan Town, Zhongshan City, Guangdong, China – 528400",./assets/images/downlights/skat-champeing-gold.webp
SKAT 8,DDW165X,36V DC,150mA,5000K, CRI>97, D50*H80mm,15°,8W,AJ/CG,ASFD0850/50/15/RG,R-41159492,IS 10322 (PART 5/SEC1):2012,6899,"Guangdong Sat Technology Co. Ltd., No. 11 Lianbao Rd, Shengfeng District, Xiaolan Town, Zhongshan City, Guangdong, China – 528400",./assets/images/downlights/skat-rose-gold.webp
SKAT 8,DDW165X,36V DC,150mA,5000K, CRI>97, D50*H80mm,15°,8W,AJ/CG,ASFD0850/50/15/BR,R-41159492,IS 10322 (PART 5/SEC1):2012,6899,"Guangdong Sat Technology Co. Ltd., No. 11 Lianbao Rd, Shengfeng District, Xiaolan Town, Zhongshan City, Guangdong, China – 528400",./assets/images/downlights/skat-brown.webp
SKAT 8,DDW165X,36V DC,150mA,5000K, CRI>97, D50*H80mm,15°,8W,AJ/CG,ASFD0850/50/15/COF,R-41159492,IS 10322 (PART 5/SEC1):2012,6899,"Guangdong Sat Technology Co. Ltd., No. 11 Lianbao Rd, Shengfeng District, Xiaolan Town, Zhongshan City, Guangdong, China – 528400",./assets/images/downlights/skat-cofee.webp
SKAT 8,DDW165X,36V DC,150mA,5000K, CRI>97, D50*H80mm,15°,8W,AJ/CG,ASFD0850/50/15/DGR,R-41159492,IS 10322 (PART 5/SEC1):2012,6899,"Guangdong Sat Technology Co. Ltd., No. 11 Lianbao Rd, Shengfeng District, Xiaolan Town, Zhongshan City, Guangdong, China – 528400",./assets/images/downlights/skat-dark-gray.webp
SKAT 8,DDW165X,36V DC,150mA,5000K, CRI>97, D50*H80mm,15°,8W,AJ/CG,ASFD0850/50/15/BB,R-41159492,IS 10322 (PART 5/SEC1):2012,6899,"Guangdong Sat Technology Co. Ltd., No. 11 Lianbao Rd, Shengfeng District, Xiaolan Town, Zhongshan City, Guangdong, China – 528400",./assets/images/downlights/skat-ballet-blue.webp
SKAT 8,DDW165X,36V DC,150mA,5000K, CRI>97, D50*H80mm,15°,8W,AJ/CG,ASFD0850/50/15/CH,R-41159492,IS 10322 (PART 5/SEC1):2012,6899,"Guangdong Sat Technology Co. Ltd., No. 11 Lianbao Rd, Shengfeng District, Xiaolan Town, Zhongshan City, Guangdong, China – 528400",./assets/images/downlights/skat-crome.webp
SKAT 8,DDW165X,36V DC,150mA,5000K, CRI>97, D50*H80mm,15°,8W,AJ/CG,ASFD0850/50/15/CHB,R-41159492,IS 10322 (PART 5/SEC1):2012,6899,"Guangdong Sat Technology Co. Ltd., No. 11 Lianbao Rd, Shengfeng District, Xiaolan Town, Zhongshan City, Guangdong, China – 528400",./assets/images/downlights/skat-crome-black.webp
SKAT 8,DDW165X,36V DC,150mA,5000K, CRI>97, D50*H80mm,24°,8W,AJ/CG,ASFD0850/50/24/W,R-41159492,IS 10322 (PART 5/SEC1):2012,5899,"Guangdong Sat Technology Co. Ltd., No. 11 Lianbao Rd, Shengfeng District, Xiaolan Town, Zhongshan City, Guangdong, China – 528400",./assets/images/downlights/skat-white.webp
SKAT 8,DDW165X,36V DC,150mA,5000K, CRI>97, D50*H80mm,24°,8W,AJ/CG,ASFD0850/50/24/B,R-41159492,IS 10322 (PART 5/SEC1):2012,5899,"Guangdong Sat Technology Co. Ltd., No. 11 Lianbao Rd, Shengfeng District, Xiaolan Town, Zhongshan City, Guangdong, China – 528400",./assets/images/downlights/skat-black.webp
SKAT 8,DDW165X,36V DC,150mA,5000K, CRI>97, D50*H80mm,24°,8W,AJ/CG,ASFD0850/50/24/CG,R-41159492,IS 10322 (PART 5/SEC1):2012,6899,"Guangdong Sat Technology Co. Ltd., No. 11 Lianbao Rd, Shengfeng District, Xiaolan Town, Zhongshan City, Guangdong, China – 528400",./assets/images/downlights/skat-champeing-gold.webp
SKAT 8,DDW165X,36V DC,150mA,5000K, CRI>97, D50*H80mm,24°,8W,AJ/CG,ASFD0850/50/24/RG,R-41159492,IS 10322 (PART 5/SEC1):2012,6899,"Guangdong Sat Technology Co. Ltd., No. 11 Lianbao Rd, Shengfeng District, Xiaolan Town, Zhongshan City, Guangdong, China – 528400",./assets/images/downlights/skat-rose-gold.webp
SKAT 8,DDW165X,36V DC,150mA,5000K, CRI>97, D50*H80mm,24°,8W,AJ/CG,ASFD0850/50/24/BR,R-41159492,IS 10322 (PART 5/SEC1):2012,6899,"Guangdong Sat Technology Co. Ltd., No. 11 Lianbao Rd, Shengfeng District, Xiaolan Town, Zhongshan City, Guangdong, China – 528400",./assets/images/downlights/skat-brown.webp
SKAT 8,DDW165X,36V DC,150mA,5000K, CRI>97, D50*H80mm,24°,8W,AJ/CG,ASFD0850/50/24/COF,R-41159492,IS 10322 (PART 5/SEC1):2012,6899,"Guangdong Sat Technology Co. Ltd., No. 11 Lianbao Rd, Shengfeng District, Xiaolan Town, Zhongshan City, Guangdong, China – 528400",./assets/images/downlights/skat-cofee.webp
SKAT 8,DDW165X,36V DC,150mA,5000K, CRI>97, D50*H80mm,24°,8W,AJ/CG,ASFD0850/50/24/DGR,R-41159492,IS 10322 (PART 5/SEC1):2012,6899,"Guangdong Sat Technology Co. Ltd., No. 11 Lianbao Rd, Shengfeng District, Xiaolan Town, Zhongshan City, Guangdong, China – 528400",./assets/images/downlights/skat-dark-gray.webp
SKAT 8,DDW165X,36V DC,150mA,5000K, CRI>97, D50*H80mm,24°,8W,AJ/CG,ASFD0850/50/24/BB,R-41159492,IS 10322 (PART 5/SEC1):2012,6899,"Guangdong Sat Technology Co. Ltd., No. 11 Lianbao Rd, Shengfeng District, Xiaolan Town, Zhongshan City, Guangdong, China – 528400",./assets/images/downlights/skat-ballet-blue.webp
SKAT 8,DDW165X,36V DC,150mA,5000K, CRI>97, D50*H80mm,24°,8W,AJ/CG,ASFD0850/50/24/CH,R-41159492,IS 10322 (PART 5/SEC1):2012,6899,"Guangdong Sat Technology Co. Ltd., No. 11 Lianbao Rd, Shengfeng District, Xiaolan Town, Zhongshan City, Guangdong, China – 528400",./assets/images/downlights/skat-crome.webp
SKAT 8,DDW165X,36V DC,150mA,5000K, CRI>97, D50*H80mm,24°,8W,AJ/CG,ASFD0850/50/24/CHB,R-41159492,IS 10322 (PART 5/SEC1):2012,6899,"Guangdong Sat Technology Co. Ltd., No. 11 Lianbao Rd, Shengfeng District, Xiaolan Town, Zhongshan City, Guangdong, China – 528400",./assets/images/downlights/skat-crome-black.webp
Skat 15,DDW165X,36V DC,350mA,2700K, CRI>97,Φ78*H102mm,15°,15W,AJ/CG,ASFD1500/27/15/W,R-41159492,IS 10322 (PART 5/SEC1):2012,7099,"Guangdong Sat Technology Co. Ltd., No. 11 Lianbao Rd, Shengfeng District, Xiaolan Town, Zhongshan City, Guangdong, China – 528400",./assets/images/downlights/Skat-15-05-white.webp
Skat 15,DDW165X,36V DC,350mA,2700K, CRI>97,Φ78*H102mm,15°,15W,AJ/CG,ASFD1500/27/15/B,R-41159492,IS 10322 (PART 5/SEC1):2012,7099,"Guangdong Sat Technology Co. Ltd., No. 11 Lianbao Rd, Shengfeng District, Xiaolan Town, Zhongshan City, Guangdong, China – 528400",./assets/images/downlights/Skat-15-03-mat-black-default.webp
Skat 15,DDW165X,36V DC,350mA,2700K, CRI>97,Φ78*H102mm,15°,15W,AJ/CG,ASFD1500/27/15/CG,R-41159492,IS 10322 (PART 5/SEC1):2012,8099,"Guangdong Sat Technology Co. Ltd., No. 11 Lianbao Rd, Shengfeng District, Xiaolan Town, Zhongshan City, Guangdong, China – 528400",./assets/images/downlights/Skat-15-04-champeing-gold.webp
Skat 15,DDW165X,36V DC,350mA,2700K, CRI>97,Φ78*H102mm,15°,15W,AJ/CG,ASFD1500/27/15/RG,R-41159492,IS 10322 (PART 5/SEC1):2012,8099,"Guangdong Sat Technology Co. Ltd., No. 11 Lianbao Rd, Shengfeng District, Xiaolan Town, Zhongshan City, Guangdong, China – 528400",./assets/images/downlights/Skat-15-08-rose-gold.webp
Skat 15,DDW165X,36V DC,350mA,2700K, CRI>97,Φ78*H102mm,15°,15W,AJ/CG,ASFD1500/27/15/BR,R-41159492,IS 10322 (PART 5/SEC1):2012,8099,"Guangdong Sat Technology Co. Ltd., No. 11 Lianbao Rd, Shengfeng District, Xiaolan Town, Zhongshan City, Guangdong, China – 528400",./assets/images/downlights/Skat-15-10-brown.webp
Skat 15,DDW165X,36V DC,350mA,2700K, CRI>97,Φ78*H102mm,15°,15W,AJ/CG,ASFD1500/27/15/COF,R-41159492,IS 10322 (PART 5/SEC1):2012,8099,"Guangdong Sat Technology Co. Ltd., No. 11 Lianbao Rd, Shengfeng District, Xiaolan Town, Zhongshan City, Guangdong, China – 528400",./assets/images/downlights/Skat-15-07-coffee.webp
Skat 15,DDW165X,36V DC,350mA,2700K, CRI>97,Φ78*H102mm,15°,15W,AJ/CG,ASFD1500/27/15/DGR,R-41159492,IS 10322 (PART 5/SEC1):2012,8099,"Guangdong Sat Technology Co. Ltd., No. 11 Lianbao Rd, Shengfeng District, Xiaolan Town, Zhongshan City, Guangdong, China – 528400",./assets/images/downlights/Skat-15-09-dark-gray-default-001.webp
Skat 15,DDW165X,36V DC,350mA,2700K, CRI>97,Φ78*H102mm,15°,15W,AJ/CG,ASFD1500/27/15/BB,R-41159492,IS 10322 (PART 5/SEC1):2012,8099,"Guangdong Sat Technology Co. Ltd., No. 11 Lianbao Rd, Shengfeng District, Xiaolan Town, Zhongshan City, Guangdong, China – 528400",./assets/images/downlights/Skat-15-06-ballet-blue.webp
Skat 15,DDW165X,36V DC,350mA,2700K, CRI>97,Φ78*H102mm,15°,15W,AJ/CG,ASFD1500/27/15/CH,R-41159492,IS 10322 (PART 5/SEC1):2012,8099,"Guangdong Sat Technology Co. Ltd., No. 11 Lianbao Rd, Shengfeng District, Xiaolan Town, Zhongshan City, Guangdong, China – 528400",./assets/images/downlights/Skat-15-01-chrome.webp
Skat 15,DDW165X,36V DC,350mA,2700K, CRI>97,Φ78*H102mm,15°,15W,AJ/CG,ASFD1500/27/15/CHB,R-41159492,IS 10322 (PART 5/SEC1):2012,8099,"Guangdong Sat Technology Co. Ltd., No. 11 Lianbao Rd, Shengfeng District, Xiaolan Town, Zhongshan City, Guangdong, China – 528400",./assets/images/downlights/Skat-15-02-chrome-black.webp
Skat 15,DDW165X,36V DC,350mA,3000K, CRI>97,Φ78*H102mm,15°,15W,AJ/CG,ASFD1500/30/15/W,R-41159492,IS 10322 (PART 5/SEC1):2012,7099,"Guangdong Sat Technology Co. Ltd., No. 11 Lianbao Rd, Shengfeng District, Xiaolan Town, Zhongshan City, Guangdong, China – 528400",./assets/images/downlights/Skat-15-05-white.webp
Skat 15,DDW165X,36V DC,350mA,3000K, CRI>97,Φ78*H102mm,15°,15W,AJ/CG,ASFD1500/30/15/B,R-41159492,IS 10322 (PART 5/SEC1):2012,7099,"Guangdong Sat Technology Co. Ltd., No. 11 Lianbao Rd, Shengfeng District, Xiaolan Town, Zhongshan City, Guangdong, China – 528400",./assets/images/downlights/Skat-15-03-mat-black-default.webp
Skat 15,DDW165X,36V DC,350mA,3000K, CRI>97,Φ78*H102mm,15°,15W,AJ/CG,ASFD1500/30/15/CG,R-41159492,IS 10322 (PART 5/SEC1):2012,8099,"Guangdong Sat Technology Co. Ltd., No. 11 Lianbao Rd, Shengfeng District, Xiaolan Town, Zhongshan City, Guangdong, China – 528400",./assets/images/downlights/Skat-15-04-champeing-gold.webp
Skat 15,DDW165X,36V DC,350mA,3000K, CRI>97,Φ78*H102mm,15°,15W,AJ/CG,ASFD1500/30/15/RG,R-41159492,IS 10322 (PART 5/SEC1):2012,8099,"Guangdong Sat Technology Co. Ltd., No. 11 Lianbao Rd, Shengfeng District, Xiaolan Town, Zhongshan City, Guangdong, China – 528400",./assets/images/downlights/Skat-15-08-rose-gold.webp
Skat 15,DDW165X,36V DC,350mA,3000K, CRI>97,Φ78*H102mm,15°,15W,AJ/CG,ASFD1500/30/15/BR,R-41159492,IS 10322 (PART 5/SEC1):2012,8099,"Guangdong Sat Technology Co. Ltd., No. 11 Lianbao Rd, Shengfeng District, Xiaolan Town, Zhongshan City, Guangdong, China – 528400",./assets/images/downlights/Skat-15-10-brown.webp
Skat 15,DDW165X,36V DC,350mA,3000K, CRI>97,Φ78*H102mm,15°,15W,AJ/CG,ASFD1500/30/15/COF,R-41159492,IS 10322 (PART 5/SEC1):2012,8099,"Guangdong Sat Technology Co. Ltd., No. 11 Lianbao Rd, Shengfeng District, Xiaolan Town, Zhongshan City, Guangdong, China – 528400",./assets/images/downlights/Skat-15-07-coffee.webp
Skat 15,DDW165X,36V DC,350mA,3000K, CRI>97,Φ78*H102mm,15°,15W,AJ/CG,ASFD1500/30/15/DGR,R-41159492,IS 10322 (PART 5/SEC1):2012,8099,"Guangdong Sat Technology Co. Ltd., No. 11 Lianbao Rd, Shengfeng District, Xiaolan Town, Zhongshan City, Guangdong, China – 528400",./assets/images/downlights/Skat-15-09-dark-gray-default-001.webp
Skat 15,DDW165X,36V DC,350mA,3000K, CRI>97,Φ78*H102mm,15°,15W,AJ/CG,ASFD1500/30/15/BB,R-41159492,IS 10322 (PART 5/SEC1):2012,8099,"Guangdong Sat Technology Co. Ltd., No. 11 Lianbao Rd, Shengfeng District, Xiaolan Town, Zhongshan City, Guangdong, China – 528400",./assets/images/downlights/Skat-15-06-ballet-blue.webp
Skat 15,DDW165X,36V DC,350mA,3000K, CRI>97,Φ78*H102mm,15°,15W,AJ/CG,ASFD1500/30/15/CH,R-41159492,IS 10322 (PART 5/SEC1):2012,8099,"Guangdong Sat Technology Co. Ltd., No. 11 Lianbao Rd, Shengfeng District, Xiaolan Town, Zhongshan City, Guangdong, China – 528400",./assets/images/downlights/Skat-15-01-chrome.webp
Skat 15,DDW165X,36V DC,350mA,3000K, CRI>97,Φ78*H102mm,15°,15W,AJ/CG,ASFD1500/30/15/CHB,R-41159492,IS 10322 (PART 5/SEC1):2012,8099,"Guangdong Sat Technology Co. Ltd., No. 11 Lianbao Rd, Shengfeng District, Xiaolan Town, Zhongshan City, Guangdong, China – 528400",./assets/images/downlights/Skat-15-02-chrome-black.webp
Skat 15,DDW165X,36V DC,350mA,3500K, CRI>97,Φ78*H102mm,15°,15W,AJ/CG,ASFD1500/35/15/W,R-41159492,IS 10322 (PART 5/SEC1):2012,7099,"Guangdong Sat Technology Co. Ltd., No. 11 Lianbao Rd, Shengfeng District, Xiaolan Town, Zhongshan City, Guangdong, China – 528400",./assets/images/downlights/Skat-15-05-white.webp
Skat 15,DDW165X,36V DC,350mA,3500K, CRI>97,Φ78*H102mm,15°,15W,AJ/CG,ASFD1500/35/15/B,R-41159492,IS 10322 (PART 5/SEC1):2012,7099,"Guangdong Sat Technology Co. Ltd., No. 11 Lianbao Rd, Shengfeng District, Xiaolan Town, Zhongshan City, Guangdong, China – 528400",./assets/images/downlights/Skat-15-03-mat-black-default.webp
Skat 15,DDW165X,36V DC,350mA,3500K, CRI>97,Φ78*H102mm,15°,15W,AJ/CG,ASFD1500/35/15/CG,R-41159492,IS 10322 (PART 5/SEC1):2012,8099,"Guangdong Sat Technology Co. Ltd., No. 11 Lianbao Rd, Shengfeng District, Xiaolan Town, Zhongshan City, Guangdong, China – 528400",./assets/images/downlights/Skat-15-04-champeing-gold.webp
Skat 15,DDW165X,36V DC,350mA,3500K, CRI>97,Φ78*H102mm,15°,15W,AJ/CG,ASFD1500/35/15/RG,R-41159492,IS 10322 (PART 5/SEC1):2012,8099,"Guangdong Sat Technology Co. Ltd., No. 11 Lianbao Rd, Shengfeng District, Xiaolan Town, Zhongshan City, Guangdong, China – 528400",./assets/images/downlights/Skat-15-08-rose-gold.webp
Skat 15,DDW165X,36V DC,350mA,3500K, CRI>97,Φ78*H102mm,15°,15W,AJ/CG,ASFD1500/35/15/BR,R-41159492,IS 10322 (PART 5/SEC1):2012,8099,"Guangdong Sat Technology Co. Ltd., No. 11 Lianbao Rd, Shengfeng District, Xiaolan Town, Zhongshan City, Guangdong, China – 528400",./assets/images/downlights/Skat-15-10-brown.webp
Skat 15,DDW165X,36V DC,350mA,3500K, CRI>97,Φ78*H102mm,15°,15W,AJ/CG,ASFD1500/35/15/COF,R-41159492,IS 10322 (PART 5/SEC1):2012,8099,"Guangdong Sat Technology Co. Ltd., No. 11 Lianbao Rd, Shengfeng District, Xiaolan Town, Zhongshan City, Guangdong, China – 528400",./assets/images/downlights/Skat-15-07-coffee.webp
Skat 15,DDW165X,36V DC,350mA,3500K, CRI>97,Φ78*H102mm,15°,15W,AJ/CG,ASFD1500/35/15/DGR,R-41159492,IS 10322 (PART 5/SEC1):2012,8099,"Guangdong Sat Technology Co. Ltd., No. 11 Lianbao Rd, Shengfeng District, Xiaolan Town, Zhongshan City, Guangdong, China – 528400",./assets/images/downlights/Skat-15-09-dark-gray-default-001.webp
Skat 15,DDW165X,36V DC,350mA,3500K, CRI>97,Φ78*H102mm,15°,15W,AJ/CG,ASFD1500/35/15/BB,R-41159492,IS 10322 (PART 5/SEC1):2012,8099,"Guangdong Sat Technology Co. Ltd., No. 11 Lianbao Rd, Shengfeng District, Xiaolan Town, Zhongshan City, Guangdong, China – 528400",./assets/images/downlights/Skat-15-06-ballet-blue.webp
Skat 15,DDW165X,36V DC,350mA,3500K, CRI>97,Φ78*H102mm,15°,15W,AJ/CG,ASFD1500/35/15/CH,R-41159492,IS 10322 (PART 5/SEC1):2012,8099,"Guangdong Sat Technology Co. Ltd., No. 11 Lianbao Rd, Shengfeng District, Xiaolan Town, Zhongshan City, Guangdong, China – 528400",./assets/images/downlights/Skat-15-01-chrome.webp
Skat 15,DDW165X,36V DC,350mA,3500K, CRI>97,Φ78*H102mm,15°,15W,AJ/CG,ASFD1500/35/15/CHB,R-41159492,IS 10322 (PART 5/SEC1):2012,8099,"Guangdong Sat Technology Co. Ltd., No. 11 Lianbao Rd, Shengfeng District, Xiaolan Town, Zhongshan City, Guangdong, China – 528400",./assets/images/downlights/Skat-15-02-chrome-black.webp
Skat 15,DDW165X,36V DC,350mA,4000K, CRI>97,Φ78*H102mm,15°,15W,AJ/CG,ASFD1500/40/15/W,R-41159492,IS 10322 (PART 5/SEC1):2012,7099,"Guangdong Sat Technology Co. Ltd., No. 11 Lianbao Rd, Shengfeng District, Xiaolan Town, Zhongshan City, Guangdong, China – 528400",./assets/images/downlights/Skat-15-05-white.webp
Skat 15,DDW165X,36V DC,350mA,4000K, CRI>97,Φ78*H102mm,15°,15W,AJ/CG,ASFD1500/40/15/B,R-41159492,IS 10322 (PART 5/SEC1):2012,7099,"Guangdong Sat Technology Co. Ltd., No. 11 Lianbao Rd, Shengfeng District, Xiaolan Town, Zhongshan City, Guangdong, China – 528400",./assets/images/downlights/Skat-15-03-mat-black-default.webp
Skat 15,DDW165X,36V DC,350mA,4000K, CRI>97,Φ78*H102mm,15°,15W,AJ/CG,ASFD1500/40/15/CG,R-41159492,IS 10322 (PART 5/SEC1):2012,8099,"Guangdong Sat Technology Co. Ltd., No. 11 Lianbao Rd, Shengfeng District, Xiaolan Town, Zhongshan City, Guangdong, China – 528400",./assets/images/downlights/Skat-15-04-champeing-gold.webp
Skat 15,DDW165X,36V DC,350mA,4000K, CRI>97,Φ78*H102mm,15°,15W,AJ/CG,ASFD1500/40/15/RG,R-41159492,IS 10322 (PART 5/SEC1):2012,8099,"Guangdong Sat Technology Co. Ltd., No. 11 Lianbao Rd, Shengfeng District, Xiaolan Town, Zhongshan City, Guangdong, China – 528400",./assets/images/downlights/Skat-15-08-rose-gold.webp
Skat 15,DDW165X,36V DC,350mA,4000K, CRI>97,Φ78*H102mm,15°,15W,AJ/CG,ASFD1500/40/15/BR,R-41159492,IS 10322 (PART 5/SEC1):2012,8099,"Guangdong Sat Technology Co. Ltd., No. 11 Lianbao Rd, Shengfeng District, Xiaolan Town, Zhongshan City, Guangdong, China – 528400",./assets/images/downlights/Skat-15-10-brown.webp
Skat 15,DDW165X,36V DC,350mA,4000K, CRI>97,Φ78*H102mm,15°,15W,AJ/CG,ASFD1500/40/15/COF,R-41159492,IS 10322 (PART 5/SEC1):2012,8099,"Guangdong Sat Technology Co. Ltd., No. 11 Lianbao Rd, Shengfeng District, Xiaolan Town, Zhongshan City, Guangdong, China – 528400",./assets/images/downlights/Skat-15-07-coffee.webp
Skat 15,DDW165X,36V DC,350mA,4000K, CRI>97,Φ78*H102mm,15°,15W,AJ/CG,ASFD1500/40/15/DGR,R-41159492,IS 10322 (PART 5/SEC1):2012,8099,"Guangdong Sat Technology Co. Ltd., No. 11 Lianbao Rd, Shengfeng District, Xiaolan Town, Zhongshan City, Guangdong, China – 528400",./assets/images/downlights/Skat-15-09-dark-gray-default-001.webp
Skat 15,DDW165X,36V DC,350mA,4000K, CRI>97,Φ78*H102mm,15°,15W,AJ/CG,ASFD1500/40/15/BB,R-41159492,IS 10322 (PART 5/SEC1):2012,8099,"Guangdong Sat Technology Co. Ltd., No. 11 Lianbao Rd, Shengfeng District, Xiaolan Town, Zhongshan City, Guangdong, China – 528400",./assets/images/downlights/Skat-15-06-ballet-blue.webp
Skat 15,DDW165X,36V DC,350mA,4000K, CRI>97,Φ78*H102mm,15°,15W,AJ/CG,ASFD1500/40/15/CH,R-41159492,IS 10322 (PART 5/SEC1):2012,8099,"Guangdong Sat Technology Co. Ltd., No. 11 Lianbao Rd, Shengfeng District, Xiaolan Town, Zhongshan City, Guangdong, China – 528400",./assets/images/downlights/Skat-15-01-chrome.webp
Skat 15,DDW165X,36V DC,350mA,4000K, CRI>97,Φ78*H102mm,15°,15W,AJ/CG,ASFD1500/40/15/CHB,R-41159492,IS 10322 (PART 5/SEC1):2012,8099,"Guangdong Sat Technology Co. Ltd., No. 11 Lianbao Rd, Shengfeng District, Xiaolan Town, Zhongshan City, Guangdong, China – 528400",./assets/images/downlights/Skat-15-02-chrome-black.webp
Skat 15,DDW165X,36V DC,350mA,5000K, CRI>97,Φ78*H102mm,15°,15W,AJ/CG,ASFD1500/50/15/W,R-41159492,IS 10322 (PART 5/SEC1):2012,7099,"Guangdong Sat Technology Co. Ltd., No. 11 Lianbao Rd, Shengfeng District, Xiaolan Town, Zhongshan City, Guangdong, China – 528400",./assets/images/downlights/Skat-15-05-white.webp
Skat 15,DDW165X,36V DC,350mA,5000K, CRI>97,Φ78*H102mm,15°,15W,AJ/CG,ASFD1500/50/15/B,R-41159492,IS 10322 (PART 5/SEC1):2012,7099,"Guangdong Sat Technology Co. Ltd., No. 11 Lianbao Rd, Shengfeng District, Xiaolan Town, Zhongshan City, Guangdong, China – 528400",./assets/images/downlights/Skat-15-03-mat-black-default.webp
Skat 15,DDW165X,36V DC,350mA,5000K, CRI>97,Φ78*H102mm,15°,15W,AJ/CG,ASFD1500/50/15/CG,R-41159492,IS 10322 (PART 5/SEC1):2012,8099,"Guangdong Sat Technology Co. Ltd., No. 11 Lianbao Rd, Shengfeng District, Xiaolan Town, Zhongshan City, Guangdong, China – 528400",./assets/images/downlights/Skat-15-04-champeing-gold.webp
Skat 15,DDW165X,36V DC,350mA,5000K, CRI>97,Φ78*H102mm,15°,15W,AJ/CG,ASFD1500/50/15/RG,R-41159492,IS 10322 (PART 5/SEC1):2012,8099,"Guangdong Sat Technology Co. Ltd., No. 11 Lianbao Rd, Shengfeng District, Xiaolan Town, Zhongshan City, Guangdong, China – 528400",./assets/images/downlights/Skat-15-08-rose-gold.webp
Skat 15,DDW165X,36V DC,350mA,5000K, CRI>97,Φ78*H102mm,15°,15W,AJ/CG,ASFD1500/50/15/BR,R-41159492,IS 10322 (PART 5/SEC1):2012,8099,"Guangdong Sat Technology Co. Ltd., No. 11 Lianbao Rd, Shengfeng District, Xiaolan Town, Zhongshan City, Guangdong, China – 528400",./assets/images/downlights/Skat-15-10-brown.webp
Skat 15,DDW165X,36V DC,350mA,5000K, CRI>97,Φ78*H102mm,15°,15W,AJ/CG,ASFD1500/50/15/COF,R-41159492,IS 10322 (PART 5/SEC1):2012,8099,"Guangdong Sat Technology Co. Ltd., No. 11 Lianbao Rd, Shengfeng District, Xiaolan Town, Zhongshan City, Guangdong, China – 528400",./assets/images/downlights/Skat-15-07-coffee.webp
Skat 15,DDW165X,36V DC,350mA,5000K, CRI>97,Φ78*H102mm,15°,15W,AJ/CG,ASFD1500/50/15/DGR,R-41159492,IS 10322 (PART 5/SEC1):2012,8099,"Guangdong Sat Technology Co. Ltd., No. 11 Lianbao Rd, Shengfeng District, Xiaolan Town, Zhongshan City, Guangdong, China – 528400",./assets/images/downlights/Skat-15-09-dark-gray-default-001.webp
Skat 15,DDW165X,36V DC,350mA,5000K, CRI>97,Φ78*H102mm,15°,15W,AJ/CG,ASFD1500/50/15/BB,R-41159492,IS 10322 (PART 5/SEC1):2012,8099,"Guangdong Sat Technology Co. Ltd., No. 11 Lianbao Rd, Shengfeng District, Xiaolan Town, Zhongshan City, Guangdong, China – 528400",./assets/images/downlights/Skat-15-06-ballet-blue.webp
Skat 15,DDW165X,36V DC,350mA,5000K, CRI>97,Φ78*H102mm,15°,15W,AJ/CG,ASFD1500/50/15/CH,R-41159492,IS 10322 (PART 5/SEC1):2012,8099,"Guangdong Sat Technology Co. Ltd., No. 11 Lianbao Rd, Shengfeng District, Xiaolan Town, Zhongshan City, Guangdong, China – 528400",./assets/images/downlights/Skat-15-01-chrome.webp
Skat 15,DDW165X,36V DC,350mA,5000K, CRI>97,Φ78*H102mm,15°,15W,AJ/CG,ASFD1500/50/15/CHB,R-41159492,IS 10322 (PART 5/SEC1):2012,8099,"Guangdong Sat Technology Co. Ltd., No. 11 Lianbao Rd, Shengfeng District, Xiaolan Town, Zhongshan City, Guangdong, China – 528400",./assets/images/downlights/Skat-15-02-chrome-black.webp
Skat 15,DDW165X,36V DC,350mA,2700K, CRI>97,Φ78*H102mm,36°,15W,AJ/CG,ASFD1500/27/36/W,R-41159492,IS 10322 (PART 5/SEC1):2012,7099,"Guangdong Sat Technology Co. Ltd., No. 11 Lianbao Rd, Shengfeng District, Xiaolan Town, Zhongshan City, Guangdong, China – 528400",./assets/images/downlights/Skat-15-05-white.webp
Skat 15,DDW165X,36V DC,350mA,2700K, CRI>97,Φ78*H102mm,36°,15W,AJ/CG,ASFD1500/27/36/B,R-41159492,IS 10322 (PART 5/SEC1):2012,7099,"Guangdong Sat Technology Co. Ltd., No. 11 Lianbao Rd, Shengfeng District, Xiaolan Town, Zhongshan City, Guangdong, China – 528400",./assets/images/downlights/Skat-15-03-mat-black-default.webp
Skat 15,DDW165X,36V DC,350mA,2700K, CRI>97,Φ78*H102mm,36°,15W,AJ/CG,ASFD1500/27/36/CG,R-41159492,IS 10322 (PART 5/SEC1):2012,8099,"Guangdong Sat Technology Co. Ltd., No. 11 Lianbao Rd, Shengfeng District, Xiaolan Town, Zhongshan City, Guangdong, China – 528400",./assets/images/downlights/Skat-15-04-champeing-gold.webp
Skat 15,DDW165X,36V DC,350mA,2700K, CRI>97,Φ78*H102mm,36°,15W,AJ/CG,ASFD1500/27/36/RG,R-41159492,IS 10322 (PART 5/SEC1):2012,8099,"Guangdong Sat Technology Co. Ltd., No. 11 Lianbao Rd, Shengfeng District, Xiaolan Town, Zhongshan City, Guangdong, China – 528400",./assets/images/downlights/Skat-15-08-rose-gold.webp
Skat 15,DDW165X,36V DC,350mA,2700K, CRI>97,Φ78*H102mm,36°,15W,AJ/CG,ASFD1500/27/36/BR,R-41159492,IS 10322 (PART 5/SEC1):2012,8099,"Guangdong Sat Technology Co. Ltd., No. 11 Lianbao Rd, Shengfeng District, Xiaolan Town, Zhongshan City, Guangdong, China – 528400",./assets/images/downlights/Skat-15-10-brown.webp
Skat 15,DDW165X,36V DC,350mA,2700K, CRI>97,Φ78*H102mm,36°,15W,AJ/CG,ASFD1500/27/36/COF,R-41159492,IS 10322 (PART 5/SEC1):2012,8099,"Guangdong Sat Technology Co. Ltd., No. 11 Lianbao Rd, Shengfeng District, Xiaolan Town, Zhongshan City, Guangdong, China – 528400",./assets/images/downlights/Skat-15-07-coffee.webp
Skat 15,DDW165X,36V DC,350mA,2700K, CRI>97,Φ78*H102mm,36°,15W,AJ/CG,ASFD1500/27/36/DGR,R-41159492,IS 10322 (PART 5/SEC1):2012,8099,"Guangdong Sat Technology Co. Ltd., No. 11 Lianbao Rd, Shengfeng District, Xiaolan Town, Zhongshan City, Guangdong, China – 528400",./assets/images/downlights/Skat-15-09-dark-gray-default-001.webp
Skat 15,DDW165X,36V DC,350mA,2700K, CRI>97,Φ78*H102mm,36°,15W,AJ/CG,ASFD1500/27/36/BB,R-41159492,IS 10322 (PART 5/SEC1):2012,8099,"Guangdong Sat Technology Co. Ltd., No. 11 Lianbao Rd, Shengfeng District, Xiaolan Town, Zhongshan City, Guangdong, China – 528400",./assets/images/downlights/Skat-15-06-ballet-blue.webp
Skat 15,DDW165X,36V DC,350mA,2700K, CRI>97,Φ78*H102mm,36°,15W,AJ/CG,ASFD1500/27/36/CH,R-41159492,IS 10322 (PART 5/SEC1):2012,8099,"Guangdong Sat Technology Co. Ltd., No. 11 Lianbao Rd, Shengfeng District, Xiaolan Town, Zhongshan City, Guangdong, China – 528400",./assets/images/downlights/Skat-15-01-chrome.webp
Skat 15,DDW165X,36V DC,350mA,2700K, CRI>97,Φ78*H102mm,36°,15W,AJ/CG,ASFD1500/27/36/CHB,R-41159492,IS 10322 (PART 5/SEC1):2012,8099,"Guangdong Sat Technology Co. Ltd., No. 11 Lianbao Rd, Shengfeng District, Xiaolan Town, Zhongshan City, Guangdong, China – 528400",./assets/images/downlights/Skat-15-02-chrome-black.webp
Skat 15,DDW165X,36V DC,350mA,3000K, CRI>97,Φ78*H102mm,36°,15W,AJ/CG,ASFD1500/30/36/W,R-41159492,IS 10322 (PART 5/SEC1):2012,7099,"Guangdong Sat Technology Co. Ltd., No. 11 Lianbao Rd, Shengfeng District, Xiaolan Town, Zhongshan City, Guangdong, China – 528400",./assets/images/downlights/Skat-15-05-white.webp
Skat 15,DDW165X,36V DC,350mA,3000K, CRI>97,Φ78*H102mm,36°,15W,AJ/CG,ASFD1500/30/36/B,R-41159492,IS 10322 (PART 5/SEC1):2012,7099,"Guangdong Sat Technology Co. Ltd., No. 11 Lianbao Rd, Shengfeng District, Xiaolan Town, Zhongshan City, Guangdong, China – 528400",./assets/images/downlights/Skat-15-03-mat-black-default.webp
Skat 15,DDW165X,36V DC,350mA,3000K, CRI>97,Φ78*H102mm,36°,15W,AJ/CG,ASFD1500/30/36/CG,R-41159492,IS 10322 (PART 5/SEC1):2012,8099,"Guangdong Sat Technology Co. Ltd., No. 11 Lianbao Rd, Shengfeng District, Xiaolan Town, Zhongshan City, Guangdong, China – 528400",./assets/images/downlights/Skat-15-04-champeing-gold.webp
Skat 15,DDW165X,36V DC,350mA,3000K, CRI>97,Φ78*H102mm,36°,15W,AJ/CG,ASFD1500/30/36/RG,R-41159492,IS 10322 (PART 5/SEC1):2012,8099,"Guangdong Sat Technology Co. Ltd., No. 11 Lianbao Rd, Shengfeng District, Xiaolan Town, Zhongshan City, Guangdong, China – 528400",./assets/images/downlights/Skat-15-08-rose-gold.webp
Skat 15,DDW165X,36V DC,350mA,3000K, CRI>97,Φ78*H102mm,36°,15W,AJ/CG,ASFD1500/30/36/BR,R-41159492,IS 10322 (PART 5/SEC1):2012,8099,"Guangdong Sat Technology Co. Ltd., No. 11 Lianbao Rd, Shengfeng District, Xiaolan Town, Zhongshan City, Guangdong, China – 528400",./assets/images/downlights/Skat-15-10-brown.webp
Skat 15,DDW165X,36V DC,350mA,3000K, CRI>97,Φ78*H102mm,36°,15W,AJ/CG,ASFD1500/30/36/COF,R-41159492,IS 10322 (PART 5/SEC1):2012,8099,"Guangdong Sat Technology Co. Ltd., No. 11 Lianbao Rd, Shengfeng District, Xiaolan Town, Zhongshan City, Guangdong, China – 528400",./assets/images/downlights/Skat-15-07-coffee.webp
Skat 15,DDW165X,36V DC,350mA,3000K, CRI>97,Φ78*H102mm,36°,15W,AJ/CG,ASFD1500/30/36/DGR,R-41159492,IS 10322 (PART 5/SEC1):2012,8099,"Guangdong Sat Technology Co. Ltd., No. 11 Lianbao Rd, Shengfeng District, Xiaolan Town, Zhongshan City, Guangdong, China – 528400",./assets/images/downlights/Skat-15-09-dark-gray-default-001.webp
Skat 15,DDW165X,36V DC,350mA,3000K, CRI>97,Φ78*H102mm,36°,15W,AJ/CG,ASFD1500/30/36/BB,R-41159492,IS 10322 (PART 5/SEC1):2012,8099,"Guangdong Sat Technology Co. Ltd., No. 11 Lianbao Rd, Shengfeng District, Xiaolan Town, Zhongshan City, Guangdong, China – 528400",./assets/images/downlights/Skat-15-06-ballet-blue.webp
Skat 15,DDW165X,36V DC,350mA,3000K, CRI>97,Φ78*H102mm,36°,15W,AJ/CG,ASFD1500/30/36/CH,R-41159492,IS 10322 (PART 5/SEC1):2012,8099,"Guangdong Sat Technology Co. Ltd., No. 11 Lianbao Rd, Shengfeng District, Xiaolan Town, Zhongshan City, Guangdong, China – 528400",./assets/images/downlights/Skat-15-01-chrome.webp
Skat 15,DDW165X,36V DC,350mA,3000K, CRI>97,Φ78*H102mm,36°,15W,AJ/CG,ASFD1500/30/36/CHB,R-41159492,IS 10322 (PART 5/SEC1):2012,8099,"Guangdong Sat Technology Co. Ltd., No. 11 Lianbao Rd, Shengfeng District, Xiaolan Town, Zhongshan City, Guangdong, China – 528400",./assets/images/downlights/Skat-15-02-chrome-black.webp
Skat 15,DDW165X,36V DC,350mA,3500K, CRI>97,Φ78*H102mm,36°,15W,AJ/CG,ASFD1500/35/36/W,R-41159492,IS 10322 (PART 5/SEC1):2012,7099,"Guangdong Sat Technology Co. Ltd., No. 11 Lianbao Rd, Shengfeng District, Xiaolan Town, Zhongshan City, Guangdong, China – 528400",./assets/images/downlights/Skat-15-05-white.webp
Skat 15,DDW165X,36V DC,350mA,3500K, CRI>97,Φ78*H102mm,36°,15W,AJ/CG,ASFD1500/35/36/B,R-41159492,IS 10322 (PART 5/SEC1):2012,7099,"Guangdong Sat Technology Co. Ltd., No. 11 Lianbao Rd, Shengfeng District, Xiaolan Town, Zhongshan City, Guangdong, China – 528400",./assets/images/downlights/Skat-15-03-mat-black-default.webp
Skat 15,DDW165X,36V DC,350mA,3500K, CRI>97,Φ78*H102mm,36°,15W,AJ/CG,ASFD1500/35/36/CG,R-41159492,IS 10322 (PART 5/SEC1):2012,8099,"Guangdong Sat Technology Co. Ltd., No. 11 Lianbao Rd, Shengfeng District, Xiaolan Town, Zhongshan City, Guangdong, China – 528400",./assets/images/downlights/Skat-15-04-champeing-gold.webp
Skat 15,DDW165X,36V DC,350mA,3500K, CRI>97,Φ78*H102mm,36°,15W,AJ/CG,ASFD1500/35/36/RG,R-41159492,IS 10322 (PART 5/SEC1):2012,8099,"Guangdong Sat Technology Co. Ltd., No. 11 Lianbao Rd, Shengfeng District, Xiaolan Town, Zhongshan City, Guangdong, China – 528400",./assets/images/downlights/Skat-15-08-rose-gold.webp
Skat 15,DDW165X,36V DC,350mA,3500K, CRI>97,Φ78*H102mm,36°,15W,AJ/CG,ASFD1500/35/36/BR,R-41159492,IS 10322 (PART 5/SEC1):2012,8099,"Guangdong Sat Technology Co. Ltd., No. 11 Lianbao Rd, Shengfeng District, Xiaolan Town, Zhongshan City, Guangdong, China – 528400",./assets/images/downlights/Skat-15-10-brown.webp
Skat 15,DDW165X,36V DC,350mA,3500K, CRI>97,Φ78*H102mm,36°,15W,AJ/CG,ASFD1500/35/36/COF,R-41159492,IS 10322 (PART 5/SEC1):2012,8099,"Guangdong Sat Technology Co. Ltd., No. 11 Lianbao Rd, Shengfeng District, Xiaolan Town, Zhongshan City, Guangdong, China – 528400",./assets/images/downlights/Skat-15-07-coffee.webp
Skat 15,DDW165X,36V DC,350mA,3500K, CRI>97,Φ78*H102mm,36°,15W,AJ/CG,ASFD1500/35/36/DGR,R-41159492,IS 10322 (PART 5/SEC1):2012,8099,"Guangdong Sat Technology Co. Ltd., No. 11 Lianbao Rd, Shengfeng District, Xiaolan Town, Zhongshan City, Guangdong, China – 528400",./assets/images/downlights/Skat-15-09-dark-gray-default-001.webp
Skat 15,DDW165X,36V DC,350mA,3500K, CRI>97,Φ78*H102mm,36°,15W,AJ/CG,ASFD1500/35/36/BB,R-41159492,IS 10322 (PART 5/SEC1):2012,8099,"Guangdong Sat Technology Co. Ltd., No. 11 Lianbao Rd, Shengfeng District, Xiaolan Town, Zhongshan City, Guangdong, China – 528400",./assets/images/downlights/Skat-15-06-ballet-blue.webp
Skat 15,DDW165X,36V DC,350mA,3500K, CRI>97,Φ78*H102mm,36°,15W,AJ/CG,ASFD1500/35/36/CH,R-41159492,IS 10322 (PART 5/SEC1):2012,8099,"Guangdong Sat Technology Co. Ltd., No. 11 Lianbao Rd, Shengfeng District, Xiaolan Town, Zhongshan City, Guangdong, China – 528400",./assets/images/downlights/Skat-15-01-chrome.webp
Skat 15,DDW165X,36V DC,350mA,3500K, CRI>97,Φ78*H102mm,36°,15W,AJ/CG,ASFD1500/35/36/CHB,R-41159492,IS 10322 (PART 5/SEC1):2012,8099,"Guangdong Sat Technology Co. Ltd., No. 11 Lianbao Rd, Shengfeng District, Xiaolan Town, Zhongshan City, Guangdong, China – 528400",./assets/images/downlights/Skat-15-02-chrome-black.webp
Skat 15,DDW165X,36V DC,350mA,4000K, CRI>97,Φ78*H102mm,36°,15W,AJ/CG,ASFD1500/40/36/W,R-41159492,IS 10322 (PART 5/SEC1):2012,7099,"Guangdong Sat Technology Co. Ltd., No. 11 Lianbao Rd, Shengfeng District, Xiaolan Town, Zhongshan City, Guangdong, China – 528400",./assets/images/downlights/Skat-15-05-white.webp
Skat 15,DDW165X,36V DC,350mA,4000K, CRI>97,Φ78*H102mm,36°,15W,AJ/CG,ASFD1500/40/36/B,R-41159492,IS 10322 (PART 5/SEC1):2012,7099,"Guangdong Sat Technology Co. Ltd., No. 11 Lianbao Rd, Shengfeng District, Xiaolan Town, Zhongshan City, Guangdong, China – 528400",./assets/images/downlights/Skat-15-03-mat-black-default.webp
Skat 15,DDW165X,36V DC,350mA,4000K, CRI>97,Φ78*H102mm,36°,15W,AJ/CG,ASFD1500/40/36/CG,R-41159492,IS 10322 (PART 5/SEC1):2012,8099,"Guangdong Sat Technology Co. Ltd., No. 11 Lianbao Rd, Shengfeng District, Xiaolan Town, Zhongshan City, Guangdong, China – 528400",./assets/images/downlights/Skat-15-04-champeing-gold.webp
Skat 15,DDW165X,36V DC,350mA,4000K, CRI>97,Φ78*H102mm,36°,15W,AJ/CG,ASFD1500/40/36/RG,R-41159492,IS 10322 (PART 5/SEC1):2012,8099,"Guangdong Sat Technology Co. Ltd., No. 11 Lianbao Rd, Shengfeng District, Xiaolan Town, Zhongshan City, Guangdong, China – 528400",./assets/images/downlights/Skat-15-08-rose-gold.webp
Skat 15,DDW165X,36V DC,350mA,4000K, CRI>97,Φ78*H102mm,36°,15W,AJ/CG,ASFD1500/40/36/BR,R-41159492,IS 10322 (PART 5/SEC1):2012,8099,"Guangdong Sat Technology Co. Ltd., No. 11 Lianbao Rd, Shengfeng District, Xiaolan Town, Zhongshan City, Guangdong, China – 528400",./assets/images/downlights/Skat-15-10-brown.webp
Skat 15,DDW165X,36V DC,350mA,4000K, CRI>97,Φ78*H102mm,36°,15W,AJ/CG,ASFD1500/40/36/COF,R-41159492,IS 10322 (PART 5/SEC1):2012,8099,"Guangdong Sat Technology Co. Ltd., No. 11 Lianbao Rd, Shengfeng District, Xiaolan Town, Zhongshan City, Guangdong, China – 528400",./assets/images/downlights/Skat-15-07-coffee.webp
Skat 15,DDW165X,36V DC,350mA,4000K, CRI>97,Φ78*H102mm,36°,15W,AJ/CG,ASFD1500/40/36/DGR,R-41159492,IS 10322 (PART 5/SEC1):2012,8099,"Guangdong Sat Technology Co. Ltd., No. 11 Lianbao Rd, Shengfeng District, Xiaolan Town, Zhongshan City, Guangdong, China – 528400",./assets/images/downlights/Skat-15-09-dark-gray-default-001.webp
Skat 15,DDW165X,36V DC,350mA,4000K, CRI>97,Φ78*H102mm,36°,15W,AJ/CG,ASFD1500/40/36/BB,R-41159492,IS 10322 (PART 5/SEC1):2012,8099,"Guangdong Sat Technology Co. Ltd., No. 11 Lianbao Rd, Shengfeng District, Xiaolan Town, Zhongshan City, Guangdong, China – 528400",./assets/images/downlights/Skat-15-06-ballet-blue.webp
Skat 15,DDW165X,36V DC,350mA,4000K, CRI>97,Φ78*H102mm,36°,15W,AJ/CG,ASFD1500/40/36/CH,R-41159492,IS 10322 (PART 5/SEC1):2012,8099,"Guangdong Sat Technology Co. Ltd., No. 11 Lianbao Rd, Shengfeng District, Xiaolan Town, Zhongshan City, Guangdong, China – 528400",./assets/images/downlights/Skat-15-01-chrome.webp
Skat 15,DDW165X,36V DC,350mA,4000K, CRI>97,Φ78*H102mm,36°,15W,AJ/CG,ASFD1500/40/36/CHB,R-41159492,IS 10322 (PART 5/SEC1):2012,8099,"Guangdong Sat Technology Co. Ltd., No. 11 Lianbao Rd, Shengfeng District, Xiaolan Town, Zhongshan City, Guangdong, China – 528400",./assets/images/downlights/Skat-15-02-chrome-black.webp
Skat 15,DDW165X,36V DC,350mA,5000K, CRI>97,Φ78*H102mm,36°,15W,AJ/CG,ASFD1500/50/36/W,R-41159492,IS 10322 (PART 5/SEC1):2012,7099,"Guangdong Sat Technology Co. Ltd., No. 11 Lianbao Rd, Shengfeng District, Xiaolan Town, Zhongshan City, Guangdong, China – 528400",./assets/images/downlights/Skat-15-05-white.webp
Skat 15,DDW165X,36V DC,350mA,5000K, CRI>97,Φ78*H102mm,36°,15W,AJ/CG,ASFD1500/50/36/B,R-41159492,IS 10322 (PART 5/SEC1):2012,7099,"Guangdong Sat Technology Co. Ltd., No. 11 Lianbao Rd, Shengfeng District, Xiaolan Town, Zhongshan City, Guangdong, China – 528400",./assets/images/downlights/Skat-15-03-mat-black-default.webp
Skat 15,DDW165X,36V DC,350mA,5000K, CRI>97,Φ78*H102mm,36°,15W,AJ/CG,ASFD1500/50/36/CG,R-41159492,IS 10322 (PART 5/SEC1):2012,8099,"Guangdong Sat Technology Co. Ltd., No. 11 Lianbao Rd, Shengfeng District, Xiaolan Town, Zhongshan City, Guangdong, China – 528400",./assets/images/downlights/Skat-15-04-champeing-gold.webp
Skat 15,DDW165X,36V DC,350mA,5000K, CRI>97,Φ78*H102mm,36°,15W,AJ/CG,ASFD1500/50/36/RG,R-41159492,IS 10322 (PART 5/SEC1):2012,8099,"Guangdong Sat Technology Co. Ltd., No. 11 Lianbao Rd, Shengfeng District, Xiaolan Town, Zhongshan City, Guangdong, China – 528400",./assets/images/downlights/Skat-15-08-rose-gold.webp
Skat 15,DDW165X,36V DC,350mA,5000K, CRI>97,Φ78*H102mm,36°,15W,AJ/CG,ASFD1500/50/36/BR,R-41159492,IS 10322 (PART 5/SEC1):2012,8099,"Guangdong Sat Technology Co. Ltd., No. 11 Lianbao Rd, Shengfeng District, Xiaolan Town, Zhongshan City, Guangdong, China – 528400",./assets/images/downlights/Skat-15-10-brown.webp
Skat 15,DDW165X,36V DC,350mA,5000K, CRI>97,Φ78*H102mm,36°,15W,AJ/CG,ASFD1500/50/36/COF,R-41159492,IS 10322 (PART 5/SEC1):2012,8099,"Guangdong Sat Technology Co. Ltd., No. 11 Lianbao Rd, Shengfeng District, Xiaolan Town, Zhongshan City, Guangdong, China – 528400",./assets/images/downlights/Skat-15-07-coffee.webp
Skat 15,DDW165X,36V DC,350mA,5000K, CRI>97,Φ78*H102mm,36°,15W,AJ/CG,ASFD1500/50/36/DGR,R-41159492,IS 10322 (PART 5/SEC1):2012,8099,"Guangdong Sat Technology Co. Ltd., No. 11 Lianbao Rd, Shengfeng District, Xiaolan Town, Zhongshan City, Guangdong, China – 528400",./assets/images/downlights/Skat-15-09-dark-gray-default-001.webp
Skat 15,DDW165X,36V DC,350mA,5000K, CRI>97,Φ78*H102mm,36°,15W,AJ/CG,ASFD1500/50/36/BB,R-41159492,IS 10322 (PART 5/SEC1):2012,8099,"Guangdong Sat Technology Co. Ltd., No. 11 Lianbao Rd, Shengfeng District, Xiaolan Town, Zhongshan City, Guangdong, China – 528400",./assets/images/downlights/Skat-15-06-ballet-blue.webp
Skat 15,DDW165X,36V DC,350mA,5000K, CRI>97,Φ78*H102mm,36°,15W,AJ/CG,ASFD1500/50/36/CH,R-41159492,IS 10322 (PART 5/SEC1):2012,8099,"Guangdong Sat Technology Co. Ltd., No. 11 Lianbao Rd, Shengfeng District, Xiaolan Town, Zhongshan City, Guangdong, China – 528400",./assets/images/downlights/Skat-15-01-chrome.webp
Skat 15,DDW165X,36V DC,350mA,5000K, CRI>97,Φ78*H102mm,36°,15W,AJ/CG,ASFD1500/50/36/CHB,R-41159492,IS 10322 (PART 5/SEC1):2012,8099,"Guangdong Sat Technology Co. Ltd., No. 11 Lianbao Rd, Shengfeng District, Xiaolan Town, Zhongshan City, Guangdong, China – 528400",./assets/images/downlights/Skat-15-02-chrome-black.webp
Skat 15,DDW165X,36V DC,350mA,2700K, CRI>97,Φ78*H102mm,60°,15W,AJ/CG,ASFD1500/27/60/W,R-41159492,IS 10322 (PART 5/SEC1):2012,7099,"Guangdong Sat Technology Co. Ltd., No. 11 Lianbao Rd, Shengfeng District, Xiaolan Town, Zhongshan City, Guangdong, China – 528400",./assets/images/downlights/Skat-15-05-white.webp
Skat 15,DDW165X,36V DC,350mA,2700K, CRI>97,Φ78*H102mm,60°,15W,AJ/CG,ASFD1500/27/60/B,R-41159492,IS 10322 (PART 5/SEC1):2012,7099,"Guangdong Sat Technology Co. Ltd., No. 11 Lianbao Rd, Shengfeng District, Xiaolan Town, Zhongshan City, Guangdong, China – 528400",./assets/images/downlights/Skat-15-03-mat-black-default.webp
Skat 15,DDW165X,36V DC,350mA,2700K, CRI>97,Φ78*H102mm,60°,15W,AJ/CG,ASFD1500/27/60/CG,R-41159492,IS 10322 (PART 5/SEC1):2012,8099,"Guangdong Sat Technology Co. Ltd., No. 11 Lianbao Rd, Shengfeng District, Xiaolan Town, Zhongshan City, Guangdong, China – 528400",./assets/images/downlights/Skat-15-04-champeing-gold.webp
Skat 15,DDW165X,36V DC,350mA,2700K, CRI>97,Φ78*H102mm,60°,15W,AJ/CG,ASFD1500/27/60/RG,R-41159492,IS 10322 (PART 5/SEC1):2012,8099,"Guangdong Sat Technology Co. Ltd., No. 11 Lianbao Rd, Shengfeng District, Xiaolan Town, Zhongshan City, Guangdong, China – 528400",./assets/images/downlights/Skat-15-08-rose-gold.webp
Skat 15,DDW165X,36V DC,350mA,2700K, CRI>97,Φ78*H102mm,60°,15W,AJ/CG,ASFD1500/27/60/BR,R-41159492,IS 10322 (PART 5/SEC1):2012,8099,"Guangdong Sat Technology Co. Ltd., No. 11 Lianbao Rd, Shengfeng District, Xiaolan Town, Zhongshan City, Guangdong, China – 528400",./assets/images/downlights/Skat-15-10-brown.webp
Skat 15,DDW165X,36V DC,350mA,2700K, CRI>97,Φ78*H102mm,60°,15W,AJ/CG,ASFD1500/27/60/COF,R-41159492,IS 10322 (PART 5/SEC1):2012,8099,"Guangdong Sat Technology Co. Ltd., No. 11 Lianbao Rd, Shengfeng District, Xiaolan Town, Zhongshan City, Guangdong, China – 528400",./assets/images/downlights/Skat-15-07-coffee.webp
Skat 15,DDW165X,36V DC,350mA,2700K, CRI>97,Φ78*H102mm,60°,15W,AJ/CG,ASFD1500/27/60/DGR,R-41159492,IS 10322 (PART 5/SEC1):2012,8099,"Guangdong Sat Technology Co. Ltd., No. 11 Lianbao Rd, Shengfeng District, Xiaolan Town, Zhongshan City, Guangdong, China – 528400",./assets/images/downlights/Skat-15-09-dark-gray-default-001.webp
Skat 15,DDW165X,36V DC,350mA,2700K, CRI>97,Φ78*H102mm,60°,15W,AJ/CG,ASFD1500/27/60/BB,R-41159492,IS 10322 (PART 5/SEC1):2012,8099,"Guangdong Sat Technology Co. Ltd., No. 11 Lianbao Rd, Shengfeng District, Xiaolan Town, Zhongshan City, Guangdong, China – 528400",./assets/images/downlights/Skat-15-06-ballet-blue.webp
Skat 15,DDW165X,36V DC,350mA,2700K, CRI>97,Φ78*H102mm,60°,15W,AJ/CG,ASFD1500/27/60/CH,R-41159492,IS 10322 (PART 5/SEC1):2012,8099,"Guangdong Sat Technology Co. Ltd., No. 11 Lianbao Rd, Shengfeng District, Xiaolan Town, Zhongshan City, Guangdong, China – 528400",./assets/images/downlights/Skat-15-01-chrome.webp
Skat 15,DDW165X,36V DC,350mA,2700K, CRI>97,Φ78*H102mm,60°,15W,AJ/CG,ASFD1500/27/60/CHB,R-41159492,IS 10322 (PART 5/SEC1):2012,8099,"Guangdong Sat Technology Co. Ltd., No. 11 Lianbao Rd, Shengfeng District, Xiaolan Town, Zhongshan City, Guangdong, China – 528400",./assets/images/downlights/Skat-15-02-chrome-black.webp
Skat 15,DDW165X,36V DC,350mA,3000K, CRI>97,Φ78*H102mm,60°,15W,AJ/CG,ASFD1500/30/60/W,R-41159492,IS 10322 (PART 5/SEC1):2012,7099,"Guangdong Sat Technology Co. Ltd., No. 11 Lianbao Rd, Shengfeng District, Xiaolan Town, Zhongshan City, Guangdong, China – 528400",./assets/images/downlights/Skat-15-05-white.webp
Skat 15,DDW165X,36V DC,350mA,3000K, CRI>97,Φ78*H102mm,60°,15W,AJ/CG,ASFD1500/30/60/B,R-41159492,IS 10322 (PART 5/SEC1):2012,7099,"Guangdong Sat Technology Co. Ltd., No. 11 Lianbao Rd, Shengfeng District, Xiaolan Town, Zhongshan City, Guangdong, China – 528400",./assets/images/downlights/Skat-15-03-mat-black-default.webp
Skat 15,DDW165X,36V DC,350mA,3000K, CRI>97,Φ78*H102mm,60°,15W,AJ/CG,ASFD1500/30/60/CG,R-41159492,IS 10322 (PART 5/SEC1):2012,8099,"Guangdong Sat Technology Co. Ltd., No. 11 Lianbao Rd, Shengfeng District, Xiaolan Town, Zhongshan City, Guangdong, China – 528400",./assets/images/downlights/Skat-15-04-champeing-gold.webp
Skat 15,DDW165X,36V DC,350mA,3000K, CRI>97,Φ78*H102mm,60°,15W,AJ/CG,ASFD1500/30/60/RG,R-41159492,IS 10322 (PART 5/SEC1):2012,8099,"Guangdong Sat Technology Co. Ltd., No. 11 Lianbao Rd, Shengfeng District, Xiaolan Town, Zhongshan City, Guangdong, China – 528400",./assets/images/downlights/Skat-15-08-rose-gold.webp
Skat 15,DDW165X,36V DC,350mA,3000K, CRI>97,Φ78*H102mm,60°,15W,AJ/CG,ASFD1500/30/60/BR,R-41159492,IS 10322 (PART 5/SEC1):2012,8099,"Guangdong Sat Technology Co. Ltd., No. 11 Lianbao Rd, Shengfeng District, Xiaolan Town, Zhongshan City, Guangdong, China – 528400",./assets/images/downlights/Skat-15-10-brown.webp
Skat 15,DDW165X,36V DC,350mA,3000K, CRI>97,Φ78*H102mm,60°,15W,AJ/CG,ASFD1500/30/60/COF,R-41159492,IS 10322 (PART 5/SEC1):2012,8099,"Guangdong Sat Technology Co. Ltd., No. 11 Lianbao Rd, Shengfeng District, Xiaolan Town, Zhongshan City, Guangdong, China – 528400",./assets/images/downlights/Skat-15-07-coffee.webp
Skat 15,DDW165X,36V DC,350mA,3000K, CRI>97,Φ78*H102mm,60°,15W,AJ/CG,ASFD1500/30/60/DGR,R-41159492,IS 10322 (PART 5/SEC1):2012,8099,"Guangdong Sat Technology Co. Ltd., No. 11 Lianbao Rd, Shengfeng District, Xiaolan Town, Zhongshan City, Guangdong, China – 528400",./assets/images/downlights/Skat-15-09-dark-gray-default-001.webp
Skat 15,DDW165X,36V DC,350mA,3000K, CRI>97,Φ78*H102mm,60°,15W,AJ/CG,ASFD1500/30/60/BB,R-41159492,IS 10322 (PART 5/SEC1):2012,8099,"Guangdong Sat Technology Co. Ltd., No. 11 Lianbao Rd, Shengfeng District, Xiaolan Town, Zhongshan City, Guangdong, China – 528400",./assets/images/downlights/Skat-15-06-ballet-blue.webp
Skat 15,DDW165X,36V DC,350mA,3000K, CRI>97,Φ78*H102mm,60°,15W,AJ/CG,ASFD1500/30/60/CH,R-41159492,IS 10322 (PART 5/SEC1):2012,8099,"Guangdong Sat Technology Co. Ltd., No. 11 Lianbao Rd, Shengfeng District, Xiaolan Town, Zhongshan City, Guangdong, China – 528400",./assets/images/downlights/Skat-15-01-chrome.webp
Skat 15,DDW165X,36V DC,350mA,3000K, CRI>97,Φ78*H102mm,60°,15W,AJ/CG,ASFD1500/30/60/CHB,R-41159492,IS 10322 (PART 5/SEC1):2012,8099,"Guangdong Sat Technology Co. Ltd., No. 11 Lianbao Rd, Shengfeng District, Xiaolan Town, Zhongshan City, Guangdong, China – 528400",./assets/images/downlights/Skat-15-02-chrome-black.webp
Skat 15,DDW165X,36V DC,350mA,3500K, CRI>97,Φ78*H102mm,60°,15W,AJ/CG,ASFD1500/35/60/W,R-41159492,IS 10322 (PART 5/SEC1):2012,7099,"Guangdong Sat Technology Co. Ltd., No. 11 Lianbao Rd, Shengfeng District, Xiaolan Town, Zhongshan City, Guangdong, China – 528400",./assets/images/downlights/Skat-15-05-white.webp
Skat 15,DDW165X,36V DC,350mA,3500K, CRI>97,Φ78*H102mm,60°,15W,AJ/CG,ASFD1500/35/60/B,R-41159492,IS 10322 (PART 5/SEC1):2012,7099,"Guangdong Sat Technology Co. Ltd., No. 11 Lianbao Rd, Shengfeng District, Xiaolan Town, Zhongshan City, Guangdong, China – 528400",./assets/images/downlights/Skat-15-03-mat-black-default.webp
Skat 15,DDW165X,36V DC,350mA,3500K, CRI>97,Φ78*H102mm,60°,15W,AJ/CG,ASFD1500/35/60/CG,R-41159492,IS 10322 (PART 5/SEC1):2012,8099,"Guangdong Sat Technology Co. Ltd., No. 11 Lianbao Rd, Shengfeng District, Xiaolan Town, Zhongshan City, Guangdong, China – 528400",./assets/images/downlights/Skat-15-04-champeing-gold.webp
Skat 15,DDW165X,36V DC,350mA,3500K, CRI>97,Φ78*H102mm,60°,15W,AJ/CG,ASFD1500/35/60/RG,R-41159492,IS 10322 (PART 5/SEC1):2012,8099,"Guangdong Sat Technology Co. Ltd., No. 11 Lianbao Rd, Shengfeng District, Xiaolan Town, Zhongshan City, Guangdong, China – 528400",./assets/images/downlights/Skat-15-08-rose-gold.webp
Skat 15,DDW165X,36V DC,350mA,3500K, CRI>97,Φ78*H102mm,60°,15W,AJ/CG,ASFD1500/35/60/BR,R-41159492,IS 10322 (PART 5/SEC1):2012,8099,"Guangdong Sat Technology Co. Ltd., No. 11 Lianbao Rd, Shengfeng District, Xiaolan Town, Zhongshan City, Guangdong, China – 528400",./assets/images/downlights/Skat-15-10-brown.webp
Skat 15,DDW165X,36V DC,350mA,3500K, CRI>97,Φ78*H102mm,60°,15W,AJ/CG,ASFD1500/35/60/COF,R-41159492,IS 10322 (PART 5/SEC1):2012,8099,"Guangdong Sat Technology Co. Ltd., No. 11 Lianbao Rd, Shengfeng District, Xiaolan Town, Zhongshan City, Guangdong, China – 528400",./assets/images/downlights/Skat-15-07-coffee.webp
Skat 15,DDW165X,36V DC,350mA,3500K, CRI>97,Φ78*H102mm,60°,15W,AJ/CG,ASFD1500/35/60/DGR,R-41159492,IS 10322 (PART 5/SEC1):2012,8099,"Guangdong Sat Technology Co. Ltd., No. 11 Lianbao Rd, Shengfeng District, Xiaolan Town, Zhongshan City, Guangdong, China – 528400",./assets/images/downlights/Skat-15-09-dark-gray-default-001.webp
Skat 15,DDW165X,36V DC,350mA,3500K, CRI>97,Φ78*H102mm,60°,15W,AJ/CG,ASFD1500/35/60/BB,R-41159492,IS 10322 (PART 5/SEC1):2012,8099,"Guangdong Sat Technology Co. Ltd., No. 11 Lianbao Rd, Shengfeng District, Xiaolan Town, Zhongshan City, Guangdong, China – 528400",./assets/images/downlights/Skat-15-06-ballet-blue.webp
Skat 15,DDW165X,36V DC,350mA,3500K, CRI>97,Φ78*H102mm,60°,15W,AJ/CG,ASFD1500/35/60/CH,R-41159492,IS 10322 (PART 5/SEC1):2012,8099,"Guangdong Sat Technology Co. Ltd., No. 11 Lianbao Rd, Shengfeng District, Xiaolan Town, Zhongshan City, Guangdong, China – 528400",./assets/images/downlights/Skat-15-01-chrome.webp
Skat 15,DDW165X,36V DC,350mA,3500K, CRI>97,Φ78*H102mm,60°,15W,AJ/CG,ASFD1500/35/60/CHB,R-41159492,IS 10322 (PART 5/SEC1):2012,8099,"Guangdong Sat Technology Co. Ltd., No. 11 Lianbao Rd, Shengfeng District, Xiaolan Town, Zhongshan City, Guangdong, China – 528400",./assets/images/downlights/Skat-15-02-chrome-black.webp
Skat 15,DDW165X,36V DC,350mA,4000K, CRI>97,Φ78*H102mm,60°,15W,AJ/CG,ASFD1500/40/60/W,R-41159492,IS 10322 (PART 5/SEC1):2012,7099,"Guangdong Sat Technology Co. Ltd., No. 11 Lianbao Rd, Shengfeng District, Xiaolan Town, Zhongshan City, Guangdong, China – 528400",./assets/images/downlights/Skat-15-05-white.webp
Skat 15,DDW165X,36V DC,350mA,4000K, CRI>97,Φ78*H102mm,60°,15W,AJ/CG,ASFD1500/40/60/B,R-41159492,IS 10322 (PART 5/SEC1):2012,7099,"Guangdong Sat Technology Co. Ltd., No. 11 Lianbao Rd, Shengfeng District, Xiaolan Town, Zhongshan City, Guangdong, China – 528400",./assets/images/downlights/Skat-15-03-mat-black-default.webp
Skat 15,DDW165X,36V DC,350mA,4000K, CRI>97,Φ78*H102mm,60°,15W,AJ/CG,ASFD1500/40/60/CG,R-41159492,IS 10322 (PART 5/SEC1):2012,8099,"Guangdong Sat Technology Co. Ltd., No. 11 Lianbao Rd, Shengfeng District, Xiaolan Town, Zhongshan City, Guangdong, China – 528400",./assets/images/downlights/Skat-15-04-champeing-gold.webp
Skat 15,DDW165X,36V DC,350mA,4000K, CRI>97,Φ78*H102mm,60°,15W,AJ/CG,ASFD1500/40/60/RG,R-41159492,IS 10322 (PART 5/SEC1):2012,8099,"Guangdong Sat Technology Co. Ltd., No. 11 Lianbao Rd, Shengfeng District, Xiaolan Town, Zhongshan City, Guangdong, China – 528400",./assets/images/downlights/Skat-15-08-rose-gold.webp
Skat 15,DDW165X,36V DC,350mA,4000K, CRI>97,Φ78*H102mm,60°,15W,AJ/CG,ASFD1500/40/60/BR,R-41159492,IS 10322 (PART 5/SEC1):2012,8099,"Guangdong Sat Technology Co. Ltd., No. 11 Lianbao Rd, Shengfeng District, Xiaolan Town, Zhongshan City, Guangdong, China – 528400",./assets/images/downlights/Skat-15-10-brown.webp
Skat 15,DDW165X,36V DC,350mA,4000K, CRI>97,Φ78*H102mm,60°,15W,AJ/CG,ASFD1500/40/60/COF,R-41159492,IS 10322 (PART 5/SEC1):2012,8099,"Guangdong Sat Technology Co. Ltd., No. 11 Lianbao Rd, Shengfeng District, Xiaolan Town, Zhongshan City, Guangdong, China – 528400",./assets/images/downlights/Skat-15-07-coffee.webp
Skat 15,DDW165X,36V DC,350mA,4000K, CRI>97,Φ78*H102mm,60°,15W,AJ/CG,ASFD1500/40/60/DGR,R-41159492,IS 10322 (PART 5/SEC1):2012,8099,"Guangdong Sat Technology Co. Ltd., No. 11 Lianbao Rd, Shengfeng District, Xiaolan Town, Zhongshan City, Guangdong, China – 528400",./assets/images/downlights/Skat-15-09-dark-gray-default-001.webp
Skat 15,DDW165X,36V DC,350mA,4000K, CRI>97,Φ78*H102mm,60°,15W,AJ/CG,ASFD1500/40/60/BB,R-41159492,IS 10322 (PART 5/SEC1):2012,8099,"Guangdong Sat Technology Co. Ltd., No. 11 Lianbao Rd, Shengfeng District, Xiaolan Town, Zhongshan City, Guangdong, China – 528400",./assets/images/downlights/Skat-15-06-ballet-blue.webp
Skat 15,DDW165X,36V DC,350mA,4000K, CRI>97,Φ78*H102mm,60°,15W,AJ/CG,ASFD1500/40/60/CH,R-41159492,IS 10322 (PART 5/SEC1):2012,8099,"Guangdong Sat Technology Co. Ltd., No. 11 Lianbao Rd, Shengfeng District, Xiaolan Town, Zhongshan City, Guangdong, China – 528400",./assets/images/downlights/Skat-15-01-chrome.webp
Skat 15,DDW165X,36V DC,350mA,4000K, CRI>97,Φ78*H102mm,60°,15W,AJ/CG,ASFD1500/40/60/CHB,R-41159492,IS 10322 (PART 5/SEC1):2012,8099,"Guangdong Sat Technology Co. Ltd., No. 11 Lianbao Rd, Shengfeng District, Xiaolan Town, Zhongshan City, Guangdong, China – 528400",./assets/images/downlights/Skat-15-02-chrome-black.webp
Skat 15,DDW165X,36V DC,350mA,5000K, CRI>97,Φ78*H102mm,60°,15W,AJ/CG,ASFD1500/50/60/W,R-41159492,IS 10322 (PART 5/SEC1):2012,7099,"Guangdong Sat Technology Co. Ltd., No. 11 Lianbao Rd, Shengfeng District, Xiaolan Town, Zhongshan City, Guangdong, China – 528400",./assets/images/downlights/Skat-15-05-white.webp
Skat 15,DDW165X,36V DC,350mA,5000K, CRI>97,Φ78*H102mm,60°,15W,AJ/CG,ASFD1500/50/60/B,R-41159492,IS 10322 (PART 5/SEC1):2012,7099,"Guangdong Sat Technology Co. Ltd., No. 11 Lianbao Rd, Shengfeng District, Xiaolan Town, Zhongshan City, Guangdong, China – 528400",./assets/images/downlights/Skat-15-03-mat-black-default.webp
Skat 15,DDW165X,36V DC,350mA,5000K, CRI>97,Φ78*H102mm,60°,15W,AJ/CG,ASFD1500/50/60/CG,R-41159492,IS 10322 (PART 5/SEC1):2012,8099,"Guangdong Sat Technology Co. Ltd., No. 11 Lianbao Rd, Shengfeng District, Xiaolan Town, Zhongshan City, Guangdong, China – 528400",./assets/images/downlights/Skat-15-04-champeing-gold.webp
Skat 15,DDW165X,36V DC,350mA,5000K, CRI>97,Φ78*H102mm,60°,15W,AJ/CG,ASFD1500/50/60/RG,R-41159492,IS 10322 (PART 5/SEC1):2012,8099,"Guangdong Sat Technology Co. Ltd., No. 11 Lianbao Rd, Shengfeng District, Xiaolan Town, Zhongshan City, Guangdong, China – 528400",./assets/images/downlights/Skat-15-08-rose-gold.webp
Skat 15,DDW165X,36V DC,350mA,5000K, CRI>97,Φ78*H102mm,60°,15W,AJ/CG,ASFD1500/50/60/BR,R-41159492,IS 10322 (PART 5/SEC1):2012,8099,"Guangdong Sat Technology Co. Ltd., No. 11 Lianbao Rd, Shengfeng District, Xiaolan Town, Zhongshan City, Guangdong, China – 528400",./assets/images/downlights/Skat-15-10-brown.webp
Skat 15,DDW165X,36V DC,350mA,5000K, CRI>97,Φ78*H102mm,60°,15W,AJ/CG,ASFD1500/50/60/COF,R-41159492,IS 10322 (PART 5/SEC1):2012,8099,"Guangdong Sat Technology Co. Ltd., No. 11 Lianbao Rd, Shengfeng District, Xiaolan Town, Zhongshan City, Guangdong, China – 528400",./assets/images/downlights/Skat-15-07-coffee.webp
Skat 15,DDW165X,36V DC,350mA,5000K, CRI>97,Φ78*H102mm,60°,15W,AJ/CG,ASFD1500/50/60/DGR,R-41159492,IS 10322 (PART 5/SEC1):2012,8099,"Guangdong Sat Technology Co. Ltd., No. 11 Lianbao Rd, Shengfeng District, Xiaolan Town, Zhongshan City, Guangdong, China – 528400",./assets/images/downlights/Skat-15-09-dark-gray-default-001.webp
Skat 15,DDW165X,36V DC,350mA,5000K, CRI>97,Φ78*H102mm,60°,15W,AJ/CG,ASFD1500/50/60/BB,R-41159492,IS 10322 (PART 5/SEC1):2012,8099,"Guangdong Sat Technology Co. Ltd., No. 11 Lianbao Rd, Shengfeng District, Xiaolan Town, Zhongshan City, Guangdong, China – 528400",./assets/images/downlights/Skat-15-06-ballet-blue.webp
Skat 15,DDW165X,36V DC,350mA,5000K, CRI>97,Φ78*H102mm,60°,15W,AJ/CG,ASFD1500/50/60/CH,R-41159492,IS 10322 (PART 5/SEC1):2012,8099,"Guangdong Sat Technology Co. Ltd., No. 11 Lianbao Rd, Shengfeng District, Xiaolan Town, Zhongshan City, Guangdong, China – 528400",./assets/images/downlights/Skat-15-01-chrome.webp
Skat 15,DDW165X,36V DC,350mA,5000K, CRI>97,Φ78*H102mm,60°,15W,AJ/CG,ASFD1500/50/60/CHB,R-41159492,IS 10322 (PART 5/SEC1):2012,8099,"Guangdong Sat Technology Co. Ltd., No. 11 Lianbao Rd, Shengfeng District, Xiaolan Town, Zhongshan City, Guangdong, China – 528400",./assets/images/downlights/Skat-15-02-chrome-black.webp
SKAT Tunable,DDW165X,36V DC,350mA,2700K~6500K, CRI>97,Φ78*H102mm,15°,15W,AJ/CG,ASFD1500/CT/15/W,R-41159492,IS 10322 (PART 5/SEC1):2012,8299,"Guangdong Sat Technology Co. Ltd., No. 11 Lianbao Rd, Shengfeng District, Xiaolan Town, Zhongshan City, Guangdong, China – 528400",./assets/images/downlights/Skat-15-05-white.webp
SKAT Tunable,DDW165X,36V DC,350mA,2700K~6500K, CRI>97,Φ78*H102mm,15°,15W,AJ/CG,ASFD1500/CT/15/B,R-41159492,IS 10322 (PART 5/SEC1):2012,8299,"Guangdong Sat Technology Co. Ltd., No. 11 Lianbao Rd, Shengfeng District, Xiaolan Town, Zhongshan City, Guangdong, China – 528400",./assets/images/downlights/Skat-15-03-mat-black-default.webp
SKAT Tunable,DDW165X,36V DC,350mA,2700K~6500K, CRI>97,Φ78*H102mm,15°,15W,AJ/CG,ASFD1500/CT/15/CG,R-41159492,IS 10322 (PART 5/SEC1):2012,9299,"Guangdong Sat Technology Co. Ltd., No. 11 Lianbao Rd, Shengfeng District, Xiaolan Town, Zhongshan City, Guangdong, China – 528400",./assets/images/downlights/Skat-15-04-champeing-gold.webp
SKAT Tunable,DDW165X,36V DC,350mA,2700K~6500K, CRI>97,Φ78*H102mm,15°,15W,AJ/CG,ASFD1500/CT/15/RG,R-41159492,IS 10322 (PART 5/SEC1):2012,9299,"Guangdong Sat Technology Co. Ltd., No. 11 Lianbao Rd, Shengfeng District, Xiaolan Town, Zhongshan City, Guangdong, China – 528400",./assets/images/downlights/Skat-15-08-rose-gold.webp
SKAT Tunable,DDW165X,36V DC,350mA,2700K~6500K, CRI>97,Φ78*H102mm,15°,15W,AJ/CG,ASFD1500/CT/15/BR,R-41159492,IS 10322 (PART 5/SEC1):2012,9299,"Guangdong Sat Technology Co. Ltd., No. 11 Lianbao Rd, Shengfeng District, Xiaolan Town, Zhongshan City, Guangdong, China – 528400",./assets/images/downlights/Skat-15-10-brown.webp
SKAT Tunable,DDW165X,36V DC,350mA,2700K~6500K, CRI>97,Φ78*H102mm,15°,15W,AJ/CG,ASFD1500/CT/15/COF,R-41159492,IS 10322 (PART 5/SEC1):2012,9299,"Guangdong Sat Technology Co. Ltd., No. 11 Lianbao Rd, Shengfeng District, Xiaolan Town, Zhongshan City, Guangdong, China – 528400",./assets/images/downlights/Skat-15-07-coffee.webp
SKAT Tunable,DDW165X,36V DC,350mA,2700K~6500K, CRI>97,Φ78*H102mm,15°,15W,AJ/CG,ASFD1500/CT/15/DGR,R-41159492,IS 10322 (PART 5/SEC1):2012,9299,"Guangdong Sat Technology Co. Ltd., No. 11 Lianbao Rd, Shengfeng District, Xiaolan Town, Zhongshan City, Guangdong, China – 528400",./assets/images/downlights/Skat-15-09-dark-gray-default-001.webp
SKAT Tunable,DDW165X,36V DC,350mA,2700K~6500K, CRI>97,Φ78*H102mm,15°,15W,AJ/CG,ASFD1500/CT/15/BB,R-41159492,IS 10322 (PART 5/SEC1):2012,9299,"Guangdong Sat Technology Co. Ltd., No. 11 Lianbao Rd, Shengfeng District, Xiaolan Town, Zhongshan City, Guangdong, China – 528400",./assets/images/downlights/Skat-15-06-ballet-blue.webp
SKAT Tunable,DDW165X,36V DC,350mA,2700K~6500K, CRI>97,Φ78*H102mm,15°,15W,AJ/CG,ASFD1500/CT/15/CH,R-41159492,IS 10322 (PART 5/SEC1):2012,9299,"Guangdong Sat Technology Co. Ltd., No. 11 Lianbao Rd, Shengfeng District, Xiaolan Town, Zhongshan City, Guangdong, China – 528400",./assets/images/downlights/Skat-15-01-chrome.webp
SKAT Tunable,DDW165X,36V DC,350mA,2700K~6500K, CRI>97,Φ78*H102mm,15°,15W,AJ/CG,ASFD1500/CT/15/CHB,R-41159492,IS 10322 (PART 5/SEC1):2012,9299,"Guangdong Sat Technology Co. Ltd., No. 11 Lianbao Rd, Shengfeng District, Xiaolan Town, Zhongshan City, Guangdong, China – 528400",./assets/images/downlights/Skat-15-02-chrome-black.webp
SKAT Tunable,DDW165X,36V DC,350mA,2700K~6500K, CRI>97,Φ78*H102mm,36°,15W,AJ/CG,ASFD1500/CT/36/W,R-41159492,IS 10322 (PART 5/SEC1):2012,8299,"Guangdong Sat Technology Co. Ltd., No. 11 Lianbao Rd, Shengfeng District, Xiaolan Town, Zhongshan City, Guangdong, China – 528400",./assets/images/downlights/Skat-15-05-white.webp
SKAT Tunable,DDW165X,36V DC,350mA,2700K~6500K, CRI>97,Φ78*H102mm,36°,15W,AJ/CG,ASFD1500/CT/36/B,R-41159492,IS 10322 (PART 5/SEC1):2012,8299,"Guangdong Sat Technology Co. Ltd., No. 11 Lianbao Rd, Shengfeng District, Xiaolan Town, Zhongshan City, Guangdong, China – 528400",./assets/images/downlights/Skat-15-03-mat-black-default.webp
SKAT Tunable,DDW165X,36V DC,350mA,2700K~6500K, CRI>97,Φ78*H102mm,36°,15W,AJ/CG,ASFD1500/CT/36/CG,R-41159492,IS 10322 (PART 5/SEC1):2012,9299,"Guangdong Sat Technology Co. Ltd., No. 11 Lianbao Rd, Shengfeng District, Xiaolan Town, Zhongshan City, Guangdong, China – 528400",./assets/images/downlights/Skat-15-04-champeing-gold.webp
SKAT Tunable,DDW165X,36V DC,350mA,2700K~6500K, CRI>97,Φ78*H102mm,36°,15W,AJ/CG,ASFD1500/CT/36/RG,R-41159492,IS 10322 (PART 5/SEC1):2012,9299,"Guangdong Sat Technology Co. Ltd., No. 11 Lianbao Rd, Shengfeng District, Xiaolan Town, Zhongshan City, Guangdong, China – 528400",./assets/images/downlights/Skat-15-08-rose-gold.webp
SKAT Tunable,DDW165X,36V DC,350mA,2700K~6500K, CRI>97,Φ78*H102mm,36°,15W,AJ/CG,ASFD1500/CT/36/BR,R-41159492,IS 10322 (PART 5/SEC1):2012,9299,"Guangdong Sat Technology Co. Ltd., No. 11 Lianbao Rd, Shengfeng District, Xiaolan Town, Zhongshan City, Guangdong, China – 528400",./assets/images/downlights/Skat-15-10-brown.webp
SKAT Tunable,DDW165X,36V DC,350mA,2700K~6500K, CRI>97,Φ78*H102mm,36°,15W,AJ/CG,ASFD1500/CT/36/COF,R-41159492,IS 10322 (PART 5/SEC1):2012,9299,"Guangdong Sat Technology Co. Ltd., No. 11 Lianbao Rd, Shengfeng District, Xiaolan Town, Zhongshan City, Guangdong, China – 528400",./assets/images/downlights/Skat-15-07-coffee.webp
SKAT Tunable,DDW165X,36V DC,350mA,2700K~6500K, CRI>97,Φ78*H102mm,36°,15W,AJ/CG,ASFD1500/CT/36/DGR,R-41159492,IS 10322 (PART 5/SEC1):2012,9299,"Guangdong Sat Technology Co. Ltd., No. 11 Lianbao Rd, Shengfeng District, Xiaolan Town, Zhongshan City, Guangdong, China – 528400",./assets/images/downlights/Skat-15-09-dark-gray-default-001.webp
SKAT Tunable,DDW165X,36V DC,350mA,2700K~6500K, CRI>97,Φ78*H102mm,36°,15W,AJ/CG,ASFD1500/CT/36/BB,R-41159492,IS 10322 (PART 5/SEC1):2012,9299,"Guangdong Sat Technology Co. Ltd., No. 11 Lianbao Rd, Shengfeng District, Xiaolan Town, Zhongshan City, Guangdong, China – 528400",./assets/images/downlights/Skat-15-06-ballet-blue.webp
SKAT Tunable,DDW165X,36V DC,350mA,2700K~6500K, CRI>97,Φ78*H102mm,36°,15W,AJ/CG,ASFD1500/CT/36/CH,R-41159492,IS 10322 (PART 5/SEC1):2012,9299,"Guangdong Sat Technology Co. Ltd., No. 11 Lianbao Rd, Shengfeng District, Xiaolan Town, Zhongshan City, Guangdong, China – 528400",./assets/images/downlights/Skat-15-01-chrome.webp
SKAT Tunable,DDW165X,36V DC,350mA,2700K~6500K, CRI>97,Φ78*H102mm,36°,15W,AJ/CG,ASFD1500/CT/36/CHB,R-41159492,IS 10322 (PART 5/SEC1):2012,9299,"Guangdong Sat Technology Co. Ltd., No. 11 Lianbao Rd, Shengfeng District, Xiaolan Town, Zhongshan City, Guangdong, China – 528400",./assets/images/downlights/Skat-15-02-chrome-black.webp
SKAT Tunable,DDW165X,36V DC,350mA,2700K~6500K, CRI>97,Φ78*H102mm,60°,15W,AJ/CG,ASFD1500/CT/60/W,R-41159492,IS 10322 (PART 5/SEC1):2012,8299,"Guangdong Sat Technology Co. Ltd., No. 11 Lianbao Rd, Shengfeng District, Xiaolan Town, Zhongshan City, Guangdong, China – 528400",./assets/images/downlights/Skat-15-05-white.webp
SKAT Tunable,DDW165X,36V DC,350mA,2700K~6500K, CRI>97,Φ78*H102mm,60°,15W,AJ/CG,ASFD1500/CT/60/B,R-41159492,IS 10322 (PART 5/SEC1):2012,8299,"Guangdong Sat Technology Co. Ltd., No. 11 Lianbao Rd, Shengfeng District, Xiaolan Town, Zhongshan City, Guangdong, China – 528400",./assets/images/downlights/Skat-15-03-mat-black-default.webp
SKAT Tunable,DDW165X,36V DC,350mA,2700K~6500K, CRI>97,Φ78*H102mm,60°,15W,AJ/CG,ASFD1500/CT/60/CG,R-41159492,IS 10322 (PART 5/SEC1):2012,9299,"Guangdong Sat Technology Co. Ltd., No. 11 Lianbao Rd, Shengfeng District, Xiaolan Town, Zhongshan City, Guangdong, China – 528400",./assets/images/downlights/Skat-15-04-champeing-gold.webp
SKAT Tunable,DDW165X,36V DC,350mA,2700K~6500K, CRI>97,Φ78*H102mm,60°,15W,AJ/CG,ASFD1500/CT/60/RG,R-41159492,IS 10322 (PART 5/SEC1):2012,9299,"Guangdong Sat Technology Co. Ltd., No. 11 Lianbao Rd, Shengfeng District, Xiaolan Town, Zhongshan City, Guangdong, China – 528400",./assets/images/downlights/Skat-15-08-rose-gold.webp
SKAT Tunable,DDW165X,36V DC,350mA,2700K~6500K, CRI>97,Φ78*H102mm,60°,15W,AJ/CG,ASFD1500/CT/60/BR,R-41159492,IS 10322 (PART 5/SEC1):2012,9299,"Guangdong Sat Technology Co. Ltd., No. 11 Lianbao Rd, Shengfeng District, Xiaolan Town, Zhongshan City, Guangdong, China – 528400",./assets/images/downlights/Skat-15-10-brown.webp
SKAT Tunable,DDW165X,36V DC,350mA,2700K~6500K, CRI>97,Φ78*H102mm,60°,15W,AJ/CG,ASFD1500/CT/60/COF,R-41159492,IS 10322 (PART 5/SEC1):2012,9299,"Guangdong Sat Technology Co. Ltd., No. 11 Lianbao Rd, Shengfeng District, Xiaolan Town, Zhongshan City, Guangdong, China – 528400",./assets/images/downlights/Skat-15-07-coffee.webp
SKAT Tunable,DDW165X,36V DC,350mA,2700K~6500K, CRI>97,Φ78*H102mm,60°,15W,AJ/CG,ASFD1500/CT/60/DGR,R-41159492,IS 10322 (PART 5/SEC1):2012,9299,"Guangdong Sat Technology Co. Ltd., No. 11 Lianbao Rd, Shengfeng District, Xiaolan Town, Zhongshan City, Guangdong, China – 528400",./assets/images/downlights/Skat-15-09-dark-gray-default-001.webp
SKAT Tunable,DDW165X,36V DC,350mA,2700K~6500K, CRI>97,Φ78*H102mm,60°,15W,AJ/CG,ASFD1500/CT/60/BB,R-41159492,IS 10322 (PART 5/SEC1):2012,9299,"Guangdong Sat Technology Co. Ltd., No. 11 Lianbao Rd, Shengfeng District, Xiaolan Town, Zhongshan City, Guangdong, China – 528400",./assets/images/downlights/Skat-15-06-ballet-blue.webp
SKAT Tunable,DDW165X,36V DC,350mA,2700K~6500K, CRI>97,Φ78*H102mm,60°,15W,AJ/CG,ASFD1500/CT/60/CH,R-41159492,IS 10322 (PART 5/SEC1):2012,9299,"Guangdong Sat Technology Co. Ltd., No. 11 Lianbao Rd, Shengfeng District, Xiaolan Town, Zhongshan City, Guangdong, China – 528400",./assets/images/downlights/Skat-15-01-chrome.webp
SKAT Tunable,DDW165X,36V DC,350mA,2700K~6500K, CRI>97,Φ78*H102mm,60°,15W,AJ/CG,ASFD1500/CT/60/CHB,R-41159492,IS 10322 (PART 5/SEC1):2012,9299,"Guangdong Sat Technology Co. Ltd., No. 11 Lianbao Rd, Shengfeng District, Xiaolan Town, Zhongshan City, Guangdong, China – 528400",./assets/images/downlights/Skat-15-02-chrome-black.webp
Felis 5,DTB125F,36V DC,100mA,2700K, CRI>97,Φ49*H74mm,15°,5W,AJ/CG,ARFD0540/27/15/W,R-41159492,IS 10322 (PART 5/SEC1):2012,3999,"Guangdong Sat Technology Co. Ltd., No. 11 Lianbao Rd, Shengfeng District, Xiaolan Town, Zhongshan City, Guangdong, China – 528400",./assets/images/downlights/Felis-5-white.webp
Felis 5,DTB125F,36V DC,100mA,2700K, CRI>97,Φ49*H74mm,15°,5W,AJ/CG,ARFD0540/27/15/B,R-41159492,IS 10322 (PART 5/SEC1):2012,3999,"Guangdong Sat Technology Co. Ltd., No. 11 Lianbao Rd, Shengfeng District, Xiaolan Town, Zhongshan City, Guangdong, China – 528400",./assets/images/downlights/Felis-5-black.webp
Felis 5,DTB125F,36V DC,100mA,3000K, CRI>97,Φ49*H74mm,15°,5W,AJ/CG,ARFD0540/30/15/W,R-41159492,IS 10322 (PART 5/SEC1):2012,3999,"Guangdong Sat Technology Co. Ltd., No. 11 Lianbao Rd, Shengfeng District, Xiaolan Town, Zhongshan City, Guangdong, China – 528400",./assets/images/downlights/Felis-5-white.webp
Felis 5,DTB125F,36V DC,100mA,3000K, CRI>97,Φ49*H74mm,15°,5W,AJ/CG,ARFD0540/30/15/B,R-41159492,IS 10322 (PART 5/SEC1):2012,3999,"Guangdong Sat Technology Co. Ltd., No. 11 Lianbao Rd, Shengfeng District, Xiaolan Town, Zhongshan City, Guangdong, China – 528400",./assets/images/downlights/Felis-5-black.webp
Felis 5,DTB125F,36V DC,100mA,3500K, CRI>97,Φ49*H74mm,15°,5W,AJ/CG,ARFD0540/35/15/W,R-41159492,IS 10322 (PART 5/SEC1):2012,3999,"Guangdong Sat Technology Co. Ltd., No. 11 Lianbao Rd, Shengfeng District, Xiaolan Town, Zhongshan City, Guangdong, China – 528400",./assets/images/downlights/Felis-5-white.webp
Felis 5,DTB125F,36V DC,100mA,3500K, CRI>97,Φ49*H74mm,15°,5W,AJ/CG,ARFD0540/35/15/B,R-41159492,IS 10322 (PART 5/SEC1):2012,3999,"Guangdong Sat Technology Co. Ltd., No. 11 Lianbao Rd, Shengfeng District, Xiaolan Town, Zhongshan City, Guangdong, China – 528400",./assets/images/downlights/Felis-5-black.webp
Felis 5,DTB125F,36V DC,100mA,4000K, CRI>97,Φ49*H74mm,15°,5W,AJ/CG,ARFD0540/40/15/W,R-41159492,IS 10322 (PART 5/SEC1):2012,3999,"Guangdong Sat Technology Co. Ltd., No. 11 Lianbao Rd, Shengfeng District, Xiaolan Town, Zhongshan City, Guangdong, China – 528400",./assets/images/downlights/Felis-5-white.webp
Felis 5,DTB125F,36V DC,100mA,4000K, CRI>97,Φ49*H74mm,15°,5W,AJ/CG,ARFD0540/40/15/B,R-41159492,IS 10322 (PART 5/SEC1):2012,3999,"Guangdong Sat Technology Co. Ltd., No. 11 Lianbao Rd, Shengfeng District, Xiaolan Town, Zhongshan City, Guangdong, China – 528400",./assets/images/downlights/Felis-5-black.webp
Felis 5,DTB125F,36V DC,100mA,5000K, CRI>97,Φ49*H74mm,15°,5W,AJ/CG,ARFD0540/50/15/W,R-41159492,IS 10322 (PART 5/SEC1):2012,3999,"Guangdong Sat Technology Co. Ltd., No. 11 Lianbao Rd, Shengfeng District, Xiaolan Town, Zhongshan City, Guangdong, China – 528400",./assets/images/downlights/Felis-5-white.webp
Felis 5,DTB125F,36V DC,100mA,5000K, CRI>97,Φ49*H74mm,15°,5W,AJ/CG,ARFD0540/50/15/B,R-41159492,IS 10322 (PART 5/SEC1):2012,3999,"Guangdong Sat Technology Co. Ltd., No. 11 Lianbao Rd, Shengfeng District, Xiaolan Town, Zhongshan City, Guangdong, China – 528400",./assets/images/downlights/Felis-5-black.webp
Felis 5,DTB125F,36V DC,100mA,2700K, CRI>97,Φ49*H74mm,24°,5W,AJ/CG,ARFD0540/27/24/W,R-41159492,IS 10322 (PART 5/SEC1):2012,3999,"Guangdong Sat Technology Co. Ltd., No. 11 Lianbao Rd, Shengfeng District, Xiaolan Town, Zhongshan City, Guangdong, China – 528400",./assets/images/downlights/Felis-5-white.webp
Felis 5,DTB125F,36V DC,100mA,2700K, CRI>97,Φ49*H74mm,24°,5W,AJ/CG,ARFD0540/27/24/B,R-41159492,IS 10322 (PART 5/SEC1):2012,3999,"Guangdong Sat Technology Co. Ltd., No. 11 Lianbao Rd, Shengfeng District, Xiaolan Town, Zhongshan City, Guangdong, China – 528400",./assets/images/downlights/Felis-5-black.webp
Felis 5,DTB125F,36V DC,100mA,3000K, CRI>97,Φ49*H74mm,24°,5W,AJ/CG,ARFD0540/30/24/W,R-41159492,IS 10322 (PART 5/SEC1):2012,3999,"Guangdong Sat Technology Co. Ltd., No. 11 Lianbao Rd, Shengfeng District, Xiaolan Town, Zhongshan City, Guangdong, China – 528400",./assets/images/downlights/Felis-5-white.webp
Felis 5,DTB125F,36V DC,100mA,3000K, CRI>97,Φ49*H74mm,24°,5W,AJ/CG,ARFD0540/30/24/B,R-41159492,IS 10322 (PART 5/SEC1):2012,3999,"Guangdong Sat Technology Co. Ltd., No. 11 Lianbao Rd, Shengfeng District, Xiaolan Town, Zhongshan City, Guangdong, China – 528400",./assets/images/downlights/Felis-5-black.webp
Felis 5,DTB125F,36V DC,100mA,3500K, CRI>97,Φ49*H74mm,24°,5W,AJ/CG,ARFD0540/35/24/W,R-41159492,IS 10322 (PART 5/SEC1):2012,3999,"Guangdong Sat Technology Co. Ltd., No. 11 Lianbao Rd, Shengfeng District, Xiaolan Town, Zhongshan City, Guangdong, China – 528400",./assets/images/downlights/Felis-5-white.webp
Felis 5,DTB125F,36V DC,100mA,3500K, CRI>97,Φ49*H74mm,24°,5W,AJ/CG,ARFD0540/35/24/B,R-41159492,IS 10322 (PART 5/SEC1):2012,3999,"Guangdong Sat Technology Co. Ltd., No. 11 Lianbao Rd, Shengfeng District, Xiaolan Town, Zhongshan City, Guangdong, China – 528400",./assets/images/downlights/Felis-5-black.webp
Felis 5,DTB125F,36V DC,100mA,4000K, CRI>97,Φ49*H74mm,24°,5W,AJ/CG,ARFD0540/40/24/W,R-41159492,IS 10322 (PART 5/SEC1):2012,3999,"Guangdong Sat Technology Co. Ltd., No. 11 Lianbao Rd, Shengfeng District, Xiaolan Town, Zhongshan City, Guangdong, China – 528400",./assets/images/downlights/Felis-5-white.webp
Felis 5,DTB125F,36V DC,100mA,4000K, CRI>97,Φ49*H74mm,24°,5W,AJ/CG,ARFD0540/40/24/B,R-41159492,IS 10322 (PART 5/SEC1):2012,3999,"Guangdong Sat Technology Co. Ltd., No. 11 Lianbao Rd, Shengfeng District, Xiaolan Town, Zhongshan City, Guangdong, China – 528400",./assets/images/downlights/Felis-5-black.webp
Felis 5,DTB125F,36V DC,100mA,5000K, CRI>97,Φ49*H74mm,24°,5W,AJ/CG,ARFD0540/50/24/W,R-41159492,IS 10322 (PART 5/SEC1):2012,3999,"Guangdong Sat Technology Co. Ltd., No. 11 Lianbao Rd, Shengfeng District, Xiaolan Town, Zhongshan City, Guangdong, China – 528400",./assets/images/downlights/Felis-5-white.webp
Felis 5,DTB125F,36V DC,100mA,5000K, CRI>97,Φ49*H74mm,24°,5W,AJ/CG,ARFD0540/50/24/B,R-41159492,IS 10322 (PART 5/SEC1):2012,3999,"Guangdong Sat Technology Co. Ltd., No. 11 Lianbao Rd, Shengfeng District, Xiaolan Town, Zhongshan City, Guangdong, China – 528400",./assets/images/downlights/Felis-5-black.webp
Felis 5,DTB125F,36V DC,100mA,2700K, CRI>97,Φ49*H74mm,36°,5W,AJ/CG,ARFD0540/27/36/W,R-41159492,IS 10322 (PART 5/SEC1):2012,3999,"Guangdong Sat Technology Co. Ltd., No. 11 Lianbao Rd, Shengfeng District, Xiaolan Town, Zhongshan City, Guangdong, China – 528400",./assets/images/downlights/Felis-5-white.webp
Felis 5,DTB125F,36V DC,100mA,2700K, CRI>97,Φ49*H74mm,36°,5W,AJ/CG,ARFD0540/27/36/B,R-41159492,IS 10322 (PART 5/SEC1):2012,3999,"Guangdong Sat Technology Co. Ltd., No. 11 Lianbao Rd, Shengfeng District, Xiaolan Town, Zhongshan City, Guangdong, China – 528400",./assets/images/downlights/Felis-5-black.webp
Felis 5,DTB125F,36V DC,100mA,3000K, CRI>97,Φ49*H74mm,36°,5W,AJ/CG,ARFD0540/30/36/W,R-41159492,IS 10322 (PART 5/SEC1):2012,3999,"Guangdong Sat Technology Co. Ltd., No. 11 Lianbao Rd, Shengfeng District, Xiaolan Town, Zhongshan City, Guangdong, China – 528400",./assets/images/downlights/Felis-5-white.webp
Felis 5,DTB125F,36V DC,100mA,3000K, CRI>97,Φ49*H74mm,36°,5W,AJ/CG,ARFD0540/30/36/B,R-41159492,IS 10322 (PART 5/SEC1):2012,3999,"Guangdong Sat Technology Co. Ltd., No. 11 Lianbao Rd, Shengfeng District, Xiaolan Town, Zhongshan City, Guangdong, China – 528400",./assets/images/downlights/Felis-5-black.webp
Felis 5,DTB125F,36V DC,100mA,3500K, CRI>97,Φ49*H74mm,36°,5W,AJ/CG,ARFD0540/35/36/W,R-41159492,IS 10322 (PART 5/SEC1):2012,3999,"Guangdong Sat Technology Co. Ltd., No. 11 Lianbao Rd, Shengfeng District, Xiaolan Town, Zhongshan City, Guangdong, China – 528400",./assets/images/downlights/Felis-5-white.webp
Felis 5,DTB125F,36V DC,100mA,3500K, CRI>97,Φ49*H74mm,36°,5W,AJ/CG,ARFD0540/35/36/B,R-41159492,IS 10322 (PART 5/SEC1):2012,3999,"Guangdong Sat Technology Co. Ltd., No. 11 Lianbao Rd, Shengfeng District, Xiaolan Town, Zhongshan City, Guangdong, China – 528400",./assets/images/downlights/Felis-5-black.webp
Felis 5,DTB125F,36V DC,100mA,4000K, CRI>97,Φ49*H74mm,36°,5W,AJ/CG,ARFD0540/40/36/W,R-41159492,IS 10322 (PART 5/SEC1):2012,3999,"Guangdong Sat Technology Co. Ltd., No. 11 Lianbao Rd, Shengfeng District, Xiaolan Town, Zhongshan City, Guangdong, China – 528400",./assets/images/downlights/Felis-5-white.webp
Felis 5,DTB125F,36V DC,100mA,4000K, CRI>97,Φ49*H74mm,36°,5W,AJ/CG,ARFD0540/40/36/B,R-41159492,IS 10322 (PART 5/SEC1):2012,3999,"Guangdong Sat Technology Co. Ltd., No. 11 Lianbao Rd, Shengfeng District, Xiaolan Town, Zhongshan City, Guangdong, China – 528400",./assets/images/downlights/Felis-5-black.webp
Felis 5,DTB125F,36V DC,100mA,5000K, CRI>97,Φ49*H74mm,36°,5W,AJ/CG,ARFD0540/50/36/W,R-41159492,IS 10322 (PART 5/SEC1):2012,3999,"Guangdong Sat Technology Co. Ltd., No. 11 Lianbao Rd, Shengfeng District, Xiaolan Town, Zhongshan City, Guangdong, China – 528400",./assets/images/downlights/Felis-5-white.webp
Felis 5,DTB125F,36V DC,100mA,5000K, CRI>97,Φ49*H74mm,36°,5W,AJ/CG,ARFD0540/50/36/B,R-41159492,IS 10322 (PART 5/SEC1):2012,3999,"Guangdong Sat Technology Co. Ltd., No. 11 Lianbao Rd, Shengfeng District, Xiaolan Town, Zhongshan City, Guangdong, China – 528400",./assets/images/downlights/Felis-5-black.webp
Felis 5 Tunable,DTB125F,36V DC,100mA,2700K~6500K, CRI>97,Φ49*H74mm,15°,5W,AJ/CG,ARFD0540/CT/15/W,R-41159492,IS 10322 (PART 5/SEC1):2012,5199,"Guangdong Sat Technology Co. Ltd., No. 11 Lianbao Rd, Shengfeng District, Xiaolan Town, Zhongshan City, Guangdong, China – 528400",./assets/images/downlights/Felis-5-white.webp
Felis 5 Tunable,DTB125F,36V DC,100mA,2700K~6500K, CRI>97,Φ49*H74mm,15°,5W,AJ/CG,ARFD0540/CT/15/B,R-41159492,IS 10322 (PART 5/SEC1):2012,5199,"Guangdong Sat Technology Co. Ltd., No. 11 Lianbao Rd, Shengfeng District, Xiaolan Town, Zhongshan City, Guangdong, China – 528400",./assets/images/downlights/Felis-5-black.webp
Felis 5 Tunable,DTB125F,36V DC,100mA,2700K~6500K, CRI>97,Φ49*H74mm,24°,5W,AJ/CG,ARFD0540/CT/24/W,R-41159492,IS 10322 (PART 5/SEC1):2012,5199,"Guangdong Sat Technology Co. Ltd., No. 11 Lianbao Rd, Shengfeng District, Xiaolan Town, Zhongshan City, Guangdong, China – 528400",./assets/images/downlights/Felis-5-white.webp
Felis 5 Tunable,DTB125F,36V DC,100mA,2700K~6500K, CRI>97,Φ49*H74mm,24°,5W,AJ/CG,ARFD0540/CT/24/B,R-41159492,IS 10322 (PART 5/SEC1):2012,5199,"Guangdong Sat Technology Co. Ltd., No. 11 Lianbao Rd, Shengfeng District, Xiaolan Town, Zhongshan City, Guangdong, China – 528400",./assets/images/downlights/Felis-5-black.webp
Felis 5 Tunable,DTB125F,36V DC,100mA,2700K~6500K, CRI>97,Φ49*H74mm,36°,5W,AJ/CG,ARFD0540/CT/36/W,R-41159492,IS 10322 (PART 5/SEC1):2012,5199,"Guangdong Sat Technology Co. Ltd., No. 11 Lianbao Rd, Shengfeng District, Xiaolan Town, Zhongshan City, Guangdong, China – 528400",./assets/images/downlights/Felis-5-white.webp
Felis 5 Tunable,DTB125F,36V DC,100mA,2700K~6500K, CRI>97,Φ49*H74mm,36°,5W,AJ/CG,ARFD0540/CT/36/B,R-41159492,IS 10322 (PART 5/SEC1):2012,5199,"Guangdong Sat Technology Co. Ltd., No. 11 Lianbao Rd, Shengfeng District, Xiaolan Town, Zhongshan City, Guangdong, China – 528400",./assets/images/downlights/Felis-5-black.webp
Felis 7,DTB125F,36V DC,150mA,2700K, CRI>97,Φ64*H72mm,15°,7W,AJ/CG,ARFD0755/27/15/W,R-41159492,IS 10322 (PART 5/SEC1):2012,4499,"Guangdong Sat Technology Co. Ltd., No. 11 Lianbao Rd, Shengfeng District, Xiaolan Town, Zhongshan City, Guangdong, China – 528400",./assets/images/downlights/Felis-7-white.webp
Felis 7,DTB125F,36V DC,150mA,2700K, CRI>97,Φ64*H72mm,15°,7W,AJ/CG,ARFD0755/27/15/B,R-41159492,IS 10322 (PART 5/SEC1):2012,4499,"Guangdong Sat Technology Co. Ltd., No. 11 Lianbao Rd, Shengfeng District, Xiaolan Town, Zhongshan City, Guangdong, China – 528400",./assets/images/downlights/Felis-7-black.webp
Felis 7,DTB125F,36V DC,150mA,3000K, CRI>97,Φ64*H72mm,15°,7W,AJ/CG,ARFD0755/30/15/W,R-41159492,IS 10322 (PART 5/SEC1):2012,4499,"Guangdong Sat Technology Co. Ltd., No. 11 Lianbao Rd, Shengfeng District, Xiaolan Town, Zhongshan City, Guangdong, China – 528400",./assets/images/downlights/Felis-7-white.webp
Felis 7,DTB125F,36V DC,150mA,3000K, CRI>97,Φ64*H72mm,15°,7W,AJ/CG,ARFD0755/30/15/B,R-41159492,IS 10322 (PART 5/SEC1):2012,4499,"Guangdong Sat Technology Co. Ltd., No. 11 Lianbao Rd, Shengfeng District, Xiaolan Town, Zhongshan City, Guangdong, China – 528400",./assets/images/downlights/Felis-7-black.webp
Felis 7,DTB125F,36V DC,150mA,3500K, CRI>97,Φ64*H72mm,15°,7W,AJ/CG,ARFD0755/35/15/W,R-41159492,IS 10322 (PART 5/SEC1):2012,4499,"Guangdong Sat Technology Co. Ltd., No. 11 Lianbao Rd, Shengfeng District, Xiaolan Town, Zhongshan City, Guangdong, China – 528400",./assets/images/downlights/Felis-7-white.webp
Felis 7,DTB125F,36V DC,150mA,3500K, CRI>97,Φ64*H72mm,15°,7W,AJ/CG,ARFD0755/35/15/B,R-41159492,IS 10322 (PART 5/SEC1):2012,4499,"Guangdong Sat Technology Co. Ltd., No. 11 Lianbao Rd, Shengfeng District, Xiaolan Town, Zhongshan City, Guangdong, China – 528400",./assets/images/downlights/Felis-7-black.webp
Felis 7,DTB125F,36V DC,150mA,4000K, CRI>97,Φ64*H72mm,15°,7W,AJ/CG,ARFD0755/40/15/W,R-41159492,IS 10322 (PART 5/SEC1):2012,4499,"Guangdong Sat Technology Co. Ltd., No. 11 Lianbao Rd, Shengfeng District, Xiaolan Town, Zhongshan City, Guangdong, China – 528400",./assets/images/downlights/Felis-7-white.webp
Felis 7,DTB125F,36V DC,150mA,4000K, CRI>97,Φ64*H72mm,15°,7W,AJ/CG,ARFD0755/40/15/B,R-41159492,IS 10322 (PART 5/SEC1):2012,4499,"Guangdong Sat Technology Co. Ltd., No. 11 Lianbao Rd, Shengfeng District, Xiaolan Town, Zhongshan City, Guangdong, China – 528400",./assets/images/downlights/Felis-7-black.webp
Felis 7,DTB125F,36V DC,150mA,5000K, CRI>97,Φ64*H72mm,15°,7W,AJ/CG,ARFD0755/50/15/W,R-41159492,IS 10322 (PART 5/SEC1):2012,4499,"Guangdong Sat Technology Co. Ltd., No. 11 Lianbao Rd, Shengfeng District, Xiaolan Town, Zhongshan City, Guangdong, China – 528400",./assets/images/downlights/Felis-7-white.webp
Felis 7,DTB125F,36V DC,150mA,5000K, CRI>97,Φ64*H72mm,15°,7W,AJ/CG,ARFD0755/50/15/B,R-41159492,IS 10322 (PART 5/SEC1):2012,4499,"Guangdong Sat Technology Co. Ltd., No. 11 Lianbao Rd, Shengfeng District, Xiaolan Town, Zhongshan City, Guangdong, China – 528400",./assets/images/downlights/Felis-7-black.webp
Felis 7,DTB125F,36V DC,150mA,2700K, CRI>97,Φ64*H72mm,24°,7W,AJ/CG,ARFD0755/27/24/W,R-41159492,IS 10322 (PART 5/SEC1):2012,4499,"Guangdong Sat Technology Co. Ltd., No. 11 Lianbao Rd, Shengfeng District, Xiaolan Town, Zhongshan City, Guangdong, China – 528400",./assets/images/downlights/Felis-7-white.webp
Felis 7,DTB125F,36V DC,150mA,2700K, CRI>97,Φ64*H72mm,24°,7W,AJ/CG,ARFD0755/27/24/B,R-41159492,IS 10322 (PART 5/SEC1):2012,4499,"Guangdong Sat Technology Co. Ltd., No. 11 Lianbao Rd, Shengfeng District, Xiaolan Town, Zhongshan City, Guangdong, China – 528400",./assets/images/downlights/Felis-7-black.webp
Felis 7,DTB125F,36V DC,150mA,3000K, CRI>97,Φ64*H72mm,24°,7W,AJ/CG,ARFD0755/30/24/W,R-41159492,IS 10322 (PART 5/SEC1):2012,4499,"Guangdong Sat Technology Co. Ltd., No. 11 Lianbao Rd, Shengfeng District, Xiaolan Town, Zhongshan City, Guangdong, China – 528400",./assets/images/downlights/Felis-7-white.webp
Felis 7,DTB125F,36V DC,150mA,3000K, CRI>97,Φ64*H72mm,24°,7W,AJ/CG,ARFD0755/30/24/B,R-41159492,IS 10322 (PART 5/SEC1):2012,4499,"Guangdong Sat Technology Co. Ltd., No. 11 Lianbao Rd, Shengfeng District, Xiaolan Town, Zhongshan City, Guangdong, China – 528400",./assets/images/downlights/Felis-7-black.webp
Felis 7,DTB125F,36V DC,150mA,3500K, CRI>97,Φ64*H72mm,24°,7W,AJ/CG,ARFD0755/35/24/W,R-41159492,IS 10322 (PART 5/SEC1):2012,4499,"Guangdong Sat Technology Co. Ltd., No. 11 Lianbao Rd, Shengfeng District, Xiaolan Town, Zhongshan City, Guangdong, China – 528400",./assets/images/downlights/Felis-7-white.webp
Felis 7,DTB125F,36V DC,150mA,3500K, CRI>97,Φ64*H72mm,24°,7W,AJ/CG,ARFD0755/35/24/B,R-41159492,IS 10322 (PART 5/SEC1):2012,4499,"Guangdong Sat Technology Co. Ltd., No. 11 Lianbao Rd, Shengfeng District, Xiaolan Town, Zhongshan City, Guangdong, China – 528400",./assets/images/downlights/Felis-7-black.webp
Felis 7,DTB125F,36V DC,150mA,4000K, CRI>97,Φ64*H72mm,24°,7W,AJ/CG,ARFD0755/40/24/W,R-41159492,IS 10322 (PART 5/SEC1):2012,4499,"Guangdong Sat Technology Co. Ltd., No. 11 Lianbao Rd, Shengfeng District, Xiaolan Town, Zhongshan City, Guangdong, China – 528400",./assets/images/downlights/Felis-7-white.webp
Felis 7,DTB125F,36V DC,150mA,4000K, CRI>97,Φ64*H72mm,24°,7W,AJ/CG,ARFD0755/40/24/B,R-41159492,IS 10322 (PART 5/SEC1):2012,4499,"Guangdong Sat Technology Co. Ltd., No. 11 Lianbao Rd, Shengfeng District, Xiaolan Town, Zhongshan City, Guangdong, China – 528400",./assets/images/downlights/Felis-7-black.webp
Felis 7,DTB125F,36V DC,150mA,5000K, CRI>97,Φ64*H72mm,24°,7W,AJ/CG,ARFD0755/50/24/W,R-41159492,IS 10322 (PART 5/SEC1):2012,4499,"Guangdong Sat Technology Co. Ltd., No. 11 Lianbao Rd, Shengfeng District, Xiaolan Town, Zhongshan City, Guangdong, China – 528400",./assets/images/downlights/Felis-7-white.webp
Felis 7,DTB125F,36V DC,150mA,5000K, CRI>97,Φ64*H72mm,24°,7W,AJ/CG,ARFD0755/50/24/B,R-41159492,IS 10322 (PART 5/SEC1):2012,4499,"Guangdong Sat Technology Co. Ltd., No. 11 Lianbao Rd, Shengfeng District, Xiaolan Town, Zhongshan City, Guangdong, China – 528400",./assets/images/downlights/Felis-7-black.webp
Felis 7,DTB125F,36V DC,150mA,2700K, CRI>97,Φ64*H72mm,36°,7W,AJ/CG,ARFD0755/27/36/W,R-41159492,IS 10322 (PART 5/SEC1):2012,4499,"Guangdong Sat Technology Co. Ltd., No. 11 Lianbao Rd, Shengfeng District, Xiaolan Town, Zhongshan City, Guangdong, China – 528400",./assets/images/downlights/Felis-7-white.webp
Felis 7,DTB125F,36V DC,150mA,2700K, CRI>97,Φ64*H72mm,36°,7W,AJ/CG,ARFD0755/27/36/B,R-41159492,IS 10322 (PART 5/SEC1):2012,4499,"Guangdong Sat Technology Co. Ltd., No. 11 Lianbao Rd, Shengfeng District, Xiaolan Town, Zhongshan City, Guangdong, China – 528400",./assets/images/downlights/Felis-7-black.webp
Felis 7,DTB125F,36V DC,150mA,3000K, CRI>97,Φ64*H72mm,36°,7W,AJ/CG,ARFD0755/30/36/W,R-41159492,IS 10322 (PART 5/SEC1):2012,4499,"Guangdong Sat Technology Co. Ltd., No. 11 Lianbao Rd, Shengfeng District, Xiaolan Town, Zhongshan City, Guangdong, China – 528400",./assets/images/downlights/Felis-7-white.webp
Felis 7,DTB125F,36V DC,150mA,3000K, CRI>97,Φ64*H72mm,36°,7W,AJ/CG,ARFD0755/30/36/B,R-41159492,IS 10322 (PART 5/SEC1):2012,4499,"Guangdong Sat Technology Co. Ltd., No. 11 Lianbao Rd, Shengfeng District, Xiaolan Town, Zhongshan City, Guangdong, China – 528400",./assets/images/downlights/Felis-7-black.webp
Felis 7,DTB125F,36V DC,150mA,3500K, CRI>97,Φ64*H72mm,36°,7W,AJ/CG,ARFD0755/35/36/W,R-41159492,IS 10322 (PART 5/SEC1):2012,4499,"Guangdong Sat Technology Co. Ltd., No. 11 Lianbao Rd, Shengfeng District, Xiaolan Town, Zhongshan City, Guangdong, China – 528400",./assets/images/downlights/Felis-7-white.webp
Felis 7,DTB125F,36V DC,150mA,3500K, CRI>97,Φ64*H72mm,36°,7W,AJ/CG,ARFD0755/35/36/B,R-41159492,IS 10322 (PART 5/SEC1):2012,4499,"Guangdong Sat Technology Co. Ltd., No. 11 Lianbao Rd, Shengfeng District, Xiaolan Town, Zhongshan City, Guangdong, China – 528400",./assets/images/downlights/Felis-7-black.webp
Felis 7,DTB125F,36V DC,150mA,4000K, CRI>97,Φ64*H72mm,36°,7W,AJ/CG,ARFD0755/40/36/W,R-41159492,IS 10322 (PART 5/SEC1):2012,4499,"Guangdong Sat Technology Co. Ltd., No. 11 Lianbao Rd, Shengfeng District, Xiaolan Town, Zhongshan City, Guangdong, China – 528400",./assets/images/downlights/Felis-7-white.webp
Felis 7,DTB125F,36V DC,150mA,4000K, CRI>97,Φ64*H72mm,36°,7W,AJ/CG,ARFD0755/40/36/B,R-41159492,IS 10322 (PART 5/SEC1):2012,4499,"Guangdong Sat Technology Co. Ltd., No. 11 Lianbao Rd, Shengfeng District, Xiaolan Town, Zhongshan City, Guangdong, China – 528400",./assets/images/downlights/Felis-7-black.webp
Felis 7,DTB125F,36V DC,150mA,5000K, CRI>97,Φ64*H72mm,36°,7W,AJ/CG,ARFD0755/50/36/W,R-41159492,IS 10322 (PART 5/SEC1):2012,4499,"Guangdong Sat Technology Co. Ltd., No. 11 Lianbao Rd, Shengfeng District, Xiaolan Town, Zhongshan City, Guangdong, China – 528400",./assets/images/downlights/Felis-7-white.webp
Felis 7,DTB125F,36V DC,150mA,5000K, CRI>97,Φ64*H72mm,36°,7W,AJ/CG,ARFD0755/50/36/B,R-41159492,IS 10322 (PART 5/SEC1):2012,4499,"Guangdong Sat Technology Co. Ltd., No. 11 Lianbao Rd, Shengfeng District, Xiaolan Town, Zhongshan City, Guangdong, China – 528400",./assets/images/downlights/Felis-7-black.webp
Felis 7 Tunable,DTB125F,36V DC,150mA,2700K~6500K, CRI>97,Φ64*H72mm,15°,7W,AJ/CG,ARFD0755/CT/15/W,R-41159492,IS 10322 (PART 5/SEC1):2012,5699,"Guangdong Sat Technology Co. Ltd., No. 11 Lianbao Rd, Shengfeng District, Xiaolan Town, Zhongshan City, Guangdong, China – 528400",./assets/images/downlights/Felis-7-white.webp
Felis 7 Tunable,DTB125F,36V DC,150mA,2700K~6500K, CRI>97,Φ64*H72mm,15°,7W,AJ/CG,ARFD0755/CT/15/B,R-41159492,IS 10322 (PART 5/SEC1):2012,5699,"Guangdong Sat Technology Co. Ltd., No. 11 Lianbao Rd, Shengfeng District, Xiaolan Town, Zhongshan City, Guangdong, China – 528400",./assets/images/downlights/Felis-7-black.webp
Felis 7 Tunable,DTB125F,36V DC,150mA,2700K~6500K, CRI>97,Φ64*H72mm,24°,7W,AJ/CG,ARFD0755/CT/24/W,R-41159492,IS 10322 (PART 5/SEC1):2012,5699,"Guangdong Sat Technology Co. Ltd., No. 11 Lianbao Rd, Shengfeng District, Xiaolan Town, Zhongshan City, Guangdong, China – 528400",./assets/images/downlights/Felis-7-white.webp
Felis 7 Tunable,DTB125F,36V DC,150mA,2700K~6500K, CRI>97,Φ64*H72mm,24°,7W,AJ/CG,ARFD0755/CT/24/B,R-41159492,IS 10322 (PART 5/SEC1):2012,5699,"Guangdong Sat Technology Co. Ltd., No. 11 Lianbao Rd, Shengfeng District, Xiaolan Town, Zhongshan City, Guangdong, China – 528400",./assets/images/downlights/Felis-7-black.webp
Felis 7 Tunable,DTB125F,36V DC,150mA,2700K~6500K, CRI>97,Φ64*H72mm,36°,7W,AJ/CG,ARFD0755/CT/36/W,R-41159492,IS 10322 (PART 5/SEC1):2012,5699,"Guangdong Sat Technology Co. Ltd., No. 11 Lianbao Rd, Shengfeng District, Xiaolan Town, Zhongshan City, Guangdong, China – 528400",./assets/images/downlights/Felis-7-white.webp
Felis 7 Tunable,DTB125F,36V DC,150mA,2700K~6500K, CRI>97,Φ64*H72mm,36°,7W,AJ/CG,ARFD0755/CT/36/B,R-41159492,IS 10322 (PART 5/SEC1):2012,5699,"Guangdong Sat Technology Co. Ltd., No. 11 Lianbao Rd, Shengfeng District, Xiaolan Town, Zhongshan City, Guangdong, China – 528400",./assets/images/downlights/Felis-7-black.webp
Felis 9,DTB125F,36V DC,200mA,2700K, CRI>97,Φ84*H86mm,15°,9W,AJ/CG,ARFD0975/27/15/W,R-41159492,IS 10322 (PART 5/SEC1):2012,5299,"Guangdong Sat Technology Co. Ltd., No. 11 Lianbao Rd, Shengfeng District, Xiaolan Town, Zhongshan City, Guangdong, China – 528400",./assets/images/downlights/Felis-9-white.webp
Felis 9,DTB125F,36V DC,200mA,2700K, CRI>97,Φ84*H86mm,15°,9W,AJ/CG,ARFD0975/27/15/B,R-41159492,IS 10322 (PART 5/SEC1):2012,5299,"Guangdong Sat Technology Co. Ltd., No. 11 Lianbao Rd, Shengfeng District, Xiaolan Town, Zhongshan City, Guangdong, China – 528400",./assets/images/downlights/Felis-9-black.webp
Felis 9,DTB125F,36V DC,200mA,2700K, CRI>97,Φ84*H86mm,24°,9W,AJ/CG,ARFD0975/27/24/W,R-41159492,IS 10322 (PART 5/SEC1):2012,5299,"Guangdong Sat Technology Co. Ltd., No. 11 Lianbao Rd, Shengfeng District, Xiaolan Town, Zhongshan City, Guangdong, China – 528400",./assets/images/downlights/Felis-9-white.webp
Felis 9,DTB125F,36V DC,200mA,2700K, CRI>97,Φ84*H86mm,24°,9W,AJ/CG,ARFD0975/27/24/B,R-41159492,IS 10322 (PART 5/SEC1):2012,5299,"Guangdong Sat Technology Co. Ltd., No. 11 Lianbao Rd, Shengfeng District, Xiaolan Town, Zhongshan City, Guangdong, China – 528400",./assets/images/downlights/Felis-9-black.webp
Felis 9,DTB125F,36V DC,200mA,2700K, CRI>97,Φ84*H86mm,36°,9W,AJ/CG,ARFD0975/27/36/W,R-41159492,IS 10322 (PART 5/SEC1):2012,5299,"Guangdong Sat Technology Co. Ltd., No. 11 Lianbao Rd, Shengfeng District, Xiaolan Town, Zhongshan City, Guangdong, China – 528400",./assets/images/downlights/Felis-9-white.webp
Felis 9,DTB125F,36V DC,200mA,2700K, CRI>97,Φ84*H86mm,36°,9W,AJ/CG,ARFD0975/27/36/B,R-41159492,IS 10322 (PART 5/SEC1):2012,5299,"Guangdong Sat Technology Co. Ltd., No. 11 Lianbao Rd, Shengfeng District, Xiaolan Town, Zhongshan City, Guangdong, China – 528400",./assets/images/downlights/Felis-9-black.webp
Felis 9,DTB125F,36V DC,200mA,3000K, CRI>97,Φ84*H86mm,15°,9W,AJ/CG,ARFD0975/30/15/W,R-41159492,IS 10322 (PART 5/SEC1):2012,5299,"Guangdong Sat Technology Co. Ltd., No. 11 Lianbao Rd, Shengfeng District, Xiaolan Town, Zhongshan City, Guangdong, China – 528400",./assets/images/downlights/Felis-9-white.webp
Felis 9,DTB125F,36V DC,200mA,3000K, CRI>97,Φ84*H86mm,15°,9W,AJ/CG,ARFD0975/30/15/B,R-41159492,IS 10322 (PART 5/SEC1):2012,5299,"Guangdong Sat Technology Co. Ltd., No. 11 Lianbao Rd, Shengfeng District, Xiaolan Town, Zhongshan City, Guangdong, China – 528400",./assets/images/downlights/Felis-9-black.webp
Felis 9,DTB125F,36V DC,200mA,3000K, CRI>97,Φ84*H86mm,24°,9W,AJ/CG,ARFD0975/30/24/W,R-41159492,IS 10322 (PART 5/SEC1):2012,5299,"Guangdong Sat Technology Co. Ltd., No. 11 Lianbao Rd, Shengfeng District, Xiaolan Town, Zhongshan City, Guangdong, China – 528400",./assets/images/downlights/Felis-9-white.webp
Felis 9,DTB125F,36V DC,200mA,3000K, CRI>97,Φ84*H86mm,24°,9W,AJ/CG,ARFD0975/30/24/B,R-41159492,IS 10322 (PART 5/SEC1):2012,5299,"Guangdong Sat Technology Co. Ltd., No. 11 Lianbao Rd, Shengfeng District, Xiaolan Town, Zhongshan City, Guangdong, China – 528400",./assets/images/downlights/Felis-9-black.webp
Felis 9,DTB125F,36V DC,200mA,3000K, CRI>97,Φ84*H86mm,36°,9W,AJ/CG,ARFD0975/30/36/W,R-41159492,IS 10322 (PART 5/SEC1):2012,5299,"Guangdong Sat Technology Co. Ltd., No. 11 Lianbao Rd, Shengfeng District, Xiaolan Town, Zhongshan City, Guangdong, China – 528400",./assets/images/downlights/Felis-9-white.webp
Felis 9,DTB125F,36V DC,200mA,3000K, CRI>97,Φ84*H86mm,36°,9W,AJ/CG,ARFD0975/30/36/B,R-41159492,IS 10322 (PART 5/SEC1):2012,5299,"Guangdong Sat Technology Co. Ltd., No. 11 Lianbao Rd, Shengfeng District, Xiaolan Town, Zhongshan City, Guangdong, China – 528400",./assets/images/downlights/Felis-9-black.webp
Felis 9,DTB125F,36V DC,200mA,3500K, CRI>97,Φ84*H86mm,15°,9W,AJ/CG,ARFD0975/35/15/W,R-41159492,IS 10322 (PART 5/SEC1):2012,5299,"Guangdong Sat Technology Co. Ltd., No. 11 Lianbao Rd, Shengfeng District, Xiaolan Town, Zhongshan City, Guangdong, China – 528400",./assets/images/downlights/Felis-9-white.webp
Felis 9,DTB125F,36V DC,200mA,3500K, CRI>97,Φ84*H86mm,15°,9W,AJ/CG,ARFD0975/35/15/B,R-41159492,IS 10322 (PART 5/SEC1):2012,5299,"Guangdong Sat Technology Co. Ltd., No. 11 Lianbao Rd, Shengfeng District, Xiaolan Town, Zhongshan City, Guangdong, China – 528400",./assets/images/downlights/Felis-9-black.webp
Felis 9,DTB125F,36V DC,200mA,3500K, CRI>97,Φ84*H86mm,24°,9W,AJ/CG,ARFD0975/35/24/W,R-41159492,IS 10322 (PART 5/SEC1):2012,5299,"Guangdong Sat Technology Co. Ltd., No. 11 Lianbao Rd, Shengfeng District, Xiaolan Town, Zhongshan City, Guangdong, China – 528400",./assets/images/downlights/Felis-9-white.webp
Felis 9,DTB125F,36V DC,200mA,3500K, CRI>97,Φ84*H86mm,24°,9W,AJ/CG,ARFD0975/35/24/B,R-41159492,IS 10322 (PART 5/SEC1):2012,5299,"Guangdong Sat Technology Co. Ltd., No. 11 Lianbao Rd, Shengfeng District, Xiaolan Town, Zhongshan City, Guangdong, China – 528400",./assets/images/downlights/Felis-9-black.webp
Felis 9,DTB125F,36V DC,200mA,3500K, CRI>97,Φ84*H86mm,36°,9W,AJ/CG,ARFD0975/35/36/W,R-41159492,IS 10322 (PART 5/SEC1):2012,5299,"Guangdong Sat Technology Co. Ltd., No. 11 Lianbao Rd, Shengfeng District, Xiaolan Town, Zhongshan City, Guangdong, China – 528400",./assets/images/downlights/Felis-9-white.webp
Felis 9,DTB125F,36V DC,200mA,3500K, CRI>97,Φ84*H86mm,36°,9W,AJ/CG,ARFD0975/35/36/B,R-41159492,IS 10322 (PART 5/SEC1):2012,5299,"Guangdong Sat Technology Co. Ltd., No. 11 Lianbao Rd, Shengfeng District, Xiaolan Town, Zhongshan City, Guangdong, China – 528400",./assets/images/downlights/Felis-9-black.webp
Felis 9,DTB125F,36V DC,200mA,4000K, CRI>97,Φ84*H86mm,15°,9W,AJ/CG,ARFD0975/40/15/W,R-41159492,IS 10322 (PART 5/SEC1):2012,5299,"Guangdong Sat Technology Co. Ltd., No. 11 Lianbao Rd, Shengfeng District, Xiaolan Town, Zhongshan City, Guangdong, China – 528400",./assets/images/downlights/Felis-9-white.webp
Felis 9,DTB125F,36V DC,200mA,4000K, CRI>97,Φ84*H86mm,15°,9W,AJ/CG,ARFD0975/40/15/B,R-41159492,IS 10322 (PART 5/SEC1):2012,5299,"Guangdong Sat Technology Co. Ltd., No. 11 Lianbao Rd, Shengfeng District, Xiaolan Town, Zhongshan City, Guangdong, China – 528400",./assets/images/downlights/Felis-9-black.webp
Felis 9,DTB125F,36V DC,200mA,4000K, CRI>97,Φ84*H86mm,24°,9W,AJ/CG,ARFD0975/40/24/W,R-41159492,IS 10322 (PART 5/SEC1):2012,5299,"Guangdong Sat Technology Co. Ltd., No. 11 Lianbao Rd, Shengfeng District, Xiaolan Town, Zhongshan City, Guangdong, China – 528400",./assets/images/downlights/Felis-9-white.webp
Felis 9,DTB125F,36V DC,200mA,4000K, CRI>97,Φ84*H86mm,24°,9W,AJ/CG,ARFD0975/40/24/B,R-41159492,IS 10322 (PART 5/SEC1):2012,5299,"Guangdong Sat Technology Co. Ltd., No. 11 Lianbao Rd, Shengfeng District, Xiaolan Town, Zhongshan City, Guangdong, China – 528400",./assets/images/downlights/Felis-9-black.webp
Felis 9,DTB125F,36V DC,200mA,4000K, CRI>97,Φ84*H86mm,36°,9W,AJ/CG,ARFD0975/40/36/W,R-41159492,IS 10322 (PART 5/SEC1):2012,5299,"Guangdong Sat Technology Co. Ltd., No. 11 Lianbao Rd, Shengfeng District, Xiaolan Town, Zhongshan City, Guangdong, China – 528400",./assets/images/downlights/Felis-9-white.webp
Felis 9,DTB125F,36V DC,200mA,4000K, CRI>97,Φ84*H86mm,36°,9W,AJ/CG,ARFD0975/40/36/B,R-41159492,IS 10322 (PART 5/SEC1):2012,5299,"Guangdong Sat Technology Co. Ltd., No. 11 Lianbao Rd, Shengfeng District, Xiaolan Town, Zhongshan City, Guangdong, China – 528400",./assets/images/downlights/Felis-9-black.webp
Felis 9,DTB125F,36V DC,200mA,5000K, CRI>97,Φ84*H86mm,15°,9W,AJ/CG,ARFD0975/50/15/W,R-41159492,IS 10322 (PART 5/SEC1):2012,5299,"Guangdong Sat Technology Co. Ltd., No. 11 Lianbao Rd, Shengfeng District, Xiaolan Town, Zhongshan City, Guangdong, China – 528400",./assets/images/downlights/Felis-9-white.webp
Felis 9,DTB125F,36V DC,200mA,5000K, CRI>97,Φ84*H86mm,15°,9W,AJ/CG,ARFD0975/50/15/B,R-41159492,IS 10322 (PART 5/SEC1):2012,5299,"Guangdong Sat Technology Co. Ltd., No. 11 Lianbao Rd, Shengfeng District, Xiaolan Town, Zhongshan City, Guangdong, China – 528400",./assets/images/downlights/Felis-9-black.webp
Felis 9,DTB125F,36V DC,200mA,5000K, CRI>97,Φ84*H86mm,24°,9W,AJ/CG,ARFD0975/50/24/W,R-41159492,IS 10322 (PART 5/SEC1):2012,5299,"Guangdong Sat Technology Co. Ltd., No. 11 Lianbao Rd, Shengfeng District, Xiaolan Town, Zhongshan City, Guangdong, China – 528400",./assets/images/downlights/Felis-9-white.webp
Felis 9,DTB125F,36V DC,200mA,5000K, CRI>97,Φ84*H86mm,24°,9W,AJ/CG,ARFD0975/50/24/B,R-41159492,IS 10322 (PART 5/SEC1):2012,5299,"Guangdong Sat Technology Co. Ltd., No. 11 Lianbao Rd, Shengfeng District, Xiaolan Town, Zhongshan City, Guangdong, China – 528400",./assets/images/downlights/Felis-9-black.webp
Felis 9,DTB125F,36V DC,200mA,5000K, CRI>97,Φ84*H86mm,36°,9W,AJ/CG,ARFD0975/50/36/W,R-41159492,IS 10322 (PART 5/SEC1):2012,5299,"Guangdong Sat Technology Co. Ltd., No. 11 Lianbao Rd, Shengfeng District, Xiaolan Town, Zhongshan City, Guangdong, China – 528400",./assets/images/downlights/Felis-9-white.webp
Felis 9,DTB125F,36V DC,200mA,5000K, CRI>97,Φ84*H86mm,36°,9W,AJ/CG,ARFD0975/50/36/B,R-41159492,IS 10322 (PART 5/SEC1):2012,5299,"Guangdong Sat Technology Co. Ltd., No. 11 Lianbao Rd, Shengfeng District, Xiaolan Town, Zhongshan City, Guangdong, China – 528400",./assets/images/downlights/Felis-9-black.webp
Felis 9 Tunable,DTB125F,36V DC,200mA,2700K~6500K, CRI>97,Φ84*H86mm,15°,9W,AJ/CG,ARFD0975/CT/15/W,R-41159492,IS 10322 (PART 5/SEC1):2012,6499,"Guangdong Sat Technology Co. Ltd., No. 11 Lianbao Rd, Shengfeng District, Xiaolan Town, Zhongshan City, Guangdong, China – 528400",./assets/images/downlights/Felis-9-white.webp
Felis 9 Tunable,DTB125F,36V DC,200mA,2700K~6500K, CRI>97,Φ84*H86mm,15°,9W,AJ/CG,ARFD0975/CT/15/B,R-41159492,IS 10322 (PART 5/SEC1):2012,6499,"Guangdong Sat Technology Co. Ltd., No. 11 Lianbao Rd, Shengfeng District, Xiaolan Town, Zhongshan City, Guangdong, China – 528400",./assets/images/downlights/Felis-9-black.webp
Felis 9 Tunable,DTB125F,36V DC,200mA,2700K~6500K, CRI>97,Φ84*H86mm,24°,9W,AJ/CG,ARFD0975/CT/24/W,R-41159492,IS 10322 (PART 5/SEC1):2012,6499,"Guangdong Sat Technology Co. Ltd., No. 11 Lianbao Rd, Shengfeng District, Xiaolan Town, Zhongshan City, Guangdong, China – 528400",./assets/images/downlights/Felis-9-white.webp
Felis 9 Tunable,DTB125F,36V DC,200mA,2700K~6500K, CRI>97,Φ84*H86mm,24°,9W,AJ/CG,ARFD0975/CT/24/B,R-41159492,IS 10322 (PART 5/SEC1):2012,6499,"Guangdong Sat Technology Co. Ltd., No. 11 Lianbao Rd, Shengfeng District, Xiaolan Town, Zhongshan City, Guangdong, China – 528400",./assets/images/downlights/Felis-9-black.webp
Felis 9 Tunable,DTB125F,36V DC,200mA,2700K~6500K, CRI>97,Φ84*H86mm,36°,9W,AJ/CG,ARFD0975/CT/36/W,R-41159492,IS 10322 (PART 5/SEC1):2012,6499,"Guangdong Sat Technology Co. Ltd., No. 11 Lianbao Rd, Shengfeng District, Xiaolan Town, Zhongshan City, Guangdong, China – 528400",./assets/images/downlights/Felis-9-white.webp
Felis 9 Tunable,DTB125F,36V DC,200mA,2700K~6500K, CRI>97,Φ84*H86mm,36°,9W,AJ/CG,ARFD0975/CT/36/B,R-41159492,IS 10322 (PART 5/SEC1):2012,6499,"Guangdong Sat Technology Co. Ltd., No. 11 Lianbao Rd, Shengfeng District, Xiaolan Town, Zhongshan City, Guangdong, China – 528400",./assets/images/downlights/Felis-9-black.webp
Felis 15,DTB125F,36V DC,350mA,2700K, CRI>97,Φ94*H97mm,15°,15W,AJ/CG,ARFD1585/27/15/W,R-41159492,IS 10322 (PART 5/SEC1):2012,5899,"Guangdong Sat Technology Co. Ltd., No. 11 Lianbao Rd, Shengfeng District, Xiaolan Town, Zhongshan City, Guangdong, China – 528400",./assets/images/downlights/Felis-15-white.webp
Felis 15,DTB125F,36V DC,350mA,2700K, CRI>97,Φ94*H97mm,15°,15W,AJ/CG,ARFD1585/27/15/B,R-41159492,IS 10322 (PART 5/SEC1):2012,5899,"Guangdong Sat Technology Co. Ltd., No. 11 Lianbao Rd, Shengfeng District, Xiaolan Town, Zhongshan City, Guangdong, China – 528400",./assets/images/downlights/Felis-15-black.webp
Felis 15,DTB125F,36V DC,350mA,2700K, CRI>97,Φ94*H97mm,24°,15W,AJ/CG,ARFD1585/27/24/W,R-41159492,IS 10322 (PART 5/SEC1):2012,5899,"Guangdong Sat Technology Co. Ltd., No. 11 Lianbao Rd, Shengfeng District, Xiaolan Town, Zhongshan City, Guangdong, China – 528400",./assets/images/downlights/Felis-15-white.webp
Felis 15,DTB125F,36V DC,350mA,2700K, CRI>97,Φ94*H97mm,24°,15W,AJ/CG,ARFD1585/27/24/B,R-41159492,IS 10322 (PART 5/SEC1):2012,5899,"Guangdong Sat Technology Co. Ltd., No. 11 Lianbao Rd, Shengfeng District, Xiaolan Town, Zhongshan City, Guangdong, China – 528400",./assets/images/downlights/Felis-15-black.webp
Felis 15,DTB125F,36V DC,350mA,2700K, CRI>97,Φ94*H97mm,36°,15W,AJ/CG,ARFD1585/27/36/W,R-41159492,IS 10322 (PART 5/SEC1):2012,5899,"Guangdong Sat Technology Co. Ltd., No. 11 Lianbao Rd, Shengfeng District, Xiaolan Town, Zhongshan City, Guangdong, China – 528400",./assets/images/downlights/Felis-15-white.webp
Felis 15,DTB125F,36V DC,350mA,2700K, CRI>97,Φ94*H97mm,36°,15W,AJ/CG,ARFD1585/27/36/B,R-41159492,IS 10322 (PART 5/SEC1):2012,5899,"Guangdong Sat Technology Co. Ltd., No. 11 Lianbao Rd, Shengfeng District, Xiaolan Town, Zhongshan City, Guangdong, China – 528400",./assets/images/downlights/Felis-15-black.webp
Felis 15,DTB125F,36V DC,350mA,2700K, CRI>97,Φ94*H97mm,55°,15W,AJ/CG,ARFD1585/27/55/W,R-41159492,IS 10322 (PART 5/SEC1):2012,5899,"Guangdong Sat Technology Co. Ltd., No. 11 Lianbao Rd, Shengfeng District, Xiaolan Town, Zhongshan City, Guangdong, China – 528400",./assets/images/downlights/Felis-15-white.webp
Felis 15,DTB125F,36V DC,350mA,2700K, CRI>97,Φ94*H97mm,55°,15W,AJ/CG,ARFD1585/27/55/B,R-41159492,IS 10322 (PART 5/SEC1):2012,5899,"Guangdong Sat Technology Co. Ltd., No. 11 Lianbao Rd, Shengfeng District, Xiaolan Town, Zhongshan City, Guangdong, China – 528400",./assets/images/downlights/Felis-15-black.webp
Felis 15,DTB125F,36V DC,350mA,3000K, CRI>97,Φ94*H97mm,15°,15W,AJ/CG,ARFD1585/30/15/W,R-41159492,IS 10322 (PART 5/SEC1):2012,5899,"Guangdong Sat Technology Co. Ltd., No. 11 Lianbao Rd, Shengfeng District, Xiaolan Town, Zhongshan City, Guangdong, China – 528400",./assets/images/downlights/Felis-15-white.webp
Felis 15,DTB125F,36V DC,350mA,3000K, CRI>97,Φ94*H97mm,15°,15W,AJ/CG,ARFD1585/30/15/B,R-41159492,IS 10322 (PART 5/SEC1):2012,5899,"Guangdong Sat Technology Co. Ltd., No. 11 Lianbao Rd, Shengfeng District, Xiaolan Town, Zhongshan City, Guangdong, China – 528400",./assets/images/downlights/Felis-15-black.webp
Felis 15,DTB125F,36V DC,350mA,3000K, CRI>97,Φ94*H97mm,24°,15W,AJ/CG,ARFD1585/30/24/W,R-41159492,IS 10322 (PART 5/SEC1):2012,5899,"Guangdong Sat Technology Co. Ltd., No. 11 Lianbao Rd, Shengfeng District, Xiaolan Town, Zhongshan City, Guangdong, China – 528400",./assets/images/downlights/Felis-15-white.webp
Felis 15,DTB125F,36V DC,350mA,3000K, CRI>97,Φ94*H97mm,24°,15W,AJ/CG,ARFD1585/30/24/B,R-41159492,IS 10322 (PART 5/SEC1):2012,5899,"Guangdong Sat Technology Co. Ltd., No. 11 Lianbao Rd, Shengfeng District, Xiaolan Town, Zhongshan City, Guangdong, China – 528400",./assets/images/downlights/Felis-15-black.webp
Felis 15,DTB125F,36V DC,350mA,3000K, CRI>97,Φ94*H97mm,36°,15W,AJ/CG,ARFD1585/30/36/W,R-41159492,IS 10322 (PART 5/SEC1):2012,5899,"Guangdong Sat Technology Co. Ltd., No. 11 Lianbao Rd, Shengfeng District, Xiaolan Town, Zhongshan City, Guangdong, China – 528400",./assets/images/downlights/Felis-15-white.webp
Felis 15,DTB125F,36V DC,350mA,3000K, CRI>97,Φ94*H97mm,36°,15W,AJ/CG,ARFD1585/30/36/B,R-41159492,IS 10322 (PART 5/SEC1):2012,5899,"Guangdong Sat Technology Co. Ltd., No. 11 Lianbao Rd, Shengfeng District, Xiaolan Town, Zhongshan City, Guangdong, China – 528400",./assets/images/downlights/Felis-15-black.webp
Felis 15,DTB125F,36V DC,350mA,3000K, CRI>97,Φ94*H97mm,55°,15W,AJ/CG,ARFD1585/30/55/W,R-41159492,IS 10322 (PART 5/SEC1):2012,5899,"Guangdong Sat Technology Co. Ltd., No. 11 Lianbao Rd, Shengfeng District, Xiaolan Town, Zhongshan City, Guangdong, China – 528400",./assets/images/downlights/Felis-15-white.webp
Felis 15,DTB125F,36V DC,350mA,3000K, CRI>97,Φ94*H97mm,55°,15W,AJ/CG,ARFD1585/30/55/B,R-41159492,IS 10322 (PART 5/SEC1):2012,5899,"Guangdong Sat Technology Co. Ltd., No. 11 Lianbao Rd, Shengfeng District, Xiaolan Town, Zhongshan City, Guangdong, China – 528400",./assets/images/downlights/Felis-15-black.webp
Felis 15,DTB125F,36V DC,350mA,3500K, CRI>97,Φ94*H97mm,15°,15W,AJ/CG,ARFD1585/35/15/W,R-41159492,IS 10322 (PART 5/SEC1):2012,5899,"Guangdong Sat Technology Co. Ltd., No. 11 Lianbao Rd, Shengfeng District, Xiaolan Town, Zhongshan City, Guangdong, China – 528400",./assets/images/downlights/Felis-15-white.webp
Felis 15,DTB125F,36V DC,350mA,3500K, CRI>97,Φ94*H97mm,15°,15W,AJ/CG,ARFD1585/35/15/B,R-41159492,IS 10322 (PART 5/SEC1):2012,5899,"Guangdong Sat Technology Co. Ltd., No. 11 Lianbao Rd, Shengfeng District, Xiaolan Town, Zhongshan City, Guangdong, China – 528400",./assets/images/downlights/Felis-15-black.webp
Felis 15,DTB125F,36V DC,350mA,3500K, CRI>97,Φ94*H97mm,24°,15W,AJ/CG,ARFD1585/35/24/W,R-41159492,IS 10322 (PART 5/SEC1):2012,5899,"Guangdong Sat Technology Co. Ltd., No. 11 Lianbao Rd, Shengfeng District, Xiaolan Town, Zhongshan City, Guangdong, China – 528400",./assets/images/downlights/Felis-15-white.webp
Felis 15,DTB125F,36V DC,350mA,3500K, CRI>97,Φ94*H97mm,24°,15W,AJ/CG,ARFD1585/35/24/B,R-41159492,IS 10322 (PART 5/SEC1):2012,5899,"Guangdong Sat Technology Co. Ltd., No. 11 Lianbao Rd, Shengfeng District, Xiaolan Town, Zhongshan City, Guangdong, China – 528400",./assets/images/downlights/Felis-15-black.webp
Felis 15,DTB125F,36V DC,350mA,3500K, CRI>97,Φ94*H97mm,36°,15W,AJ/CG,ARFD1585/35/36/W,R-41159492,IS 10322 (PART 5/SEC1):2012,5899,"Guangdong Sat Technology Co. Ltd., No. 11 Lianbao Rd, Shengfeng District, Xiaolan Town, Zhongshan City, Guangdong, China – 528400",./assets/images/downlights/Felis-15-white.webp
Felis 15,DTB125F,36V DC,350mA,3500K, CRI>97,Φ94*H97mm,36°,15W,AJ/CG,ARFD1585/35/36/B,R-41159492,IS 10322 (PART 5/SEC1):2012,5899,"Guangdong Sat Technology Co. Ltd., No. 11 Lianbao Rd, Shengfeng District, Xiaolan Town, Zhongshan City, Guangdong, China – 528400",./assets/images/downlights/Felis-15-black.webp
Felis 15,DTB125F,36V DC,350mA,3500K, CRI>97,Φ94*H97mm,55°,15W,AJ/CG,ARFD1585/35/55/W,R-41159492,IS 10322 (PART 5/SEC1):2012,5899,"Guangdong Sat Technology Co. Ltd., No. 11 Lianbao Rd, Shengfeng District, Xiaolan Town, Zhongshan City, Guangdong, China – 528400",./assets/images/downlights/Felis-15-white.webp
Felis 15,DTB125F,36V DC,350mA,3500K, CRI>97,Φ94*H97mm,55°,15W,AJ/CG,ARFD1585/35/55/B,R-41159492,IS 10322 (PART 5/SEC1):2012,5899,"Guangdong Sat Technology Co. Ltd., No. 11 Lianbao Rd, Shengfeng District, Xiaolan Town, Zhongshan City, Guangdong, China – 528400",./assets/images/downlights/Felis-15-black.webp
Felis 15,DTB125F,36V DC,350mA,4000K, CRI>97,Φ94*H97mm,15°,15W,AJ/CG,ARFD1585/40/15/W,R-41159492,IS 10322 (PART 5/SEC1):2012,5899,"Guangdong Sat Technology Co. Ltd., No. 11 Lianbao Rd, Shengfeng District, Xiaolan Town, Zhongshan City, Guangdong, China – 528400",./assets/images/downlights/Felis-15-white.webp
Felis 15,DTB125F,36V DC,350mA,4000K, CRI>97,Φ94*H97mm,15°,15W,AJ/CG,ARFD1585/40/15/B,R-41159492,IS 10322 (PART 5/SEC1):2012,5899,"Guangdong Sat Technology Co. Ltd., No. 11 Lianbao Rd, Shengfeng District, Xiaolan Town, Zhongshan City, Guangdong, China – 528400",./assets/images/downlights/Felis-15-black.webp
Felis 15,DTB125F,36V DC,350mA,4000K, CRI>97,Φ94*H97mm,24°,15W,AJ/CG,ARFD1585/40/24/W,R-41159492,IS 10322 (PART 5/SEC1):2012,5899,"Guangdong Sat Technology Co. Ltd., No. 11 Lianbao Rd, Shengfeng District, Xiaolan Town, Zhongshan City, Guangdong, China – 528400",./assets/images/downlights/Felis-15-white.webp
Felis 15,DTB125F,36V DC,350mA,4000K, CRI>97,Φ94*H97mm,24°,15W,AJ/CG,ARFD1585/40/24/B,R-41159492,IS 10322 (PART 5/SEC1):2012,5899,"Guangdong Sat Technology Co. Ltd., No. 11 Lianbao Rd, Shengfeng District, Xiaolan Town, Zhongshan City, Guangdong, China – 528400",./assets/images/downlights/Felis-15-black.webp
Felis 15,DTB125F,36V DC,350mA,4000K, CRI>97,Φ94*H97mm,36°,15W,AJ/CG,ARFD1585/40/36/W,R-41159492,IS 10322 (PART 5/SEC1):2012,5899,"Guangdong Sat Technology Co. Ltd., No. 11 Lianbao Rd, Shengfeng District, Xiaolan Town, Zhongshan City, Guangdong, China – 528400",./assets/images/downlights/Felis-15-white.webp
Felis 15,DTB125F,36V DC,350mA,4000K, CRI>97,Φ94*H97mm,36°,15W,AJ/CG,ARFD1585/40/36/B,R-41159492,IS 10322 (PART 5/SEC1):2012,5899,"Guangdong Sat Technology Co. Ltd., No. 11 Lianbao Rd, Shengfeng District, Xiaolan Town, Zhongshan City, Guangdong, China – 528400",./assets/images/downlights/Felis-15-black.webp
Felis 15,DTB125F,36V DC,350mA,4000K, CRI>97,Φ94*H97mm,55°,15W,AJ/CG,ARFD1585/40/55/W,R-41159492,IS 10322 (PART 5/SEC1):2012,5899,"Guangdong Sat Technology Co. Ltd., No. 11 Lianbao Rd, Shengfeng District, Xiaolan Town, Zhongshan City, Guangdong, China – 528400",./assets/images/downlights/Felis-15-white.webp
Felis 15,DTB125F,36V DC,350mA,4000K, CRI>97,Φ94*H97mm,55°,15W,AJ/CG,ARFD1585/40/55/B,R-41159492,IS 10322 (PART 5/SEC1):2012,5899,"Guangdong Sat Technology Co. Ltd., No. 11 Lianbao Rd, Shengfeng District, Xiaolan Town, Zhongshan City, Guangdong, China – 528400",./assets/images/downlights/Felis-15-black.webp
Felis 15,DTB125F,36V DC,350mA,5000K, CRI>97,Φ94*H97mm,15°,15W,AJ/CG,ARFD1585/50/15/W,R-41159492,IS 10322 (PART 5/SEC1):2012,5899,"Guangdong Sat Technology Co. Ltd., No. 11 Lianbao Rd, Shengfeng District, Xiaolan Town, Zhongshan City, Guangdong, China – 528400",./assets/images/downlights/Felis-15-white.webp
Felis 15,DTB125F,36V DC,350mA,5000K, CRI>97,Φ94*H97mm,15°,15W,AJ/CG,ARFD1585/50/15/B,R-41159492,IS 10322 (PART 5/SEC1):2012,5899,"Guangdong Sat Technology Co. Ltd., No. 11 Lianbao Rd, Shengfeng District, Xiaolan Town, Zhongshan City, Guangdong, China – 528400",./assets/images/downlights/Felis-15-black.webp
Felis 15,DTB125F,36V DC,350mA,5000K, CRI>97,Φ94*H97mm,24°,15W,AJ/CG,ARFD1585/50/24/W,R-41159492,IS 10322 (PART 5/SEC1):2012,5899,"Guangdong Sat Technology Co. Ltd., No. 11 Lianbao Rd, Shengfeng District, Xiaolan Town, Zhongshan City, Guangdong, China – 528400",./assets/images/downlights/Felis-15-white.webp
Felis 15,DTB125F,36V DC,350mA,5000K, CRI>97,Φ94*H97mm,24°,15W,AJ/CG,ARFD1585/50/24/B,R-41159492,IS 10322 (PART 5/SEC1):2012,5899,"Guangdong Sat Technology Co. Ltd., No. 11 Lianbao Rd, Shengfeng District, Xiaolan Town, Zhongshan City, Guangdong, China – 528400",./assets/images/downlights/Felis-15-black.webp
Felis 15,DTB125F,36V DC,350mA,5000K, CRI>97,Φ94*H97mm,36°,15W,AJ/CG,ARFD1585/50/36/W,R-41159492,IS 10322 (PART 5/SEC1):2012,5899,"Guangdong Sat Technology Co. Ltd., No. 11 Lianbao Rd, Shengfeng District, Xiaolan Town, Zhongshan City, Guangdong, China – 528400",./assets/images/downlights/Felis-15-white.webp
Felis 15,DTB125F,36V DC,350mA,5000K, CRI>97,Φ94*H97mm,36°,15W,AJ/CG,ARFD1585/50/36/B,R-41159492,IS 10322 (PART 5/SEC1):2012,5899,"Guangdong Sat Technology Co. Ltd., No. 11 Lianbao Rd, Shengfeng District, Xiaolan Town, Zhongshan City, Guangdong, China – 528400",./assets/images/downlights/Felis-15-black.webp
Felis 15,DTB125F,36V DC,350mA,5000K, CRI>97,Φ94*H97mm,55°,15W,AJ/CG,ARFD1585/50/55/W,R-41159492,IS 10322 (PART 5/SEC1):2012,5899,"Guangdong Sat Technology Co. Ltd., No. 11 Lianbao Rd, Shengfeng District, Xiaolan Town, Zhongshan City, Guangdong, China – 528400",./assets/images/downlights/Felis-15-white.webp
Felis 15,DTB125F,36V DC,350mA,5000K, CRI>97,Φ94*H97mm,55°,15W,AJ/CG,ARFD1585/50/55/B,R-41159492,IS 10322 (PART 5/SEC1):2012,5899,"Guangdong Sat Technology Co. Ltd., No. 11 Lianbao Rd, Shengfeng District, Xiaolan Town, Zhongshan City, Guangdong, China – 528400",./assets/images/downlights/Felis-15-black.webp
Felis 15 Tunable,DTB125F,36V DC,350mA,2700K~6500K, CRI>97,Φ94*H97mm,15°,15W,AJ/CG,ARFD1585/CT/15/B,R-41159492,IS 10322 (PART 5/SEC1):2012,7099,"Guangdong Sat Technology Co. Ltd., No. 11 Lianbao Rd, Shengfeng District, Xiaolan Town, Zhongshan City, Guangdong, China – 528400",./assets/images/downlights/Felis-15-black.webp
Felis 15 Tunable,DTB125F,36V DC,350mA,2700K~6500K, CRI>97,Φ94*H97mm,15°,15W,AJ/CG,ARFD1585/CT/15/W,R-41159492,IS 10322 (PART 5/SEC1):2012,7099,"Guangdong Sat Technology Co. Ltd., No. 11 Lianbao Rd, Shengfeng District, Xiaolan Town, Zhongshan City, Guangdong, China – 528400",./assets/images/downlights/Felis-15-white.webp
Felis 15 Tunable,DTB125F,36V DC,350mA,2700K~6500K, CRI>97,Φ94*H97mm,24°,15W,AJ/CG,ARFD1585/CT/24/B,R-41159492,IS 10322 (PART 5/SEC1):2012,7099,"Guangdong Sat Technology Co. Ltd., No. 11 Lianbao Rd, Shengfeng District, Xiaolan Town, Zhongshan City, Guangdong, China – 528400",./assets/images/downlights/Felis-15-black.webp
Felis 15 Tunable,DTB125F,36V DC,350mA,2700K~6500K, CRI>97,Φ94*H97mm,24°,15W,AJ/CG,ARFD1585/CT/24/W,R-41159492,IS 10322 (PART 5/SEC1):2012,7099,"Guangdong Sat Technology Co. Ltd., No. 11 Lianbao Rd, Shengfeng District, Xiaolan Town, Zhongshan City, Guangdong, China – 528400",./assets/images/downlights/Felis-15-white.webp
Felis 15 Tunable,DTB125F,36V DC,350mA,2700K~6500K, CRI>97,Φ94*H97mm,36°,15W,AJ/CG,ARFD1585/CT/36/B,R-41159492,IS 10322 (PART 5/SEC1):2012,7099,"Guangdong Sat Technology Co. Ltd., No. 11 Lianbao Rd, Shengfeng District, Xiaolan Town, Zhongshan City, Guangdong, China – 528400",./assets/images/downlights/Felis-15-black.webp
Felis 15 Tunable,DTB125F,36V DC,350mA,2700K~6500K, CRI>97,Φ94*H97mm,36°,15W,AJ/CG,ARFD1585/CT/36/W,R-41159492,IS 10322 (PART 5/SEC1):2012,7099,"Guangdong Sat Technology Co. Ltd., No. 11 Lianbao Rd, Shengfeng District, Xiaolan Town, Zhongshan City, Guangdong, China – 528400",./assets/images/downlights/Felis-15-white.webp
Felis 15 Tunable,DTB125F,36V DC,350mA,2700K~6500K, CRI>97,Φ94*H97mm,55°,15W,AJ/CG,ARFD1585/CT/55/W,R-41159492,IS 10322 (PART 5/SEC1):2012,7099,"Guangdong Sat Technology Co. Ltd., No. 11 Lianbao Rd, Shengfeng District, Xiaolan Town, Zhongshan City, Guangdong, China – 528400",./assets/images/downlights/Felis-15-white.webp
Felis 15 Tunable,DTB125F,36V DC,350mA,2700K~6500K, CRI>97,Φ94*H97mm,55°,15W,AJ/CG,ARFD1585/CT/55/B,R-41159492,IS 10322 (PART 5/SEC1):2012,7099,"Guangdong Sat Technology Co. Ltd., No. 11 Lianbao Rd, Shengfeng District, Xiaolan Town, Zhongshan City, Guangdong, China – 528400",./assets/images/downlights/Felis-15-black.webp
Tevel,DDI085X,36V DC,150mA,2700K, CRI>97,Φ82*H93mm,15°,7W,AJ/CG,ARAD0775/27/15/W,R-41159492,IS 10322 (PART 5/SEC1):2012,4949,"Guangdong Sat Technology Co. Ltd., No. 11 Lianbao Rd, Shengfeng District, Xiaolan Town, Zhongshan City, Guangdong, China – 528400",./assets/images/downlights/Tevel-white.webp
Tevel,DDI085X,36V DC,150mA,2700K, CRI>97,Φ82*H93mm,15°,7W,AJ/CG,ARAD0775/27/15/B,R-41159492,IS 10322 (PART 5/SEC1):2012,4949,"Guangdong Sat Technology Co. Ltd., No. 11 Lianbao Rd, Shengfeng District, Xiaolan Town, Zhongshan City, Guangdong, China – 528400",./assets/images/downlights/Tevel-black.webp
Tevel,DDI085X,36V DC,150mA,2700K, CRI>97,Φ82*H93mm,24°,7W,AJ/CG,ARAD0775/27/24/W,R-41159492,IS 10322 (PART 5/SEC1):2012,4949,"Guangdong Sat Technology Co. Ltd., No. 11 Lianbao Rd, Shengfeng District, Xiaolan Town, Zhongshan City, Guangdong, China – 528400",./assets/images/downlights/Tevel-white.webp
Tevel,DDI085X,36V DC,150mA,2700K, CRI>97,Φ82*H93mm,24°,7W,AJ/CG,ARAD0775/27/24/B,R-41159492,IS 10322 (PART 5/SEC1):2012,4949,"Guangdong Sat Technology Co. Ltd., No. 11 Lianbao Rd, Shengfeng District, Xiaolan Town, Zhongshan City, Guangdong, China – 528400",./assets/images/downlights/Tevel-black.webp
Tevel,DDI085X,36V DC,150mA,2700K, CRI>97,Φ82*H93mm,36°,7W,AJ/CG,ARAD0775/27/36/W,R-41159492,IS 10322 (PART 5/SEC1):2012,4949,"Guangdong Sat Technology Co. Ltd., No. 11 Lianbao Rd, Shengfeng District, Xiaolan Town, Zhongshan City, Guangdong, China – 528400",./assets/images/downlights/Tevel-white.webp
Tevel,DDI085X,36V DC,150mA,2700K, CRI>97,Φ82*H93mm,36°,7W,AJ/CG,ARAD0775/27/36/B,R-41159492,IS 10322 (PART 5/SEC1):2012,4949,"Guangdong Sat Technology Co. Ltd., No. 11 Lianbao Rd, Shengfeng District, Xiaolan Town, Zhongshan City, Guangdong, China – 528400",./assets/images/downlights/Tevel-black.webp
Tevel,DDI085X,36V DC,150mA,3000K, CRI>97,Φ82*H93mm,15°,7W,AJ/CG,ARAD0775/30/15/W,R-41159492,IS 10322 (PART 5/SEC1):2012,4949,"Guangdong Sat Technology Co. Ltd., No. 11 Lianbao Rd, Shengfeng District, Xiaolan Town, Zhongshan City, Guangdong, China – 528400",./assets/images/downlights/Tevel-white.webp
Tevel,DDI085X,36V DC,150mA,3000K, CRI>97,Φ82*H93mm,15°,7W,AJ/CG,ARAD0775/30/15/B,R-41159492,IS 10322 (PART 5/SEC1):2012,4949,"Guangdong Sat Technology Co. Ltd., No. 11 Lianbao Rd, Shengfeng District, Xiaolan Town, Zhongshan City, Guangdong, China – 528400",./assets/images/downlights/Tevel-black.webp
Tevel,DDI085X,36V DC,150mA,3000K, CRI>97,Φ82*H93mm,24°,7W,AJ/CG,ARAD0775/30/24/W,R-41159492,IS 10322 (PART 5/SEC1):2012,4949,"Guangdong Sat Technology Co. Ltd., No. 11 Lianbao Rd, Shengfeng District, Xiaolan Town, Zhongshan City, Guangdong, China – 528400",./assets/images/downlights/Tevel-white.webp
Tevel,DDI085X,36V DC,150mA,3000K, CRI>97,Φ82*H93mm,24°,7W,AJ/CG,ARAD0775/30/24/B,R-41159492,IS 10322 (PART 5/SEC1):2012,4949,"Guangdong Sat Technology Co. Ltd., No. 11 Lianbao Rd, Shengfeng District, Xiaolan Town, Zhongshan City, Guangdong, China – 528400",./assets/images/downlights/Tevel-black.webp
Tevel,DDI085X,36V DC,150mA,3000K, CRI>97,Φ82*H93mm,36°,7W,AJ/CG,ARAD0775/30/36/W,R-41159492,IS 10322 (PART 5/SEC1):2012,4949,"Guangdong Sat Technology Co. Ltd., No. 11 Lianbao Rd, Shengfeng District, Xiaolan Town, Zhongshan City, Guangdong, China – 528400",./assets/images/downlights/Tevel-white.webp
Tevel,DDI085X,36V DC,150mA,3000K, CRI>97,Φ82*H93mm,36°,7W,AJ/CG,ARAD0775/30/36/B,R-41159492,IS 10322 (PART 5/SEC1):2012,4949,"Guangdong Sat Technology Co. Ltd., No. 11 Lianbao Rd, Shengfeng District, Xiaolan Town, Zhongshan City, Guangdong, China – 528400",./assets/images/downlights/Tevel-black.webp
Tevel,DDI085X,36V DC,150mA,3500K, CRI>97,Φ82*H93mm,15°,7W,AJ/CG,ARAD0775/35/15/W,R-41159492,IS 10322 (PART 5/SEC1):2012,4949,"Guangdong Sat Technology Co. Ltd., No. 11 Lianbao Rd, Shengfeng District, Xiaolan Town, Zhongshan City, Guangdong, China – 528400",./assets/images/downlights/Tevel-white.webp
Tevel,DDI085X,36V DC,150mA,3500K, CRI>97,Φ82*H93mm,15°,7W,AJ/CG,ARAD0775/35/15/B,R-41159492,IS 10322 (PART 5/SEC1):2012,4949,"Guangdong Sat Technology Co. Ltd., No. 11 Lianbao Rd, Shengfeng District, Xiaolan Town, Zhongshan City, Guangdong, China – 528400",./assets/images/downlights/Tevel-black.webp
Tevel,DDI085X,36V DC,150mA,3500K, CRI>97,Φ82*H93mm,24°,7W,AJ/CG,ARAD0775/35/24/W,R-41159492,IS 10322 (PART 5/SEC1):2012,4949,"Guangdong Sat Technology Co. Ltd., No. 11 Lianbao Rd, Shengfeng District, Xiaolan Town, Zhongshan City, Guangdong, China – 528400",./assets/images/downlights/Tevel-white.webp
Tevel,DDI085X,36V DC,150mA,3500K, CRI>97,Φ82*H93mm,24°,7W,AJ/CG,ARAD0775/35/24/B,R-41159492,IS 10322 (PART 5/SEC1):2012,4949,"Guangdong Sat Technology Co. Ltd., No. 11 Lianbao Rd, Shengfeng District, Xiaolan Town, Zhongshan City, Guangdong, China – 528400",./assets/images/downlights/Tevel-black.webp
Tevel,DDI085X,36V DC,150mA,3500K, CRI>97,Φ82*H93mm,36°,7W,AJ/CG,ARAD0775/35/36/W,R-41159492,IS 10322 (PART 5/SEC1):2012,4949,"Guangdong Sat Technology Co. Ltd., No. 11 Lianbao Rd, Shengfeng District, Xiaolan Town, Zhongshan City, Guangdong, China – 528400",./assets/images/downlights/Tevel-white.webp
Tevel,DDI085X,36V DC,150mA,3500K, CRI>97,Φ82*H93mm,36°,7W,AJ/CG,ARAD0775/35/36/B,R-41159492,IS 10322 (PART 5/SEC1):2012,4949,"Guangdong Sat Technology Co. Ltd., No. 11 Lianbao Rd, Shengfeng District, Xiaolan Town, Zhongshan City, Guangdong, China – 528400",./assets/images/downlights/Tevel-black.webp
Tevel,DDI085X,36V DC,150mA,4000K, CRI>97,Φ82*H93mm,15°,7W,AJ/CG,ARAD0775/40/15/W,R-41159492,IS 10322 (PART 5/SEC1):2012,4949,"Guangdong Sat Technology Co. Ltd., No. 11 Lianbao Rd, Shengfeng District, Xiaolan Town, Zhongshan City, Guangdong, China – 528400",./assets/images/downlights/Tevel-white.webp
Tevel,DDI085X,36V DC,150mA,4000K, CRI>97,Φ82*H93mm,15°,7W,AJ/CG,ARAD0775/40/15/B,R-41159492,IS 10322 (PART 5/SEC1):2012,4949,"Guangdong Sat Technology Co. Ltd., No. 11 Lianbao Rd, Shengfeng District, Xiaolan Town, Zhongshan City, Guangdong, China – 528400",./assets/images/downlights/Tevel-black.webp
Tevel,DDI085X,36V DC,150mA,4000K, CRI>97,Φ82*H93mm,24°,7W,AJ/CG,ARAD0775/40/24/W,R-41159492,IS 10322 (PART 5/SEC1):2012,4949,"Guangdong Sat Technology Co. Ltd., No. 11 Lianbao Rd, Shengfeng District, Xiaolan Town, Zhongshan City, Guangdong, China – 528400",./assets/images/downlights/Tevel-white.webp
Tevel,DDI085X,36V DC,150mA,4000K, CRI>97,Φ82*H93mm,24°,7W,AJ/CG,ARAD0775/40/24/B,R-41159492,IS 10322 (PART 5/SEC1):2012,4949,"Guangdong Sat Technology Co. Ltd., No. 11 Lianbao Rd, Shengfeng District, Xiaolan Town, Zhongshan City, Guangdong, China – 528400",./assets/images/downlights/Tevel-black.webp
Tevel,DDI085X,36V DC,150mA,4000K, CRI>97,Φ82*H93mm,36°,7W,AJ/CG,ARAD0775/40/36/W,R-41159492,IS 10322 (PART 5/SEC1):2012,4949,"Guangdong Sat Technology Co. Ltd., No. 11 Lianbao Rd, Shengfeng District, Xiaolan Town, Zhongshan City, Guangdong, China – 528400",./assets/images/downlights/Tevel-white.webp
Tevel,DDI085X,36V DC,150mA,4000K, CRI>97,Φ82*H93mm,36°,7W,AJ/CG,ARAD0775/40/36/B,R-41159492,IS 10322 (PART 5/SEC1):2012,4949,"Guangdong Sat Technology Co. Ltd., No. 11 Lianbao Rd, Shengfeng District, Xiaolan Town, Zhongshan City, Guangdong, China – 528400",./assets/images/downlights/Tevel-black.webp
Tevel,DDI085X,36V DC,150mA,5000K, CRI>97,Φ82*H93mm,15°,7W,AJ/CG,ARAD0775/50/15/W,R-41159492,IS 10322 (PART 5/SEC1):2012,4949,"Guangdong Sat Technology Co. Ltd., No. 11 Lianbao Rd, Shengfeng District, Xiaolan Town, Zhongshan City, Guangdong, China – 528400",./assets/images/downlights/Tevel-white.webp
Tevel,DDI085X,36V DC,150mA,5000K, CRI>97,Φ82*H93mm,15°,7W,AJ/CG,ARAD0775/50/15/B,R-41159492,IS 10322 (PART 5/SEC1):2012,4949,"Guangdong Sat Technology Co. Ltd., No. 11 Lianbao Rd, Shengfeng District, Xiaolan Town, Zhongshan City, Guangdong, China – 528400",./assets/images/downlights/Tevel-black.webp
Tevel,DDI085X,36V DC,150mA,5000K, CRI>97,Φ82*H93mm,24°,7W,AJ/CG,ARAD0775/50/24/W,R-41159492,IS 10322 (PART 5/SEC1):2012,4949,"Guangdong Sat Technology Co. Ltd., No. 11 Lianbao Rd, Shengfeng District, Xiaolan Town, Zhongshan City, Guangdong, China – 528400",./assets/images/downlights/Tevel-white.webp
Tevel,DDI085X,36V DC,150mA,5000K, CRI>97,Φ82*H93mm,24°,7W,AJ/CG,ARAD0775/50/24/B,R-41159492,IS 10322 (PART 5/SEC1):2012,4949,"Guangdong Sat Technology Co. Ltd., No. 11 Lianbao Rd, Shengfeng District, Xiaolan Town, Zhongshan City, Guangdong, China – 528400",./assets/images/downlights/Tevel-black.webp
Tevel,DDI085X,36V DC,150mA,5000K, CRI>97,Φ82*H93mm,36°,7W,AJ/CG,ARAD0775/50/36/W,R-41159492,IS 10322 (PART 5/SEC1):2012,4949,"Guangdong Sat Technology Co. Ltd., No. 11 Lianbao Rd, Shengfeng District, Xiaolan Town, Zhongshan City, Guangdong, China – 528400",./assets/images/downlights/Tevel-white.webp
Tevel,DDI085X,36V DC,150mA,5000K, CRI>97,Φ82*H93mm,36°,7W,AJ/CG,ARAD0775/50/36/B,R-41159492,IS 10322 (PART 5/SEC1):2012,4949,"Guangdong Sat Technology Co. Ltd., No. 11 Lianbao Rd, Shengfeng District, Xiaolan Town, Zhongshan City, Guangdong, China – 528400",./assets/images/downlights/Tevel-black.webp
Tevel Tunable,DDI085X,36V DC,150mA,2700K~6500K, CRI>97,Φ82*H93mm,15°,7W,AJ/CG,ARAD0775/CT/15/W,R-41159492,IS 10322 (PART 5/SEC1):2012,6149,"Guangdong Sat Technology Co. Ltd., No. 11 Lianbao Rd, Shengfeng District, Xiaolan Town, Zhongshan City, Guangdong, China – 528400",./assets/images/downlights/Tevel-white.webp
Tevel Tunable,DDI085X,36V DC,150mA,2700K~6500K, CRI>97,Φ82*H93mm,15°,7W,AJ/CG,ARAD0775/CT/15/B,R-41159492,IS 10322 (PART 5/SEC1):2012,6149,"Guangdong Sat Technology Co. Ltd., No. 11 Lianbao Rd, Shengfeng District, Xiaolan Town, Zhongshan City, Guangdong, China – 528400",./assets/images/downlights/Tevel-black.webp
Tevel Tunable,DDI085X,36V DC,150mA,2700K~6500K, CRI>97,Φ82*H93mm,24°,7W,AJ/CG,ARAD0775/CT/24/W,R-41159492,IS 10322 (PART 5/SEC1):2012,6149,"Guangdong Sat Technology Co. Ltd., No. 11 Lianbao Rd, Shengfeng District, Xiaolan Town, Zhongshan City, Guangdong, China – 528400",./assets/images/downlights/Tevel-white.webp
Tevel Tunable,DDI085X,36V DC,150mA,2700K~6500K, CRI>97,Φ82*H93mm,24°,7W,AJ/CG,ARAD0775/CT/24/B,R-41159492,IS 10322 (PART 5/SEC1):2012,6149,"Guangdong Sat Technology Co. Ltd., No. 11 Lianbao Rd, Shengfeng District, Xiaolan Town, Zhongshan City, Guangdong, China – 528400",./assets/images/downlights/Tevel-black.webp
Tevel Tunable,DDI085X,36V DC,150mA,2700K~6500K, CRI>97,Φ82*H93mm,36°,7W,AJ/CG,ARAD0775/CT/36/W,R-41159492,IS 10322 (PART 5/SEC1):2012,6149,"Guangdong Sat Technology Co. Ltd., No. 11 Lianbao Rd, Shengfeng District, Xiaolan Town, Zhongshan City, Guangdong, China – 528400",./assets/images/downlights/Tevel-white.webp
Tevel Tunable,DDI085X,36V DC,150mA,2700K~6500K, CRI>97,Φ82*H93mm,36°,7W,AJ/CG,ARAD0775/CT/36/B,R-41159492,IS 10322 (PART 5/SEC1):2012,6149,"Guangdong Sat Technology Co. Ltd., No. 11 Lianbao Rd, Shengfeng District, Xiaolan Town, Zhongshan City, Guangdong, China – 528400",./assets/images/downlights/Tevel-black.webp
Altair Mini,DTD075C,36V DC,160mA,2700K, CRI>97,Φ70*H107mm,15°,7W,AJ/CG,ARAS0735/27/15/W,R-41159492,IS 10322 (PART 5/SEC1):2012,5649,"Guangdong Sat Technology Co. Ltd., No. 11 Lianbao Rd, Shengfeng District, Xiaolan Town, Zhongshan City, Guangdong, China – 528400",./assets/images/downlights/Altair-mini-white.webp
Altair Mini,DTD075C,36V DC,160mA,2700K, CRI>97,Φ70*H107mm,15°,7W,AJ/CG,ARAS0735/27/15/B,R-41159492,IS 10322 (PART 5/SEC1):2012,5649,"Guangdong Sat Technology Co. Ltd., No. 11 Lianbao Rd, Shengfeng District, Xiaolan Town, Zhongshan City, Guangdong, China – 528400",./assets/images/downlights/Altair-mini-Black.webp
Altair Mini,DTD075C,36V DC,160mA,2700K, CRI>97,Φ70*H107mm,15°,7W,AJ/CG,ARAS0735/27/15/CG,R-41159492,IS 10322 (PART 5/SEC1):2012,6649,"Guangdong Sat Technology Co. Ltd., No. 11 Lianbao Rd, Shengfeng District, Xiaolan Town, Zhongshan City, Guangdong, China – 528400",./assets/images/downlights/Altair-mini-Champeign-Gold.webp
Altair Mini,DTD075C,36V DC,160mA,2700K, CRI>97,Φ70*H107mm,15°,7W,AJ/CG,ARAS0735/27/15/RG,R-41159492,IS 10322 (PART 5/SEC1):2012,6649,"Guangdong Sat Technology Co. Ltd., No. 11 Lianbao Rd, Shengfeng District, Xiaolan Town, Zhongshan City, Guangdong, China – 528400",./assets/images/downlights/Altair-mini-rose-gold.webp
Altair Mini,DTD075C,36V DC,160mA,2700K, CRI>97,Φ70*H107mm,15°,7W,AJ/CG,ARAS0735/27/15/BR,R-41159492,IS 10322 (PART 5/SEC1):2012,6649,"Guangdong Sat Technology Co. Ltd., No. 11 Lianbao Rd, Shengfeng District, Xiaolan Town, Zhongshan City, Guangdong, China – 528400",./assets/images/downlights/Altair-mini-L-Brown.webp
Altair Mini,DTD075C,36V DC,160mA,2700K, CRI>97,Φ70*H107mm,15°,7W,AJ/CG,ARAS0735/27/15/COF,R-41159492,IS 10322 (PART 5/SEC1):2012,6649,"Guangdong Sat Technology Co. Ltd., No. 11 Lianbao Rd, Shengfeng District, Xiaolan Town, Zhongshan City, Guangdong, China – 528400",./assets/images/downlights/Altair-mini-cofee.webp
Altair Mini,DTD075C,36V DC,160mA,2700K, CRI>97,Φ70*H107mm,15°,7W,AJ/CG,ARAS0735/27/15/DGR,R-41159492,IS 10322 (PART 5/SEC1):2012,6649,"Guangdong Sat Technology Co. Ltd., No. 11 Lianbao Rd, Shengfeng District, Xiaolan Town, Zhongshan City, Guangdong, China – 528400",./assets/images/downlights/Altair-mini-dark-gray.webp
Altair Mini,DTD075C,36V DC,160mA,2700K, CRI>97,Φ70*H107mm,15°,7W,AJ/CG,ARAS0735/27/15/BB,R-41159492,IS 10322 (PART 5/SEC1):2012,6649,"Guangdong Sat Technology Co. Ltd., No. 11 Lianbao Rd, Shengfeng District, Xiaolan Town, Zhongshan City, Guangdong, China – 528400",./assets/images/downlights/Altair-mini-ballet-blue-new.webp
Altair Mini,DTD075C,36V DC,160mA,2700K, CRI>97,Φ70*H107mm,15°,7W,AJ/CG,ARAS0735/27/15/CH,R-41159492,IS 10322 (PART 5/SEC1):2012,6649,"Guangdong Sat Technology Co. Ltd., No. 11 Lianbao Rd, Shengfeng District, Xiaolan Town, Zhongshan City, Guangdong, China – 528400",./assets/images/downlights/Altair-mini-Chrome.webp
Altair Mini,DTD075C,36V DC,160mA,2700K, CRI>97,Φ70*H107mm,15°,7W,AJ/CG,ARAS0735/27/15/CHB,R-41159492,IS 10322 (PART 5/SEC1):2012,6649,"Guangdong Sat Technology Co. Ltd., No. 11 Lianbao Rd, Shengfeng District, Xiaolan Town, Zhongshan City, Guangdong, China – 528400",./assets/images/downlights/Altair-mini-Chrome-Black.webp
Altair Mini,DTD075C,36V DC,160mA,3000K, CRI>97,Φ70*H107mm,15°,7W,AJ/CG,ARAS0735/30/15/W,R-41159492,IS 10322 (PART 5/SEC1):2012,5649,"Guangdong Sat Technology Co. Ltd., No. 11 Lianbao Rd, Shengfeng District, Xiaolan Town, Zhongshan City, Guangdong, China – 528400",./assets/images/downlights/Altair-mini-white.webp
Altair Mini,DTD075C,36V DC,160mA,3000K, CRI>97,Φ70*H107mm,15°,7W,AJ/CG,ARAS0735/30/15/B,R-41159492,IS 10322 (PART 5/SEC1):2012,5649,"Guangdong Sat Technology Co. Ltd., No. 11 Lianbao Rd, Shengfeng District, Xiaolan Town, Zhongshan City, Guangdong, China – 528400",./assets/images/downlights/Altair-mini-Black.webp
Altair Mini,DTD075C,36V DC,160mA,3000K, CRI>97,Φ70*H107mm,15°,7W,AJ/CG,ARAS0735/30/15/CG,R-41159492,IS 10322 (PART 5/SEC1):2012,6649,"Guangdong Sat Technology Co. Ltd., No. 11 Lianbao Rd, Shengfeng District, Xiaolan Town, Zhongshan City, Guangdong, China – 528400",./assets/images/downlights/Altair-mini-Champeign-Gold.webp
Altair Mini,DTD075C,36V DC,160mA,3000K, CRI>97,Φ70*H107mm,15°,7W,AJ/CG,ARAS0735/30/15/RG,R-41159492,IS 10322 (PART 5/SEC1):2012,6649,"Guangdong Sat Technology Co. Ltd., No. 11 Lianbao Rd, Shengfeng District, Xiaolan Town, Zhongshan City, Guangdong, China – 528400",./assets/images/downlights/Altair-mini-rose-gold.webp
Altair Mini,DTD075C,36V DC,160mA,3000K, CRI>97,Φ70*H107mm,15°,7W,AJ/CG,ARAS0735/30/15/BR,R-41159492,IS 10322 (PART 5/SEC1):2012,6649,"Guangdong Sat Technology Co. Ltd., No. 11 Lianbao Rd, Shengfeng District, Xiaolan Town, Zhongshan City, Guangdong, China – 528400",./assets/images/downlights/Altair-mini-L-Brown.webp
Altair Mini,DTD075C,36V DC,160mA,3000K, CRI>97,Φ70*H107mm,15°,7W,AJ/CG,ARAS0735/30/15/COF,R-41159492,IS 10322 (PART 5/SEC1):2012,6649,"Guangdong Sat Technology Co. Ltd., No. 11 Lianbao Rd, Shengfeng District, Xiaolan Town, Zhongshan City, Guangdong, China – 528400",./assets/images/downlights/Altair-mini-cofee.webp
Altair Mini,DTD075C,36V DC,160mA,3000K, CRI>97,Φ70*H107mm,15°,7W,AJ/CG,ARAS0735/30/15/DGR,R-41159492,IS 10322 (PART 5/SEC1):2012,6649,"Guangdong Sat Technology Co. Ltd., No. 11 Lianbao Rd, Shengfeng District, Xiaolan Town, Zhongshan City, Guangdong, China – 528400",./assets/images/downlights/Altair-mini-dark-gray.webp
Altair Mini,DTD075C,36V DC,160mA,3000K, CRI>97,Φ70*H107mm,15°,7W,AJ/CG,ARAS0735/30/15/BB,R-41159492,IS 10322 (PART 5/SEC1):2012,6649,"Guangdong Sat Technology Co. Ltd., No. 11 Lianbao Rd, Shengfeng District, Xiaolan Town, Zhongshan City, Guangdong, China – 528400",./assets/images/downlights/Altair-mini-ballet-blue-new.webp
Altair Mini,DTD075C,36V DC,160mA,3000K, CRI>97,Φ70*H107mm,15°,7W,AJ/CG,ARAS0735/30/15/CH,R-41159492,IS 10322 (PART 5/SEC1):2012,6649,"Guangdong Sat Technology Co. Ltd., No. 11 Lianbao Rd, Shengfeng District, Xiaolan Town, Zhongshan City, Guangdong, China – 528400",./assets/images/downlights/Altair-mini-Chrome.webp
Altair Mini,DTD075C,36V DC,160mA,3000K, CRI>97,Φ70*H107mm,15°,7W,AJ/CG,ARAS0735/30/15/CHB,R-41159492,IS 10322 (PART 5/SEC1):2012,6649,"Guangdong Sat Technology Co. Ltd., No. 11 Lianbao Rd, Shengfeng District, Xiaolan Town, Zhongshan City, Guangdong, China – 528400",./assets/images/downlights/Altair-mini-Chrome-Black.webp
Altair Mini,DTD075C,36V DC,160mA,3500K, CRI>97,Φ70*H107mm,15°,7W,AJ/CG,ARAS0735/35/15/W,R-41159492,IS 10322 (PART 5/SEC1):2012,5649,"Guangdong Sat Technology Co. Ltd., No. 11 Lianbao Rd, Shengfeng District, Xiaolan Town, Zhongshan City, Guangdong, China – 528400",./assets/images/downlights/Altair-mini-white.webp
Altair Mini,DTD075C,36V DC,160mA,3500K, CRI>97,Φ70*H107mm,15°,7W,AJ/CG,ARAS0735/35/15/B,R-41159492,IS 10322 (PART 5/SEC1):2012,5649,"Guangdong Sat Technology Co. Ltd., No. 11 Lianbao Rd, Shengfeng District, Xiaolan Town, Zhongshan City, Guangdong, China – 528400",./assets/images/downlights/Altair-mini-Black.webp
Altair Mini,DTD075C,36V DC,160mA,3500K, CRI>97,Φ70*H107mm,15°,7W,AJ/CG,ARAS0735/35/15/CG,R-41159492,IS 10322 (PART 5/SEC1):2012,6649,"Guangdong Sat Technology Co. Ltd., No. 11 Lianbao Rd, Shengfeng District, Xiaolan Town, Zhongshan City, Guangdong, China – 528400",./assets/images/downlights/Altair-mini-Champeign-Gold.webp
Altair Mini,DTD075C,36V DC,160mA,3500K, CRI>97,Φ70*H107mm,15°,7W,AJ/CG,ARAS0735/35/15/RG,R-41159492,IS 10322 (PART 5/SEC1):2012,6649,"Guangdong Sat Technology Co. Ltd., No. 11 Lianbao Rd, Shengfeng District, Xiaolan Town, Zhongshan City, Guangdong, China – 528400",./assets/images/downlights/Altair-mini-rose-gold.webp
Altair Mini,DTD075C,36V DC,160mA,3500K, CRI>97,Φ70*H107mm,15°,7W,AJ/CG,ARAS0735/35/15/BR,R-41159492,IS 10322 (PART 5/SEC1):2012,6649,"Guangdong Sat Technology Co. Ltd., No. 11 Lianbao Rd, Shengfeng District, Xiaolan Town, Zhongshan City, Guangdong, China – 528400",./assets/images/downlights/Altair-mini-L-Brown.webp
Altair Mini,DTD075C,36V DC,160mA,3500K, CRI>97,Φ70*H107mm,15°,7W,AJ/CG,ARAS0735/35/15/COF,R-41159492,IS 10322 (PART 5/SEC1):2012,6649,"Guangdong Sat Technology Co. Ltd., No. 11 Lianbao Rd, Shengfeng District, Xiaolan Town, Zhongshan City, Guangdong, China – 528400",./assets/images/downlights/Altair-mini-cofee.webp
Altair Mini,DTD075C,36V DC,160mA,3500K, CRI>97,Φ70*H107mm,15°,7W,AJ/CG,ARAS0735/35/15/DGR,R-41159492,IS 10322 (PART 5/SEC1):2012,6649,"Guangdong Sat Technology Co. Ltd., No. 11 Lianbao Rd, Shengfeng District, Xiaolan Town, Zhongshan City, Guangdong, China – 528400",./assets/images/downlights/Altair-mini-dark-gray.webp
Altair Mini,DTD075C,36V DC,160mA,3500K, CRI>97,Φ70*H107mm,15°,7W,AJ/CG,ARAS0735/35/15/BB,R-41159492,IS 10322 (PART 5/SEC1):2012,6649,"Guangdong Sat Technology Co. Ltd., No. 11 Lianbao Rd, Shengfeng District, Xiaolan Town, Zhongshan City, Guangdong, China – 528400",./assets/images/downlights/Altair-mini-ballet-blue-new.webp
Altair Mini,DTD075C,36V DC,160mA,3500K, CRI>97,Φ70*H107mm,15°,7W,AJ/CG,ARAS0735/35/15/CH,R-41159492,IS 10322 (PART 5/SEC1):2012,6649,"Guangdong Sat Technology Co. Ltd., No. 11 Lianbao Rd, Shengfeng District, Xiaolan Town, Zhongshan City, Guangdong, China – 528400",./assets/images/downlights/Altair-mini-Chrome.webp
Altair Mini,DTD075C,36V DC,160mA,3500K, CRI>97,Φ70*H107mm,15°,7W,AJ/CG,ARAS0735/35/15/CHB,R-41159492,IS 10322 (PART 5/SEC1):2012,6649,"Guangdong Sat Technology Co. Ltd., No. 11 Lianbao Rd, Shengfeng District, Xiaolan Town, Zhongshan City, Guangdong, China – 528400",./assets/images/downlights/Altair-mini-Chrome-Black.webp
Altair Mini,DTD075C,36V DC,160mA,4000K, CRI>97,Φ70*H107mm,15°,7W,AJ/CG,ARAS0735/40/15/W,R-41159492,IS 10322 (PART 5/SEC1):2012,5649,"Guangdong Sat Technology Co. Ltd., No. 11 Lianbao Rd, Shengfeng District, Xiaolan Town, Zhongshan City, Guangdong, China – 528400",./assets/images/downlights/Altair-mini-white.webp
Altair Mini,DTD075C,36V DC,160mA,4000K, CRI>97,Φ70*H107mm,15°,7W,AJ/CG,ARAS0735/40/15/B,R-41159492,IS 10322 (PART 5/SEC1):2012,5649,"Guangdong Sat Technology Co. Ltd., No. 11 Lianbao Rd, Shengfeng District, Xiaolan Town, Zhongshan City, Guangdong, China – 528400",./assets/images/downlights/Altair-mini-Black.webp
Altair Mini,DTD075C,36V DC,160mA,4000K, CRI>97,Φ70*H107mm,15°,7W,AJ/CG,ARAS0735/40/15/CG,R-41159492,IS 10322 (PART 5/SEC1):2012,6649,"Guangdong Sat Technology Co. Ltd., No. 11 Lianbao Rd, Shengfeng District, Xiaolan Town, Zhongshan City, Guangdong, China – 528400",./assets/images/downlights/Altair-mini-Champeign-Gold.webp
Altair Mini,DTD075C,36V DC,160mA,4000K, CRI>97,Φ70*H107mm,15°,7W,AJ/CG,ARAS0735/40/15/RG,R-41159492,IS 10322 (PART 5/SEC1):2012,6649,"Guangdong Sat Technology Co. Ltd., No. 11 Lianbao Rd, Shengfeng District, Xiaolan Town, Zhongshan City, Guangdong, China – 528400",./assets/images/downlights/Altair-mini-rose-gold.webp
Altair Mini,DTD075C,36V DC,160mA,4000K, CRI>97,Φ70*H107mm,15°,7W,AJ/CG,ARAS0735/40/15/BR,R-41159492,IS 10322 (PART 5/SEC1):2012,6649,"Guangdong Sat Technology Co. Ltd., No. 11 Lianbao Rd, Shengfeng District, Xiaolan Town, Zhongshan City, Guangdong, China – 528400",./assets/images/downlights/Altair-mini-L-Brown.webp
Altair Mini,DTD075C,36V DC,160mA,4000K, CRI>97,Φ70*H107mm,15°,7W,AJ/CG,ARAS0735/40/15/COF,R-41159492,IS 10322 (PART 5/SEC1):2012,6649,"Guangdong Sat Technology Co. Ltd., No. 11 Lianbao Rd, Shengfeng District, Xiaolan Town, Zhongshan City, Guangdong, China – 528400",./assets/images/downlights/Altair-mini-cofee.webp
Altair Mini,DTD075C,36V DC,160mA,4000K, CRI>97,Φ70*H107mm,15°,7W,AJ/CG,ARAS0735/40/15/DGR,R-41159492,IS 10322 (PART 5/SEC1):2012,6649,"Guangdong Sat Technology Co. Ltd., No. 11 Lianbao Rd, Shengfeng District, Xiaolan Town, Zhongshan City, Guangdong, China – 528400",./assets/images/downlights/Altair-mini-dark-gray.webp
Altair Mini,DTD075C,36V DC,160mA,4000K, CRI>97,Φ70*H107mm,15°,7W,AJ/CG,ARAS0735/40/15/BB,R-41159492,IS 10322 (PART 5/SEC1):2012,6649,"Guangdong Sat Technology Co. Ltd., No. 11 Lianbao Rd, Shengfeng District, Xiaolan Town, Zhongshan City, Guangdong, China – 528400",./assets/images/downlights/Altair-mini-ballet-blue-new.webp
Altair Mini,DTD075C,36V DC,160mA,4000K, CRI>97,Φ70*H107mm,15°,7W,AJ/CG,ARAS0735/40/15/CH,R-41159492,IS 10322 (PART 5/SEC1):2012,6649,"Guangdong Sat Technology Co. Ltd., No. 11 Lianbao Rd, Shengfeng District, Xiaolan Town, Zhongshan City, Guangdong, China – 528400",./assets/images/downlights/Altair-mini-Chrome.webp
Altair Mini,DTD075C,36V DC,160mA,4000K, CRI>97,Φ70*H107mm,15°,7W,AJ/CG,ARAS0735/40/15/CHB,R-41159492,IS 10322 (PART 5/SEC1):2012,6649,"Guangdong Sat Technology Co. Ltd., No. 11 Lianbao Rd, Shengfeng District, Xiaolan Town, Zhongshan City, Guangdong, China – 528400",./assets/images/downlights/Altair-mini-Chrome-Black.webp
Altair Mini,DTD075C,36V DC,160mA,5000K, CRI>97,Φ70*H107mm,15°,7W,AJ/CG,ARAS0735/50/15/W,R-41159492,IS 10322 (PART 5/SEC1):2012,5649,"Guangdong Sat Technology Co. Ltd., No. 11 Lianbao Rd, Shengfeng District, Xiaolan Town, Zhongshan City, Guangdong, China – 528400",./assets/images/downlights/Altair-mini-white.webp
Altair Mini,DTD075C,36V DC,160mA,5000K, CRI>97,Φ70*H107mm,15°,7W,AJ/CG,ARAS0735/50/15/B,R-41159492,IS 10322 (PART 5/SEC1):2012,5649,"Guangdong Sat Technology Co. Ltd., No. 11 Lianbao Rd, Shengfeng District, Xiaolan Town, Zhongshan City, Guangdong, China – 528400",./assets/images/downlights/Altair-mini-Black.webp
Altair Mini,DTD075C,36V DC,160mA,5000K, CRI>97,Φ70*H107mm,15°,7W,AJ/CG,ARAS0735/50/15/CG,R-41159492,IS 10322 (PART 5/SEC1):2012,6649,"Guangdong Sat Technology Co. Ltd., No. 11 Lianbao Rd, Shengfeng District, Xiaolan Town, Zhongshan City, Guangdong, China – 528400",./assets/images/downlights/Altair-mini-Champeign-Gold.webp
Altair Mini,DTD075C,36V DC,160mA,5000K, CRI>97,Φ70*H107mm,15°,7W,AJ/CG,ARAS0735/50/15/RG,R-41159492,IS 10322 (PART 5/SEC1):2012,6649,"Guangdong Sat Technology Co. Ltd., No. 11 Lianbao Rd, Shengfeng District, Xiaolan Town, Zhongshan City, Guangdong, China – 528400",./assets/images/downlights/Altair-mini-rose-gold.webp
Altair Mini,DTD075C,36V DC,160mA,5000K, CRI>97,Φ70*H107mm,15°,7W,AJ/CG,ARAS0735/50/15/BR,R-41159492,IS 10322 (PART 5/SEC1):2012,6649,"Guangdong Sat Technology Co. Ltd., No. 11 Lianbao Rd, Shengfeng District, Xiaolan Town, Zhongshan City, Guangdong, China – 528400",./assets/images/downlights/Altair-mini-L-Brown.webp
Altair Mini,DTD075C,36V DC,160mA,5000K, CRI>97,Φ70*H107mm,15°,7W,AJ/CG,ARAS0735/50/15/COF,R-41159492,IS 10322 (PART 5/SEC1):2012,6649,"Guangdong Sat Technology Co. Ltd., No. 11 Lianbao Rd, Shengfeng District, Xiaolan Town, Zhongshan City, Guangdong, China – 528400",./assets/images/downlights/Altair-mini-cofee.webp
Altair Mini,DTD075C,36V DC,160mA,5000K, CRI>97,Φ70*H107mm,15°,7W,AJ/CG,ARAS0735/50/15/DGR,R-41159492,IS 10322 (PART 5/SEC1):2012,6649,"Guangdong Sat Technology Co. Ltd., No. 11 Lianbao Rd, Shengfeng District, Xiaolan Town, Zhongshan City, Guangdong, China – 528400",./assets/images/downlights/Altair-mini-dark-gray.webp
Altair Mini,DTD075C,36V DC,160mA,5000K, CRI>97,Φ70*H107mm,15°,7W,AJ/CG,ARAS0735/50/15/BB,R-41159492,IS 10322 (PART 5/SEC1):2012,6649,"Guangdong Sat Technology Co. Ltd., No. 11 Lianbao Rd, Shengfeng District, Xiaolan Town, Zhongshan City, Guangdong, China – 528400",./assets/images/downlights/Altair-mini-ballet-blue-new.webp
Altair Mini,DTD075C,36V DC,160mA,5000K, CRI>97,Φ70*H107mm,15°,7W,AJ/CG,ARAS0735/50/15/CH,R-41159492,IS 10322 (PART 5/SEC1):2012,6649,"Guangdong Sat Technology Co. Ltd., No. 11 Lianbao Rd, Shengfeng District, Xiaolan Town, Zhongshan City, Guangdong, China – 528400",./assets/images/downlights/Altair-mini-Chrome.webp
Altair Mini,DTD075C,36V DC,160mA,5000K, CRI>97,Φ70*H107mm,15°,7W,AJ/CG,ARAS0735/50/15/CHB,R-41159492,IS 10322 (PART 5/SEC1):2012,6649,"Guangdong Sat Technology Co. Ltd., No. 11 Lianbao Rd, Shengfeng District, Xiaolan Town, Zhongshan City, Guangdong, China – 528400",./assets/images/downlights/Altair-mini-Chrome-Black.webp
Altair Mini,DTD075C,36V DC,160mA,2700K, CRI>97,Φ70*H107mm,24°,7W,AJ/CG,ARAS0735/27/24/W,R-41159492,IS 10322 (PART 5/SEC1):2012,5649,"Guangdong Sat Technology Co. Ltd., No. 11 Lianbao Rd, Shengfeng District, Xiaolan Town, Zhongshan City, Guangdong, China – 528400",./assets/images/downlights/Altair-mini-white.webp
Altair Mini,DTD075C,36V DC,160mA,2700K, CRI>97,Φ70*H107mm,24°,7W,AJ/CG,ARAS0735/27/24/B,R-41159492,IS 10322 (PART 5/SEC1):2012,5649,"Guangdong Sat Technology Co. Ltd., No. 11 Lianbao Rd, Shengfeng District, Xiaolan Town, Zhongshan City, Guangdong, China – 528400",./assets/images/downlights/Altair-mini-Black.webp
Altair Mini,DTD075C,36V DC,160mA,2700K, CRI>97,Φ70*H107mm,24°,7W,AJ/CG,ARAS0735/27/24/CG,R-41159492,IS 10322 (PART 5/SEC1):2012,6649,"Guangdong Sat Technology Co. Ltd., No. 11 Lianbao Rd, Shengfeng District, Xiaolan Town, Zhongshan City, Guangdong, China – 528400",./assets/images/downlights/Altair-mini-Champeign-Gold.webp
Altair Mini,DTD075C,36V DC,160mA,2700K, CRI>97,Φ70*H107mm,24°,7W,AJ/CG,ARAS0735/27/24/RG,R-41159492,IS 10322 (PART 5/SEC1):2012,6649,"Guangdong Sat Technology Co. Ltd., No. 11 Lianbao Rd, Shengfeng District, Xiaolan Town, Zhongshan City, Guangdong, China – 528400",./assets/images/downlights/Altair-mini-rose-gold.webp
Altair Mini,DTD075C,36V DC,160mA,2700K, CRI>97,Φ70*H107mm,24°,7W,AJ/CG,ARAS0735/27/24/BR,R-41159492,IS 10322 (PART 5/SEC1):2012,6649,"Guangdong Sat Technology Co. Ltd., No. 11 Lianbao Rd, Shengfeng District, Xiaolan Town, Zhongshan City, Guangdong, China – 528400",./assets/images/downlights/Altair-mini-L-Brown.webp
Altair Mini,DTD075C,36V DC,160mA,2700K, CRI>97,Φ70*H107mm,24°,7W,AJ/CG,ARAS0735/27/24/COF,R-41159492,IS 10322 (PART 5/SEC1):2012,6649,"Guangdong Sat Technology Co. Ltd., No. 11 Lianbao Rd, Shengfeng District, Xiaolan Town, Zhongshan City, Guangdong, China – 528400",./assets/images/downlights/Altair-mini-cofee.webp
Altair Mini,DTD075C,36V DC,160mA,2700K, CRI>97,Φ70*H107mm,24°,7W,AJ/CG,ARAS0735/27/24/DGR,R-41159492,IS 10322 (PART 5/SEC1):2012,6649,"Guangdong Sat Technology Co. Ltd., No. 11 Lianbao Rd, Shengfeng District, Xiaolan Town, Zhongshan City, Guangdong, China – 528400",./assets/images/downlights/Altair-mini-dark-gray.webp
Altair Mini,DTD075C,36V DC,160mA,2700K, CRI>97,Φ70*H107mm,24°,7W,AJ/CG,ARAS0735/27/24/BB,R-41159492,IS 10322 (PART 5/SEC1):2012,6649,"Guangdong Sat Technology Co. Ltd., No. 11 Lianbao Rd, Shengfeng District, Xiaolan Town, Zhongshan City, Guangdong, China – 528400",./assets/images/downlights/Altair-mini-ballet-blue-new.webp
Altair Mini,DTD075C,36V DC,160mA,2700K, CRI>97,Φ70*H107mm,24°,7W,AJ/CG,ARAS0735/27/24/CH,R-41159492,IS 10322 (PART 5/SEC1):2012,6649,"Guangdong Sat Technology Co. Ltd., No. 11 Lianbao Rd, Shengfeng District, Xiaolan Town, Zhongshan City, Guangdong, China – 528400",./assets/images/downlights/Altair-mini-Chrome.webp
Altair Mini,DTD075C,36V DC,160mA,2700K, CRI>97,Φ70*H107mm,24°,7W,AJ/CG,ARAS0735/27/24/CHB,R-41159492,IS 10322 (PART 5/SEC1):2012,6649,"Guangdong Sat Technology Co. Ltd., No. 11 Lianbao Rd, Shengfeng District, Xiaolan Town, Zhongshan City, Guangdong, China – 528400",./assets/images/downlights/Altair-mini-Chrome-Black.webp
Altair Mini,DTD075C,36V DC,160mA,3000K, CRI>97,Φ70*H107mm,24°,7W,AJ/CG,ARAS0735/30/24/W,R-41159492,IS 10322 (PART 5/SEC1):2012,5649,"Guangdong Sat Technology Co. Ltd., No. 11 Lianbao Rd, Shengfeng District, Xiaolan Town, Zhongshan City, Guangdong, China – 528400",./assets/images/downlights/Altair-mini-white.webp
Altair Mini,DTD075C,36V DC,160mA,3000K, CRI>97,Φ70*H107mm,24°,7W,AJ/CG,ARAS0735/30/24/B,R-41159492,IS 10322 (PART 5/SEC1):2012,5649,"Guangdong Sat Technology Co. Ltd., No. 11 Lianbao Rd, Shengfeng District, Xiaolan Town, Zhongshan City, Guangdong, China – 528400",./assets/images/downlights/Altair-mini-Black.webp
Altair Mini,DTD075C,36V DC,160mA,3000K, CRI>97,Φ70*H107mm,24°,7W,AJ/CG,ARAS0735/30/24/CG,R-41159492,IS 10322 (PART 5/SEC1):2012,6649,"Guangdong Sat Technology Co. Ltd., No. 11 Lianbao Rd, Shengfeng District, Xiaolan Town, Zhongshan City, Guangdong, China – 528400",./assets/images/downlights/Altair-mini-Champeign-Gold.webp
Altair Mini,DTD075C,36V DC,160mA,3000K, CRI>97,Φ70*H107mm,24°,7W,AJ/CG,ARAS0735/30/24/RG,R-41159492,IS 10322 (PART 5/SEC1):2012,6649,"Guangdong Sat Technology Co. Ltd., No. 11 Lianbao Rd, Shengfeng District, Xiaolan Town, Zhongshan City, Guangdong, China – 528400",./assets/images/downlights/Altair-mini-rose-gold.webp
Altair Mini,DTD075C,36V DC,160mA,3000K, CRI>97,Φ70*H107mm,24°,7W,AJ/CG,ARAS0735/30/24/BR,R-41159492,IS 10322 (PART 5/SEC1):2012,6649,"Guangdong Sat Technology Co. Ltd., No. 11 Lianbao Rd, Shengfeng District, Xiaolan Town, Zhongshan City, Guangdong, China – 528400",./assets/images/downlights/Altair-mini-L-Brown.webp
Altair Mini,DTD075C,36V DC,160mA,3000K, CRI>97,Φ70*H107mm,24°,7W,AJ/CG,ARAS0735/30/24/COF,R-41159492,IS 10322 (PART 5/SEC1):2012,6649,"Guangdong Sat Technology Co. Ltd., No. 11 Lianbao Rd, Shengfeng District, Xiaolan Town, Zhongshan City, Guangdong, China – 528400",./assets/images/downlights/Altair-mini-cofee.webp
Altair Mini,DTD075C,36V DC,160mA,3000K, CRI>97,Φ70*H107mm,24°,7W,AJ/CG,ARAS0735/30/24/DGR,R-41159492,IS 10322 (PART 5/SEC1):2012,6649,"Guangdong Sat Technology Co. Ltd., No. 11 Lianbao Rd, Shengfeng District, Xiaolan Town, Zhongshan City, Guangdong, China – 528400",./assets/images/downlights/Altair-mini-dark-gray.webp
Altair Mini,DTD075C,36V DC,160mA,3000K, CRI>97,Φ70*H107mm,24°,7W,AJ/CG,ARAS0735/30/24/BB,R-41159492,IS 10322 (PART 5/SEC1):2012,6649,"Guangdong Sat Technology Co. Ltd., No. 11 Lianbao Rd, Shengfeng District, Xiaolan Town, Zhongshan City, Guangdong, China – 528400",./assets/images/downlights/Altair-mini-ballet-blue-new.webp
Altair Mini,DTD075C,36V DC,160mA,3000K, CRI>97,Φ70*H107mm,24°,7W,AJ/CG,ARAS0735/30/24/CH,R-41159492,IS 10322 (PART 5/SEC1):2012,6649,"Guangdong Sat Technology Co. Ltd., No. 11 Lianbao Rd, Shengfeng District, Xiaolan Town, Zhongshan City, Guangdong, China – 528400",./assets/images/downlights/Altair-mini-Chrome.webp
Altair Mini,DTD075C,36V DC,160mA,3000K, CRI>97,Φ70*H107mm,24°,7W,AJ/CG,ARAS0735/30/24/CHB,R-41159492,IS 10322 (PART 5/SEC1):2012,6649,"Guangdong Sat Technology Co. Ltd., No. 11 Lianbao Rd, Shengfeng District, Xiaolan Town, Zhongshan City, Guangdong, China – 528400",./assets/images/downlights/Altair-mini-Chrome-Black.webp
Altair Mini,DTD075C,36V DC,160mA,3500K, CRI>97,Φ70*H107mm,24°,7W,AJ/CG,ARAS0735/35/24/W,R-41159492,IS 10322 (PART 5/SEC1):2012,5649,"Guangdong Sat Technology Co. Ltd., No. 11 Lianbao Rd, Shengfeng District, Xiaolan Town, Zhongshan City, Guangdong, China – 528400",./assets/images/downlights/Altair-mini-white.webp
Altair Mini,DTD075C,36V DC,160mA,3500K, CRI>97,Φ70*H107mm,24°,7W,AJ/CG,ARAS0735/35/24/B,R-41159492,IS 10322 (PART 5/SEC1):2012,5649,"Guangdong Sat Technology Co. Ltd., No. 11 Lianbao Rd, Shengfeng District, Xiaolan Town, Zhongshan City, Guangdong, China – 528400",./assets/images/downlights/Altair-mini-Black.webp
Altair Mini,DTD075C,36V DC,160mA,3500K, CRI>97,Φ70*H107mm,24°,7W,AJ/CG,ARAS0735/35/24/CG,R-41159492,IS 10322 (PART 5/SEC1):2012,6649,"Guangdong Sat Technology Co. Ltd., No. 11 Lianbao Rd, Shengfeng District, Xiaolan Town, Zhongshan City, Guangdong, China – 528400",./assets/images/downlights/Altair-mini-Champeign-Gold.webp
Altair Mini,DTD075C,36V DC,160mA,3500K, CRI>97,Φ70*H107mm,24°,7W,AJ/CG,ARAS0735/35/24/RG,R-41159492,IS 10322 (PART 5/SEC1):2012,6649,"Guangdong Sat Technology Co. Ltd., No. 11 Lianbao Rd, Shengfeng District, Xiaolan Town, Zhongshan City, Guangdong, China – 528400",./assets/images/downlights/Altair-mini-rose-gold.webp
Altair Mini,DTD075C,36V DC,160mA,3500K, CRI>97,Φ70*H107mm,24°,7W,AJ/CG,ARAS0735/35/24/BR,R-41159492,IS 10322 (PART 5/SEC1):2012,6649,"Guangdong Sat Technology Co. Ltd., No. 11 Lianbao Rd, Shengfeng District, Xiaolan Town, Zhongshan City, Guangdong, China – 528400",./assets/images/downlights/Altair-mini-L-Brown.webp
Altair Mini,DTD075C,36V DC,160mA,3500K, CRI>97,Φ70*H107mm,24°,7W,AJ/CG,ARAS0735/35/24/COF,R-41159492,IS 10322 (PART 5/SEC1):2012,6649,"Guangdong Sat Technology Co. Ltd., No. 11 Lianbao Rd, Shengfeng District, Xiaolan Town, Zhongshan City, Guangdong, China – 528400",./assets/images/downlights/Altair-mini-cofee.webp
Altair Mini,DTD075C,36V DC,160mA,3500K, CRI>97,Φ70*H107mm,24°,7W,AJ/CG,ARAS0735/35/24/DGR,R-41159492,IS 10322 (PART 5/SEC1):2012,6649,"Guangdong Sat Technology Co. Ltd., No. 11 Lianbao Rd, Shengfeng District, Xiaolan Town, Zhongshan City, Guangdong, China – 528400",./assets/images/downlights/Altair-mini-dark-gray.webp
Altair Mini,DTD075C,36V DC,160mA,3500K, CRI>97,Φ70*H107mm,24°,7W,AJ/CG,ARAS0735/35/24/BB,R-41159492,IS 10322 (PART 5/SEC1):2012,6649,"Guangdong Sat Technology Co. Ltd., No. 11 Lianbao Rd, Shengfeng District, Xiaolan Town, Zhongshan City, Guangdong, China – 528400",./assets/images/downlights/Altair-mini-ballet-blue-new.webp
Altair Mini,DTD075C,36V DC,160mA,3500K, CRI>97,Φ70*H107mm,24°,7W,AJ/CG,ARAS0735/35/24/CH,R-41159492,IS 10322 (PART 5/SEC1):2012,6649,"Guangdong Sat Technology Co. Ltd., No. 11 Lianbao Rd, Shengfeng District, Xiaolan Town, Zhongshan City, Guangdong, China – 528400",./assets/images/downlights/Altair-mini-Chrome.webp
Altair Mini,DTD075C,36V DC,160mA,3500K, CRI>97,Φ70*H107mm,24°,7W,AJ/CG,ARAS0735/35/24/CHB,R-41159492,IS 10322 (PART 5/SEC1):2012,6649,"Guangdong Sat Technology Co. Ltd., No. 11 Lianbao Rd, Shengfeng District, Xiaolan Town, Zhongshan City, Guangdong, China – 528400",./assets/images/downlights/Altair-mini-Chrome-Black.webp
Altair Mini,DTD075C,36V DC,160mA,4000K, CRI>97,Φ70*H107mm,24°,7W,AJ/CG,ARAS0735/40/24/W,R-41159492,IS 10322 (PART 5/SEC1):2012,5649,"Guangdong Sat Technology Co. Ltd., No. 11 Lianbao Rd, Shengfeng District, Xiaolan Town, Zhongshan City, Guangdong, China – 528400",./assets/images/downlights/Altair-mini-white.webp
Altair Mini,DTD075C,36V DC,160mA,4000K, CRI>97,Φ70*H107mm,24°,7W,AJ/CG,ARAS0735/40/24/B,R-41159492,IS 10322 (PART 5/SEC1):2012,5649,"Guangdong Sat Technology Co. Ltd., No. 11 Lianbao Rd, Shengfeng District, Xiaolan Town, Zhongshan City, Guangdong, China – 528400",./assets/images/downlights/Altair-mini-Black.webp
Altair Mini,DTD075C,36V DC,160mA,4000K, CRI>97,Φ70*H107mm,24°,7W,AJ/CG,ARAS0735/40/24/CG,R-41159492,IS 10322 (PART 5/SEC1):2012,6649,"Guangdong Sat Technology Co. Ltd., No. 11 Lianbao Rd, Shengfeng District, Xiaolan Town, Zhongshan City, Guangdong, China – 528400",./assets/images/downlights/Altair-mini-Champeign-Gold.webp
Altair Mini,DTD075C,36V DC,160mA,4000K, CRI>97,Φ70*H107mm,24°,7W,AJ/CG,ARAS0735/40/24/RG,R-41159492,IS 10322 (PART 5/SEC1):2012,6649,"Guangdong Sat Technology Co. Ltd., No. 11 Lianbao Rd, Shengfeng District, Xiaolan Town, Zhongshan City, Guangdong, China – 528400",./assets/images/downlights/Altair-mini-rose-gold.webp
Altair Mini,DTD075C,36V DC,160mA,4000K, CRI>97,Φ70*H107mm,24°,7W,AJ/CG,ARAS0735/40/24/BR,R-41159492,IS 10322 (PART 5/SEC1):2012,6649,"Guangdong Sat Technology Co. Ltd., No. 11 Lianbao Rd, Shengfeng District, Xiaolan Town, Zhongshan City, Guangdong, China – 528400",./assets/images/downlights/Altair-mini-L-Brown.webp
Altair Mini,DTD075C,36V DC,160mA,4000K, CRI>97,Φ70*H107mm,24°,7W,AJ/CG,ARAS0735/40/24/COF,R-41159492,IS 10322 (PART 5/SEC1):2012,6649,"Guangdong Sat Technology Co. Ltd., No. 11 Lianbao Rd, Shengfeng District, Xiaolan Town, Zhongshan City, Guangdong, China – 528400",./assets/images/downlights/Altair-mini-cofee.webp
Altair Mini,DTD075C,36V DC,160mA,4000K, CRI>97,Φ70*H107mm,24°,7W,AJ/CG,ARAS0735/40/24/DGR,R-41159492,IS 10322 (PART 5/SEC1):2012,6649,"Guangdong Sat Technology Co. Ltd., No. 11 Lianbao Rd, Shengfeng District, Xiaolan Town, Zhongshan City, Guangdong, China – 528400",./assets/images/downlights/Altair-mini-dark-gray.webp
Altair Mini,DTD075C,36V DC,160mA,4000K, CRI>97,Φ70*H107mm,24°,7W,AJ/CG,ARAS0735/40/24/BB,R-41159492,IS 10322 (PART 5/SEC1):2012,6649,"Guangdong Sat Technology Co. Ltd., No. 11 Lianbao Rd, Shengfeng District, Xiaolan Town, Zhongshan City, Guangdong, China – 528400",./assets/images/downlights/Altair-mini-ballet-blue-new.webp
Altair Mini,DTD075C,36V DC,160mA,4000K, CRI>97,Φ70*H107mm,24°,7W,AJ/CG,ARAS0735/40/24/CH,R-41159492,IS 10322 (PART 5/SEC1):2012,6649,"Guangdong Sat Technology Co. Ltd., No. 11 Lianbao Rd, Shengfeng District, Xiaolan Town, Zhongshan City, Guangdong, China – 528400",./assets/images/downlights/Altair-mini-Chrome.webp
Altair Mini,DTD075C,36V DC,160mA,4000K, CRI>97,Φ70*H107mm,24°,7W,AJ/CG,ARAS0735/40/24/CHB,R-41159492,IS 10322 (PART 5/SEC1):2012,6649,"Guangdong Sat Technology Co. Ltd., No. 11 Lianbao Rd, Shengfeng District, Xiaolan Town, Zhongshan City, Guangdong, China – 528400",./assets/images/downlights/Altair-mini-Chrome-Black.webp
Altair Mini,DTD075C,36V DC,160mA,5000K, CRI>97,Φ70*H107mm,24°,7W,AJ/CG,ARAS0735/50/24/W,R-41159492,IS 10322 (PART 5/SEC1):2012,5649,"Guangdong Sat Technology Co. Ltd., No. 11 Lianbao Rd, Shengfeng District, Xiaolan Town, Zhongshan City, Guangdong, China – 528400",./assets/images/downlights/Altair-mini-white.webp
Altair Mini,DTD075C,36V DC,160mA,5000K, CRI>97,Φ70*H107mm,24°,7W,AJ/CG,ARAS0735/50/24/B,R-41159492,IS 10322 (PART 5/SEC1):2012,5649,"Guangdong Sat Technology Co. Ltd., No. 11 Lianbao Rd, Shengfeng District, Xiaolan Town, Zhongshan City, Guangdong, China – 528400",./assets/images/downlights/Altair-mini-Black.webp
Altair Mini,DTD075C,36V DC,160mA,5000K, CRI>97,Φ70*H107mm,24°,7W,AJ/CG,ARAS0735/50/24/CG,R-41159492,IS 10322 (PART 5/SEC1):2012,6649,"Guangdong Sat Technology Co. Ltd., No. 11 Lianbao Rd, Shengfeng District, Xiaolan Town, Zhongshan City, Guangdong, China – 528400",./assets/images/downlights/Altair-mini-Champeign-Gold.webp
Altair Mini,DTD075C,36V DC,160mA,5000K, CRI>97,Φ70*H107mm,24°,7W,AJ/CG,ARAS0735/50/24/RG,R-41159492,IS 10322 (PART 5/SEC1):2012,6649,"Guangdong Sat Technology Co. Ltd., No. 11 Lianbao Rd, Shengfeng District, Xiaolan Town, Zhongshan City, Guangdong, China – 528400",./assets/images/downlights/Altair-mini-rose-gold.webp
Altair Mini,DTD075C,36V DC,160mA,5000K, CRI>97,Φ70*H107mm,24°,7W,AJ/CG,ARAS0735/50/24/BR,R-41159492,IS 10322 (PART 5/SEC1):2012,6649,"Guangdong Sat Technology Co. Ltd., No. 11 Lianbao Rd, Shengfeng District, Xiaolan Town, Zhongshan City, Guangdong, China – 528400",./assets/images/downlights/Altair-mini-L-Brown.webp
Altair Mini,DTD075C,36V DC,160mA,5000K, CRI>97,Φ70*H107mm,24°,7W,AJ/CG,ARAS0735/50/24/COF,R-41159492,IS 10322 (PART 5/SEC1):2012,6649,"Guangdong Sat Technology Co. Ltd., No. 11 Lianbao Rd, Shengfeng District, Xiaolan Town, Zhongshan City, Guangdong, China – 528400",./assets/images/downlights/Altair-mini-cofee.webp
Altair Mini,DTD075C,36V DC,160mA,5000K, CRI>97,Φ70*H107mm,24°,7W,AJ/CG,ARAS0735/50/24/DGR,R-41159492,IS 10322 (PART 5/SEC1):2012,6649,"Guangdong Sat Technology Co. Ltd., No. 11 Lianbao Rd, Shengfeng District, Xiaolan Town, Zhongshan City, Guangdong, China – 528400",./assets/images/downlights/Altair-mini-dark-gray.webp
Altair Mini,DTD075C,36V DC,160mA,5000K, CRI>97,Φ70*H107mm,24°,7W,AJ/CG,ARAS0735/50/24/BB,R-41159492,IS 10322 (PART 5/SEC1):2012,6649,"Guangdong Sat Technology Co. Ltd., No. 11 Lianbao Rd, Shengfeng District, Xiaolan Town, Zhongshan City, Guangdong, China – 528400",./assets/images/downlights/Altair-mini-ballet-blue-new.webp
Altair Mini,DTD075C,36V DC,160mA,5000K, CRI>97,Φ70*H107mm,24°,7W,AJ/CG,ARAS0735/50/24/CH,R-41159492,IS 10322 (PART 5/SEC1):2012,6649,"Guangdong Sat Technology Co. Ltd., No. 11 Lianbao Rd, Shengfeng District, Xiaolan Town, Zhongshan City, Guangdong, China – 528400",./assets/images/downlights/Altair-mini-Chrome.webp
Altair Mini,DTD075C,36V DC,160mA,5000K, CRI>97,Φ70*H107mm,24°,7W,AJ/CG,ARAS0735/50/24/CHB,R-41159492,IS 10322 (PART 5/SEC1):2012,6649,"Guangdong Sat Technology Co. Ltd., No. 11 Lianbao Rd, Shengfeng District, Xiaolan Town, Zhongshan City, Guangdong, China – 528400",./assets/images/downlights/Altair-mini-Chrome-Black.webp
Altair Mini,DTD075C,36V DC,160mA,2700K, CRI>97,Φ70*H107mm,36°,7W,AJ/CG,ARAS0735/27/36/W,R-41159492,IS 10322 (PART 5/SEC1):2012,5649,"Guangdong Sat Technology Co. Ltd., No. 11 Lianbao Rd, Shengfeng District, Xiaolan Town, Zhongshan City, Guangdong, China – 528400",./assets/images/downlights/Altair-mini-white.webp
Altair Mini,DTD075C,36V DC,160mA,2700K, CRI>97,Φ70*H107mm,36°,7W,AJ/CG,ARAS0735/27/36/B,R-41159492,IS 10322 (PART 5/SEC1):2012,5649,"Guangdong Sat Technology Co. Ltd., No. 11 Lianbao Rd, Shengfeng District, Xiaolan Town, Zhongshan City, Guangdong, China – 528400",./assets/images/downlights/Altair-mini-Black.webp
Altair Mini,DTD075C,36V DC,160mA,2700K, CRI>97,Φ70*H107mm,36°,7W,AJ/CG,ARAS0735/27/36/CG,R-41159492,IS 10322 (PART 5/SEC1):2012,6649,"Guangdong Sat Technology Co. Ltd., No. 11 Lianbao Rd, Shengfeng District, Xiaolan Town, Zhongshan City, Guangdong, China – 528400",./assets/images/downlights/Altair-mini-Champeign-Gold.webp
Altair Mini,DTD075C,36V DC,160mA,2700K, CRI>97,Φ70*H107mm,36°,7W,AJ/CG,ARAS0735/27/36/RG,R-41159492,IS 10322 (PART 5/SEC1):2012,6649,"Guangdong Sat Technology Co. Ltd., No. 11 Lianbao Rd, Shengfeng District, Xiaolan Town, Zhongshan City, Guangdong, China – 528400",./assets/images/downlights/Altair-mini-rose-gold.webp
Altair Mini,DTD075C,36V DC,160mA,2700K, CRI>97,Φ70*H107mm,36°,7W,AJ/CG,ARAS0735/27/36/BR,R-41159492,IS 10322 (PART 5/SEC1):2012,6649,"Guangdong Sat Technology Co. Ltd., No. 11 Lianbao Rd, Shengfeng District, Xiaolan Town, Zhongshan City, Guangdong, China – 528400",./assets/images/downlights/Altair-mini-L-Brown.webp
Altair Mini,DTD075C,36V DC,160mA,2700K, CRI>97,Φ70*H107mm,36°,7W,AJ/CG,ARAS0735/27/36/COF,R-41159492,IS 10322 (PART 5/SEC1):2012,6649,"Guangdong Sat Technology Co. Ltd., No. 11 Lianbao Rd, Shengfeng District, Xiaolan Town, Zhongshan City, Guangdong, China – 528400",./assets/images/downlights/Altair-mini-cofee.webp
Altair Mini,DTD075C,36V DC,160mA,2700K, CRI>97,Φ70*H107mm,36°,7W,AJ/CG,ARAS0735/27/36/DGR,R-41159492,IS 10322 (PART 5/SEC1):2012,6649,"Guangdong Sat Technology Co. Ltd., No. 11 Lianbao Rd, Shengfeng District, Xiaolan Town, Zhongshan City, Guangdong, China – 528400",./assets/images/downlights/Altair-mini-dark-gray.webp
Altair Mini,DTD075C,36V DC,160mA,2700K, CRI>97,Φ70*H107mm,36°,7W,AJ/CG,ARAS0735/27/36/BB,R-41159492,IS 10322 (PART 5/SEC1):2012,6649,"Guangdong Sat Technology Co. Ltd., No. 11 Lianbao Rd, Shengfeng District, Xiaolan Town, Zhongshan City, Guangdong, China – 528400",./assets/images/downlights/Altair-mini-ballet-blue-new.webp
Altair Mini,DTD075C,36V DC,160mA,2700K, CRI>97,Φ70*H107mm,36°,7W,AJ/CG,ARAS0735/27/36/CH,R-41159492,IS 10322 (PART 5/SEC1):2012,6649,"Guangdong Sat Technology Co. Ltd., No. 11 Lianbao Rd, Shengfeng District, Xiaolan Town, Zhongshan City, Guangdong, China – 528400",./assets/images/downlights/Altair-mini-Chrome.webp
Altair Mini,DTD075C,36V DC,160mA,2700K, CRI>97,Φ70*H107mm,36°,7W,AJ/CG,ARAS0735/27/36/CHB,R-41159492,IS 10322 (PART 5/SEC1):2012,6649,"Guangdong Sat Technology Co. Ltd., No. 11 Lianbao Rd, Shengfeng District, Xiaolan Town, Zhongshan City, Guangdong, China – 528400",./assets/images/downlights/Altair-mini-Chrome-Black.webp
Altair Mini,DTD075C,36V DC,160mA,3000K, CRI>97,Φ70*H107mm,36°,7W,AJ/CG,ARAS0735/30/36/W,R-41159492,IS 10322 (PART 5/SEC1):2012,5649,"Guangdong Sat Technology Co. Ltd., No. 11 Lianbao Rd, Shengfeng District, Xiaolan Town, Zhongshan City, Guangdong, China – 528400",./assets/images/downlights/Altair-mini-white.webp
Altair Mini,DTD075C,36V DC,160mA,3000K, CRI>97,Φ70*H107mm,36°,7W,AJ/CG,ARAS0735/30/36/B,R-41159492,IS 10322 (PART 5/SEC1):2012,5649,"Guangdong Sat Technology Co. Ltd., No. 11 Lianbao Rd, Shengfeng District, Xiaolan Town, Zhongshan City, Guangdong, China – 528400",./assets/images/downlights/Altair-mini-Black.webp
Altair Mini,DTD075C,36V DC,160mA,3000K, CRI>97,Φ70*H107mm,36°,7W,AJ/CG,ARAS0735/30/36/CG,R-41159492,IS 10322 (PART 5/SEC1):2012,6649,"Guangdong Sat Technology Co. Ltd., No. 11 Lianbao Rd, Shengfeng District, Xiaolan Town, Zhongshan City, Guangdong, China – 528400",./assets/images/downlights/Altair-mini-Champeign-Gold.webp
Altair Mini,DTD075C,36V DC,160mA,3000K, CRI>97,Φ70*H107mm,36°,7W,AJ/CG,ARAS0735/30/36/RG,R-41159492,IS 10322 (PART 5/SEC1):2012,6649,"Guangdong Sat Technology Co. Ltd., No. 11 Lianbao Rd, Shengfeng District, Xiaolan Town, Zhongshan City, Guangdong, China – 528400",./assets/images/downlights/Altair-mini-rose-gold.webp
Altair Mini,DTD075C,36V DC,160mA,3000K, CRI>97,Φ70*H107mm,36°,7W,AJ/CG,ARAS0735/30/36/BR,R-41159492,IS 10322 (PART 5/SEC1):2012,6649,"Guangdong Sat Technology Co. Ltd., No. 11 Lianbao Rd, Shengfeng District, Xiaolan Town, Zhongshan City, Guangdong, China – 528400",./assets/images/downlights/Altair-mini-L-Brown.webp
Altair Mini,DTD075C,36V DC,160mA,3000K, CRI>97,Φ70*H107mm,36°,7W,AJ/CG,ARAS0735/30/36/COF,R-41159492,IS 10322 (PART 5/SEC1):2012,6649,"Guangdong Sat Technology Co. Ltd., No. 11 Lianbao Rd, Shengfeng District, Xiaolan Town, Zhongshan City, Guangdong, China – 528400",./assets/images/downlights/Altair-mini-cofee.webp
Altair Mini,DTD075C,36V DC,160mA,3000K, CRI>97,Φ70*H107mm,36°,7W,AJ/CG,ARAS0735/30/36/DGR,R-41159492,IS 10322 (PART 5/SEC1):2012,6649,"Guangdong Sat Technology Co. Ltd., No. 11 Lianbao Rd, Shengfeng District, Xiaolan Town, Zhongshan City, Guangdong, China – 528400",./assets/images/downlights/Altair-mini-dark-gray.webp
Altair Mini,DTD075C,36V DC,160mA,3000K, CRI>97,Φ70*H107mm,36°,7W,AJ/CG,ARAS0735/30/36/BB,R-41159492,IS 10322 (PART 5/SEC1):2012,6649,"Guangdong Sat Technology Co. Ltd., No. 11 Lianbao Rd, Shengfeng District, Xiaolan Town, Zhongshan City, Guangdong, China – 528400",./assets/images/downlights/Altair-mini-ballet-blue-new.webp
Altair Mini,DTD075C,36V DC,160mA,3000K, CRI>97,Φ70*H107mm,36°,7W,AJ/CG,ARAS0735/30/36/CH,R-41159492,IS 10322 (PART 5/SEC1):2012,6649,"Guangdong Sat Technology Co. Ltd., No. 11 Lianbao Rd, Shengfeng District, Xiaolan Town, Zhongshan City, Guangdong, China – 528400",./assets/images/downlights/Altair-mini-Chrome.webp
Altair Mini,DTD075C,36V DC,160mA,3000K, CRI>97,Φ70*H107mm,36°,7W,AJ/CG,ARAS0735/30/36/CHB,R-41159492,IS 10322 (PART 5/SEC1):2012,6649,"Guangdong Sat Technology Co. Ltd., No. 11 Lianbao Rd, Shengfeng District, Xiaolan Town, Zhongshan City, Guangdong, China – 528400",./assets/images/downlights/Altair-mini-Chrome-Black.webp
Altair Mini,DTD075C,36V DC,160mA,3500K, CRI>97,Φ70*H107mm,36°,7W,AJ/CG,ARAS0735/35/36/W,R-41159492,IS 10322 (PART 5/SEC1):2012,5649,"Guangdong Sat Technology Co. Ltd., No. 11 Lianbao Rd, Shengfeng District, Xiaolan Town, Zhongshan City, Guangdong, China – 528400",./assets/images/downlights/Altair-mini-white.webp
Altair Mini,DTD075C,36V DC,160mA,3500K, CRI>97,Φ70*H107mm,36°,7W,AJ/CG,ARAS0735/35/36/B,R-41159492,IS 10322 (PART 5/SEC1):2012,5649,"Guangdong Sat Technology Co. Ltd., No. 11 Lianbao Rd, Shengfeng District, Xiaolan Town, Zhongshan City, Guangdong, China – 528400",./assets/images/downlights/Altair-mini-Black.webp
Altair Mini,DTD075C,36V DC,160mA,3500K, CRI>97,Φ70*H107mm,36°,7W,AJ/CG,ARAS0735/35/36/CG,R-41159492,IS 10322 (PART 5/SEC1):2012,6649,"Guangdong Sat Technology Co. Ltd., No. 11 Lianbao Rd, Shengfeng District, Xiaolan Town, Zhongshan City, Guangdong, China – 528400",./assets/images/downlights/Altair-mini-Champeign-Gold.webp
Altair Mini,DTD075C,36V DC,160mA,3500K, CRI>97,Φ70*H107mm,36°,7W,AJ/CG,ARAS0735/35/36/RG,R-41159492,IS 10322 (PART 5/SEC1):2012,6649,"Guangdong Sat Technology Co. Ltd., No. 11 Lianbao Rd, Shengfeng District, Xiaolan Town, Zhongshan City, Guangdong, China – 528400",./assets/images/downlights/Altair-mini-rose-gold.webp
Altair Mini,DTD075C,36V DC,160mA,3500K, CRI>97,Φ70*H107mm,36°,7W,AJ/CG,ARAS0735/35/36/BR,R-41159492,IS 10322 (PART 5/SEC1):2012,6649,"Guangdong Sat Technology Co. Ltd., No. 11 Lianbao Rd, Shengfeng District, Xiaolan Town, Zhongshan City, Guangdong, China – 528400",./assets/images/downlights/Altair-mini-L-Brown.webp
Altair Mini,DTD075C,36V DC,160mA,3500K, CRI>97,Φ70*H107mm,36°,7W,AJ/CG,ARAS0735/35/36/COF,R-41159492,IS 10322 (PART 5/SEC1):2012,6649,"Guangdong Sat Technology Co. Ltd., No. 11 Lianbao Rd, Shengfeng District, Xiaolan Town, Zhongshan City, Guangdong, China – 528400",./assets/images/downlights/Altair-mini-cofee.webp
Altair Mini,DTD075C,36V DC,160mA,3500K, CRI>97,Φ70*H107mm,36°,7W,AJ/CG,ARAS0735/35/36/DGR,R-41159492,IS 10322 (PART 5/SEC1):2012,6649,"Guangdong Sat Technology Co. Ltd., No. 11 Lianbao Rd, Shengfeng District, Xiaolan Town, Zhongshan City, Guangdong, China – 528400",./assets/images/downlights/Altair-mini-dark-gray.webp
Altair Mini,DTD075C,36V DC,160mA,3500K, CRI>97,Φ70*H107mm,36°,7W,AJ/CG,ARAS0735/35/36/BB,R-41159492,IS 10322 (PART 5/SEC1):2012,6649,"Guangdong Sat Technology Co. Ltd., No. 11 Lianbao Rd, Shengfeng District, Xiaolan Town, Zhongshan City, Guangdong, China – 528400",./assets/images/downlights/Altair-mini-ballet-blue-new.webp
Altair Mini,DTD075C,36V DC,160mA,3500K, CRI>97,Φ70*H107mm,36°,7W,AJ/CG,ARAS0735/35/36/CH,R-41159492,IS 10322 (PART 5/SEC1):2012,6649,"Guangdong Sat Technology Co. Ltd., No. 11 Lianbao Rd, Shengfeng District, Xiaolan Town, Zhongshan City, Guangdong, China – 528400",./assets/images/downlights/Altair-mini-Chrome.webp
Altair Mini,DTD075C,36V DC,160mA,3500K, CRI>97,Φ70*H107mm,36°,7W,AJ/CG,ARAS0735/35/36/CHB,R-41159492,IS 10322 (PART 5/SEC1):2012,6649,"Guangdong Sat Technology Co. Ltd., No. 11 Lianbao Rd, Shengfeng District, Xiaolan Town, Zhongshan City, Guangdong, China – 528400",./assets/images/downlights/Altair-mini-Chrome-Black.webp
Altair Mini,DTD075C,36V DC,160mA,4000K, CRI>97,Φ70*H107mm,36°,7W,AJ/CG,ARAS0735/40/36/W,R-41159492,IS 10322 (PART 5/SEC1):2012,5649,"Guangdong Sat Technology Co. Ltd., No. 11 Lianbao Rd, Shengfeng District, Xiaolan Town, Zhongshan City, Guangdong, China – 528400",./assets/images/downlights/Altair-mini-white.webp
Altair Mini,DTD075C,36V DC,160mA,4000K, CRI>97,Φ70*H107mm,36°,7W,AJ/CG,ARAS0735/40/36/B,R-41159492,IS 10322 (PART 5/SEC1):2012,5649,"Guangdong Sat Technology Co. Ltd., No. 11 Lianbao Rd, Shengfeng District, Xiaolan Town, Zhongshan City, Guangdong, China – 528400",./assets/images/downlights/Altair-mini-Black.webp
Altair Mini,DTD075C,36V DC,160mA,4000K, CRI>97,Φ70*H107mm,36°,7W,AJ/CG,ARAS0735/40/36/CG,R-41159492,IS 10322 (PART 5/SEC1):2012,6649,"Guangdong Sat Technology Co. Ltd., No. 11 Lianbao Rd, Shengfeng District, Xiaolan Town, Zhongshan City, Guangdong, China – 528400",./assets/images/downlights/Altair-mini-Champeign-Gold.webp
Altair Mini,DTD075C,36V DC,160mA,4000K, CRI>97,Φ70*H107mm,36°,7W,AJ/CG,ARAS0735/40/36/RG,R-41159492,IS 10322 (PART 5/SEC1):2012,6649,"Guangdong Sat Technology Co. Ltd., No. 11 Lianbao Rd, Shengfeng District, Xiaolan Town, Zhongshan City, Guangdong, China – 528400",./assets/images/downlights/Altair-mini-rose-gold.webp
Altair Mini,DTD075C,36V DC,160mA,4000K, CRI>97,Φ70*H107mm,36°,7W,AJ/CG,ARAS0735/40/36/BR,R-41159492,IS 10322 (PART 5/SEC1):2012,6649,"Guangdong Sat Technology Co. Ltd., No. 11 Lianbao Rd, Shengfeng District, Xiaolan Town, Zhongshan City, Guangdong, China – 528400",./assets/images/downlights/Altair-mini-L-Brown.webp
Altair Mini,DTD075C,36V DC,160mA,4000K, CRI>97,Φ70*H107mm,36°,7W,AJ/CG,ARAS0735/40/36/COF,R-41159492,IS 10322 (PART 5/SEC1):2012,6649,"Guangdong Sat Technology Co. Ltd., No. 11 Lianbao Rd, Shengfeng District, Xiaolan Town, Zhongshan City, Guangdong, China – 528400",./assets/images/downlights/Altair-mini-cofee.webp
Altair Mini,DTD075C,36V DC,160mA,4000K, CRI>97,Φ70*H107mm,36°,7W,AJ/CG,ARAS0735/40/36/DGR,R-41159492,IS 10322 (PART 5/SEC1):2012,6649,"Guangdong Sat Technology Co. Ltd., No. 11 Lianbao Rd, Shengfeng District, Xiaolan Town, Zhongshan City, Guangdong, China – 528400",./assets/images/downlights/Altair-mini-dark-gray.webp
Altair Mini,DTD075C,36V DC,160mA,4000K, CRI>97,Φ70*H107mm,36°,7W,AJ/CG,ARAS0735/40/36/BB,R-41159492,IS 10322 (PART 5/SEC1):2012,6649,"Guangdong Sat Technology Co. Ltd., No. 11 Lianbao Rd, Shengfeng District, Xiaolan Town, Zhongshan City, Guangdong, China – 528400",./assets/images/downlights/Altair-mini-ballet-blue-new.webp
Altair Mini,DTD075C,36V DC,160mA,4000K, CRI>97,Φ70*H107mm,36°,7W,AJ/CG,ARAS0735/40/36/CH,R-41159492,IS 10322 (PART 5/SEC1):2012,6649,"Guangdong Sat Technology Co. Ltd., No. 11 Lianbao Rd, Shengfeng District, Xiaolan Town, Zhongshan City, Guangdong, China – 528400",./assets/images/downlights/Altair-mini-Chrome.webp
Altair Mini,DTD075C,36V DC,160mA,4000K, CRI>97,Φ70*H107mm,36°,7W,AJ/CG,ARAS0735/40/36/CHB,R-41159492,IS 10322 (PART 5/SEC1):2012,6649,"Guangdong Sat Technology Co. Ltd., No. 11 Lianbao Rd, Shengfeng District, Xiaolan Town, Zhongshan City, Guangdong, China – 528400",./assets/images/downlights/Altair-mini-Chrome-Black.webp
Altair Mini,DTD075C,36V DC,160mA,5000K, CRI>97,Φ70*H107mm,36°,7W,AJ/CG,ARAS0735/50/36/W,R-41159492,IS 10322 (PART 5/SEC1):2012,5649,"Guangdong Sat Technology Co. Ltd., No. 11 Lianbao Rd, Shengfeng District, Xiaolan Town, Zhongshan City, Guangdong, China – 528400",./assets/images/downlights/Altair-mini-white.webp
Altair Mini,DTD075C,36V DC,160mA,5000K, CRI>97,Φ70*H107mm,36°,7W,AJ/CG,ARAS0735/50/36/B,R-41159492,IS 10322 (PART 5/SEC1):2012,5649,"Guangdong Sat Technology Co. Ltd., No. 11 Lianbao Rd, Shengfeng District, Xiaolan Town, Zhongshan City, Guangdong, China – 528400",./assets/images/downlights/Altair-mini-Black.webp
Altair Mini,DTD075C,36V DC,160mA,5000K, CRI>97,Φ70*H107mm,36°,7W,AJ/CG,ARAS0735/50/36/CG,R-41159492,IS 10322 (PART 5/SEC1):2012,6649,"Guangdong Sat Technology Co. Ltd., No. 11 Lianbao Rd, Shengfeng District, Xiaolan Town, Zhongshan City, Guangdong, China – 528400",./assets/images/downlights/Altair-mini-Champeign-Gold.webp
Altair Mini,DTD075C,36V DC,160mA,5000K, CRI>97,Φ70*H107mm,36°,7W,AJ/CG,ARAS0735/50/36/RG,R-41159492,IS 10322 (PART 5/SEC1):2012,6649,"Guangdong Sat Technology Co. Ltd., No. 11 Lianbao Rd, Shengfeng District, Xiaolan Town, Zhongshan City, Guangdong, China – 528400",./assets/images/downlights/Altair-mini-rose-gold.webp
Altair Mini,DTD075C,36V DC,160mA,5000K, CRI>97,Φ70*H107mm,36°,7W,AJ/CG,ARAS0735/50/36/BR,R-41159492,IS 10322 (PART 5/SEC1):2012,6649,"Guangdong Sat Technology Co. Ltd., No. 11 Lianbao Rd, Shengfeng District, Xiaolan Town, Zhongshan City, Guangdong, China – 528400",./assets/images/downlights/Altair-mini-L-Brown.webp
Altair Mini,DTD075C,36V DC,160mA,5000K, CRI>97,Φ70*H107mm,36°,7W,AJ/CG,ARAS0735/50/36/COF,R-41159492,IS 10322 (PART 5/SEC1):2012,6649,"Guangdong Sat Technology Co. Ltd., No. 11 Lianbao Rd, Shengfeng District, Xiaolan Town, Zhongshan City, Guangdong, China – 528400",./assets/images/downlights/Altair-mini-cofee.webp
Altair Mini,DTD075C,36V DC,160mA,5000K, CRI>97,Φ70*H107mm,36°,7W,AJ/CG,ARAS0735/50/36/DGR,R-41159492,IS 10322 (PART 5/SEC1):2012,6649,"Guangdong Sat Technology Co. Ltd., No. 11 Lianbao Rd, Shengfeng District, Xiaolan Town, Zhongshan City, Guangdong, China – 528400",./assets/images/downlights/Altair-mini-dark-gray.webp
Altair Mini,DTD075C,36V DC,160mA,5000K, CRI>97,Φ70*H107mm,36°,7W,AJ/CG,ARAS0735/50/36/BB,R-41159492,IS 10322 (PART 5/SEC1):2012,6649,"Guangdong Sat Technology Co. Ltd., No. 11 Lianbao Rd, Shengfeng District, Xiaolan Town, Zhongshan City, Guangdong, China – 528400",./assets/images/downlights/Altair-mini-ballet-blue-new.webp
Altair Mini,DTD075C,36V DC,160mA,5000K, CRI>97,Φ70*H107mm,36°,7W,AJ/CG,ARAS0735/50/36/CH,R-41159492,IS 10322 (PART 5/SEC1):2012,6649,"Guangdong Sat Technology Co. Ltd., No. 11 Lianbao Rd, Shengfeng District, Xiaolan Town, Zhongshan City, Guangdong, China – 528400",./assets/images/downlights/Altair-mini-Chrome.webp
Altair Mini,DTD075C,36V DC,160mA,5000K, CRI>97,Φ70*H107mm,36°,7W,AJ/CG,ARAS0735/50/36/CHB,R-41159492,IS 10322 (PART 5/SEC1):2012,6649,"Guangdong Sat Technology Co. Ltd., No. 11 Lianbao Rd, Shengfeng District, Xiaolan Town, Zhongshan City, Guangdong, China – 528400",./assets/images/downlights/Altair-mini-Chrome-Black.webp
Altair Mini,DTD075C,36V DC,160mA,2700K, CRI>97,Φ70*H107mm,15°~45° Zoom,7W,AJ/CG,ARAS0735/27/Z/W,R-41159492,IS 10322 (PART 5/SEC1):2012,5649,"Guangdong Sat Technology Co. Ltd., No. 11 Lianbao Rd, Shengfeng District, Xiaolan Town, Zhongshan City, Guangdong, China – 528400",./assets/images/downlights/Altair-mini-white.webp
Altair Mini,DTD075C,36V DC,160mA,2700K, CRI>97,Φ70*H107mm,15°~45° Zoom,7W,AJ/CG,ARAS0735/27/Z/B,R-41159492,IS 10322 (PART 5/SEC1):2012,5649,"Guangdong Sat Technology Co. Ltd., No. 11 Lianbao Rd, Shengfeng District, Xiaolan Town, Zhongshan City, Guangdong, China – 528400",./assets/images/downlights/Altair-mini-Black.webp
Altair Mini,DTD075C,36V DC,160mA,2700K, CRI>97,Φ70*H107mm,15°~45° Zoom,7W,AJ/CG,ARAS0735/27/Z/CG,R-41159492,IS 10322 (PART 5/SEC1):2012,6649,"Guangdong Sat Technology Co. Ltd., No. 11 Lianbao Rd, Shengfeng District, Xiaolan Town, Zhongshan City, Guangdong, China – 528400",./assets/images/downlights/Altair-mini-Champeign-Gold.webp
Altair Mini,DTD075C,36V DC,160mA,2700K, CRI>97,Φ70*H107mm,15°~45° Zoom,7W,AJ/CG,ARAS0735/27/Z/RG,R-41159492,IS 10322 (PART 5/SEC1):2012,6649,"Guangdong Sat Technology Co. Ltd., No. 11 Lianbao Rd, Shengfeng District, Xiaolan Town, Zhongshan City, Guangdong, China – 528400",./assets/images/downlights/Altair-mini-rose-gold.webp
Altair Mini,DTD075C,36V DC,160mA,2700K, CRI>97,Φ70*H107mm,15°~45° Zoom,7W,AJ/CG,ARAS0735/27/Z/BR,R-41159492,IS 10322 (PART 5/SEC1):2012,6649,"Guangdong Sat Technology Co. Ltd., No. 11 Lianbao Rd, Shengfeng District, Xiaolan Town, Zhongshan City, Guangdong, China – 528400",./assets/images/downlights/Altair-mini-L-Brown.webp
Altair Mini,DTD075C,36V DC,160mA,2700K, CRI>97,Φ70*H107mm,15°~45° Zoom,7W,AJ/CG,ARAS0735/27/Z/COF,R-41159492,IS 10322 (PART 5/SEC1):2012,6649,"Guangdong Sat Technology Co. Ltd., No. 11 Lianbao Rd, Shengfeng District, Xiaolan Town, Zhongshan City, Guangdong, China – 528400",./assets/images/downlights/Altair-mini-cofee.webp
Altair Mini,DTD075C,36V DC,160mA,2700K, CRI>97,Φ70*H107mm,15°~45° Zoom,7W,AJ/CG,ARAS0735/27/Z/DGR,R-41159492,IS 10322 (PART 5/SEC1):2012,6649,"Guangdong Sat Technology Co. Ltd., No. 11 Lianbao Rd, Shengfeng District, Xiaolan Town, Zhongshan City, Guangdong, China – 528400",./assets/images/downlights/Altair-mini-dark-gray.webp
Altair Mini,DTD075C,36V DC,160mA,2700K, CRI>97,Φ70*H107mm,15°~45° Zoom,7W,AJ/CG,ARAS0735/27/Z/BB,R-41159492,IS 10322 (PART 5/SEC1):2012,6649,"Guangdong Sat Technology Co. Ltd., No. 11 Lianbao Rd, Shengfeng District, Xiaolan Town, Zhongshan City, Guangdong, China – 528400",./assets/images/downlights/Altair-mini-ballet-blue-new.webp
Altair Mini,DTD075C,36V DC,160mA,2700K, CRI>97,Φ70*H107mm,15°~45° Zoom,7W,AJ/CG,ARAS0735/27/Z/CH,R-41159492,IS 10322 (PART 5/SEC1):2012,6649,"Guangdong Sat Technology Co. Ltd., No. 11 Lianbao Rd, Shengfeng District, Xiaolan Town, Zhongshan City, Guangdong, China – 528400",./assets/images/downlights/Altair-mini-Chrome.webp
Altair Mini,DTD075C,36V DC,160mA,2700K, CRI>97,Φ70*H107mm,15°~45° Zoom,7W,AJ/CG,ARAS0735/27/Z/CHB,R-41159492,IS 10322 (PART 5/SEC1):2012,6649,"Guangdong Sat Technology Co. Ltd., No. 11 Lianbao Rd, Shengfeng District, Xiaolan Town, Zhongshan City, Guangdong, China – 528400",./assets/images/downlights/Altair-mini-Chrome-Black.webp
Altair Mini,DTD075C,36V DC,160mA,3000K, CRI>97,Φ70*H107mm,15°~45° Zoom,7W,AJ/CG,ARAS0735/30/Z/W,R-41159492,IS 10322 (PART 5/SEC1):2012,5649,"Guangdong Sat Technology Co. Ltd., No. 11 Lianbao Rd, Shengfeng District, Xiaolan Town, Zhongshan City, Guangdong, China – 528400",./assets/images/downlights/Altair-mini-white.webp
Altair Mini,DTD075C,36V DC,160mA,3000K, CRI>97,Φ70*H107mm,15°~45° Zoom,7W,AJ/CG,ARAS0735/30/Z/B,R-41159492,IS 10322 (PART 5/SEC1):2012,5649,"Guangdong Sat Technology Co. Ltd., No. 11 Lianbao Rd, Shengfeng District, Xiaolan Town, Zhongshan City, Guangdong, China – 528400",./assets/images/downlights/Altair-mini-Black.webp
Altair Mini,DTD075C,36V DC,160mA,3000K, CRI>97,Φ70*H107mm,15°~45° Zoom,7W,AJ/CG,ARAS0735/30/Z/CG,R-41159492,IS 10322 (PART 5/SEC1):2012,6649,"Guangdong Sat Technology Co. Ltd., No. 11 Lianbao Rd, Shengfeng District, Xiaolan Town, Zhongshan City, Guangdong, China – 528400",./assets/images/downlights/Altair-mini-Champeign-Gold.webp
Altair Mini,DTD075C,36V DC,160mA,3000K, CRI>97,Φ70*H107mm,15°~45° Zoom,7W,AJ/CG,ARAS0735/30/Z/RG,R-41159492,IS 10322 (PART 5/SEC1):2012,6649,"Guangdong Sat Technology Co. Ltd., No. 11 Lianbao Rd, Shengfeng District, Xiaolan Town, Zhongshan City, Guangdong, China – 528400",./assets/images/downlights/Altair-mini-rose-gold.webp
Altair Mini,DTD075C,36V DC,160mA,3000K, CRI>97,Φ70*H107mm,15°~45° Zoom,7W,AJ/CG,ARAS0735/30/Z/BR,R-41159492,IS 10322 (PART 5/SEC1):2012,6649,"Guangdong Sat Technology Co. Ltd., No. 11 Lianbao Rd, Shengfeng District, Xiaolan Town, Zhongshan City, Guangdong, China – 528400",./assets/images/downlights/Altair-mini-L-Brown.webp
Altair Mini,DTD075C,36V DC,160mA,3000K, CRI>97,Φ70*H107mm,15°~45° Zoom,7W,AJ/CG,ARAS0735/30/Z/COF,R-41159492,IS 10322 (PART 5/SEC1):2012,6649,"Guangdong Sat Technology Co. Ltd., No. 11 Lianbao Rd, Shengfeng District, Xiaolan Town, Zhongshan City, Guangdong, China – 528400",./assets/images/downlights/Altair-mini-cofee.webp
Altair Mini,DTD075C,36V DC,160mA,3000K, CRI>97,Φ70*H107mm,15°~45° Zoom,7W,AJ/CG,ARAS0735/30/Z/DGR,R-41159492,IS 10322 (PART 5/SEC1):2012,6649,"Guangdong Sat Technology Co. Ltd., No. 11 Lianbao Rd, Shengfeng District, Xiaolan Town, Zhongshan City, Guangdong, China – 528400",./assets/images/downlights/Altair-mini-dark-gray.webp
Altair Mini,DTD075C,36V DC,160mA,3000K, CRI>97,Φ70*H107mm,15°~45° Zoom,7W,AJ/CG,ARAS0735/30/Z/BB,R-41159492,IS 10322 (PART 5/SEC1):2012,6649,"Guangdong Sat Technology Co. Ltd., No. 11 Lianbao Rd, Shengfeng District, Xiaolan Town, Zhongshan City, Guangdong, China – 528400",./assets/images/downlights/Altair-mini-ballet-blue-new.webp
Altair Mini,DTD075C,36V DC,160mA,3000K, CRI>97,Φ70*H107mm,15°~45° Zoom,7W,AJ/CG,ARAS0735/30/Z/CH,R-41159492,IS 10322 (PART 5/SEC1):2012,6649,"Guangdong Sat Technology Co. Ltd., No. 11 Lianbao Rd, Shengfeng District, Xiaolan Town, Zhongshan City, Guangdong, China – 528400",./assets/images/downlights/Altair-mini-Chrome.webp
Altair Mini,DTD075C,36V DC,160mA,3000K, CRI>97,Φ70*H107mm,15°~45° Zoom,7W,AJ/CG,ARAS0735/30/Z/CHB,R-41159492,IS 10322 (PART 5/SEC1):2012,6649,"Guangdong Sat Technology Co. Ltd., No. 11 Lianbao Rd, Shengfeng District, Xiaolan Town, Zhongshan City, Guangdong, China – 528400",./assets/images/downlights/Altair-mini-Chrome-Black.webp
Altair Mini,DTD075C,36V DC,160mA,3500K, CRI>97,Φ70*H107mm,15°~45° Zoom,7W,AJ/CG,ARAS0735/35/Z/W,R-41159492,IS 10322 (PART 5/SEC1):2012,5649,"Guangdong Sat Technology Co. Ltd., No. 11 Lianbao Rd, Shengfeng District, Xiaolan Town, Zhongshan City, Guangdong, China – 528400",./assets/images/downlights/Altair-mini-white.webp
Altair Mini,DTD075C,36V DC,160mA,3500K, CRI>97,Φ70*H107mm,15°~45° Zoom,7W,AJ/CG,ARAS0735/35/Z/B,R-41159492,IS 10322 (PART 5/SEC1):2012,5649,"Guangdong Sat Technology Co. Ltd., No. 11 Lianbao Rd, Shengfeng District, Xiaolan Town, Zhongshan City, Guangdong, China – 528400",./assets/images/downlights/Altair-mini-Black.webp
Altair Mini,DTD075C,36V DC,160mA,3500K, CRI>97,Φ70*H107mm,15°~45° Zoom,7W,AJ/CG,ARAS0735/35/Z/CG,R-41159492,IS 10322 (PART 5/SEC1):2012,6649,"Guangdong Sat Technology Co. Ltd., No. 11 Lianbao Rd, Shengfeng District, Xiaolan Town, Zhongshan City, Guangdong, China – 528400",./assets/images/downlights/Altair-mini-Champeign-Gold.webp
Altair Mini,DTD075C,36V DC,160mA,3500K, CRI>97,Φ70*H107mm,15°~45° Zoom,7W,AJ/CG,ARAS0735/35/Z/RG,R-41159492,IS 10322 (PART 5/SEC1):2012,6649,"Guangdong Sat Technology Co. Ltd., No. 11 Lianbao Rd, Shengfeng District, Xiaolan Town, Zhongshan City, Guangdong, China – 528400",./assets/images/downlights/Altair-mini-rose-gold.webp
Altair Mini,DTD075C,36V DC,160mA,3500K, CRI>97,Φ70*H107mm,15°~45° Zoom,7W,AJ/CG,ARAS0735/35/Z/BR,R-41159492,IS 10322 (PART 5/SEC1):2012,6649,"Guangdong Sat Technology Co. Ltd., No. 11 Lianbao Rd, Shengfeng District, Xiaolan Town, Zhongshan City, Guangdong, China – 528400",./assets/images/downlights/Altair-mini-L-Brown.webp
Altair Mini,DTD075C,36V DC,160mA,3500K, CRI>97,Φ70*H107mm,15°~45° Zoom,7W,AJ/CG,ARAS0735/35/Z/COF,R-41159492,IS 10322 (PART 5/SEC1):2012,6649,"Guangdong Sat Technology Co. Ltd., No. 11 Lianbao Rd, Shengfeng District, Xiaolan Town, Zhongshan City, Guangdong, China – 528400",./assets/images/downlights/Altair-mini-cofee.webp
Altair Mini,DTD075C,36V DC,160mA,3500K, CRI>97,Φ70*H107mm,15°~45° Zoom,7W,AJ/CG,ARAS0735/35/Z/DGR,R-41159492,IS 10322 (PART 5/SEC1):2012,6649,"Guangdong Sat Technology Co. Ltd., No. 11 Lianbao Rd, Shengfeng District, Xiaolan Town, Zhongshan City, Guangdong, China – 528400",./assets/images/downlights/Altair-mini-dark-gray.webp
Altair Mini,DTD075C,36V DC,160mA,3500K, CRI>97,Φ70*H107mm,15°~45° Zoom,7W,AJ/CG,ARAS0735/35/Z/BB,R-41159492,IS 10322 (PART 5/SEC1):2012,6649,"Guangdong Sat Technology Co. Ltd., No. 11 Lianbao Rd, Shengfeng District, Xiaolan Town, Zhongshan City, Guangdong, China – 528400",./assets/images/downlights/Altair-mini-ballet-blue-new.webp
Altair Mini,DTD075C,36V DC,160mA,3500K, CRI>97,Φ70*H107mm,15°~45° Zoom,7W,AJ/CG,ARAS0735/35/Z/CH,R-41159492,IS 10322 (PART 5/SEC1):2012,6649,"Guangdong Sat Technology Co. Ltd., No. 11 Lianbao Rd, Shengfeng District, Xiaolan Town, Zhongshan City, Guangdong, China – 528400",./assets/images/downlights/Altair-mini-Chrome.webp
Altair Mini,DTD075C,36V DC,160mA,3500K, CRI>97,Φ70*H107mm,15°~45° Zoom,7W,AJ/CG,ARAS0735/35/Z/CHB,R-41159492,IS 10322 (PART 5/SEC1):2012,6649,"Guangdong Sat Technology Co. Ltd., No. 11 Lianbao Rd, Shengfeng District, Xiaolan Town, Zhongshan City, Guangdong, China – 528400",./assets/images/downlights/Altair-mini-Chrome-Black.webp
Altair Mini,DTD075C,36V DC,160mA,4000K, CRI>97,Φ70*H107mm,15°~45° Zoom,7W,AJ/CG,ARAS0735/40/Z/W,R-41159492,IS 10322 (PART 5/SEC1):2012,5649,"Guangdong Sat Technology Co. Ltd., No. 11 Lianbao Rd, Shengfeng District, Xiaolan Town, Zhongshan City, Guangdong, China – 528400",./assets/images/downlights/Altair-mini-white.webp
Altair Mini,DTD075C,36V DC,160mA,4000K, CRI>97,Φ70*H107mm,15°~45° Zoom,7W,AJ/CG,ARAS0735/40/Z/B,R-41159492,IS 10322 (PART 5/SEC1):2012,5649,"Guangdong Sat Technology Co. Ltd., No. 11 Lianbao Rd, Shengfeng District, Xiaolan Town, Zhongshan City, Guangdong, China – 528400",./assets/images/downlights/Altair-mini-Black.webp
Altair Mini,DTD075C,36V DC,160mA,4000K, CRI>97,Φ70*H107mm,15°~45° Zoom,7W,AJ/CG,ARAS0735/40/Z/CG,R-41159492,IS 10322 (PART 5/SEC1):2012,6649,"Guangdong Sat Technology Co. Ltd., No. 11 Lianbao Rd, Shengfeng District, Xiaolan Town, Zhongshan City, Guangdong, China – 528400",./assets/images/downlights/Altair-mini-Champeign-Gold.webp
Altair Mini,DTD075C,36V DC,160mA,4000K, CRI>97,Φ70*H107mm,15°~45° Zoom,7W,AJ/CG,ARAS0735/40/Z/RG,R-41159492,IS 10322 (PART 5/SEC1):2012,6649,"Guangdong Sat Technology Co. Ltd., No. 11 Lianbao Rd, Shengfeng District, Xiaolan Town, Zhongshan City, Guangdong, China – 528400",./assets/images/downlights/Altair-mini-rose-gold.webp
Altair Mini,DTD075C,36V DC,160mA,4000K, CRI>97,Φ70*H107mm,15°~45° Zoom,7W,AJ/CG,ARAS0735/40/Z/BR,R-41159492,IS 10322 (PART 5/SEC1):2012,6649,"Guangdong Sat Technology Co. Ltd., No. 11 Lianbao Rd, Shengfeng District, Xiaolan Town, Zhongshan City, Guangdong, China – 528400",./assets/images/downlights/Altair-mini-L-Brown.webp
Altair Mini,DTD075C,36V DC,160mA,4000K, CRI>97,Φ70*H107mm,15°~45° Zoom,7W,AJ/CG,ARAS0735/40/Z/COF,R-41159492,IS 10322 (PART 5/SEC1):2012,6649,"Guangdong Sat Technology Co. Ltd., No. 11 Lianbao Rd, Shengfeng District, Xiaolan Town, Zhongshan City, Guangdong, China – 528400",./assets/images/downlights/Altair-mini-cofee.webp
Altair Mini,DTD075C,36V DC,160mA,4000K, CRI>97,Φ70*H107mm,15°~45° Zoom,7W,AJ/CG,ARAS0735/40/Z/DGR,R-41159492,IS 10322 (PART 5/SEC1):2012,6649,"Guangdong Sat Technology Co. Ltd., No. 11 Lianbao Rd, Shengfeng District, Xiaolan Town, Zhongshan City, Guangdong, China – 528400",./assets/images/downlights/Altair-mini-dark-gray.webp
Altair Mini,DTD075C,36V DC,160mA,4000K, CRI>97,Φ70*H107mm,15°~45° Zoom,7W,AJ/CG,ARAS0735/40/Z/BB,R-41159492,IS 10322 (PART 5/SEC1):2012,6649,"Guangdong Sat Technology Co. Ltd., No. 11 Lianbao Rd, Shengfeng District, Xiaolan Town, Zhongshan City, Guangdong, China – 528400",./assets/images/downlights/Altair-mini-ballet-blue-new.webp
Altair Mini,DTD075C,36V DC,160mA,4000K, CRI>97,Φ70*H107mm,15°~45° Zoom,7W,AJ/CG,ARAS0735/40/Z/CH,R-41159492,IS 10322 (PART 5/SEC1):2012,6649,"Guangdong Sat Technology Co. Ltd., No. 11 Lianbao Rd, Shengfeng District, Xiaolan Town, Zhongshan City, Guangdong, China – 528400",./assets/images/downlights/Altair-mini-Chrome.webp
Altair Mini,DTD075C,36V DC,160mA,4000K, CRI>97,Φ70*H107mm,15°~45° Zoom,7W,AJ/CG,ARAS0735/40/Z/CHB,R-41159492,IS 10322 (PART 5/SEC1):2012,6649,"Guangdong Sat Technology Co. Ltd., No. 11 Lianbao Rd, Shengfeng District, Xiaolan Town, Zhongshan City, Guangdong, China – 528400",./assets/images/downlights/Altair-mini-Chrome-Black.webp
Altair Mini,DTD075C,36V DC,160mA,5000K, CRI>97,Φ70*H107mm,15°~45° Zoom,7W,AJ/CG,ARAS0735/50/Z/W,R-41159492,IS 10322 (PART 5/SEC1):2012,5649,"Guangdong Sat Technology Co. Ltd., No. 11 Lianbao Rd, Shengfeng District, Xiaolan Town, Zhongshan City, Guangdong, China – 528400",./assets/images/downlights/Altair-mini-white.webp
Altair Mini,DTD075C,36V DC,160mA,5000K, CRI>97,Φ70*H107mm,15°~45° Zoom,7W,AJ/CG,ARAS0735/50/Z/B,R-41159492,IS 10322 (PART 5/SEC1):2012,5649,"Guangdong Sat Technology Co. Ltd., No. 11 Lianbao Rd, Shengfeng District, Xiaolan Town, Zhongshan City, Guangdong, China – 528400",./assets/images/downlights/Altair-mini-Black.webp
Altair Mini,DTD075C,36V DC,160mA,5000K, CRI>97,Φ70*H107mm,15°~45° Zoom,7W,AJ/CG,ARAS0735/50/Z/CG,R-41159492,IS 10322 (PART 5/SEC1):2012,6649,"Guangdong Sat Technology Co. Ltd., No. 11 Lianbao Rd, Shengfeng District, Xiaolan Town, Zhongshan City, Guangdong, China – 528400",./assets/images/downlights/Altair-mini-Champeign-Gold.webp
Altair Mini,DTD075C,36V DC,160mA,5000K, CRI>97,Φ70*H107mm,15°~45° Zoom,7W,AJ/CG,ARAS0735/50/Z/RG,R-41159492,IS 10322 (PART 5/SEC1):2012,6649,"Guangdong Sat Technology Co. Ltd., No. 11 Lianbao Rd, Shengfeng District, Xiaolan Town, Zhongshan City, Guangdong, China – 528400",./assets/images/downlights/Altair-mini-rose-gold.webp
Altair Mini,DTD075C,36V DC,160mA,5000K, CRI>97,Φ70*H107mm,15°~45° Zoom,7W,AJ/CG,ARAS0735/50/Z/BR,R-41159492,IS 10322 (PART 5/SEC1):2012,6649,"Guangdong Sat Technology Co. Ltd., No. 11 Lianbao Rd, Shengfeng District, Xiaolan Town, Zhongshan City, Guangdong, China – 528400",./assets/images/downlights/Altair-mini-L-Brown.webp
Altair Mini,DTD075C,36V DC,160mA,5000K, CRI>97,Φ70*H107mm,15°~45° Zoom,7W,AJ/CG,ARAS0735/50/Z/COF,R-41159492,IS 10322 (PART 5/SEC1):2012,6649,"Guangdong Sat Technology Co. Ltd., No. 11 Lianbao Rd, Shengfeng District, Xiaolan Town, Zhongshan City, Guangdong, China – 528400",./assets/images/downlights/Altair-mini-cofee.webp
Altair Mini,DTD075C,36V DC,160mA,5000K, CRI>97,Φ70*H107mm,15°~45° Zoom,7W,AJ/CG,ARAS0735/50/Z/DGR,R-41159492,IS 10322 (PART 5/SEC1):2012,6649,"Guangdong Sat Technology Co. Ltd., No. 11 Lianbao Rd, Shengfeng District, Xiaolan Town, Zhongshan City, Guangdong, China – 528400",./assets/images/downlights/Altair-mini-dark-gray.webp
Altair Mini,DTD075C,36V DC,160mA,5000K, CRI>97,Φ70*H107mm,15°~45° Zoom,7W,AJ/CG,ARAS0735/50/Z/BB,R-41159492,IS 10322 (PART 5/SEC1):2012,6649,"Guangdong Sat Technology Co. Ltd., No. 11 Lianbao Rd, Shengfeng District, Xiaolan Town, Zhongshan City, Guangdong, China – 528400",./assets/images/downlights/Altair-mini-ballet-blue-new.webp
Altair Mini,DTD075C,36V DC,160mA,5000K, CRI>97,Φ70*H107mm,15°~45° Zoom,7W,AJ/CG,ARAS0735/50/Z/CH,R-41159492,IS 10322 (PART 5/SEC1):2012,6649,"Guangdong Sat Technology Co. Ltd., No. 11 Lianbao Rd, Shengfeng District, Xiaolan Town, Zhongshan City, Guangdong, China – 528400",./assets/images/downlights/Altair-mini-Chrome.webp
Altair Mini,DTD075C,36V DC,160mA,5000K, CRI>97,Φ70*H107mm,15°~45° Zoom,7W,AJ/CG,ARAS0735/50/Z/CHB,R-41159492,IS 10322 (PART 5/SEC1):2012,6649,"Guangdong Sat Technology Co. Ltd., No. 11 Lianbao Rd, Shengfeng District, Xiaolan Town, Zhongshan City, Guangdong, China – 528400",./assets/images/downlights/Altair-mini-Chrome-Black.webp
Altair Mini Tunable,DTD075C,36V DC,160mA,2700K~6500K, CRI>97,Φ70*H107mm,15°,7W,AJ/CG,ARAS0735/CT/15/B,R-41159492,IS 10322 (PART 5/SEC1):2012,6849,"Guangdong Sat Technology Co. Ltd., No. 11 Lianbao Rd, Shengfeng District, Xiaolan Town, Zhongshan City, Guangdong, China – 528400",./assets/images/downlights/Altair-mini-Black.webp
Altair Mini Tunable,DTD075C,36V DC,160mA,2700K~6500K, CRI>97,Φ70*H107mm,15°,7W,AJ/CG,ARAS0735/CT/15/COF,R-41159492,IS 10322 (PART 5/SEC1):2012,7849,"Guangdong Sat Technology Co. Ltd., No. 11 Lianbao Rd, Shengfeng District, Xiaolan Town, Zhongshan City, Guangdong, China – 528400",./assets/images/downlights/Altair-mini-cofee.webp
Altair Mini Tunable,DTD075C,36V DC,160mA,2700K~6500K, CRI>97,Φ70*H107mm,15°,7W,AJ/CG,ARAS0735/CT/15/DGR,R-41159492,IS 10322 (PART 5/SEC1):2012,7849,"Guangdong Sat Technology Co. Ltd., No. 11 Lianbao Rd, Shengfeng District, Xiaolan Town, Zhongshan City, Guangdong, China – 528400",./assets/images/downlights/Altair-mini-dark-gray.webp
Altair Mini Tunable,DTD075C,36V DC,160mA,2700K~6500K, CRI>97,Φ70*H107mm,15°,7W,AJ/CG,ARAS0735/CT/15/BB,R-41159492,IS 10322 (PART 5/SEC1):2012,7849,"Guangdong Sat Technology Co. Ltd., No. 11 Lianbao Rd, Shengfeng District, Xiaolan Town, Zhongshan City, Guangdong, China – 528400",./assets/images/downlights/Altair-mini-ballet-blue-new.webp
Altair Mini Tunable,DTD075C,36V DC,160mA,2700K~6500K, CRI>97,Φ70*H107mm,15°,7W,AJ/CG,ARAS0735/CT/15/CH,R-41159492,IS 10322 (PART 5/SEC1):2012,7849,"Guangdong Sat Technology Co. Ltd., No. 11 Lianbao Rd, Shengfeng District, Xiaolan Town, Zhongshan City, Guangdong, China – 528400",./assets/images/downlights/Altair-mini-Chrome.webp
Altair Mini Tunable,DTD075C,36V DC,160mA,2700K~6500K, CRI>97,Φ70*H107mm,15°,7W,AJ/CG,ARAS0735/CT/15/W,R-41159492,IS 10322 (PART 5/SEC1):2012,6849,"Guangdong Sat Technology Co. Ltd., No. 11 Lianbao Rd, Shengfeng District, Xiaolan Town, Zhongshan City, Guangdong, China – 528400",./assets/images/downlights/Altair-mini-white.webp
Altair Mini Tunable,DTD075C,36V DC,160mA,2700K~6500K, CRI>97,Φ70*H107mm,15°,7W,AJ/CG,ARAS0735/CT/15/CG,R-41159492,IS 10322 (PART 5/SEC1):2012,7849,"Guangdong Sat Technology Co. Ltd., No. 11 Lianbao Rd, Shengfeng District, Xiaolan Town, Zhongshan City, Guangdong, China – 528400",./assets/images/downlights/Altair-mini-Champeign-Gold.webp
Altair Mini Tunable,DTD075C,36V DC,160mA,2700K~6500K, CRI>97,Φ70*H107mm,15°,7W,AJ/CG,ARAS0735/CT/15/RG,R-41159492,IS 10322 (PART 5/SEC1):2012,7849,"Guangdong Sat Technology Co. Ltd., No. 11 Lianbao Rd, Shengfeng District, Xiaolan Town, Zhongshan City, Guangdong, China – 528400",./assets/images/downlights/Altair-mini-rose-gold.webp
Altair Mini Tunable,DTD075C,36V DC,160mA,2700K~6500K, CRI>97,Φ70*H107mm,15°,7W,AJ/CG,ARAS0735/CT/15/BR,R-41159492,IS 10322 (PART 5/SEC1):2012,7849,"Guangdong Sat Technology Co. Ltd., No. 11 Lianbao Rd, Shengfeng District, Xiaolan Town, Zhongshan City, Guangdong, China – 528400",./assets/images/downlights/Altair-mini-L-Brown.webp
Altair Mini Tunable,DTD075C,36V DC,160mA,2700K~6500K, CRI>97,Φ70*H107mm,15°,7W,AJ/CG,ARAS0735/CT/15/CHB,R-41159492,IS 10322 (PART 5/SEC1):2012,7849,"Guangdong Sat Technology Co. Ltd., No. 11 Lianbao Rd, Shengfeng District, Xiaolan Town, Zhongshan City, Guangdong, China – 528400",./assets/images/downlights/Altair-mini-Chrome-Black.webp
Altair Mini Tunable,DTD075C,36V DC,160mA,2700K~6500K, CRI>97,Φ70*H107mm,24°,7W,AJ/CG,ARAS0735/CT/24/W,R-41159492,IS 10322 (PART 5/SEC1):2012,6849,"Guangdong Sat Technology Co. Ltd., No. 11 Lianbao Rd, Shengfeng District, Xiaolan Town, Zhongshan City, Guangdong, China – 528400",./assets/images/downlights/Altair-mini-white.webp
Altair Mini Tunable,DTD075C,36V DC,160mA,2700K~6500K, CRI>97,Φ70*H107mm,24°,7W,AJ/CG,ARAS0735/CT/24/CG,R-41159492,IS 10322 (PART 5/SEC1):2012,7849,"Guangdong Sat Technology Co. Ltd., No. 11 Lianbao Rd, Shengfeng District, Xiaolan Town, Zhongshan City, Guangdong, China – 528400",./assets/images/downlights/Altair-mini-Champeign-Gold.webp
Altair Mini Tunable,DTD075C,36V DC,160mA,2700K~6500K, CRI>97,Φ70*H107mm,24°,7W,AJ/CG,ARAS0735/CT/24/RG,R-41159492,IS 10322 (PART 5/SEC1):2012,7849,"Guangdong Sat Technology Co. Ltd., No. 11 Lianbao Rd, Shengfeng District, Xiaolan Town, Zhongshan City, Guangdong, China – 528400",./assets/images/downlights/Altair-mini-rose-gold.webp
Altair Mini Tunable,DTD075C,36V DC,160mA,2700K~6500K, CRI>97,Φ70*H107mm,24°,7W,AJ/CG,ARAS0735/CT/24/BR,R-41159492,IS 10322 (PART 5/SEC1):2012,7849,"Guangdong Sat Technology Co. Ltd., No. 11 Lianbao Rd, Shengfeng District, Xiaolan Town, Zhongshan City, Guangdong, China – 528400",./assets/images/downlights/Altair-mini-L-Brown.webp
Altair Mini Tunable,DTD075C,36V DC,160mA,2700K~6500K, CRI>97,Φ70*H107mm,24°,7W,AJ/CG,ARAS0735/CT/24/CHB,R-41159492,IS 10322 (PART 5/SEC1):2012,7849,"Guangdong Sat Technology Co. Ltd., No. 11 Lianbao Rd, Shengfeng District, Xiaolan Town, Zhongshan City, Guangdong, China – 528400",./assets/images/downlights/Altair-mini-Chrome-Black.webp
Altair Mini Tunable,DTD075C,36V DC,160mA,2700K~6500K, CRI>97,Φ70*H107mm,24°,7W,AJ/CG,ARAS0735/CT/24/B,R-41159492,IS 10322 (PART 5/SEC1):2012,6849,"Guangdong Sat Technology Co. Ltd., No. 11 Lianbao Rd, Shengfeng District, Xiaolan Town, Zhongshan City, Guangdong, China – 528400",./assets/images/downlights/Altair-mini-Black.webp
Altair Mini Tunable,DTD075C,36V DC,160mA,2700K~6500K, CRI>97,Φ70*H107mm,24°,7W,AJ/CG,ARAS0735/CT/24/COF,R-41159492,IS 10322 (PART 5/SEC1):2012,7849,"Guangdong Sat Technology Co. Ltd., No. 11 Lianbao Rd, Shengfeng District, Xiaolan Town, Zhongshan City, Guangdong, China – 528400",./assets/images/downlights/Altair-mini-cofee.webp
Altair Mini Tunable,DTD075C,36V DC,160mA,2700K~6500K, CRI>97,Φ70*H107mm,24°,7W,AJ/CG,ARAS0735/CT/24/DGR,R-41159492,IS 10322 (PART 5/SEC1):2012,7849,"Guangdong Sat Technology Co. Ltd., No. 11 Lianbao Rd, Shengfeng District, Xiaolan Town, Zhongshan City, Guangdong, China – 528400",./assets/images/downlights/Altair-mini-dark-gray.webp
Altair Mini Tunable,DTD075C,36V DC,160mA,2700K~6500K, CRI>97,Φ70*H107mm,24°,7W,AJ/CG,ARAS0735/CT/24/BB,R-41159492,IS 10322 (PART 5/SEC1):2012,7849,"Guangdong Sat Technology Co. Ltd., No. 11 Lianbao Rd, Shengfeng District, Xiaolan Town, Zhongshan City, Guangdong, China – 528400",./assets/images/downlights/Altair-mini-ballet-blue-new.webp
Altair Mini Tunable,DTD075C,36V DC,160mA,2700K~6500K, CRI>97,Φ70*H107mm,24°,7W,AJ/CG,ARAS0735/CT/24/CH,R-41159492,IS 10322 (PART 5/SEC1):2012,7849,"Guangdong Sat Technology Co. Ltd., No. 11 Lianbao Rd, Shengfeng District, Xiaolan Town, Zhongshan City, Guangdong, China – 528400",./assets/images/downlights/Altair-mini-Chrome.webp
Altair Mini Tunable,DTD075C,36V DC,160mA,2700K~6500K, CRI>97,Φ70*H107mm,36°,7W,AJ/CG,ARAS0735/CT/36/B,R-41159492,IS 10322 (PART 5/SEC1):2012,6849,"Guangdong Sat Technology Co. Ltd., No. 11 Lianbao Rd, Shengfeng District, Xiaolan Town, Zhongshan City, Guangdong, China – 528400",./assets/images/downlights/Altair-mini-Black.webp
Altair Mini Tunable,DTD075C,36V DC,160mA,2700K~6500K, CRI>97,Φ70*H107mm,36°,7W,AJ/CG,ARAS0735/CT/36/COF,R-41159492,IS 10322 (PART 5/SEC1):2012,7849,"Guangdong Sat Technology Co. Ltd., No. 11 Lianbao Rd, Shengfeng District, Xiaolan Town, Zhongshan City, Guangdong, China – 528400",./assets/images/downlights/Altair-mini-cofee.webp
Altair Mini Tunable,DTD075C,36V DC,160mA,2700K~6500K, CRI>97,Φ70*H107mm,36°,7W,AJ/CG,ARAS0735/CT/36/DGR,R-41159492,IS 10322 (PART 5/SEC1):2012,7849,"Guangdong Sat Technology Co. Ltd., No. 11 Lianbao Rd, Shengfeng District, Xiaolan Town, Zhongshan City, Guangdong, China – 528400",./assets/images/downlights/Altair-mini-dark-gray.webp
Altair Mini Tunable,DTD075C,36V DC,160mA,2700K~6500K, CRI>97,Φ70*H107mm,36°,7W,AJ/CG,ARAS0735/CT/36/BB,R-41159492,IS 10322 (PART 5/SEC1):2012,7849,"Guangdong Sat Technology Co. Ltd., No. 11 Lianbao Rd, Shengfeng District, Xiaolan Town, Zhongshan City, Guangdong, China – 528400",./assets/images/downlights/Altair-mini-ballet-blue-new.webp
Altair Mini Tunable,DTD075C,36V DC,160mA,2700K~6500K, CRI>97,Φ70*H107mm,36°,7W,AJ/CG,ARAS0735/CT/36/CH,R-41159492,IS 10322 (PART 5/SEC1):2012,7849,"Guangdong Sat Technology Co. Ltd., No. 11 Lianbao Rd, Shengfeng District, Xiaolan Town, Zhongshan City, Guangdong, China – 528400",./assets/images/downlights/Altair-mini-Chrome.webp
Altair Mini Tunable,DTD075C,36V DC,160mA,2700K~6500K, CRI>97,Φ70*H107mm,36°,7W,AJ/CG,ARAS0735/CT/36/W,R-41159492,IS 10322 (PART 5/SEC1):2012,6849,"Guangdong Sat Technology Co. Ltd., No. 11 Lianbao Rd, Shengfeng District, Xiaolan Town, Zhongshan City, Guangdong, China – 528400",./assets/images/downlights/Altair-mini-white.webp
Altair Mini Tunable,DTD075C,36V DC,160mA,2700K~6500K, CRI>97,Φ70*H107mm,36°,7W,AJ/CG,ARAS0735/CT/36/CG,R-41159492,IS 10322 (PART 5/SEC1):2012,7849,"Guangdong Sat Technology Co. Ltd., No. 11 Lianbao Rd, Shengfeng District, Xiaolan Town, Zhongshan City, Guangdong, China – 528400",./assets/images/downlights/Altair-mini-Champeign-Gold.webp
Altair Mini Tunable,DTD075C,36V DC,160mA,2700K~6500K, CRI>97,Φ70*H107mm,36°,7W,AJ/CG,ARAS0735/CT/36/RG,R-41159492,IS 10322 (PART 5/SEC1):2012,7849,"Guangdong Sat Technology Co. Ltd., No. 11 Lianbao Rd, Shengfeng District, Xiaolan Town, Zhongshan City, Guangdong, China – 528400",./assets/images/downlights/Altair-mini-rose-gold.webp
Altair Mini Tunable,DTD075C,36V DC,160mA,2700K~6500K, CRI>97,Φ70*H107mm,36°,7W,AJ/CG,ARAS0735/CT/36/BR,R-41159492,IS 10322 (PART 5/SEC1):2012,7849,"Guangdong Sat Technology Co. Ltd., No. 11 Lianbao Rd, Shengfeng District, Xiaolan Town, Zhongshan City, Guangdong, China – 528400",./assets/images/downlights/Altair-mini-L-Brown.webp
Altair Mini Tunable,DTD075C,36V DC,160mA,2700K~6500K, CRI>97,Φ70*H107mm,36°,7W,AJ/CG,ARAS0735/CT/36/CHB,R-41159492,IS 10322 (PART 5/SEC1):2012,7849,"Guangdong Sat Technology Co. Ltd., No. 11 Lianbao Rd, Shengfeng District, Xiaolan Town, Zhongshan City, Guangdong, China – 528400",./assets/images/downlights/Altair-mini-Chrome-Black.webp
Altair Mini Tunable,DTD075C,36V DC,160mA,2700K~6500K, CRI>97,Φ70*H107mm,15°~45° Zoom,7W,AJ/CG,ARAS0735/CT/Z/B,R-41159492,IS 10322 (PART 5/SEC1):2012,6849,"Guangdong Sat Technology Co. Ltd., No. 11 Lianbao Rd, Shengfeng District, Xiaolan Town, Zhongshan City, Guangdong, China – 528400",./assets/images/downlights/Altair-mini-Black.webp
Altair Mini Tunable,DTD075C,36V DC,160mA,2700K~6500K, CRI>97,Φ70*H107mm,15°~45° Zoom,7W,AJ/CG,ARAS0735/CT/Z/COF,R-41159492,IS 10322 (PART 5/SEC1):2012,7849,"Guangdong Sat Technology Co. Ltd., No. 11 Lianbao Rd, Shengfeng District, Xiaolan Town, Zhongshan City, Guangdong, China – 528400",./assets/images/downlights/Altair-mini-cofee.webp
Altair Mini Tunable,DTD075C,36V DC,160mA,2700K~6500K, CRI>97,Φ70*H107mm,15°~45° Zoom,7W,AJ/CG,ARAS0735/CT/Z/DGR,R-41159492,IS 10322 (PART 5/SEC1):2012,7849,"Guangdong Sat Technology Co. Ltd., No. 11 Lianbao Rd, Shengfeng District, Xiaolan Town, Zhongshan City, Guangdong, China – 528400",./assets/images/downlights/Altair-mini-dark-gray.webp
Altair Mini Tunable,DTD075C,36V DC,160mA,2700K~6500K, CRI>97,Φ70*H107mm,15°~45° Zoom,7W,AJ/CG,ARAS0735/CT/Z/BB,R-41159492,IS 10322 (PART 5/SEC1):2012,7849,"Guangdong Sat Technology Co. Ltd., No. 11 Lianbao Rd, Shengfeng District, Xiaolan Town, Zhongshan City, Guangdong, China – 528400",./assets/images/downlights/Altair-mini-ballet-blue-new.webp
Altair Mini Tunable,DTD075C,36V DC,160mA,2700K~6500K, CRI>97,Φ70*H107mm,15°~45° Zoom,7W,AJ/CG,ARAS0735/CT/Z/CH,R-41159492,IS 10322 (PART 5/SEC1):2012,7849,"Guangdong Sat Technology Co. Ltd., No. 11 Lianbao Rd, Shengfeng District, Xiaolan Town, Zhongshan City, Guangdong, China – 528400",./assets/images/downlights/Altair-mini-Chrome.webp
Altair Mini Tunable,DTD075C,36V DC,160mA,2700K~6500K, CRI>97,Φ70*H107mm,15°~45° Zoom,7W,AJ/CG,ARAS0735/CT/Z/W,R-41159492,IS 10322 (PART 5/SEC1):2012,6849,"Guangdong Sat Technology Co. Ltd., No. 11 Lianbao Rd, Shengfeng District, Xiaolan Town, Zhongshan City, Guangdong, China – 528400",./assets/images/downlights/Altair-mini-white.webp
Altair Mini Tunable,DTD075C,36V DC,160mA,2700K~6500K, CRI>97,Φ70*H107mm,15°~45° Zoom,7W,AJ/CG,ARAS0735/CT/Z/CG,R-41159492,IS 10322 (PART 5/SEC1):2012,7849,"Guangdong Sat Technology Co. Ltd., No. 11 Lianbao Rd, Shengfeng District, Xiaolan Town, Zhongshan City, Guangdong, China – 528400",./assets/images/downlights/Altair-mini-Champeign-Gold.webp
Altair Mini Tunable,DTD075C,36V DC,160mA,2700K~6500K, CRI>97,Φ70*H107mm,15°~45° Zoom,7W,AJ/CG,ARAS0735/CT/Z/RG,R-41159492,IS 10322 (PART 5/SEC1):2012,7849,"Guangdong Sat Technology Co. Ltd., No. 11 Lianbao Rd, Shengfeng District, Xiaolan Town, Zhongshan City, Guangdong, China – 528400",./assets/images/downlights/Altair-mini-rose-gold.webp
Altair Mini Tunable,DTD075C,36V DC,160mA,2700K~6500K, CRI>97,Φ70*H107mm,15°~45° Zoom,7W,AJ/CG,ARAS0735/CT/Z/BR,R-41159492,IS 10322 (PART 5/SEC1):2012,7849,"Guangdong Sat Technology Co. Ltd., No. 11 Lianbao Rd, Shengfeng District, Xiaolan Town, Zhongshan City, Guangdong, China – 528400",./assets/images/downlights/Altair-mini-L-Brown.webp
Altair Mini Tunable,DTD075C,36V DC,160mA,2700K~6500K, CRI>97,Φ70*H107mm,15°~45° Zoom,7W,AJ/CG,ARAS0735/CT/Z/CHB,R-41159492,IS 10322 (PART 5/SEC1):2012,7849,"Guangdong Sat Technology Co. Ltd., No. 11 Lianbao Rd, Shengfeng District, Xiaolan Town, Zhongshan City, Guangdong, China – 528400",./assets/images/downlights/Altair-mini-Chrome-Black.webp
Altair dyna,DTD075C,36V DC,160mA,2700K, CRI>97,Φ70*H107mm,15°,7W,AJ/CG,ARPS0750/27/15/B,R-41159492,IS 10322 (PART 5/SEC1):2012,6699,"Guangdong Sat Technology Co. Ltd., No. 11 Lianbao Rd, Shengfeng District, Xiaolan Town, Zhongshan City, Guangdong, China – 528400",./assets/images/downlights/Altair-Dyna-03-mat-black-default.webp
Altair dyna,DTD075C,36V DC,160mA,2700K, CRI>97,Φ70*H107mm,15°,7W,AJ/CG,ARPS0750/27/15/W,R-41159492,IS 10322 (PART 5/SEC1):2012,6699,"Guangdong Sat Technology Co. Ltd., No. 11 Lianbao Rd, Shengfeng District, Xiaolan Town, Zhongshan City, Guangdong, China – 528400",./assets/images/downlights/Altair-Dyna-05-white.webp
Altair dyna,DTD075C,36V DC,160mA,2700K, CRI>97,Φ70*H107mm,15°,7W,AJ/CG,ARPS0750/27/15/CG,R-41159492,IS 10322 (PART 5/SEC1):2012,7699,"Guangdong Sat Technology Co. Ltd., No. 11 Lianbao Rd, Shengfeng District, Xiaolan Town, Zhongshan City, Guangdong, China – 528400",./assets/images/downlights/Altair-Dyna-04-champeing-gold.webp
Altair dyna,DTD075C,36V DC,160mA,2700K, CRI>97,Φ70*H107mm,15°,7W,AJ/CG,ARPS0750/27/15/RG,R-41159492,IS 10322 (PART 5/SEC1):2012,7699,"Guangdong Sat Technology Co. Ltd., No. 11 Lianbao Rd, Shengfeng District, Xiaolan Town, Zhongshan City, Guangdong, China – 528400",./assets/images/downlights/Altair-Dyna-08-rose-gold.webp
Altair dyna,DTD075C,36V DC,160mA,2700K, CRI>97,Φ70*H107mm,15°,7W,AJ/CG,ARPS0750/27/15/BR,R-41159492,IS 10322 (PART 5/SEC1):2012,7699,"Guangdong Sat Technology Co. Ltd., No. 11 Lianbao Rd, Shengfeng District, Xiaolan Town, Zhongshan City, Guangdong, China – 528400",./assets/images/downlights/Altair-Dyna-10-brown.webp
Altair dyna,DTD075C,36V DC,160mA,2700K, CRI>97,Φ70*H107mm,15°,7W,AJ/CG,ARPS0750/27/15/COF,R-41159492,IS 10322 (PART 5/SEC1):2012,7699,"Guangdong Sat Technology Co. Ltd., No. 11 Lianbao Rd, Shengfeng District, Xiaolan Town, Zhongshan City, Guangdong, China – 528400",./assets/images/downlights/Altair-Dyna-07-coffee.webp
Altair dyna,DTD075C,36V DC,160mA,2700K, CRI>97,Φ70*H107mm,15°,7W,AJ/CG,ARPS0750/27/15/DGR,R-41159492,IS 10322 (PART 5/SEC1):2012,7699,"Guangdong Sat Technology Co. Ltd., No. 11 Lianbao Rd, Shengfeng District, Xiaolan Town, Zhongshan City, Guangdong, China – 528400",./assets/images/downlights/Altair-Dyna-09-dark-gray-default-001.webp
Altair dyna,DTD075C,36V DC,160mA,2700K, CRI>97,Φ70*H107mm,15°,7W,AJ/CG,ARPS0750/27/15/BB,R-41159492,IS 10322 (PART 5/SEC1):2012,7699,"Guangdong Sat Technology Co. Ltd., No. 11 Lianbao Rd, Shengfeng District, Xiaolan Town, Zhongshan City, Guangdong, China – 528400",./assets/images/downlights/Altair-Dyna-06-ballet-blue.webp
Altair dyna,DTD075C,36V DC,160mA,2700K, CRI>97,Φ70*H107mm,15°,7W,AJ/CG,ARPS0750/27/15/CH,R-41159492,IS 10322 (PART 5/SEC1):2012,7699,"Guangdong Sat Technology Co. Ltd., No. 11 Lianbao Rd, Shengfeng District, Xiaolan Town, Zhongshan City, Guangdong, China – 528400",./assets/images/downlights/Altair-Dyna-01-chrome.webp
Altair dyna,DTD075C,36V DC,160mA,2700K, CRI>97,Φ70*H107mm,15°,7W,AJ/CG,ARPS0750/27/15/CHB,R-41159492,IS 10322 (PART 5/SEC1):2012,7699,"Guangdong Sat Technology Co. Ltd., No. 11 Lianbao Rd, Shengfeng District, Xiaolan Town, Zhongshan City, Guangdong, China – 528400",./assets/images/downlights/Altair-Dyna-02-chrome-black.webp
Altair dyna,DTD075C,36V DC,160mA,3000K, CRI>97,Φ70*H107mm,15°,7W,AJ/CG,ARPS0750/30/15/B,R-41159492,IS 10322 (PART 5/SEC1):2012,6699,"Guangdong Sat Technology Co. Ltd., No. 11 Lianbao Rd, Shengfeng District, Xiaolan Town, Zhongshan City, Guangdong, China – 528400",./assets/images/downlights/Altair-Dyna-03-mat-black-default.webp
Altair dyna,DTD075C,36V DC,160mA,3000K, CRI>97,Φ70*H107mm,15°,7W,AJ/CG,ARPS0750/30/15/W,R-41159492,IS 10322 (PART 5/SEC1):2012,6699,"Guangdong Sat Technology Co. Ltd., No. 11 Lianbao Rd, Shengfeng District, Xiaolan Town, Zhongshan City, Guangdong, China – 528400",./assets/images/downlights/Altair-Dyna-05-white.webp
Altair dyna,DTD075C,36V DC,160mA,3000K, CRI>97,Φ70*H107mm,15°,7W,AJ/CG,ARPS0750/30/15/CG,R-41159492,IS 10322 (PART 5/SEC1):2012,7699,"Guangdong Sat Technology Co. Ltd., No. 11 Lianbao Rd, Shengfeng District, Xiaolan Town, Zhongshan City, Guangdong, China – 528400",./assets/images/downlights/Altair-Dyna-04-champeing-gold.webp
Altair dyna,DTD075C,36V DC,160mA,3000K, CRI>97,Φ70*H107mm,15°,7W,AJ/CG,ARPS0750/30/15/RG,R-41159492,IS 10322 (PART 5/SEC1):2012,7699,"Guangdong Sat Technology Co. Ltd., No. 11 Lianbao Rd, Shengfeng District, Xiaolan Town, Zhongshan City, Guangdong, China – 528400",./assets/images/downlights/Altair-Dyna-08-rose-gold.webp
Altair dyna,DTD075C,36V DC,160mA,3000K, CRI>97,Φ70*H107mm,15°,7W,AJ/CG,ARPS0750/30/15/BR,R-41159492,IS 10322 (PART 5/SEC1):2012,7699,"Guangdong Sat Technology Co. Ltd., No. 11 Lianbao Rd, Shengfeng District, Xiaolan Town, Zhongshan City, Guangdong, China – 528400",./assets/images/downlights/Altair-Dyna-10-brown.webp
Altair dyna,DTD075C,36V DC,160mA,3000K, CRI>97,Φ70*H107mm,15°,7W,AJ/CG,ARPS0750/30/15/COF,R-41159492,IS 10322 (PART 5/SEC1):2012,7699,"Guangdong Sat Technology Co. Ltd., No. 11 Lianbao Rd, Shengfeng District, Xiaolan Town, Zhongshan City, Guangdong, China – 528400",./assets/images/downlights/Altair-Dyna-07-coffee.webp
Altair dyna,DTD075C,36V DC,160mA,3000K, CRI>97,Φ70*H107mm,15°,7W,AJ/CG,ARPS0750/30/15/DGR,R-41159492,IS 10322 (PART 5/SEC1):2012,7699,"Guangdong Sat Technology Co. Ltd., No. 11 Lianbao Rd, Shengfeng District, Xiaolan Town, Zhongshan City, Guangdong, China – 528400",./assets/images/downlights/Altair-Dyna-09-dark-gray-default-001.webp
Altair dyna,DTD075C,36V DC,160mA,3000K, CRI>97,Φ70*H107mm,15°,7W,AJ/CG,ARPS0750/30/15/BB,R-41159492,IS 10322 (PART 5/SEC1):2012,7699,"Guangdong Sat Technology Co. Ltd., No. 11 Lianbao Rd, Shengfeng District, Xiaolan Town, Zhongshan City, Guangdong, China – 528400",./assets/images/downlights/Altair-Dyna-06-ballet-blue.webp
Altair dyna,DTD075C,36V DC,160mA,3000K, CRI>97,Φ70*H107mm,15°,7W,AJ/CG,ARPS0750/30/15/CH,R-41159492,IS 10322 (PART 5/SEC1):2012,7699,"Guangdong Sat Technology Co. Ltd., No. 11 Lianbao Rd, Shengfeng District, Xiaolan Town, Zhongshan City, Guangdong, China – 528400",./assets/images/downlights/Altair-Dyna-01-chrome.webp
Altair dyna,DTD075C,36V DC,160mA,3000K, CRI>97,Φ70*H107mm,15°,7W,AJ/CG,ARPS0750/30/15/CHB,R-41159492,IS 10322 (PART 5/SEC1):2012,7699,"Guangdong Sat Technology Co. Ltd., No. 11 Lianbao Rd, Shengfeng District, Xiaolan Town, Zhongshan City, Guangdong, China – 528400",./assets/images/downlights/Altair-Dyna-02-chrome-black.webp
Altair dyna,DTD075C,36V DC,160mA,3500K, CRI>97,Φ70*H107mm,15°,7W,AJ/CG,ARPS0750/35/15/B,R-41159492,IS 10322 (PART 5/SEC1):2012,6699,"Guangdong Sat Technology Co. Ltd., No. 11 Lianbao Rd, Shengfeng District, Xiaolan Town, Zhongshan City, Guangdong, China – 528400",./assets/images/downlights/Altair-Dyna-03-mat-black-default.webp
Altair dyna,DTD075C,36V DC,160mA,3500K, CRI>97,Φ70*H107mm,15°,7W,AJ/CG,ARPS0750/35/15/W,R-41159492,IS 10322 (PART 5/SEC1):2012,6699,"Guangdong Sat Technology Co. Ltd., No. 11 Lianbao Rd, Shengfeng District, Xiaolan Town, Zhongshan City, Guangdong, China – 528400",./assets/images/downlights/Altair-Dyna-05-white.webp
Altair dyna,DTD075C,36V DC,160mA,3500K, CRI>97,Φ70*H107mm,15°,7W,AJ/CG,ARPS0750/35/15/CG,R-41159492,IS 10322 (PART 5/SEC1):2012,7699,"Guangdong Sat Technology Co. Ltd., No. 11 Lianbao Rd, Shengfeng District, Xiaolan Town, Zhongshan City, Guangdong, China – 528400",./assets/images/downlights/Altair-Dyna-04-champeing-gold.webp
Altair dyna,DTD075C,36V DC,160mA,3500K, CRI>97,Φ70*H107mm,15°,7W,AJ/CG,ARPS0750/35/15/RG,R-41159492,IS 10322 (PART 5/SEC1):2012,7699,"Guangdong Sat Technology Co. Ltd., No. 11 Lianbao Rd, Shengfeng District, Xiaolan Town, Zhongshan City, Guangdong, China – 528400",./assets/images/downlights/Altair-Dyna-08-rose-gold.webp
Altair dyna,DTD075C,36V DC,160mA,3500K, CRI>97,Φ70*H107mm,15°,7W,AJ/CG,ARPS0750/35/15/BR,R-41159492,IS 10322 (PART 5/SEC1):2012,7699,"Guangdong Sat Technology Co. Ltd., No. 11 Lianbao Rd, Shengfeng District, Xiaolan Town, Zhongshan City, Guangdong, China – 528400",./assets/images/downlights/Altair-Dyna-10-brown.webp
Altair dyna,DTD075C,36V DC,160mA,3500K, CRI>97,Φ70*H107mm,15°,7W,AJ/CG,ARPS0750/35/15/COF,R-41159492,IS 10322 (PART 5/SEC1):2012,7699,"Guangdong Sat Technology Co. Ltd., No. 11 Lianbao Rd, Shengfeng District, Xiaolan Town, Zhongshan City, Guangdong, China – 528400",./assets/images/downlights/Altair-Dyna-07-coffee.webp
Altair dyna,DTD075C,36V DC,160mA,3500K, CRI>97,Φ70*H107mm,15°,7W,AJ/CG,ARPS0750/35/15/DGR,R-41159492,IS 10322 (PART 5/SEC1):2012,7699,"Guangdong Sat Technology Co. Ltd., No. 11 Lianbao Rd, Shengfeng District, Xiaolan Town, Zhongshan City, Guangdong, China – 528400",./assets/images/downlights/Altair-Dyna-09-dark-gray-default-001.webp
Altair dyna,DTD075C,36V DC,160mA,3500K, CRI>97,Φ70*H107mm,15°,7W,AJ/CG,ARPS0750/35/15/BB,R-41159492,IS 10322 (PART 5/SEC1):2012,7699,"Guangdong Sat Technology Co. Ltd., No. 11 Lianbao Rd, Shengfeng District, Xiaolan Town, Zhongshan City, Guangdong, China – 528400",./assets/images/downlights/Altair-Dyna-06-ballet-blue.webp
Altair dyna,DTD075C,36V DC,160mA,3500K, CRI>97,Φ70*H107mm,15°,7W,AJ/CG,ARPS0750/35/15/CH,R-41159492,IS 10322 (PART 5/SEC1):2012,7699,"Guangdong Sat Technology Co. Ltd., No. 11 Lianbao Rd, Shengfeng District, Xiaolan Town, Zhongshan City, Guangdong, China – 528400",./assets/images/downlights/Altair-Dyna-01-chrome.webp
Altair dyna,DTD075C,36V DC,160mA,3500K, CRI>97,Φ70*H107mm,15°,7W,AJ/CG,ARPS0750/35/15/CHB,R-41159492,IS 10322 (PART 5/SEC1):2012,7699,"Guangdong Sat Technology Co. Ltd., No. 11 Lianbao Rd, Shengfeng District, Xiaolan Town, Zhongshan City, Guangdong, China – 528400",./assets/images/downlights/Altair-Dyna-02-chrome-black.webp
Altair dyna,DTD075C,36V DC,160mA,4000K, CRI>97,Φ70*H107mm,15°,7W,AJ/CG,ARPS0750/40/15/B,R-41159492,IS 10322 (PART 5/SEC1):2012,6699,"Guangdong Sat Technology Co. Ltd., No. 11 Lianbao Rd, Shengfeng District, Xiaolan Town, Zhongshan City, Guangdong, China – 528400",./assets/images/downlights/Altair-Dyna-03-mat-black-default.webp
Altair dyna,DTD075C,36V DC,160mA,4000K, CRI>97,Φ70*H107mm,15°,7W,AJ/CG,ARPS0750/40/15/W,R-41159492,IS 10322 (PART 5/SEC1):2012,6699,"Guangdong Sat Technology Co. Ltd., No. 11 Lianbao Rd, Shengfeng District, Xiaolan Town, Zhongshan City, Guangdong, China – 528400",./assets/images/downlights/Altair-Dyna-05-white.webp
Altair dyna,DTD075C,36V DC,160mA,4000K, CRI>97,Φ70*H107mm,15°,7W,AJ/CG,ARPS0750/40/15/CG,R-41159492,IS 10322 (PART 5/SEC1):2012,7699,"Guangdong Sat Technology Co. Ltd., No. 11 Lianbao Rd, Shengfeng District, Xiaolan Town, Zhongshan City, Guangdong, China – 528400",./assets/images/downlights/Altair-Dyna-04-champeing-gold.webp
Altair dyna,DTD075C,36V DC,160mA,4000K, CRI>97,Φ70*H107mm,15°,7W,AJ/CG,ARPS0750/40/15/RG,R-41159492,IS 10322 (PART 5/SEC1):2012,7699,"Guangdong Sat Technology Co. Ltd., No. 11 Lianbao Rd, Shengfeng District, Xiaolan Town, Zhongshan City, Guangdong, China – 528400",./assets/images/downlights/Altair-Dyna-08-rose-gold.webp
Altair dyna,DTD075C,36V DC,160mA,4000K, CRI>97,Φ70*H107mm,15°,7W,AJ/CG,ARPS0750/40/15/BR,R-41159492,IS 10322 (PART 5/SEC1):2012,7699,"Guangdong Sat Technology Co. Ltd., No. 11 Lianbao Rd, Shengfeng District, Xiaolan Town, Zhongshan City, Guangdong, China – 528400",./assets/images/downlights/Altair-Dyna-10-brown.webp
Altair dyna,DTD075C,36V DC,160mA,4000K, CRI>97,Φ70*H107mm,15°,7W,AJ/CG,ARPS0750/40/15/COF,R-41159492,IS 10322 (PART 5/SEC1):2012,7699,"Guangdong Sat Technology Co. Ltd., No. 11 Lianbao Rd, Shengfeng District, Xiaolan Town, Zhongshan City, Guangdong, China – 528400",./assets/images/downlights/Altair-Dyna-07-coffee.webp
Altair dyna,DTD075C,36V DC,160mA,4000K, CRI>97,Φ70*H107mm,15°,7W,AJ/CG,ARPS0750/40/15/DGR,R-41159492,IS 10322 (PART 5/SEC1):2012,7699,"Guangdong Sat Technology Co. Ltd., No. 11 Lianbao Rd, Shengfeng District, Xiaolan Town, Zhongshan City, Guangdong, China – 528400",./assets/images/downlights/Altair-Dyna-09-dark-gray-default-001.webp
Altair dyna,DTD075C,36V DC,160mA,4000K, CRI>97,Φ70*H107mm,15°,7W,AJ/CG,ARPS0750/40/15/BB,R-41159492,IS 10322 (PART 5/SEC1):2012,7699,"Guangdong Sat Technology Co. Ltd., No. 11 Lianbao Rd, Shengfeng District, Xiaolan Town, Zhongshan City, Guangdong, China – 528400",./assets/images/downlights/Altair-Dyna-06-ballet-blue.webp
Altair dyna,DTD075C,36V DC,160mA,4000K, CRI>97,Φ70*H107mm,15°,7W,AJ/CG,ARPS0750/40/15/CH,R-41159492,IS 10322 (PART 5/SEC1):2012,7699,"Guangdong Sat Technology Co. Ltd., No. 11 Lianbao Rd, Shengfeng District, Xiaolan Town, Zhongshan City, Guangdong, China – 528400",./assets/images/downlights/Altair-Dyna-01-chrome.webp
Altair dyna,DTD075C,36V DC,160mA,4000K, CRI>97,Φ70*H107mm,15°,7W,AJ/CG,ARPS0750/40/15/CHB,R-41159492,IS 10322 (PART 5/SEC1):2012,7699,"Guangdong Sat Technology Co. Ltd., No. 11 Lianbao Rd, Shengfeng District, Xiaolan Town, Zhongshan City, Guangdong, China – 528400",./assets/images/downlights/Altair-Dyna-02-chrome-black.webp
Altair dyna,DTD075C,36V DC,160mA,5000K, CRI>97,Φ70*H107mm,15°,7W,AJ/CG,ARPS0750/50/15/B,R-41159492,IS 10322 (PART 5/SEC1):2012,6699,"Guangdong Sat Technology Co. Ltd., No. 11 Lianbao Rd, Shengfeng District, Xiaolan Town, Zhongshan City, Guangdong, China – 528400",./assets/images/downlights/Altair-Dyna-03-mat-black-default.webp
Altair dyna,DTD075C,36V DC,160mA,5000K, CRI>97,Φ70*H107mm,15°,7W,AJ/CG,ARPS0750/50/15/W,R-41159492,IS 10322 (PART 5/SEC1):2012,6699,"Guangdong Sat Technology Co. Ltd., No. 11 Lianbao Rd, Shengfeng District, Xiaolan Town, Zhongshan City, Guangdong, China – 528400",./assets/images/downlights/Altair-Dyna-05-white.webp
Altair dyna,DTD075C,36V DC,160mA,5000K, CRI>97,Φ70*H107mm,15°,7W,AJ/CG,ARPS0750/50/15/CG,R-41159492,IS 10322 (PART 5/SEC1):2012,7699,"Guangdong Sat Technology Co. Ltd., No. 11 Lianbao Rd, Shengfeng District, Xiaolan Town, Zhongshan City, Guangdong, China – 528400",./assets/images/downlights/Altair-Dyna-04-champeing-gold.webp
Altair dyna,DTD075C,36V DC,160mA,5000K, CRI>97,Φ70*H107mm,15°,7W,AJ/CG,ARPS0750/50/15/RG,R-41159492,IS 10322 (PART 5/SEC1):2012,7699,"Guangdong Sat Technology Co. Ltd., No. 11 Lianbao Rd, Shengfeng District, Xiaolan Town, Zhongshan City, Guangdong, China – 528400",./assets/images/downlights/Altair-Dyna-08-rose-gold.webp
Altair dyna,DTD075C,36V DC,160mA,5000K, CRI>97,Φ70*H107mm,15°,7W,AJ/CG,ARPS0750/50/15/BR,R-41159492,IS 10322 (PART 5/SEC1):2012,7699,"Guangdong Sat Technology Co. Ltd., No. 11 Lianbao Rd, Shengfeng District, Xiaolan Town, Zhongshan City, Guangdong, China – 528400",./assets/images/downlights/Altair-Dyna-10-brown.webp
Altair dyna,DTD075C,36V DC,160mA,5000K, CRI>97,Φ70*H107mm,15°,7W,AJ/CG,ARPS0750/50/15/COF,R-41159492,IS 10322 (PART 5/SEC1):2012,7699,"Guangdong Sat Technology Co. Ltd., No. 11 Lianbao Rd, Shengfeng District, Xiaolan Town, Zhongshan City, Guangdong, China – 528400",./assets/images/downlights/Altair-Dyna-07-coffee.webp
Altair dyna,DTD075C,36V DC,160mA,5000K, CRI>97,Φ70*H107mm,15°,7W,AJ/CG,ARPS0750/50/15/DGR,R-41159492,IS 10322 (PART 5/SEC1):2012,7699,"Guangdong Sat Technology Co. Ltd., No. 11 Lianbao Rd, Shengfeng District, Xiaolan Town, Zhongshan City, Guangdong, China – 528400",./assets/images/downlights/Altair-Dyna-09-dark-gray-default-001.webp
Altair dyna,DTD075C,36V DC,160mA,5000K, CRI>97,Φ70*H107mm,15°,7W,AJ/CG,ARPS0750/50/15/BB,R-41159492,IS 10322 (PART 5/SEC1):2012,7699,"Guangdong Sat Technology Co. Ltd., No. 11 Lianbao Rd, Shengfeng District, Xiaolan Town, Zhongshan City, Guangdong, China – 528400",./assets/images/downlights/Altair-Dyna-06-ballet-blue.webp
Altair dyna,DTD075C,36V DC,160mA,5000K, CRI>97,Φ70*H107mm,15°,7W,AJ/CG,ARPS0750/50/15/CH,R-41159492,IS 10322 (PART 5/SEC1):2012,7699,"Guangdong Sat Technology Co. Ltd., No. 11 Lianbao Rd, Shengfeng District, Xiaolan Town, Zhongshan City, Guangdong, China – 528400",./assets/images/downlights/Altair-Dyna-01-chrome.webp
Altair dyna,DTD075C,36V DC,160mA,5000K, CRI>97,Φ70*H107mm,15°,7W,AJ/CG,ARPS0750/50/15/CHB,R-41159492,IS 10322 (PART 5/SEC1):2012,7699,"Guangdong Sat Technology Co. Ltd., No. 11 Lianbao Rd, Shengfeng District, Xiaolan Town, Zhongshan City, Guangdong, China – 528400",./assets/images/downlights/Altair-Dyna-02-chrome-black.webp
Altair dyna,DTD075C,36V DC,160mA,2700K, CRI>97,Φ70*H107mm,24°,7W,AJ/CG,ARPS0750/27/24/B,R-41159492,IS 10322 (PART 5/SEC1):2012,6699,"Guangdong Sat Technology Co. Ltd., No. 11 Lianbao Rd, Shengfeng District, Xiaolan Town, Zhongshan City, Guangdong, China – 528400",./assets/images/downlights/Altair-Dyna-03-mat-black-default.webp
Altair dyna,DTD075C,36V DC,160mA,2700K, CRI>97,Φ70*H107mm,24°,7W,AJ/CG,ARPS0750/27/24/W,R-41159492,IS 10322 (PART 5/SEC1):2012,6699,"Guangdong Sat Technology Co. Ltd., No. 11 Lianbao Rd, Shengfeng District, Xiaolan Town, Zhongshan City, Guangdong, China – 528400",./assets/images/downlights/Altair-Dyna-05-white.webp
Altair dyna,DTD075C,36V DC,160mA,2700K, CRI>97,Φ70*H107mm,24°,7W,AJ/CG,ARPS0750/27/24/CG,R-41159492,IS 10322 (PART 5/SEC1):2012,7699,"Guangdong Sat Technology Co. Ltd., No. 11 Lianbao Rd, Shengfeng District, Xiaolan Town, Zhongshan City, Guangdong, China – 528400",./assets/images/downlights/Altair-Dyna-04-champeing-gold.webp
Altair dyna,DTD075C,36V DC,160mA,2700K, CRI>97,Φ70*H107mm,24°,7W,AJ/CG,ARPS0750/27/24/RG,R-41159492,IS 10322 (PART 5/SEC1):2012,7699,"Guangdong Sat Technology Co. Ltd., No. 11 Lianbao Rd, Shengfeng District, Xiaolan Town, Zhongshan City, Guangdong, China – 528400",./assets/images/downlights/Altair-Dyna-08-rose-gold.webp
Altair dyna,DTD075C,36V DC,160mA,2700K, CRI>97,Φ70*H107mm,24°,7W,AJ/CG,ARPS0750/27/24/BR,R-41159492,IS 10322 (PART 5/SEC1):2012,7699,"Guangdong Sat Technology Co. Ltd., No. 11 Lianbao Rd, Shengfeng District, Xiaolan Town, Zhongshan City, Guangdong, China – 528400",./assets/images/downlights/Altair-Dyna-10-brown.webp
Altair dyna,DTD075C,36V DC,160mA,2700K, CRI>97,Φ70*H107mm,24°,7W,AJ/CG,ARPS0750/27/24/COF,R-41159492,IS 10322 (PART 5/SEC1):2012,7699,"Guangdong Sat Technology Co. Ltd., No. 11 Lianbao Rd, Shengfeng District, Xiaolan Town, Zhongshan City, Guangdong, China – 528400",./assets/images/downlights/Altair-Dyna-07-coffee.webp
Altair dyna,DTD075C,36V DC,160mA,2700K, CRI>97,Φ70*H107mm,24°,7W,AJ/CG,ARPS0750/27/24/DGR,R-41159492,IS 10322 (PART 5/SEC1):2012,7699,"Guangdong Sat Technology Co. Ltd., No. 11 Lianbao Rd, Shengfeng District, Xiaolan Town, Zhongshan City, Guangdong, China – 528400",./assets/images/downlights/Altair-Dyna-09-dark-gray-default-001.webp
Altair dyna,DTD075C,36V DC,160mA,2700K, CRI>97,Φ70*H107mm,24°,7W,AJ/CG,ARPS0750/27/24/BB,R-41159492,IS 10322 (PART 5/SEC1):2012,7699,"Guangdong Sat Technology Co. Ltd., No. 11 Lianbao Rd, Shengfeng District, Xiaolan Town, Zhongshan City, Guangdong, China – 528400",./assets/images/downlights/Altair-Dyna-06-ballet-blue.webp
Altair dyna,DTD075C,36V DC,160mA,2700K, CRI>97,Φ70*H107mm,24°,7W,AJ/CG,ARPS0750/27/24/CH,R-41159492,IS 10322 (PART 5/SEC1):2012,7699,"Guangdong Sat Technology Co. Ltd., No. 11 Lianbao Rd, Shengfeng District, Xiaolan Town, Zhongshan City, Guangdong, China – 528400",./assets/images/downlights/Altair-Dyna-01-chrome.webp
Altair dyna,DTD075C,36V DC,160mA,2700K, CRI>97,Φ70*H107mm,24°,7W,AJ/CG,ARPS0750/27/24/CHB,R-41159492,IS 10322 (PART 5/SEC1):2012,7699,"Guangdong Sat Technology Co. Ltd., No. 11 Lianbao Rd, Shengfeng District, Xiaolan Town, Zhongshan City, Guangdong, China – 528400",./assets/images/downlights/Altair-Dyna-02-chrome-black.webp
Altair dyna,DTD075C,36V DC,160mA,3000K, CRI>97,Φ70*H107mm,24°,7W,AJ/CG,ARPS0750/30/24/B,R-41159492,IS 10322 (PART 5/SEC1):2012,6699,"Guangdong Sat Technology Co. Ltd., No. 11 Lianbao Rd, Shengfeng District, Xiaolan Town, Zhongshan City, Guangdong, China – 528400",./assets/images/downlights/Altair-Dyna-03-mat-black-default.webp
Altair dyna,DTD075C,36V DC,160mA,3000K, CRI>97,Φ70*H107mm,24°,7W,AJ/CG,ARPS0750/30/24/W,R-41159492,IS 10322 (PART 5/SEC1):2012,6699,"Guangdong Sat Technology Co. Ltd., No. 11 Lianbao Rd, Shengfeng District, Xiaolan Town, Zhongshan City, Guangdong, China – 528400",./assets/images/downlights/Altair-Dyna-05-white.webp
Altair dyna,DTD075C,36V DC,160mA,3000K, CRI>97,Φ70*H107mm,24°,7W,AJ/CG,ARPS0750/30/24/CG,R-41159492,IS 10322 (PART 5/SEC1):2012,7699,"Guangdong Sat Technology Co. Ltd., No. 11 Lianbao Rd, Shengfeng District, Xiaolan Town, Zhongshan City, Guangdong, China – 528400",./assets/images/downlights/Altair-Dyna-04-champeing-gold.webp
Altair dyna,DTD075C,36V DC,160mA,3000K, CRI>97,Φ70*H107mm,24°,7W,AJ/CG,ARPS0750/30/24/RG,R-41159492,IS 10322 (PART 5/SEC1):2012,7699,"Guangdong Sat Technology Co. Ltd., No. 11 Lianbao Rd, Shengfeng District, Xiaolan Town, Zhongshan City, Guangdong, China – 528400",./assets/images/downlights/Altair-Dyna-08-rose-gold.webp
Altair dyna,DTD075C,36V DC,160mA,3000K, CRI>97,Φ70*H107mm,24°,7W,AJ/CG,ARPS0750/30/24/BR,R-41159492,IS 10322 (PART 5/SEC1):2012,7699,"Guangdong Sat Technology Co. Ltd., No. 11 Lianbao Rd, Shengfeng District, Xiaolan Town, Zhongshan City, Guangdong, China – 528400",./assets/images/downlights/Altair-Dyna-10-brown.webp
Altair dyna,DTD075C,36V DC,160mA,3000K, CRI>97,Φ70*H107mm,24°,7W,AJ/CG,ARPS0750/30/24/COF,R-41159492,IS 10322 (PART 5/SEC1):2012,7699,"Guangdong Sat Technology Co. Ltd., No. 11 Lianbao Rd, Shengfeng District, Xiaolan Town, Zhongshan City, Guangdong, China – 528400",./assets/images/downlights/Altair-Dyna-07-coffee.webp
Altair dyna,DTD075C,36V DC,160mA,3000K, CRI>97,Φ70*H107mm,24°,7W,AJ/CG,ARPS0750/30/24/DGR,R-41159492,IS 10322 (PART 5/SEC1):2012,7699,"Guangdong Sat Technology Co. Ltd., No. 11 Lianbao Rd, Shengfeng District, Xiaolan Town, Zhongshan City, Guangdong, China – 528400",./assets/images/downlights/Altair-Dyna-09-dark-gray-default-001.webp
Altair dyna,DTD075C,36V DC,160mA,3000K, CRI>97,Φ70*H107mm,24°,7W,AJ/CG,ARPS0750/30/24/BB,R-41159492,IS 10322 (PART 5/SEC1):2012,7699,"Guangdong Sat Technology Co. Ltd., No. 11 Lianbao Rd, Shengfeng District, Xiaolan Town, Zhongshan City, Guangdong, China – 528400",./assets/images/downlights/Altair-Dyna-06-ballet-blue.webp
Altair dyna,DTD075C,36V DC,160mA,3000K, CRI>97,Φ70*H107mm,24°,7W,AJ/CG,ARPS0750/30/24/CH,R-41159492,IS 10322 (PART 5/SEC1):2012,7699,"Guangdong Sat Technology Co. Ltd., No. 11 Lianbao Rd, Shengfeng District, Xiaolan Town, Zhongshan City, Guangdong, China – 528400",./assets/images/downlights/Altair-Dyna-01-chrome.webp
Altair dyna,DTD075C,36V DC,160mA,3000K, CRI>97,Φ70*H107mm,24°,7W,AJ/CG,ARPS0750/30/24/CHB,R-41159492,IS 10322 (PART 5/SEC1):2012,7699,"Guangdong Sat Technology Co. Ltd., No. 11 Lianbao Rd, Shengfeng District, Xiaolan Town, Zhongshan City, Guangdong, China – 528400",./assets/images/downlights/Altair-Dyna-02-chrome-black.webp
Altair dyna,DTD075C,36V DC,160mA,3500K, CRI>97,Φ70*H107mm,24°,7W,AJ/CG,ARPS0750/35/24/B,R-41159492,IS 10322 (PART 5/SEC1):2012,6699,"Guangdong Sat Technology Co. Ltd., No. 11 Lianbao Rd, Shengfeng District, Xiaolan Town, Zhongshan City, Guangdong, China – 528400",./assets/images/downlights/Altair-Dyna-03-mat-black-default.webp
Altair dyna,DTD075C,36V DC,160mA,3500K, CRI>97,Φ70*H107mm,24°,7W,AJ/CG,ARPS0750/35/24/W,R-41159492,IS 10322 (PART 5/SEC1):2012,6699,"Guangdong Sat Technology Co. Ltd., No. 11 Lianbao Rd, Shengfeng District, Xiaolan Town, Zhongshan City, Guangdong, China – 528400",./assets/images/downlights/Altair-Dyna-05-white.webp
Altair dyna,DTD075C,36V DC,160mA,3500K, CRI>97,Φ70*H107mm,24°,7W,AJ/CG,ARPS0750/35/24/CG,R-41159492,IS 10322 (PART 5/SEC1):2012,7699,"Guangdong Sat Technology Co. Ltd., No. 11 Lianbao Rd, Shengfeng District, Xiaolan Town, Zhongshan City, Guangdong, China – 528400",./assets/images/downlights/Altair-Dyna-04-champeing-gold.webp
Altair dyna,DTD075C,36V DC,160mA,3500K, CRI>97,Φ70*H107mm,24°,7W,AJ/CG,ARPS0750/35/24/RG,R-41159492,IS 10322 (PART 5/SEC1):2012,7699,"Guangdong Sat Technology Co. Ltd., No. 11 Lianbao Rd, Shengfeng District, Xiaolan Town, Zhongshan City, Guangdong, China – 528400",./assets/images/downlights/Altair-Dyna-08-rose-gold.webp
Altair dyna,DTD075C,36V DC,160mA,3500K, CRI>97,Φ70*H107mm,24°,7W,AJ/CG,ARPS0750/35/24/BR,R-41159492,IS 10322 (PART 5/SEC1):2012,7699,"Guangdong Sat Technology Co. Ltd., No. 11 Lianbao Rd, Shengfeng District, Xiaolan Town, Zhongshan City, Guangdong, China – 528400",./assets/images/downlights/Altair-Dyna-10-brown.webp
Altair dyna,DTD075C,36V DC,160mA,3500K, CRI>97,Φ70*H107mm,24°,7W,AJ/CG,ARPS0750/35/24/COF,R-41159492,IS 10322 (PART 5/SEC1):2012,7699,"Guangdong Sat Technology Co. Ltd., No. 11 Lianbao Rd, Shengfeng District, Xiaolan Town, Zhongshan City, Guangdong, China – 528400",./assets/images/downlights/Altair-Dyna-07-coffee.webp
Altair dyna,DTD075C,36V DC,160mA,3500K, CRI>97,Φ70*H107mm,24°,7W,AJ/CG,ARPS0750/35/24/DGR,R-41159492,IS 10322 (PART 5/SEC1):2012,7699,"Guangdong Sat Technology Co. Ltd., No. 11 Lianbao Rd, Shengfeng District, Xiaolan Town, Zhongshan City, Guangdong, China – 528400",./assets/images/downlights/Altair-Dyna-09-dark-gray-default-001.webp
Altair dyna,DTD075C,36V DC,160mA,3500K, CRI>97,Φ70*H107mm,24°,7W,AJ/CG,ARPS0750/35/24/BB,R-41159492,IS 10322 (PART 5/SEC1):2012,7699,"Guangdong Sat Technology Co. Ltd., No. 11 Lianbao Rd, Shengfeng District, Xiaolan Town, Zhongshan City, Guangdong, China – 528400",./assets/images/downlights/Altair-Dyna-06-ballet-blue.webp
Altair dyna,DTD075C,36V DC,160mA,3500K, CRI>97,Φ70*H107mm,24°,7W,AJ/CG,ARPS0750/35/24/CH,R-41159492,IS 10322 (PART 5/SEC1):2012,7699,"Guangdong Sat Technology Co. Ltd., No. 11 Lianbao Rd, Shengfeng District, Xiaolan Town, Zhongshan City, Guangdong, China – 528400",./assets/images/downlights/Altair-Dyna-01-chrome.webp
Altair dyna,DTD075C,36V DC,160mA,3500K, CRI>97,Φ70*H107mm,24°,7W,AJ/CG,ARPS0750/35/24/CHB,R-41159492,IS 10322 (PART 5/SEC1):2012,7699,"Guangdong Sat Technology Co. Ltd., No. 11 Lianbao Rd, Shengfeng District, Xiaolan Town, Zhongshan City, Guangdong, China – 528400",./assets/images/downlights/Altair-Dyna-02-chrome-black.webp
Altair dyna,DTD075C,36V DC,160mA,4000K, CRI>97,Φ70*H107mm,24°,7W,AJ/CG,ARPS0750/40/24/B,R-41159492,IS 10322 (PART 5/SEC1):2012,6699,"Guangdong Sat Technology Co. Ltd., No. 11 Lianbao Rd, Shengfeng District, Xiaolan Town, Zhongshan City, Guangdong, China – 528400",./assets/images/downlights/Altair-Dyna-03-mat-black-default.webp
Altair dyna,DTD075C,36V DC,160mA,4000K, CRI>97,Φ70*H107mm,24°,7W,AJ/CG,ARPS0750/40/24/W,R-41159492,IS 10322 (PART 5/SEC1):2012,6699,"Guangdong Sat Technology Co. Ltd., No. 11 Lianbao Rd, Shengfeng District, Xiaolan Town, Zhongshan City, Guangdong, China – 528400",./assets/images/downlights/Altair-Dyna-05-white.webp
Altair dyna,DTD075C,36V DC,160mA,4000K, CRI>97,Φ70*H107mm,24°,7W,AJ/CG,ARPS0750/40/24/CG,R-41159492,IS 10322 (PART 5/SEC1):2012,7699,"Guangdong Sat Technology Co. Ltd., No. 11 Lianbao Rd, Shengfeng District, Xiaolan Town, Zhongshan City, Guangdong, China – 528400",./assets/images/downlights/Altair-Dyna-04-champeing-gold.webp
Altair dyna,DTD075C,36V DC,160mA,4000K, CRI>97,Φ70*H107mm,24°,7W,AJ/CG,ARPS0750/40/24/RG,R-41159492,IS 10322 (PART 5/SEC1):2012,7699,"Guangdong Sat Technology Co. Ltd., No. 11 Lianbao Rd, Shengfeng District, Xiaolan Town, Zhongshan City, Guangdong, China – 528400",./assets/images/downlights/Altair-Dyna-08-rose-gold.webp
Altair dyna,DTD075C,36V DC,160mA,4000K, CRI>97,Φ70*H107mm,24°,7W,AJ/CG,ARPS0750/40/24/BR,R-41159492,IS 10322 (PART 5/SEC1):2012,7699,"Guangdong Sat Technology Co. Ltd., No. 11 Lianbao Rd, Shengfeng District, Xiaolan Town, Zhongshan City, Guangdong, China – 528400",./assets/images/downlights/Altair-Dyna-10-brown.webp
Altair dyna,DTD075C,36V DC,160mA,4000K, CRI>97,Φ70*H107mm,24°,7W,AJ/CG,ARPS0750/40/24/COF,R-41159492,IS 10322 (PART 5/SEC1):2012,7699,"Guangdong Sat Technology Co. Ltd., No. 11 Lianbao Rd, Shengfeng District, Xiaolan Town, Zhongshan City, Guangdong, China – 528400",./assets/images/downlights/Altair-Dyna-07-coffee.webp
Altair dyna,DTD075C,36V DC,160mA,4000K, CRI>97,Φ70*H107mm,24°,7W,AJ/CG,ARPS0750/40/24/DGR,R-41159492,IS 10322 (PART 5/SEC1):2012,7699,"Guangdong Sat Technology Co. Ltd., No. 11 Lianbao Rd, Shengfeng District, Xiaolan Town, Zhongshan City, Guangdong, China – 528400",./assets/images/downlights/Altair-Dyna-09-dark-gray-default-001.webp
Altair dyna,DTD075C,36V DC,160mA,4000K, CRI>97,Φ70*H107mm,24°,7W,AJ/CG,ARPS0750/40/24/BB,R-41159492,IS 10322 (PART 5/SEC1):2012,7699,"Guangdong Sat Technology Co. Ltd., No. 11 Lianbao Rd, Shengfeng District, Xiaolan Town, Zhongshan City, Guangdong, China – 528400",./assets/images/downlights/Altair-Dyna-06-ballet-blue.webp
Altair dyna,DTD075C,36V DC,160mA,4000K, CRI>97,Φ70*H107mm,24°,7W,AJ/CG,ARPS0750/40/24/CH,R-41159492,IS 10322 (PART 5/SEC1):2012,7699,"Guangdong Sat Technology Co. Ltd., No. 11 Lianbao Rd, Shengfeng District, Xiaolan Town, Zhongshan City, Guangdong, China – 528400",./assets/images/downlights/Altair-Dyna-01-chrome.webp
Altair dyna,DTD075C,36V DC,160mA,4000K, CRI>97,Φ70*H107mm,24°,7W,AJ/CG,ARPS0750/40/24/CHB,R-41159492,IS 10322 (PART 5/SEC1):2012,7699,"Guangdong Sat Technology Co. Ltd., No. 11 Lianbao Rd, Shengfeng District, Xiaolan Town, Zhongshan City, Guangdong, China – 528400",./assets/images/downlights/Altair-Dyna-02-chrome-black.webp
Altair dyna,DTD075C,36V DC,160mA,5000K, CRI>97,Φ70*H107mm,24°,7W,AJ/CG,ARPS0750/50/24/B,R-41159492,IS 10322 (PART 5/SEC1):2012,6699,"Guangdong Sat Technology Co. Ltd., No. 11 Lianbao Rd, Shengfeng District, Xiaolan Town, Zhongshan City, Guangdong, China – 528400",./assets/images/downlights/Altair-Dyna-03-mat-black-default.webp
Altair dyna,DTD075C,36V DC,160mA,5000K, CRI>97,Φ70*H107mm,24°,7W,AJ/CG,ARPS0750/50/24/W,R-41159492,IS 10322 (PART 5/SEC1):2012,6699,"Guangdong Sat Technology Co. Ltd., No. 11 Lianbao Rd, Shengfeng District, Xiaolan Town, Zhongshan City, Guangdong, China – 528400",./assets/images/downlights/Altair-Dyna-05-white.webp
Altair dyna,DTD075C,36V DC,160mA,5000K, CRI>97,Φ70*H107mm,24°,7W,AJ/CG,ARPS0750/50/24/CG,R-41159492,IS 10322 (PART 5/SEC1):2012,7699,"Guangdong Sat Technology Co. Ltd., No. 11 Lianbao Rd, Shengfeng District, Xiaolan Town, Zhongshan City, Guangdong, China – 528400",./assets/images/downlights/Altair-Dyna-04-champeing-gold.webp
Altair dyna,DTD075C,36V DC,160mA,5000K, CRI>97,Φ70*H107mm,24°,7W,AJ/CG,ARPS0750/50/24/RG,R-41159492,IS 10322 (PART 5/SEC1):2012,7699,"Guangdong Sat Technology Co. Ltd., No. 11 Lianbao Rd, Shengfeng District, Xiaolan Town, Zhongshan City, Guangdong, China – 528400",./assets/images/downlights/Altair-Dyna-08-rose-gold.webp
Altair dyna,DTD075C,36V DC,160mA,5000K, CRI>97,Φ70*H107mm,24°,7W,AJ/CG,ARPS0750/50/24/BR,R-41159492,IS 10322 (PART 5/SEC1):2012,7699,"Guangdong Sat Technology Co. Ltd., No. 11 Lianbao Rd, Shengfeng District, Xiaolan Town, Zhongshan City, Guangdong, China – 528400",./assets/images/downlights/Altair-Dyna-10-brown.webp
Altair dyna,DTD075C,36V DC,160mA,5000K, CRI>97,Φ70*H107mm,24°,7W,AJ/CG,ARPS0750/50/24/COF,R-41159492,IS 10322 (PART 5/SEC1):2012,7699,"Guangdong Sat Technology Co. Ltd., No. 11 Lianbao Rd, Shengfeng District, Xiaolan Town, Zhongshan City, Guangdong, China – 528400",./assets/images/downlights/Altair-Dyna-07-coffee.webp
Altair dyna,DTD075C,36V DC,160mA,5000K, CRI>97,Φ70*H107mm,24°,7W,AJ/CG,ARPS0750/50/24/DGR,R-41159492,IS 10322 (PART 5/SEC1):2012,7699,"Guangdong Sat Technology Co. Ltd., No. 11 Lianbao Rd, Shengfeng District, Xiaolan Town, Zhongshan City, Guangdong, China – 528400",./assets/images/downlights/Altair-Dyna-09-dark-gray-default-001.webp
Altair dyna,DTD075C,36V DC,160mA,5000K, CRI>97,Φ70*H107mm,24°,7W,AJ/CG,ARPS0750/50/24/BB,R-41159492,IS 10322 (PART 5/SEC1):2012,7699,"Guangdong Sat Technology Co. Ltd., No. 11 Lianbao Rd, Shengfeng District, Xiaolan Town, Zhongshan City, Guangdong, China – 528400",./assets/images/downlights/Altair-Dyna-06-ballet-blue.webp
Altair dyna,DTD075C,36V DC,160mA,5000K, CRI>97,Φ70*H107mm,24°,7W,AJ/CG,ARPS0750/50/24/CH,R-41159492,IS 10322 (PART 5/SEC1):2012,7699,"Guangdong Sat Technology Co. Ltd., No. 11 Lianbao Rd, Shengfeng District, Xiaolan Town, Zhongshan City, Guangdong, China – 528400",./assets/images/downlights/Altair-Dyna-01-chrome.webp
Altair dyna,DTD075C,36V DC,160mA,5000K, CRI>97,Φ70*H107mm,24°,7W,AJ/CG,ARPS0750/50/24/CHB,R-41159492,IS 10322 (PART 5/SEC1):2012,7699,"Guangdong Sat Technology Co. Ltd., No. 11 Lianbao Rd, Shengfeng District, Xiaolan Town, Zhongshan City, Guangdong, China – 528400",./assets/images/downlights/Altair-Dyna-02-chrome-black.webp
Altair dyna,DTD075C,36V DC,160mA,2700K, CRI>97,Φ70*H107mm,36°,7W,AJ/CG,ARPS0750/27/36/B,R-41159492,IS 10322 (PART 5/SEC1):2012,6699,"Guangdong Sat Technology Co. Ltd., No. 11 Lianbao Rd, Shengfeng District, Xiaolan Town, Zhongshan City, Guangdong, China – 528400",./assets/images/downlights/Altair-Dyna-03-mat-black-default.webp
Altair dyna,DTD075C,36V DC,160mA,2700K, CRI>97,Φ70*H107mm,36°,7W,AJ/CG,ARPS0750/27/36/W,R-41159492,IS 10322 (PART 5/SEC1):2012,6699,"Guangdong Sat Technology Co. Ltd., No. 11 Lianbao Rd, Shengfeng District, Xiaolan Town, Zhongshan City, Guangdong, China – 528400",./assets/images/downlights/Altair-Dyna-05-white.webp
Altair dyna,DTD075C,36V DC,160mA,2700K, CRI>97,Φ70*H107mm,36°,7W,AJ/CG,ARPS0750/27/36/CG,R-41159492,IS 10322 (PART 5/SEC1):2012,7699,"Guangdong Sat Technology Co. Ltd., No. 11 Lianbao Rd, Shengfeng District, Xiaolan Town, Zhongshan City, Guangdong, China – 528400",./assets/images/downlights/Altair-Dyna-04-champeing-gold.webp
Altair dyna,DTD075C,36V DC,160mA,2700K, CRI>97,Φ70*H107mm,36°,7W,AJ/CG,ARPS0750/27/36/RG,R-41159492,IS 10322 (PART 5/SEC1):2012,7699,"Guangdong Sat Technology Co. Ltd., No. 11 Lianbao Rd, Shengfeng District, Xiaolan Town, Zhongshan City, Guangdong, China – 528400",./assets/images/downlights/Altair-Dyna-08-rose-gold.webp
Altair dyna,DTD075C,36V DC,160mA,2700K, CRI>97,Φ70*H107mm,36°,7W,AJ/CG,ARPS0750/27/36/BR,R-41159492,IS 10322 (PART 5/SEC1):2012,7699,"Guangdong Sat Technology Co. Ltd., No. 11 Lianbao Rd, Shengfeng District, Xiaolan Town, Zhongshan City, Guangdong, China – 528400",./assets/images/downlights/Altair-Dyna-10-brown.webp
Altair dyna,DTD075C,36V DC,160mA,2700K, CRI>97,Φ70*H107mm,36°,7W,AJ/CG,ARPS0750/27/36/COF,R-41159492,IS 10322 (PART 5/SEC1):2012,7699,"Guangdong Sat Technology Co. Ltd., No. 11 Lianbao Rd, Shengfeng District, Xiaolan Town, Zhongshan City, Guangdong, China – 528400",./assets/images/downlights/Altair-Dyna-07-coffee.webp
Altair dyna,DTD075C,36V DC,160mA,2700K, CRI>97,Φ70*H107mm,36°,7W,AJ/CG,ARPS0750/27/36/DGR,R-41159492,IS 10322 (PART 5/SEC1):2012,7699,"Guangdong Sat Technology Co. Ltd., No. 11 Lianbao Rd, Shengfeng District, Xiaolan Town, Zhongshan City, Guangdong, China – 528400",./assets/images/downlights/Altair-Dyna-09-dark-gray-default-001.webp
Altair dyna,DTD075C,36V DC,160mA,2700K, CRI>97,Φ70*H107mm,36°,7W,AJ/CG,ARPS0750/27/36/BB,R-41159492,IS 10322 (PART 5/SEC1):2012,7699,"Guangdong Sat Technology Co. Ltd., No. 11 Lianbao Rd, Shengfeng District, Xiaolan Town, Zhongshan City, Guangdong, China – 528400",./assets/images/downlights/Altair-Dyna-06-ballet-blue.webp
Altair dyna,DTD075C,36V DC,160mA,2700K, CRI>97,Φ70*H107mm,36°,7W,AJ/CG,ARPS0750/27/36/CH,R-41159492,IS 10322 (PART 5/SEC1):2012,7699,"Guangdong Sat Technology Co. Ltd., No. 11 Lianbao Rd, Shengfeng District, Xiaolan Town, Zhongshan City, Guangdong, China – 528400",./assets/images/downlights/Altair-Dyna-01-chrome.webp
Altair dyna,DTD075C,36V DC,160mA,2700K, CRI>97,Φ70*H107mm,36°,7W,AJ/CG,ARPS0750/27/36/CHB,R-41159492,IS 10322 (PART 5/SEC1):2012,7699,"Guangdong Sat Technology Co. Ltd., No. 11 Lianbao Rd, Shengfeng District, Xiaolan Town, Zhongshan City, Guangdong, China – 528400",./assets/images/downlights/Altair-Dyna-02-chrome-black.webp
Altair dyna,DTD075C,36V DC,160mA,3000K, CRI>97,Φ70*H107mm,36°,7W,AJ/CG,ARPS0750/30/36/B,R-41159492,IS 10322 (PART 5/SEC1):2012,6699,"Guangdong Sat Technology Co. Ltd., No. 11 Lianbao Rd, Shengfeng District, Xiaolan Town, Zhongshan City, Guangdong, China – 528400",./assets/images/downlights/Altair-Dyna-03-mat-black-default.webp
Altair dyna,DTD075C,36V DC,160mA,3000K, CRI>97,Φ70*H107mm,36°,7W,AJ/CG,ARPS0750/30/36/W,R-41159492,IS 10322 (PART 5/SEC1):2012,6699,"Guangdong Sat Technology Co. Ltd., No. 11 Lianbao Rd, Shengfeng District, Xiaolan Town, Zhongshan City, Guangdong, China – 528400",./assets/images/downlights/Altair-Dyna-05-white.webp
Altair dyna,DTD075C,36V DC,160mA,3000K, CRI>97,Φ70*H107mm,36°,7W,AJ/CG,ARPS0750/30/36/CG,R-41159492,IS 10322 (PART 5/SEC1):2012,7699,"Guangdong Sat Technology Co. Ltd., No. 11 Lianbao Rd, Shengfeng District, Xiaolan Town, Zhongshan City, Guangdong, China – 528400",./assets/images/downlights/Altair-Dyna-04-champeing-gold.webp
Altair dyna,DTD075C,36V DC,160mA,3000K, CRI>97,Φ70*H107mm,36°,7W,AJ/CG,ARPS0750/30/36/RG,R-41159492,IS 10322 (PART 5/SEC1):2012,7699,"Guangdong Sat Technology Co. Ltd., No. 11 Lianbao Rd, Shengfeng District, Xiaolan Town, Zhongshan City, Guangdong, China – 528400",./assets/images/downlights/Altair-Dyna-08-rose-gold.webp
Altair dyna,DTD075C,36V DC,160mA,3000K, CRI>97,Φ70*H107mm,36°,7W,AJ/CG,ARPS0750/30/36/BR,R-41159492,IS 10322 (PART 5/SEC1):2012,7699,"Guangdong Sat Technology Co. Ltd., No. 11 Lianbao Rd, Shengfeng District, Xiaolan Town, Zhongshan City, Guangdong, China – 528400",./assets/images/downlights/Altair-Dyna-10-brown.webp
Altair dyna,DTD075C,36V DC,160mA,3000K, CRI>97,Φ70*H107mm,36°,7W,AJ/CG,ARPS0750/30/36/COF,R-41159492,IS 10322 (PART 5/SEC1):2012,7699,"Guangdong Sat Technology Co. Ltd., No. 11 Lianbao Rd, Shengfeng District, Xiaolan Town, Zhongshan City, Guangdong, China – 528400",./assets/images/downlights/Altair-Dyna-07-coffee.webp
Altair dyna,DTD075C,36V DC,160mA,3000K, CRI>97,Φ70*H107mm,36°,7W,AJ/CG,ARPS0750/30/36/DGR,R-41159492,IS 10322 (PART 5/SEC1):2012,7699,"Guangdong Sat Technology Co. Ltd., No. 11 Lianbao Rd, Shengfeng District, Xiaolan Town, Zhongshan City, Guangdong, China – 528400",./assets/images/downlights/Altair-Dyna-09-dark-gray-default-001.webp
Altair dyna,DTD075C,36V DC,160mA,3000K, CRI>97,Φ70*H107mm,36°,7W,AJ/CG,ARPS0750/30/36/BB,R-41159492,IS 10322 (PART 5/SEC1):2012,7699,"Guangdong Sat Technology Co. Ltd., No. 11 Lianbao Rd, Shengfeng District, Xiaolan Town, Zhongshan City, Guangdong, China – 528400",./assets/images/downlights/Altair-Dyna-06-ballet-blue.webp
Altair dyna,DTD075C,36V DC,160mA,3000K, CRI>97,Φ70*H107mm,36°,7W,AJ/CG,ARPS0750/30/36/CH,R-41159492,IS 10322 (PART 5/SEC1):2012,7699,"Guangdong Sat Technology Co. Ltd., No. 11 Lianbao Rd, Shengfeng District, Xiaolan Town, Zhongshan City, Guangdong, China – 528400",./assets/images/downlights/Altair-Dyna-01-chrome.webp
Altair dyna,DTD075C,36V DC,160mA,3000K, CRI>97,Φ70*H107mm,36°,7W,AJ/CG,ARPS0750/30/36/CHB,R-41159492,IS 10322 (PART 5/SEC1):2012,7699,"Guangdong Sat Technology Co. Ltd., No. 11 Lianbao Rd, Shengfeng District, Xiaolan Town, Zhongshan City, Guangdong, China – 528400",./assets/images/downlights/Altair-Dyna-02-chrome-black.webp
Altair dyna,DTD075C,36V DC,160mA,3500K, CRI>97,Φ70*H107mm,36°,7W,AJ/CG,ARPS0750/35/36/B,R-41159492,IS 10322 (PART 5/SEC1):2012,6699,"Guangdong Sat Technology Co. Ltd., No. 11 Lianbao Rd, Shengfeng District, Xiaolan Town, Zhongshan City, Guangdong, China – 528400",./assets/images/downlights/Altair-Dyna-03-mat-black-default.webp
Altair dyna,DTD075C,36V DC,160mA,3500K, CRI>97,Φ70*H107mm,36°,7W,AJ/CG,ARPS0750/35/36/W,R-41159492,IS 10322 (PART 5/SEC1):2012,6699,"Guangdong Sat Technology Co. Ltd., No. 11 Lianbao Rd, Shengfeng District, Xiaolan Town, Zhongshan City, Guangdong, China – 528400",./assets/images/downlights/Altair-Dyna-05-white.webp
Altair dyna,DTD075C,36V DC,160mA,3500K, CRI>97,Φ70*H107mm,36°,7W,AJ/CG,ARPS0750/35/36/CG,R-41159492,IS 10322 (PART 5/SEC1):2012,7699,"Guangdong Sat Technology Co. Ltd., No. 11 Lianbao Rd, Shengfeng District, Xiaolan Town, Zhongshan City, Guangdong, China – 528400",./assets/images/downlights/Altair-Dyna-04-champeing-gold.webp
Altair dyna,DTD075C,36V DC,160mA,3500K, CRI>97,Φ70*H107mm,36°,7W,AJ/CG,ARPS0750/35/36/RG,R-41159492,IS 10322 (PART 5/SEC1):2012,7699,"Guangdong Sat Technology Co. Ltd., No. 11 Lianbao Rd, Shengfeng District, Xiaolan Town, Zhongshan City, Guangdong, China – 528400",./assets/images/downlights/Altair-Dyna-08-rose-gold.webp
Altair dyna,DTD075C,36V DC,160mA,3500K, CRI>97,Φ70*H107mm,36°,7W,AJ/CG,ARPS0750/35/36/BR,R-41159492,IS 10322 (PART 5/SEC1):2012,7699,"Guangdong Sat Technology Co. Ltd., No. 11 Lianbao Rd, Shengfeng District, Xiaolan Town, Zhongshan City, Guangdong, China – 528400",./assets/images/downlights/Altair-Dyna-10-brown.webp
Altair dyna,DTD075C,36V DC,160mA,3500K, CRI>97,Φ70*H107mm,36°,7W,AJ/CG,ARPS0750/35/36/COF,R-41159492,IS 10322 (PART 5/SEC1):2012,7699,"Guangdong Sat Technology Co. Ltd., No. 11 Lianbao Rd, Shengfeng District, Xiaolan Town, Zhongshan City, Guangdong, China – 528400",./assets/images/downlights/Altair-Dyna-07-coffee.webp
Altair dyna,DTD075C,36V DC,160mA,3500K, CRI>97,Φ70*H107mm,36°,7W,AJ/CG,ARPS0750/35/36/DGR,R-41159492,IS 10322 (PART 5/SEC1):2012,7699,"Guangdong Sat Technology Co. Ltd., No. 11 Lianbao Rd, Shengfeng District, Xiaolan Town, Zhongshan City, Guangdong, China – 528400",./assets/images/downlights/Altair-Dyna-09-dark-gray-default-001.webp
Altair dyna,DTD075C,36V DC,160mA,3500K, CRI>97,Φ70*H107mm,36°,7W,AJ/CG,ARPS0750/35/36/BB,R-41159492,IS 10322 (PART 5/SEC1):2012,7699,"Guangdong Sat Technology Co. Ltd., No. 11 Lianbao Rd, Shengfeng District, Xiaolan Town, Zhongshan City, Guangdong, China – 528400",./assets/images/downlights/Altair-Dyna-06-ballet-blue.webp
Altair dyna,DTD075C,36V DC,160mA,3500K, CRI>97,Φ70*H107mm,36°,7W,AJ/CG,ARPS0750/35/36/CH,R-41159492,IS 10322 (PART 5/SEC1):2012,7699,"Guangdong Sat Technology Co. Ltd., No. 11 Lianbao Rd, Shengfeng District, Xiaolan Town, Zhongshan City, Guangdong, China – 528400",./assets/images/downlights/Altair-Dyna-01-chrome.webp
Altair dyna,DTD075C,36V DC,160mA,3500K, CRI>97,Φ70*H107mm,36°,7W,AJ/CG,ARPS0750/35/36/CHB,R-41159492,IS 10322 (PART 5/SEC1):2012,7699,"Guangdong Sat Technology Co. Ltd., No. 11 Lianbao Rd, Shengfeng District, Xiaolan Town, Zhongshan City, Guangdong, China – 528400",./assets/images/downlights/Altair-Dyna-02-chrome-black.webp
Altair dyna,DTD075C,36V DC,160mA,4000K, CRI>97,Φ70*H107mm,36°,7W,AJ/CG,ARPS0750/40/36/B,R-41159492,IS 10322 (PART 5/SEC1):2012,6699,"Guangdong Sat Technology Co. Ltd., No. 11 Lianbao Rd, Shengfeng District, Xiaolan Town, Zhongshan City, Guangdong, China – 528400",./assets/images/downlights/Altair-Dyna-03-mat-black-default.webp
Altair dyna,DTD075C,36V DC,160mA,4000K, CRI>97,Φ70*H107mm,36°,7W,AJ/CG,ARPS0750/40/36/W,R-41159492,IS 10322 (PART 5/SEC1):2012,6699,"Guangdong Sat Technology Co. Ltd., No. 11 Lianbao Rd, Shengfeng District, Xiaolan Town, Zhongshan City, Guangdong, China – 528400",./assets/images/downlights/Altair-Dyna-05-white.webp
Altair dyna,DTD075C,36V DC,160mA,4000K, CRI>97,Φ70*H107mm,36°,7W,AJ/CG,ARPS0750/40/36/CG,R-41159492,IS 10322 (PART 5/SEC1):2012,7699,"Guangdong Sat Technology Co. Ltd., No. 11 Lianbao Rd, Shengfeng District, Xiaolan Town, Zhongshan City, Guangdong, China – 528400",./assets/images/downlights/Altair-Dyna-04-champeing-gold.webp
Altair dyna,DTD075C,36V DC,160mA,4000K, CRI>97,Φ70*H107mm,36°,7W,AJ/CG,ARPS0750/40/36/RG,R-41159492,IS 10322 (PART 5/SEC1):2012,7699,"Guangdong Sat Technology Co. Ltd., No. 11 Lianbao Rd, Shengfeng District, Xiaolan Town, Zhongshan City, Guangdong, China – 528400",./assets/images/downlights/Altair-Dyna-08-rose-gold.webp
Altair dyna,DTD075C,36V DC,160mA,4000K, CRI>97,Φ70*H107mm,36°,7W,AJ/CG,ARPS0750/40/36/BR,R-41159492,IS 10322 (PART 5/SEC1):2012,7699,"Guangdong Sat Technology Co. Ltd., No. 11 Lianbao Rd, Shengfeng District, Xiaolan Town, Zhongshan City, Guangdong, China – 528400",./assets/images/downlights/Altair-Dyna-10-brown.webp
Altair dyna,DTD075C,36V DC,160mA,4000K, CRI>97,Φ70*H107mm,36°,7W,AJ/CG,ARPS0750/40/36/COF,R-41159492,IS 10322 (PART 5/SEC1):2012,7699,"Guangdong Sat Technology Co. Ltd., No. 11 Lianbao Rd, Shengfeng District, Xiaolan Town, Zhongshan City, Guangdong, China – 528400",./assets/images/downlights/Altair-Dyna-07-coffee.webp
Altair dyna,DTD075C,36V DC,160mA,4000K, CRI>97,Φ70*H107mm,36°,7W,AJ/CG,ARPS0750/40/36/DGR,R-41159492,IS 10322 (PART 5/SEC1):2012,7699,"Guangdong Sat Technology Co. Ltd., No. 11 Lianbao Rd, Shengfeng District, Xiaolan Town, Zhongshan City, Guangdong, China – 528400",./assets/images/downlights/Altair-Dyna-09-dark-gray-default-001.webp
Altair dyna,DTD075C,36V DC,160mA,4000K, CRI>97,Φ70*H107mm,36°,7W,AJ/CG,ARPS0750/40/36/BB,R-41159492,IS 10322 (PART 5/SEC1):2012,7699,"Guangdong Sat Technology Co. Ltd., No. 11 Lianbao Rd, Shengfeng District, Xiaolan Town, Zhongshan City, Guangdong, China – 528400",./assets/images/downlights/Altair-Dyna-06-ballet-blue.webp
Altair dyna,DTD075C,36V DC,160mA,4000K, CRI>97,Φ70*H107mm,36°,7W,AJ/CG,ARPS0750/40/36/CH,R-41159492,IS 10322 (PART 5/SEC1):2012,7699,"Guangdong Sat Technology Co. Ltd., No. 11 Lianbao Rd, Shengfeng District, Xiaolan Town, Zhongshan City, Guangdong, China – 528400",./assets/images/downlights/Altair-Dyna-01-chrome.webp
Altair dyna,DTD075C,36V DC,160mA,4000K, CRI>97,Φ70*H107mm,36°,7W,AJ/CG,ARPS0750/40/36/CHB,R-41159492,IS 10322 (PART 5/SEC1):2012,7699,"Guangdong Sat Technology Co. Ltd., No. 11 Lianbao Rd, Shengfeng District, Xiaolan Town, Zhongshan City, Guangdong, China – 528400",./assets/images/downlights/Altair-Dyna-02-chrome-black.webp
Altair dyna,DTD075C,36V DC,160mA,5000K, CRI>97,Φ70*H107mm,36°,7W,AJ/CG,ARPS0750/50/36/B,R-41159492,IS 10322 (PART 5/SEC1):2012,6699,"Guangdong Sat Technology Co. Ltd., No. 11 Lianbao Rd, Shengfeng District, Xiaolan Town, Zhongshan City, Guangdong, China – 528400",./assets/images/downlights/Altair-Dyna-03-mat-black-default.webp
Altair dyna,DTD075C,36V DC,160mA,5000K, CRI>97,Φ70*H107mm,36°,7W,AJ/CG,ARPS0750/50/36/W,R-41159492,IS 10322 (PART 5/SEC1):2012,6699,"Guangdong Sat Technology Co. Ltd., No. 11 Lianbao Rd, Shengfeng District, Xiaolan Town, Zhongshan City, Guangdong, China – 528400",./assets/images/downlights/Altair-Dyna-05-white.webp
Altair dyna,DTD075C,36V DC,160mA,5000K, CRI>97,Φ70*H107mm,36°,7W,AJ/CG,ARPS0750/50/36/CG,R-41159492,IS 10322 (PART 5/SEC1):2012,7699,"Guangdong Sat Technology Co. Ltd., No. 11 Lianbao Rd, Shengfeng District, Xiaolan Town, Zhongshan City, Guangdong, China – 528400",./assets/images/downlights/Altair-Dyna-04-champeing-gold.webp
Altair dyna,DTD075C,36V DC,160mA,5000K, CRI>97,Φ70*H107mm,36°,7W,AJ/CG,ARPS0750/50/36/RG,R-41159492,IS 10322 (PART 5/SEC1):2012,7699,"Guangdong Sat Technology Co. Ltd., No. 11 Lianbao Rd, Shengfeng District, Xiaolan Town, Zhongshan City, Guangdong, China – 528400",./assets/images/downlights/Altair-Dyna-08-rose-gold.webp
Altair dyna,DTD075C,36V DC,160mA,5000K, CRI>97,Φ70*H107mm,36°,7W,AJ/CG,ARPS0750/50/36/BR,R-41159492,IS 10322 (PART 5/SEC1):2012,7699,"Guangdong Sat Technology Co. Ltd., No. 11 Lianbao Rd, Shengfeng District, Xiaolan Town, Zhongshan City, Guangdong, China – 528400",./assets/images/downlights/Altair-Dyna-10-brown.webp
Altair dyna,DTD075C,36V DC,160mA,5000K, CRI>97,Φ70*H107mm,36°,7W,AJ/CG,ARPS0750/50/36/COF,R-41159492,IS 10322 (PART 5/SEC1):2012,7699,"Guangdong Sat Technology Co. Ltd., No. 11 Lianbao Rd, Shengfeng District, Xiaolan Town, Zhongshan City, Guangdong, China – 528400",./assets/images/downlights/Altair-Dyna-07-coffee.webp
Altair dyna,DTD075C,36V DC,160mA,5000K, CRI>97,Φ70*H107mm,36°,7W,AJ/CG,ARPS0750/50/36/DGR,R-41159492,IS 10322 (PART 5/SEC1):2012,7699,"Guangdong Sat Technology Co. Ltd., No. 11 Lianbao Rd, Shengfeng District, Xiaolan Town, Zhongshan City, Guangdong, China – 528400",./assets/images/downlights/Altair-Dyna-09-dark-gray-default-001.webp
Altair dyna,DTD075C,36V DC,160mA,5000K, CRI>97,Φ70*H107mm,36°,7W,AJ/CG,ARPS0750/50/36/BB,R-41159492,IS 10322 (PART 5/SEC1):2012,7699,"Guangdong Sat Technology Co. Ltd., No. 11 Lianbao Rd, Shengfeng District, Xiaolan Town, Zhongshan City, Guangdong, China – 528400",./assets/images/downlights/Altair-Dyna-06-ballet-blue.webp
Altair dyna,DTD075C,36V DC,160mA,5000K, CRI>97,Φ70*H107mm,36°,7W,AJ/CG,ARPS0750/50/36/CH,R-41159492,IS 10322 (PART 5/SEC1):2012,7699,"Guangdong Sat Technology Co. Ltd., No. 11 Lianbao Rd, Shengfeng District, Xiaolan Town, Zhongshan City, Guangdong, China – 528400",./assets/images/downlights/Altair-Dyna-01-chrome.webp
Altair dyna,DTD075C,36V DC,160mA,5000K, CRI>97,Φ70*H107mm,36°,7W,AJ/CG,ARPS0750/50/36/CHB,R-41159492,IS 10322 (PART 5/SEC1):2012,7699,"Guangdong Sat Technology Co. Ltd., No. 11 Lianbao Rd, Shengfeng District, Xiaolan Town, Zhongshan City, Guangdong, China – 528400",./assets/images/downlights/Altair-Dyna-02-chrome-black.webp
Altair dyna,DTD075C,36V DC,160mA,2700K, CRI>97,Φ70*H107mm,15°~45° Zoom,7W,AJ/CG,ARPS0750/27/Z/B,R-41159492,IS 10322 (PART 5/SEC1):2012,6699,"Guangdong Sat Technology Co. Ltd., No. 11 Lianbao Rd, Shengfeng District, Xiaolan Town, Zhongshan City, Guangdong, China – 528400",./assets/images/downlights/Altair-Dyna-03-mat-black-default.webp
Altair dyna,DTD075C,36V DC,160mA,2700K, CRI>97,Φ70*H107mm,15°~45° Zoom,7W,AJ/CG,ARPS0750/27/Z/W,R-41159492,IS 10322 (PART 5/SEC1):2012,6699,"Guangdong Sat Technology Co. Ltd., No. 11 Lianbao Rd, Shengfeng District, Xiaolan Town, Zhongshan City, Guangdong, China – 528400",./assets/images/downlights/Altair-Dyna-05-white.webp
Altair dyna,DTD075C,36V DC,160mA,2700K, CRI>97,Φ70*H107mm,15°~45° Zoom,7W,AJ/CG,ARPS0750/27/Z/CG,R-41159492,IS 10322 (PART 5/SEC1):2012,7699,"Guangdong Sat Technology Co. Ltd., No. 11 Lianbao Rd, Shengfeng District, Xiaolan Town, Zhongshan City, Guangdong, China – 528400",./assets/images/downlights/Altair-Dyna-04-champeing-gold.webp
Altair dyna,DTD075C,36V DC,160mA,2700K, CRI>97,Φ70*H107mm,15°~45° Zoom,7W,AJ/CG,ARPS0750/27/Z/RG,R-41159492,IS 10322 (PART 5/SEC1):2012,7699,"Guangdong Sat Technology Co. Ltd., No. 11 Lianbao Rd, Shengfeng District, Xiaolan Town, Zhongshan City, Guangdong, China – 528400",./assets/images/downlights/Altair-Dyna-08-rose-gold.webp
Altair dyna,DTD075C,36V DC,160mA,2700K, CRI>97,Φ70*H107mm,15°~45° Zoom,7W,AJ/CG,ARPS0750/27/Z/BR,R-41159492,IS 10322 (PART 5/SEC1):2012,7699,"Guangdong Sat Technology Co. Ltd., No. 11 Lianbao Rd, Shengfeng District, Xiaolan Town, Zhongshan City, Guangdong, China – 528400",./assets/images/downlights/Altair-Dyna-10-brown.webp
Altair dyna,DTD075C,36V DC,160mA,2700K, CRI>97,Φ70*H107mm,15°~45° Zoom,7W,AJ/CG,ARPS0750/27/Z/COF,R-41159492,IS 10322 (PART 5/SEC1):2012,7699,"Guangdong Sat Technology Co. Ltd., No. 11 Lianbao Rd, Shengfeng District, Xiaolan Town, Zhongshan City, Guangdong, China – 528400",./assets/images/downlights/Altair-Dyna-07-coffee.webp
Altair dyna,DTD075C,36V DC,160mA,2700K, CRI>97,Φ70*H107mm,15°~45° Zoom,7W,AJ/CG,ARPS0750/27/Z/DGR,R-41159492,IS 10322 (PART 5/SEC1):2012,7699,"Guangdong Sat Technology Co. Ltd., No. 11 Lianbao Rd, Shengfeng District, Xiaolan Town, Zhongshan City, Guangdong, China – 528400",./assets/images/downlights/Altair-Dyna-09-dark-gray-default-001.webp
Altair dyna,DTD075C,36V DC,160mA,2700K, CRI>97,Φ70*H107mm,15°~45° Zoom,7W,AJ/CG,ARPS0750/27/Z/BB,R-41159492,IS 10322 (PART 5/SEC1):2012,7699,"Guangdong Sat Technology Co. Ltd., No. 11 Lianbao Rd, Shengfeng District, Xiaolan Town, Zhongshan City, Guangdong, China – 528400",./assets/images/downlights/Altair-Dyna-06-ballet-blue.webp
Altair dyna,DTD075C,36V DC,160mA,2700K, CRI>97,Φ70*H107mm,15°~45° Zoom,7W,AJ/CG,ARPS0750/27/Z/CH,R-41159492,IS 10322 (PART 5/SEC1):2012,7699,"Guangdong Sat Technology Co. Ltd., No. 11 Lianbao Rd, Shengfeng District, Xiaolan Town, Zhongshan City, Guangdong, China – 528400",./assets/images/downlights/Altair-Dyna-01-chrome.webp
Altair dyna,DTD075C,36V DC,160mA,2700K, CRI>97,Φ70*H107mm,15°~45° Zoom,7W,AJ/CG,ARPS0750/27/Z/CHB,R-41159492,IS 10322 (PART 5/SEC1):2012,7699,"Guangdong Sat Technology Co. Ltd., No. 11 Lianbao Rd, Shengfeng District, Xiaolan Town, Zhongshan City, Guangdong, China – 528400",./assets/images/downlights/Altair-Dyna-02-chrome-black.webp
Altair dyna,DTD075C,36V DC,160mA,3000K, CRI>97,Φ70*H107mm,15°~45° Zoom,7W,AJ/CG,ARPS0750/30/Z/B,R-41159492,IS 10322 (PART 5/SEC1):2012,6699,"Guangdong Sat Technology Co. Ltd., No. 11 Lianbao Rd, Shengfeng District, Xiaolan Town, Zhongshan City, Guangdong, China – 528400",./assets/images/downlights/Altair-Dyna-03-mat-black-default.webp
Altair dyna,DTD075C,36V DC,160mA,3000K, CRI>97,Φ70*H107mm,15°~45° Zoom,7W,AJ/CG,ARPS0750/30/Z/W,R-41159492,IS 10322 (PART 5/SEC1):2012,6699,"Guangdong Sat Technology Co. Ltd., No. 11 Lianbao Rd, Shengfeng District, Xiaolan Town, Zhongshan City, Guangdong, China – 528400",./assets/images/downlights/Altair-Dyna-05-white.webp
Altair dyna,DTD075C,36V DC,160mA,3000K, CRI>97,Φ70*H107mm,15°~45° Zoom,7W,AJ/CG,ARPS0750/30/Z/CG,R-41159492,IS 10322 (PART 5/SEC1):2012,7699,"Guangdong Sat Technology Co. Ltd., No. 11 Lianbao Rd, Shengfeng District, Xiaolan Town, Zhongshan City, Guangdong, China – 528400",./assets/images/downlights/Altair-Dyna-04-champeing-gold.webp
Altair dyna,DTD075C,36V DC,160mA,3000K, CRI>97,Φ70*H107mm,15°~45° Zoom,7W,AJ/CG,ARPS0750/30/Z/RG,R-41159492,IS 10322 (PART 5/SEC1):2012,7699,"Guangdong Sat Technology Co. Ltd., No. 11 Lianbao Rd, Shengfeng District, Xiaolan Town, Zhongshan City, Guangdong, China – 528400",./assets/images/downlights/Altair-Dyna-08-rose-gold.webp
Altair dyna,DTD075C,36V DC,160mA,3000K, CRI>97,Φ70*H107mm,15°~45° Zoom,7W,AJ/CG,ARPS0750/30/Z/BR,R-41159492,IS 10322 (PART 5/SEC1):2012,7699,"Guangdong Sat Technology Co. Ltd., No. 11 Lianbao Rd, Shengfeng District, Xiaolan Town, Zhongshan City, Guangdong, China – 528400",./assets/images/downlights/Altair-Dyna-10-brown.webp
Altair dyna,DTD075C,36V DC,160mA,3000K, CRI>97,Φ70*H107mm,15°~45° Zoom,7W,AJ/CG,ARPS0750/30/Z/COF,R-41159492,IS 10322 (PART 5/SEC1):2012,7699,"Guangdong Sat Technology Co. Ltd., No. 11 Lianbao Rd, Shengfeng District, Xiaolan Town, Zhongshan City, Guangdong, China – 528400",./assets/images/downlights/Altair-Dyna-07-coffee.webp
Altair dyna,DTD075C,36V DC,160mA,3000K, CRI>97,Φ70*H107mm,15°~45° Zoom,7W,AJ/CG,ARPS0750/30/Z/DGR,R-41159492,IS 10322 (PART 5/SEC1):2012,7699,"Guangdong Sat Technology Co. Ltd., No. 11 Lianbao Rd, Shengfeng District, Xiaolan Town, Zhongshan City, Guangdong, China – 528400",./assets/images/downlights/Altair-Dyna-09-dark-gray-default-001.webp
Altair dyna,DTD075C,36V DC,160mA,3000K, CRI>97,Φ70*H107mm,15°~45° Zoom,7W,AJ/CG,ARPS0750/30/Z/BB,R-41159492,IS 10322 (PART 5/SEC1):2012,7699,"Guangdong Sat Technology Co. Ltd., No. 11 Lianbao Rd, Shengfeng District, Xiaolan Town, Zhongshan City, Guangdong, China – 528400",./assets/images/downlights/Altair-Dyna-06-ballet-blue.webp
Altair dyna,DTD075C,36V DC,160mA,3000K, CRI>97,Φ70*H107mm,15°~45° Zoom,7W,AJ/CG,ARPS0750/30/Z/CH,R-41159492,IS 10322 (PART 5/SEC1):2012,7699,"Guangdong Sat Technology Co. Ltd., No. 11 Lianbao Rd, Shengfeng District, Xiaolan Town, Zhongshan City, Guangdong, China – 528400",./assets/images/downlights/Altair-Dyna-01-chrome.webp
Altair dyna,DTD075C,36V DC,160mA,3000K, CRI>97,Φ70*H107mm,15°~45° Zoom,7W,AJ/CG,ARPS0750/30/Z/CHB,R-41159492,IS 10322 (PART 5/SEC1):2012,7699,"Guangdong Sat Technology Co. Ltd., No. 11 Lianbao Rd, Shengfeng District, Xiaolan Town, Zhongshan City, Guangdong, China – 528400",./assets/images/downlights/Altair-Dyna-02-chrome-black.webp
Altair dyna,DTD075C,36V DC,160mA,3500K, CRI>97,Φ70*H107mm,15°~45° Zoom,7W,AJ/CG,ARPS0750/35/Z/B,R-41159492,IS 10322 (PART 5/SEC1):2012,6699,"Guangdong Sat Technology Co. Ltd., No. 11 Lianbao Rd, Shengfeng District, Xiaolan Town, Zhongshan City, Guangdong, China – 528400",./assets/images/downlights/Altair-Dyna-03-mat-black-default.webp
Altair dyna,DTD075C,36V DC,160mA,3500K, CRI>97,Φ70*H107mm,15°~45° Zoom,7W,AJ/CG,ARPS0750/35/Z/W,R-41159492,IS 10322 (PART 5/SEC1):2012,6699,"Guangdong Sat Technology Co. Ltd., No. 11 Lianbao Rd, Shengfeng District, Xiaolan Town, Zhongshan City, Guangdong, China – 528400",./assets/images/downlights/Altair-Dyna-05-white.webp
Altair dyna,DTD075C,36V DC,160mA,3500K, CRI>97,Φ70*H107mm,15°~45° Zoom,7W,AJ/CG,ARPS0750/35/Z/CG,R-41159492,IS 10322 (PART 5/SEC1):2012,7699,"Guangdong Sat Technology Co. Ltd., No. 11 Lianbao Rd, Shengfeng District, Xiaolan Town, Zhongshan City, Guangdong, China – 528400",./assets/images/downlights/Altair-Dyna-04-champeing-gold.webp
Altair dyna,DTD075C,36V DC,160mA,3500K, CRI>97,Φ70*H107mm,15°~45° Zoom,7W,AJ/CG,ARPS0750/35/Z/RG,R-41159492,IS 10322 (PART 5/SEC1):2012,7699,"Guangdong Sat Technology Co. Ltd., No. 11 Lianbao Rd, Shengfeng District, Xiaolan Town, Zhongshan City, Guangdong, China – 528400",./assets/images/downlights/Altair-Dyna-08-rose-gold.webp
Altair dyna,DTD075C,36V DC,160mA,3500K, CRI>97,Φ70*H107mm,15°~45° Zoom,7W,AJ/CG,ARPS0750/35/Z/BR,R-41159492,IS 10322 (PART 5/SEC1):2012,7699,"Guangdong Sat Technology Co. Ltd., No. 11 Lianbao Rd, Shengfeng District, Xiaolan Town, Zhongshan City, Guangdong, China – 528400",./assets/images/downlights/Altair-Dyna-10-brown.webp
Altair dyna,DTD075C,36V DC,160mA,3500K, CRI>97,Φ70*H107mm,15°~45° Zoom,7W,AJ/CG,ARPS0750/35/Z/COF,R-41159492,IS 10322 (PART 5/SEC1):2012,7699,"Guangdong Sat Technology Co. Ltd., No. 11 Lianbao Rd, Shengfeng District, Xiaolan Town, Zhongshan City, Guangdong, China – 528400",./assets/images/downlights/Altair-Dyna-07-coffee.webp
Altair dyna,DTD075C,36V DC,160mA,3500K, CRI>97,Φ70*H107mm,15°~45° Zoom,7W,AJ/CG,ARPS0750/35/Z/DGR,R-41159492,IS 10322 (PART 5/SEC1):2012,7699,"Guangdong Sat Technology Co. Ltd., No. 11 Lianbao Rd, Shengfeng District, Xiaolan Town, Zhongshan City, Guangdong, China – 528400",./assets/images/downlights/Altair-Dyna-09-dark-gray-default-001.webp
Altair dyna,DTD075C,36V DC,160mA,3500K, CRI>97,Φ70*H107mm,15°~45° Zoom,7W,AJ/CG,ARPS0750/35/Z/BB,R-41159492,IS 10322 (PART 5/SEC1):2012,7699,"Guangdong Sat Technology Co. Ltd., No. 11 Lianbao Rd, Shengfeng District, Xiaolan Town, Zhongshan City, Guangdong, China – 528400",./assets/images/downlights/Altair-Dyna-06-ballet-blue.webp
Altair dyna,DTD075C,36V DC,160mA,3500K, CRI>97,Φ70*H107mm,15°~45° Zoom,7W,AJ/CG,ARPS0750/35/Z/CH,R-41159492,IS 10322 (PART 5/SEC1):2012,7699,"Guangdong Sat Technology Co. Ltd., No. 11 Lianbao Rd, Shengfeng District, Xiaolan Town, Zhongshan City, Guangdong, China – 528400",./assets/images/downlights/Altair-Dyna-01-chrome.webp
Altair dyna,DTD075C,36V DC,160mA,3500K, CRI>97,Φ70*H107mm,15°~45° Zoom,7W,AJ/CG,ARPS0750/35/Z/CHB,R-41159492,IS 10322 (PART 5/SEC1):2012,7699,"Guangdong Sat Technology Co. Ltd., No. 11 Lianbao Rd, Shengfeng District, Xiaolan Town, Zhongshan City, Guangdong, China – 528400",./assets/images/downlights/Altair-Dyna-02-chrome-black.webp
Altair dyna,DTD075C,36V DC,160mA,4000K, CRI>97,Φ70*H107mm,15°~45° Zoom,7W,AJ/CG,ARPS0750/40/Z/B,R-41159492,IS 10322 (PART 5/SEC1):2012,6699,"Guangdong Sat Technology Co. Ltd., No. 11 Lianbao Rd, Shengfeng District, Xiaolan Town, Zhongshan City, Guangdong, China – 528400",./assets/images/downlights/Altair-Dyna-03-mat-black-default.webp
Altair dyna,DTD075C,36V DC,160mA,4000K, CRI>97,Φ70*H107mm,15°~45° Zoom,7W,AJ/CG,ARPS0750/40/Z/W,R-41159492,IS 10322 (PART 5/SEC1):2012,6699,"Guangdong Sat Technology Co. Ltd., No. 11 Lianbao Rd, Shengfeng District, Xiaolan Town, Zhongshan City, Guangdong, China – 528400",./assets/images/downlights/Altair-Dyna-05-white.webp
Altair dyna,DTD075C,36V DC,160mA,4000K, CRI>97,Φ70*H107mm,15°~45° Zoom,7W,AJ/CG,ARPS0750/40/Z/CG,R-41159492,IS 10322 (PART 5/SEC1):2012,7699,"Guangdong Sat Technology Co. Ltd., No. 11 Lianbao Rd, Shengfeng District, Xiaolan Town, Zhongshan City, Guangdong, China – 528400",./assets/images/downlights/Altair-Dyna-04-champeing-gold.webp
Altair dyna,DTD075C,36V DC,160mA,4000K, CRI>97,Φ70*H107mm,15°~45° Zoom,7W,AJ/CG,ARPS0750/40/Z/RG,R-41159492,IS 10322 (PART 5/SEC1):2012,7699,"Guangdong Sat Technology Co. Ltd., No. 11 Lianbao Rd, Shengfeng District, Xiaolan Town, Zhongshan City, Guangdong, China – 528400",./assets/images/downlights/Altair-Dyna-08-rose-gold.webp
Altair dyna,DTD075C,36V DC,160mA,4000K, CRI>97,Φ70*H107mm,15°~45° Zoom,7W,AJ/CG,ARPS0750/40/Z/BR,R-41159492,IS 10322 (PART 5/SEC1):2012,7699,"Guangdong Sat Technology Co. Ltd., No. 11 Lianbao Rd, Shengfeng District, Xiaolan Town, Zhongshan City, Guangdong, China – 528400",./assets/images/downlights/Altair-Dyna-10-brown.webp
Altair dyna,DTD075C,36V DC,160mA,4000K, CRI>97,Φ70*H107mm,15°~45° Zoom,7W,AJ/CG,ARPS0750/40/Z/COF,R-41159492,IS 10322 (PART 5/SEC1):2012,7699,"Guangdong Sat Technology Co. Ltd., No. 11 Lianbao Rd, Shengfeng District, Xiaolan Town, Zhongshan City, Guangdong, China – 528400",./assets/images/downlights/Altair-Dyna-07-coffee.webp
Altair dyna,DTD075C,36V DC,160mA,4000K, CRI>97,Φ70*H107mm,15°~45° Zoom,7W,AJ/CG,ARPS0750/40/Z/DGR,R-41159492,IS 10322 (PART 5/SEC1):2012,7699,"Guangdong Sat Technology Co. Ltd., No. 11 Lianbao Rd, Shengfeng District, Xiaolan Town, Zhongshan City, Guangdong, China – 528400",./assets/images/downlights/Altair-Dyna-09-dark-gray-default-001.webp
Altair dyna,DTD075C,36V DC,160mA,4000K, CRI>97,Φ70*H107mm,15°~45° Zoom,7W,AJ/CG,ARPS0750/40/Z/BB,R-41159492,IS 10322 (PART 5/SEC1):2012,7699,"Guangdong Sat Technology Co. Ltd., No. 11 Lianbao Rd, Shengfeng District, Xiaolan Town, Zhongshan City, Guangdong, China – 528400",./assets/images/downlights/Altair-Dyna-06-ballet-blue.webp
Altair dyna,DTD075C,36V DC,160mA,4000K, CRI>97,Φ70*H107mm,15°~45° Zoom,7W,AJ/CG,ARPS0750/40/Z/CH,R-41159492,IS 10322 (PART 5/SEC1):2012,7699,"Guangdong Sat Technology Co. Ltd., No. 11 Lianbao Rd, Shengfeng District, Xiaolan Town, Zhongshan City, Guangdong, China – 528400",./assets/images/downlights/Altair-Dyna-01-chrome.webp
Altair dyna,DTD075C,36V DC,160mA,4000K, CRI>97,Φ70*H107mm,15°~45° Zoom,7W,AJ/CG,ARPS0750/40/Z/CHB,R-41159492,IS 10322 (PART 5/SEC1):2012,7699,"Guangdong Sat Technology Co. Ltd., No. 11 Lianbao Rd, Shengfeng District, Xiaolan Town, Zhongshan City, Guangdong, China – 528400",./assets/images/downlights/Altair-Dyna-02-chrome-black.webp
Altair dyna,DTD075C,36V DC,160mA,5000K, CRI>97,Φ70*H107mm,15°~45° Zoom,7W,AJ/CG,ARPS0750/50/Z/B,R-41159492,IS 10322 (PART 5/SEC1):2012,6699,"Guangdong Sat Technology Co. Ltd., No. 11 Lianbao Rd, Shengfeng District, Xiaolan Town, Zhongshan City, Guangdong, China – 528400",./assets/images/downlights/Altair-Dyna-03-mat-black-default.webp
Altair dyna,DTD075C,36V DC,160mA,5000K, CRI>97,Φ70*H107mm,15°~45° Zoom,7W,AJ/CG,ARPS0750/50/Z/W,R-41159492,IS 10322 (PART 5/SEC1):2012,6699,"Guangdong Sat Technology Co. Ltd., No. 11 Lianbao Rd, Shengfeng District, Xiaolan Town, Zhongshan City, Guangdong, China – 528400",./assets/images/downlights/Altair-Dyna-05-white.webp
Altair dyna,DTD075C,36V DC,160mA,5000K, CRI>97,Φ70*H107mm,15°~45° Zoom,7W,AJ/CG,ARPS0750/50/Z/CG,R-41159492,IS 10322 (PART 5/SEC1):2012,7699,"Guangdong Sat Technology Co. Ltd., No. 11 Lianbao Rd, Shengfeng District, Xiaolan Town, Zhongshan City, Guangdong, China – 528400",./assets/images/downlights/Altair-Dyna-04-champeing-gold.webp
Altair dyna,DTD075C,36V DC,160mA,5000K, CRI>97,Φ70*H107mm,15°~45° Zoom,7W,AJ/CG,ARPS0750/50/Z/RG,R-41159492,IS 10322 (PART 5/SEC1):2012,7699,"Guangdong Sat Technology Co. Ltd., No. 11 Lianbao Rd, Shengfeng District, Xiaolan Town, Zhongshan City, Guangdong, China – 528400",./assets/images/downlights/Altair-Dyna-08-rose-gold.webp
Altair dyna,DTD075C,36V DC,160mA,5000K, CRI>97,Φ70*H107mm,15°~45° Zoom,7W,AJ/CG,ARPS0750/50/Z/BR,R-41159492,IS 10322 (PART 5/SEC1):2012,7699,"Guangdong Sat Technology Co. Ltd., No. 11 Lianbao Rd, Shengfeng District, Xiaolan Town, Zhongshan City, Guangdong, China – 528400",./assets/images/downlights/Altair-Dyna-10-brown.webp
Altair dyna,DTD075C,36V DC,160mA,5000K, CRI>97,Φ70*H107mm,15°~45° Zoom,7W,AJ/CG,ARPS0750/50/Z/COF,R-41159492,IS 10322 (PART 5/SEC1):2012,7699,"Guangdong Sat Technology Co. Ltd., No. 11 Lianbao Rd, Shengfeng District, Xiaolan Town, Zhongshan City, Guangdong, China – 528400",./assets/images/downlights/Altair-Dyna-07-coffee.webp
Altair dyna,DTD075C,36V DC,160mA,5000K, CRI>97,Φ70*H107mm,15°~45° Zoom,7W,AJ/CG,ARPS0750/50/Z/DGR,R-41159492,IS 10322 (PART 5/SEC1):2012,7699,"Guangdong Sat Technology Co. Ltd., No. 11 Lianbao Rd, Shengfeng District, Xiaolan Town, Zhongshan City, Guangdong, China – 528400",./assets/images/downlights/Altair-Dyna-09-dark-gray-default-001.webp
Altair dyna,DTD075C,36V DC,160mA,5000K, CRI>97,Φ70*H107mm,15°~45° Zoom,7W,AJ/CG,ARPS0750/50/Z/BB,R-41159492,IS 10322 (PART 5/SEC1):2012,7699,"Guangdong Sat Technology Co. Ltd., No. 11 Lianbao Rd, Shengfeng District, Xiaolan Town, Zhongshan City, Guangdong, China – 528400",./assets/images/downlights/Altair-Dyna-06-ballet-blue.webp
Altair dyna,DTD075C,36V DC,160mA,5000K, CRI>97,Φ70*H107mm,15°~45° Zoom,7W,AJ/CG,ARPS0750/50/Z/CH,R-41159492,IS 10322 (PART 5/SEC1):2012,7699,"Guangdong Sat Technology Co. Ltd., No. 11 Lianbao Rd, Shengfeng District, Xiaolan Town, Zhongshan City, Guangdong, China – 528400",./assets/images/downlights/Altair-Dyna-01-chrome.webp
Altair dyna,DTD075C,36V DC,160mA,5000K, CRI>97,Φ70*H107mm,15°~45° Zoom,7W,AJ/CG,ARPS0750/50/Z/CHB,R-41159492,IS 10322 (PART 5/SEC1):2012,7699,"Guangdong Sat Technology Co. Ltd., No. 11 Lianbao Rd, Shengfeng District, Xiaolan Town, Zhongshan City, Guangdong, China – 528400",./assets/images/downlights/Altair-Dyna-02-chrome-black.webp
Altair dyna Tunable,DTD075C,36V DC,160mA,2700K~6500K, CRI>97,Φ70*H107mm,15°,7W,AJ/CG,ARPS0750/CT/15/B,R-41159492,IS 10322 (PART 5/SEC1):2012,7899,"Guangdong Sat Technology Co. Ltd., No. 11 Lianbao Rd, Shengfeng District, Xiaolan Town, Zhongshan City, Guangdong, China – 528400",./assets/images/downlights/Altair-Dyna-03-mat-black-default.webp
Altair dyna Tunable,DTD075C,36V DC,160mA,2700K~6500K, CRI>97,Φ70*H107mm,15°,7W,AJ/CG,ARPS0750/CT/15/W,R-41159492,IS 10322 (PART 5/SEC1):2012,7899,"Guangdong Sat Technology Co. Ltd., No. 11 Lianbao Rd, Shengfeng District, Xiaolan Town, Zhongshan City, Guangdong, China – 528400",./assets/images/downlights/Altair-Dyna-05-white.webp
Altair dyna Tunable,DTD075C,36V DC,160mA,2700K~6500K, CRI>97,Φ70*H107mm,15°,7W,AJ/CG,ARPS0750/CT/15/CG,R-41159492,IS 10322 (PART 5/SEC1):2012,8899,"Guangdong Sat Technology Co. Ltd., No. 11 Lianbao Rd, Shengfeng District, Xiaolan Town, Zhongshan City, Guangdong, China – 528400",./assets/images/downlights/Altair-Dyna-04-champeing-gold.webp
Altair dyna Tunable,DTD075C,36V DC,160mA,2700K~6500K, CRI>97,Φ70*H107mm,15°,7W,AJ/CG,ARPS0750/CT/15/RG,R-41159492,IS 10322 (PART 5/SEC1):2012,8899,"Guangdong Sat Technology Co. Ltd., No. 11 Lianbao Rd, Shengfeng District, Xiaolan Town, Zhongshan City, Guangdong, China – 528400",./assets/images/downlights/Altair-Dyna-08-rose-gold.webp
Altair dyna Tunable,DTD075C,36V DC,160mA,2700K~6500K, CRI>97,Φ70*H107mm,15°,7W,AJ/CG,ARPS0750/CT/15/BR,R-41159492,IS 10322 (PART 5/SEC1):2012,8899,"Guangdong Sat Technology Co. Ltd., No. 11 Lianbao Rd, Shengfeng District, Xiaolan Town, Zhongshan City, Guangdong, China – 528400",./assets/images/downlights/Altair-Dyna-10-brown.webp
Altair dyna Tunable,DTD075C,36V DC,160mA,2700K~6500K, CRI>97,Φ70*H107mm,15°,7W,AJ/CG,ARPS0750/CT/15/COF,R-41159492,IS 10322 (PART 5/SEC1):2012,8899,"Guangdong Sat Technology Co. Ltd., No. 11 Lianbao Rd, Shengfeng District, Xiaolan Town, Zhongshan City, Guangdong, China – 528400",./assets/images/downlights/Altair-Dyna-07-coffee.webp
Altair dyna Tunable,DTD075C,36V DC,160mA,2700K~6500K, CRI>97,Φ70*H107mm,15°,7W,AJ/CG,ARPS0750/CT/15/DGR,R-41159492,IS 10322 (PART 5/SEC1):2012,8899,"Guangdong Sat Technology Co. Ltd., No. 11 Lianbao Rd, Shengfeng District, Xiaolan Town, Zhongshan City, Guangdong, China – 528400",./assets/images/downlights/Altair-Dyna-09-dark-gray-default-001.webp
Altair dyna Tunable,DTD075C,36V DC,160mA,2700K~6500K, CRI>97,Φ70*H107mm,15°,7W,AJ/CG,ARPS0750/CT/15/BB,R-41159492,IS 10322 (PART 5/SEC1):2012,8899,"Guangdong Sat Technology Co. Ltd., No. 11 Lianbao Rd, Shengfeng District, Xiaolan Town, Zhongshan City, Guangdong, China – 528400",./assets/images/downlights/Altair-Dyna-06-ballet-blue.webp
Altair dyna Tunable,DTD075C,36V DC,160mA,2700K~6500K, CRI>97,Φ70*H107mm,15°,7W,AJ/CG,ARPS0750/CT/15/CH,R-41159492,IS 10322 (PART 5/SEC1):2012,8899,"Guangdong Sat Technology Co. Ltd., No. 11 Lianbao Rd, Shengfeng District, Xiaolan Town, Zhongshan City, Guangdong, China – 528400",./assets/images/downlights/Altair-Dyna-01-chrome.webp
Altair dyna Tunable,DTD075C,36V DC,160mA,2700K~6500K, CRI>97,Φ70*H107mm,15°,7W,AJ/CG,ARPS0750/CT/15/CHB,R-41159492,IS 10322 (PART 5/SEC1):2012,8899,"Guangdong Sat Technology Co. Ltd., No. 11 Lianbao Rd, Shengfeng District, Xiaolan Town, Zhongshan City, Guangdong, China – 528400",./assets/images/downlights/Altair-Dyna-02-chrome-black.webp
Altair dyna Tunable,DTD075C,36V DC,160mA,2700K~6500K, CRI>97,Φ70*H107mm,24°,7W,AJ/CG,ARPS0750/CT/24/B,R-41159492,IS 10322 (PART 5/SEC1):2012,7899,"Guangdong Sat Technology Co. Ltd., No. 11 Lianbao Rd, Shengfeng District, Xiaolan Town, Zhongshan City, Guangdong, China – 528400",./assets/images/downlights/Altair-Dyna-03-mat-black-default.webp
Altair dyna Tunable,DTD075C,36V DC,160mA,2700K~6500K, CRI>97,Φ70*H107mm,24°,7W,AJ/CG,ARPS0750/CT/24/W,R-41159492,IS 10322 (PART 5/SEC1):2012,7899,"Guangdong Sat Technology Co. Ltd., No. 11 Lianbao Rd, Shengfeng District, Xiaolan Town, Zhongshan City, Guangdong, China – 528400",./assets/images/downlights/Altair-Dyna-05-white.webp
Altair dyna Tunable,DTD075C,36V DC,160mA,2700K~6500K, CRI>97,Φ70*H107mm,24°,7W,AJ/CG,ARPS0750/CT/24/CG,R-41159492,IS 10322 (PART 5/SEC1):2012,8899,"Guangdong Sat Technology Co. Ltd., No. 11 Lianbao Rd, Shengfeng District, Xiaolan Town, Zhongshan City, Guangdong, China – 528400",./assets/images/downlights/Altair-Dyna-04-champeing-gold.webp
Altair dyna Tunable,DTD075C,36V DC,160mA,2700K~6500K, CRI>97,Φ70*H107mm,24°,7W,AJ/CG,ARPS0750/CT/24/RG,R-41159492,IS 10322 (PART 5/SEC1):2012,8899,"Guangdong Sat Technology Co. Ltd., No. 11 Lianbao Rd, Shengfeng District, Xiaolan Town, Zhongshan City, Guangdong, China – 528400",./assets/images/downlights/Altair-Dyna-08-rose-gold.webp
Altair dyna Tunable,DTD075C,36V DC,160mA,2700K~6500K, CRI>97,Φ70*H107mm,24°,7W,AJ/CG,ARPS0750/CT/24/BR,R-41159492,IS 10322 (PART 5/SEC1):2012,8899,"Guangdong Sat Technology Co. Ltd., No. 11 Lianbao Rd, Shengfeng District, Xiaolan Town, Zhongshan City, Guangdong, China – 528400",./assets/images/downlights/Altair-Dyna-10-brown.webp
Altair dyna Tunable,DTD075C,36V DC,160mA,2700K~6500K, CRI>97,Φ70*H107mm,24°,7W,AJ/CG,ARPS0750/CT/24/COF,R-41159492,IS 10322 (PART 5/SEC1):2012,8899,"Guangdong Sat Technology Co. Ltd., No. 11 Lianbao Rd, Shengfeng District, Xiaolan Town, Zhongshan City, Guangdong, China – 528400",./assets/images/downlights/Altair-Dyna-07-coffee.webp
Altair dyna Tunable,DTD075C,36V DC,160mA,2700K~6500K, CRI>97,Φ70*H107mm,24°,7W,AJ/CG,ARPS0750/CT/24/DGR,R-41159492,IS 10322 (PART 5/SEC1):2012,8899,"Guangdong Sat Technology Co. Ltd., No. 11 Lianbao Rd, Shengfeng District, Xiaolan Town, Zhongshan City, Guangdong, China – 528400",./assets/images/downlights/Altair-Dyna-09-dark-gray-default-001.webp
Altair dyna Tunable,DTD075C,36V DC,160mA,2700K~6500K, CRI>97,Φ70*H107mm,24°,7W,AJ/CG,ARPS0750/CT/24/BB,R-41159492,IS 10322 (PART 5/SEC1):2012,8899,"Guangdong Sat Technology Co. Ltd., No. 11 Lianbao Rd, Shengfeng District, Xiaolan Town, Zhongshan City, Guangdong, China – 528400",./assets/images/downlights/Altair-Dyna-06-ballet-blue.webp
Altair dyna Tunable,DTD075C,36V DC,160mA,2700K~6500K, CRI>97,Φ70*H107mm,24°,7W,AJ/CG,ARPS0750/CT/24/CH,R-41159492,IS 10322 (PART 5/SEC1):2012,8899,"Guangdong Sat Technology Co. Ltd., No. 11 Lianbao Rd, Shengfeng District, Xiaolan Town, Zhongshan City, Guangdong, China – 528400",./assets/images/downlights/Altair-Dyna-01-chrome.webp
Altair dyna Tunable,DTD075C,36V DC,160mA,2700K~6500K, CRI>97,Φ70*H107mm,24°,7W,AJ/CG,ARPS0750/CT/24/CHB,R-41159492,IS 10322 (PART 5/SEC1):2012,8899,"Guangdong Sat Technology Co. Ltd., No. 11 Lianbao Rd, Shengfeng District, Xiaolan Town, Zhongshan City, Guangdong, China – 528400",./assets/images/downlights/Altair-Dyna-02-chrome-black.webp
Altair dyna Tunable,DTD075C,36V DC,160mA,2700K~6500K, CRI>97,Φ70*H107mm,36°,7W,AJ/CG,ARPS0750/CT/36/B,R-41159492,IS 10322 (PART 5/SEC1):2012,7899,"Guangdong Sat Technology Co. Ltd., No. 11 Lianbao Rd, Shengfeng District, Xiaolan Town, Zhongshan City, Guangdong, China – 528400",./assets/images/downlights/Altair-Dyna-03-mat-black-default.webp
Altair dyna Tunable,DTD075C,36V DC,160mA,2700K~6500K, CRI>97,Φ70*H107mm,36°,7W,AJ/CG,ARPS0750/CT/36/W,R-41159492,IS 10322 (PART 5/SEC1):2012,7899,"Guangdong Sat Technology Co. Ltd., No. 11 Lianbao Rd, Shengfeng District, Xiaolan Town, Zhongshan City, Guangdong, China – 528400",./assets/images/downlights/Altair-Dyna-05-white.webp
Altair dyna Tunable,DTD075C,36V DC,160mA,2700K~6500K, CRI>97,Φ70*H107mm,36°,7W,AJ/CG,ARPS0750/CT/36/CG,R-41159492,IS 10322 (PART 5/SEC1):2012,8899,"Guangdong Sat Technology Co. Ltd., No. 11 Lianbao Rd, Shengfeng District, Xiaolan Town, Zhongshan City, Guangdong, China – 528400",./assets/images/downlights/Altair-Dyna-04-champeing-gold.webp
Altair dyna Tunable,DTD075C,36V DC,160mA,2700K~6500K, CRI>97,Φ70*H107mm,36°,7W,AJ/CG,ARPS0750/CT/36/RG,R-41159492,IS 10322 (PART 5/SEC1):2012,8899,"Guangdong Sat Technology Co. Ltd., No. 11 Lianbao Rd, Shengfeng District, Xiaolan Town, Zhongshan City, Guangdong, China – 528400",./assets/images/downlights/Altair-Dyna-08-rose-gold.webp
Altair dyna Tunable,DTD075C,36V DC,160mA,2700K~6500K, CRI>97,Φ70*H107mm,36°,7W,AJ/CG,ARPS0750/CT/36/BR,R-41159492,IS 10322 (PART 5/SEC1):2012,8899,"Guangdong Sat Technology Co. Ltd., No. 11 Lianbao Rd, Shengfeng District, Xiaolan Town, Zhongshan City, Guangdong, China – 528400",./assets/images/downlights/Altair-Dyna-10-brown.webp
Altair dyna Tunable,DTD075C,36V DC,160mA,2700K~6500K, CRI>97,Φ70*H107mm,36°,7W,AJ/CG,ARPS0750/CT/36/COF,R-41159492,IS 10322 (PART 5/SEC1):2012,8899,"Guangdong Sat Technology Co. Ltd., No. 11 Lianbao Rd, Shengfeng District, Xiaolan Town, Zhongshan City, Guangdong, China – 528400",./assets/images/downlights/Altair-Dyna-07-coffee.webp
Altair dyna Tunable,DTD075C,36V DC,160mA,2700K~6500K, CRI>97,Φ70*H107mm,36°,7W,AJ/CG,ARPS0750/CT/36/DGR,R-41159492,IS 10322 (PART 5/SEC1):2012,8899,"Guangdong Sat Technology Co. Ltd., No. 11 Lianbao Rd, Shengfeng District, Xiaolan Town, Zhongshan City, Guangdong, China – 528400",./assets/images/downlights/Altair-Dyna-09-dark-gray-default-001.webp
Altair dyna Tunable,DTD075C,36V DC,160mA,2700K~6500K, CRI>97,Φ70*H107mm,36°,7W,AJ/CG,ARPS0750/CT/36/BB,R-41159492,IS 10322 (PART 5/SEC1):2012,8899,"Guangdong Sat Technology Co. Ltd., No. 11 Lianbao Rd, Shengfeng District, Xiaolan Town, Zhongshan City, Guangdong, China – 528400",./assets/images/downlights/Altair-Dyna-06-ballet-blue.webp
Altair dyna Tunable,DTD075C,36V DC,160mA,2700K~6500K, CRI>97,Φ70*H107mm,36°,7W,AJ/CG,ARPS0750/CT/36/CH,R-41159492,IS 10322 (PART 5/SEC1):2012,8899,"Guangdong Sat Technology Co. Ltd., No. 11 Lianbao Rd, Shengfeng District, Xiaolan Town, Zhongshan City, Guangdong, China – 528400",./assets/images/downlights/Altair-Dyna-01-chrome.webp
Altair dyna Tunable,DTD075C,36V DC,160mA,2700K~6500K, CRI>97,Φ70*H107mm,36°,7W,AJ/CG,ARPS0750/CT/36/CHB,R-41159492,IS 10322 (PART 5/SEC1):2012,8899,"Guangdong Sat Technology Co. Ltd., No. 11 Lianbao Rd, Shengfeng District, Xiaolan Town, Zhongshan City, Guangdong, China – 528400",./assets/images/downlights/Altair-Dyna-02-chrome-black.webp
Altair dyna Tunable,DTD075C,36V DC,160mA,2700K~6500K, CRI>97,Φ70*H107mm,15°~45° Zoom,7W,AJ/CG,ARPS0750/CT/Z/B,R-41159492,IS 10322 (PART 5/SEC1):2012,7899,"Guangdong Sat Technology Co. Ltd., No. 11 Lianbao Rd, Shengfeng District, Xiaolan Town, Zhongshan City, Guangdong, China – 528400",./assets/images/downlights/Altair-Dyna-03-mat-black-default.webp
Altair dyna Tunable,DTD075C,36V DC,160mA,2700K~6500K, CRI>97,Φ70*H107mm,15°~45° Zoom,7W,AJ/CG,ARPS0750/CT/Z/W,R-41159492,IS 10322 (PART 5/SEC1):2012,7899,"Guangdong Sat Technology Co. Ltd., No. 11 Lianbao Rd, Shengfeng District, Xiaolan Town, Zhongshan City, Guangdong, China – 528400",./assets/images/downlights/Altair-Dyna-05-white.webp
Altair dyna Tunable,DTD075C,36V DC,160mA,2700K~6500K, CRI>97,Φ70*H107mm,15°~45° Zoom,7W,AJ/CG,ARPS0750/CT/Z/CG,R-41159492,IS 10322 (PART 5/SEC1):2012,8899,"Guangdong Sat Technology Co. Ltd., No. 11 Lianbao Rd, Shengfeng District, Xiaolan Town, Zhongshan City, Guangdong, China – 528400",./assets/images/downlights/Altair-Dyna-04-champeing-gold.webp
Altair dyna Tunable,DTD075C,36V DC,160mA,2700K~6500K, CRI>97,Φ70*H107mm,15°~45° Zoom,7W,AJ/CG,ARPS0750/CT/Z/RG,R-41159492,IS 10322 (PART 5/SEC1):2012,8899,"Guangdong Sat Technology Co. Ltd., No. 11 Lianbao Rd, Shengfeng District, Xiaolan Town, Zhongshan City, Guangdong, China – 528400",./assets/images/downlights/Altair-Dyna-08-rose-gold.webp
Altair dyna Tunable,DTD075C,36V DC,160mA,2700K~6500K, CRI>97,Φ70*H107mm,15°~45° Zoom,7W,AJ/CG,ARPS0750/CT/Z/BR,R-41159492,IS 10322 (PART 5/SEC1):2012,8899,"Guangdong Sat Technology Co. Ltd., No. 11 Lianbao Rd, Shengfeng District, Xiaolan Town, Zhongshan City, Guangdong, China – 528400",./assets/images/downlights/Altair-Dyna-10-brown.webp
Altair dyna Tunable,DTD075C,36V DC,160mA,2700K~6500K, CRI>97,Φ70*H107mm,15°~45° Zoom,7W,AJ/CG,ARPS0750/CT/Z/COF,R-41159492,IS 10322 (PART 5/SEC1):2012,8899,"Guangdong Sat Technology Co. Ltd., No. 11 Lianbao Rd, Shengfeng District, Xiaolan Town, Zhongshan City, Guangdong, China – 528400",./assets/images/downlights/Altair-Dyna-07-coffee.webp
Altair dyna Tunable,DTD075C,36V DC,160mA,2700K~6500K, CRI>97,Φ70*H107mm,15°~45° Zoom,7W,AJ/CG,ARPS0750/CT/Z/DGR,R-41159492,IS 10322 (PART 5/SEC1):2012,8899,"Guangdong Sat Technology Co. Ltd., No. 11 Lianbao Rd, Shengfeng District, Xiaolan Town, Zhongshan City, Guangdong, China – 528400",./assets/images/downlights/Altair-Dyna-09-dark-gray-default-001.webp
Altair dyna Tunable,DTD075C,36V DC,160mA,2700K~6500K, CRI>97,Φ70*H107mm,15°~45° Zoom,7W,AJ/CG,ARPS0750/CT/Z/BB,R-41159492,IS 10322 (PART 5/SEC1):2012,8899,"Guangdong Sat Technology Co. Ltd., No. 11 Lianbao Rd, Shengfeng District, Xiaolan Town, Zhongshan City, Guangdong, China – 528400",./assets/images/downlights/Altair-Dyna-06-ballet-blue.webp
Altair dyna Tunable,DTD075C,36V DC,160mA,2700K~6500K, CRI>97,Φ70*H107mm,15°~45° Zoom,7W,AJ/CG,ARPS0750/CT/Z/CH,R-41159492,IS 10322 (PART 5/SEC1):2012,8899,"Guangdong Sat Technology Co. Ltd., No. 11 Lianbao Rd, Shengfeng District, Xiaolan Town, Zhongshan City, Guangdong, China – 528400",./assets/images/downlights/Altair-Dyna-01-chrome.webp
Altair dyna Tunable,DTD075C,36V DC,160mA,2700K~6500K, CRI>97,Φ70*H107mm,15°~45° Zoom,7W,AJ/CG,ARPS0750/CT/Z/CHB,R-41159492,IS 10322 (PART 5/SEC1):2012,8899,"Guangdong Sat Technology Co. Ltd., No. 11 Lianbao Rd, Shengfeng District, Xiaolan Town, Zhongshan City, Guangdong, China – 528400",./assets/images/downlights/Altair-Dyna-02-chrome-black.webp
Altair Prime,DTL065X,36V DC,200/300mA,2700K, CRI>97,Φ50*H120mm,15°,9W,AJ/CG,ARAS0950/27/15/W,R-41159492,IS 10322 (PART 5/SEC1):2012,7799,"Guangdong Sat Technology Co. Ltd., No. 11 Lianbao Rd, Shengfeng District, Xiaolan Town, Zhongshan City, Guangdong, China – 528400",./assets/images/downlights/Altair-Prime-9-05-white.webp
Altair Prime,DTL065X,36V DC,200/300mA,2700K, CRI>97,Φ50*H120mm,15°,9W,AJ/CG,ARAS0950/27/15/B,R-41159492,IS 10322 (PART 5/SEC1):2012,7799,"Guangdong Sat Technology Co. Ltd., No. 11 Lianbao Rd, Shengfeng District, Xiaolan Town, Zhongshan City, Guangdong, China – 528400",./assets/images/downlights/Altair-Prime-9-03-mat-black-default.webp
Altair Prime,DTL065X,36V DC,200/300mA,2700K, CRI>97,Φ50*H120mm,15°,9W,AJ/CG,ARAS0950/27/15/CG,R-41159492,IS 10322 (PART 5/SEC1):2012,8799,"Guangdong Sat Technology Co. Ltd., No. 11 Lianbao Rd, Shengfeng District, Xiaolan Town, Zhongshan City, Guangdong, China – 528400",./assets/images/downlights/Altair-Prime-9-04-champeing-gold.webp
Altair Prime,DTL065X,36V DC,200/300mA,2700K, CRI>97,Φ50*H120mm,15°,9W,AJ/CG,ARAS0950/27/15/RG,R-41159492,IS 10322 (PART 5/SEC1):2012,8799,"Guangdong Sat Technology Co. Ltd., No. 11 Lianbao Rd, Shengfeng District, Xiaolan Town, Zhongshan City, Guangdong, China – 528400",./assets/images/downlights/Altair-Prime-9-08-rose-gold.webp
Altair Prime,DTL065X,36V DC,200/300mA,2700K, CRI>97,Φ50*H120mm,15°,9W,AJ/CG,ARAS0950/27/15/BR,R-41159492,IS 10322 (PART 5/SEC1):2012,8799,"Guangdong Sat Technology Co. Ltd., No. 11 Lianbao Rd, Shengfeng District, Xiaolan Town, Zhongshan City, Guangdong, China – 528400",./assets/images/downlights/Altair-Prime-9-10-brown.webp
Altair Prime,DTL065X,36V DC,200/300mA,2700K, CRI>97,Φ50*H120mm,15°,9W,AJ/CG,ARAS0950/27/15/COF,R-41159492,IS 10322 (PART 5/SEC1):2012,8799,"Guangdong Sat Technology Co. Ltd., No. 11 Lianbao Rd, Shengfeng District, Xiaolan Town, Zhongshan City, Guangdong, China – 528400",./assets/images/downlights/Altair-Prime-9-07-coffee.webp
Altair Prime,DTL065X,36V DC,200/300mA,2700K, CRI>97,Φ50*H120mm,15°,9W,AJ/CG,ARAS0950/27/15/DGR,R-41159492,IS 10322 (PART 5/SEC1):2012,8799,"Guangdong Sat Technology Co. Ltd., No. 11 Lianbao Rd, Shengfeng District, Xiaolan Town, Zhongshan City, Guangdong, China – 528400",./assets/images/downlights/Altair-Prime-9-09-dark-gray-default-001.webp
Altair Prime,DTL065X,36V DC,200/300mA,2700K, CRI>97,Φ50*H120mm,15°,9W,AJ/CG,ARAS0950/27/15/BB,R-41159492,IS 10322 (PART 5/SEC1):2012,8799,"Guangdong Sat Technology Co. Ltd., No. 11 Lianbao Rd, Shengfeng District, Xiaolan Town, Zhongshan City, Guangdong, China – 528400",./assets/images/downlights/Altair-Prime-9-06-ballet-blue.webp
Altair Prime,DTL065X,36V DC,200/300mA,2700K, CRI>97,Φ50*H120mm,15°,9W,AJ/CG,ARAS0950/27/15/CH,R-41159492,IS 10322 (PART 5/SEC1):2012,8799,"Guangdong Sat Technology Co. Ltd., No. 11 Lianbao Rd, Shengfeng District, Xiaolan Town, Zhongshan City, Guangdong, China – 528400",./assets/images/downlights/Altair-Prime-9-01-chrome.webp
Altair Prime,DTL065X,36V DC,200/300mA,2700K, CRI>97,Φ50*H120mm,15°,9W,AJ/CG,ARAS0950/27/15/CHB,R-41159492,IS 10322 (PART 5/SEC1):2012,8799,"Guangdong Sat Technology Co. Ltd., No. 11 Lianbao Rd, Shengfeng District, Xiaolan Town, Zhongshan City, Guangdong, China – 528400",./assets/images/downlights/Altair-Prime-9-02-chrome-black.webp
Altair Prime,DTL065X,36V DC,200/300mA,3000K, CRI>97,Φ50*H120mm,15°,9W,AJ/CG,ARAS0950/30/15/W,R-41159492,IS 10322 (PART 5/SEC1):2012,7799,"Guangdong Sat Technology Co. Ltd., No. 11 Lianbao Rd, Shengfeng District, Xiaolan Town, Zhongshan City, Guangdong, China – 528400",./assets/images/downlights/Altair-Prime-9-05-white.webp
Altair Prime,DTL065X,36V DC,200/300mA,3000K, CRI>97,Φ50*H120mm,15°,9W,AJ/CG,ARAS0950/30/15/B,R-41159492,IS 10322 (PART 5/SEC1):2012,7799,"Guangdong Sat Technology Co. Ltd., No. 11 Lianbao Rd, Shengfeng District, Xiaolan Town, Zhongshan City, Guangdong, China – 528400",./assets/images/downlights/Altair-Prime-9-03-mat-black-default.webp
Altair Prime,DTL065X,36V DC,200/300mA,3000K, CRI>97,Φ50*H120mm,15°,9W,AJ/CG,ARAS0950/30/15/CG,R-41159492,IS 10322 (PART 5/SEC1):2012,8799,"Guangdong Sat Technology Co. Ltd., No. 11 Lianbao Rd, Shengfeng District, Xiaolan Town, Zhongshan City, Guangdong, China – 528400",./assets/images/downlights/Altair-Prime-9-04-champeing-gold.webp
Altair Prime,DTL065X,36V DC,200/300mA,3000K, CRI>97,Φ50*H120mm,15°,9W,AJ/CG,ARAS0950/30/15/RG,R-41159492,IS 10322 (PART 5/SEC1):2012,8799,"Guangdong Sat Technology Co. Ltd., No. 11 Lianbao Rd, Shengfeng District, Xiaolan Town, Zhongshan City, Guangdong, China – 528400",./assets/images/downlights/Altair-Prime-9-08-rose-gold.webp
Altair Prime,DTL065X,36V DC,200/300mA,3000K, CRI>97,Φ50*H120mm,15°,9W,AJ/CG,ARAS0950/30/15/BR,R-41159492,IS 10322 (PART 5/SEC1):2012,8799,"Guangdong Sat Technology Co. Ltd., No. 11 Lianbao Rd, Shengfeng District, Xiaolan Town, Zhongshan City, Guangdong, China – 528400",./assets/images/downlights/Altair-Prime-9-10-brown.webp
Altair Prime,DTL065X,36V DC,200/300mA,3000K, CRI>97,Φ50*H120mm,15°,9W,AJ/CG,ARAS0950/30/15/COF,R-41159492,IS 10322 (PART 5/SEC1):2012,8799,"Guangdong Sat Technology Co. Ltd., No. 11 Lianbao Rd, Shengfeng District, Xiaolan Town, Zhongshan City, Guangdong, China – 528400",./assets/images/downlights/Altair-Prime-9-07-coffee.webp
Altair Prime,DTL065X,36V DC,200/300mA,3000K, CRI>97,Φ50*H120mm,15°,9W,AJ/CG,ARAS0950/30/15/DGR,R-41159492,IS 10322 (PART 5/SEC1):2012,8799,"Guangdong Sat Technology Co. Ltd., No. 11 Lianbao Rd, Shengfeng District, Xiaolan Town, Zhongshan City, Guangdong, China – 528400",./assets/images/downlights/Altair-Prime-9-09-dark-gray-default-001.webp
Altair Prime,DTL065X,36V DC,200/300mA,3000K, CRI>97,Φ50*H120mm,15°,9W,AJ/CG,ARAS0950/30/15/BB,R-41159492,IS 10322 (PART 5/SEC1):2012,8799,"Guangdong Sat Technology Co. Ltd., No. 11 Lianbao Rd, Shengfeng District, Xiaolan Town, Zhongshan City, Guangdong, China – 528400",./assets/images/downlights/Altair-Prime-9-06-ballet-blue.webp
Altair Prime,DTL065X,36V DC,200/300mA,3000K, CRI>97,Φ50*H120mm,15°,9W,AJ/CG,ARAS0950/30/15/CH,R-41159492,IS 10322 (PART 5/SEC1):2012,8799,"Guangdong Sat Technology Co. Ltd., No. 11 Lianbao Rd, Shengfeng District, Xiaolan Town, Zhongshan City, Guangdong, China – 528400",./assets/images/downlights/Altair-Prime-9-01-chrome.webp
Altair Prime,DTL065X,36V DC,200/300mA,3000K, CRI>97,Φ50*H120mm,15°,9W,AJ/CG,ARAS0950/30/15/CHB,R-41159492,IS 10322 (PART 5/SEC1):2012,8799,"Guangdong Sat Technology Co. Ltd., No. 11 Lianbao Rd, Shengfeng District, Xiaolan Town, Zhongshan City, Guangdong, China – 528400",./assets/images/downlights/Altair-Prime-9-02-chrome-black.webp
Altair Prime,DTL065X,36V DC,200/300mA,3500K, CRI>97,Φ50*H120mm,15°,9W,AJ/CG,ARAS0950/35/15/W,R-41159492,IS 10322 (PART 5/SEC1):2012,7799,"Guangdong Sat Technology Co. Ltd., No. 11 Lianbao Rd, Shengfeng District, Xiaolan Town, Zhongshan City, Guangdong, China – 528400",./assets/images/downlights/Altair-Prime-9-05-white.webp
Altair Prime,DTL065X,36V DC,200/300mA,3500K, CRI>97,Φ50*H120mm,15°,9W,AJ/CG,ARAS0950/35/15/B,R-41159492,IS 10322 (PART 5/SEC1):2012,7799,"Guangdong Sat Technology Co. Ltd., No. 11 Lianbao Rd, Shengfeng District, Xiaolan Town, Zhongshan City, Guangdong, China – 528400",./assets/images/downlights/Altair-Prime-9-03-mat-black-default.webp
Altair Prime,DTL065X,36V DC,200/300mA,3500K, CRI>97,Φ50*H120mm,15°,9W,AJ/CG,ARAS0950/35/15/CG,R-41159492,IS 10322 (PART 5/SEC1):2012,8799,"Guangdong Sat Technology Co. Ltd., No. 11 Lianbao Rd, Shengfeng District, Xiaolan Town, Zhongshan City, Guangdong, China – 528400",./assets/images/downlights/Altair-Prime-9-04-champeing-gold.webp
Altair Prime,DTL065X,36V DC,200/300mA,3500K, CRI>97,Φ50*H120mm,15°,9W,AJ/CG,ARAS0950/35/15/RG,R-41159492,IS 10322 (PART 5/SEC1):2012,8799,"Guangdong Sat Technology Co. Ltd., No. 11 Lianbao Rd, Shengfeng District, Xiaolan Town, Zhongshan City, Guangdong, China – 528400",./assets/images/downlights/Altair-Prime-9-08-rose-gold.webp
Altair Prime,DTL065X,36V DC,200/300mA,3500K, CRI>97,Φ50*H120mm,15°,9W,AJ/CG,ARAS0950/35/15/BR,R-41159492,IS 10322 (PART 5/SEC1):2012,8799,"Guangdong Sat Technology Co. Ltd., No. 11 Lianbao Rd, Shengfeng District, Xiaolan Town, Zhongshan City, Guangdong, China – 528400",./assets/images/downlights/Altair-Prime-9-10-brown.webp
Altair Prime,DTL065X,36V DC,200/300mA,3500K, CRI>97,Φ50*H120mm,15°,9W,AJ/CG,ARAS0950/35/15/COF,R-41159492,IS 10322 (PART 5/SEC1):2012,8799,"Guangdong Sat Technology Co. Ltd., No. 11 Lianbao Rd, Shengfeng District, Xiaolan Town, Zhongshan City, Guangdong, China – 528400",./assets/images/downlights/Altair-Prime-9-07-coffee.webp
Altair Prime,DTL065X,36V DC,200/300mA,3500K, CRI>97,Φ50*H120mm,15°,9W,AJ/CG,ARAS0950/35/15/DGR,R-41159492,IS 10322 (PART 5/SEC1):2012,8799,"Guangdong Sat Technology Co. Ltd., No. 11 Lianbao Rd, Shengfeng District, Xiaolan Town, Zhongshan City, Guangdong, China – 528400",./assets/images/downlights/Altair-Prime-9-09-dark-gray-default-001.webp
Altair Prime,DTL065X,36V DC,200/300mA,3500K, CRI>97,Φ50*H120mm,15°,9W,AJ/CG,ARAS0950/35/15/BB,R-41159492,IS 10322 (PART 5/SEC1):2012,8799,"Guangdong Sat Technology Co. Ltd., No. 11 Lianbao Rd, Shengfeng District, Xiaolan Town, Zhongshan City, Guangdong, China – 528400",./assets/images/downlights/Altair-Prime-9-06-ballet-blue.webp
Altair Prime,DTL065X,36V DC,200/300mA,3500K, CRI>97,Φ50*H120mm,15°,9W,AJ/CG,ARAS0950/35/15/CH,R-41159492,IS 10322 (PART 5/SEC1):2012,8799,"Guangdong Sat Technology Co. Ltd., No. 11 Lianbao Rd, Shengfeng District, Xiaolan Town, Zhongshan City, Guangdong, China – 528400",./assets/images/downlights/Altair-Prime-9-01-chrome.webp
Altair Prime,DTL065X,36V DC,200/300mA,3500K, CRI>97,Φ50*H120mm,15°,9W,AJ/CG,ARAS0950/35/15/CHB,R-41159492,IS 10322 (PART 5/SEC1):2012,8799,"Guangdong Sat Technology Co. Ltd., No. 11 Lianbao Rd, Shengfeng District, Xiaolan Town, Zhongshan City, Guangdong, China – 528400",./assets/images/downlights/Altair-Prime-9-02-chrome-black.webp
Altair Prime,DTL065X,36V DC,200/300mA,4000K, CRI>97,Φ50*H120mm,15°,9W,AJ/CG,ARAS0950/40/15/W,R-41159492,IS 10322 (PART 5/SEC1):2012,7799,"Guangdong Sat Technology Co. Ltd., No. 11 Lianbao Rd, Shengfeng District, Xiaolan Town, Zhongshan City, Guangdong, China – 528400",./assets/images/downlights/Altair-Prime-9-05-white.webp
Altair Prime,DTL065X,36V DC,200/300mA,4000K, CRI>97,Φ50*H120mm,15°,9W,AJ/CG,ARAS0950/40/15/B,R-41159492,IS 10322 (PART 5/SEC1):2012,7799,"Guangdong Sat Technology Co. Ltd., No. 11 Lianbao Rd, Shengfeng District, Xiaolan Town, Zhongshan City, Guangdong, China – 528400",./assets/images/downlights/Altair-Prime-9-03-mat-black-default.webp
Altair Prime,DTL065X,36V DC,200/300mA,4000K, CRI>97,Φ50*H120mm,15°,9W,AJ/CG,ARAS0950/40/15/CG,R-41159492,IS 10322 (PART 5/SEC1):2012,8799,"Guangdong Sat Technology Co. Ltd., No. 11 Lianbao Rd, Shengfeng District, Xiaolan Town, Zhongshan City, Guangdong, China – 528400",./assets/images/downlights/Altair-Prime-9-04-champeing-gold.webp
Altair Prime,DTL065X,36V DC,200/300mA,4000K, CRI>97,Φ50*H120mm,15°,9W,AJ/CG,ARAS0950/40/15/RG,R-41159492,IS 10322 (PART 5/SEC1):2012,8799,"Guangdong Sat Technology Co. Ltd., No. 11 Lianbao Rd, Shengfeng District, Xiaolan Town, Zhongshan City, Guangdong, China – 528400",./assets/images/downlights/Altair-Prime-9-08-rose-gold.webp
Altair Prime,DTL065X,36V DC,200/300mA,4000K, CRI>97,Φ50*H120mm,15°,9W,AJ/CG,ARAS0950/40/15/BR,R-41159492,IS 10322 (PART 5/SEC1):2012,8799,"Guangdong Sat Technology Co. Ltd., No. 11 Lianbao Rd, Shengfeng District, Xiaolan Town, Zhongshan City, Guangdong, China – 528400",./assets/images/downlights/Altair-Prime-9-10-brown.webp
Altair Prime,DTL065X,36V DC,200/300mA,4000K, CRI>97,Φ50*H120mm,15°,9W,AJ/CG,ARAS0950/40/15/COF,R-41159492,IS 10322 (PART 5/SEC1):2012,8799,"Guangdong Sat Technology Co. Ltd., No. 11 Lianbao Rd, Shengfeng District, Xiaolan Town, Zhongshan City, Guangdong, China – 528400",./assets/images/downlights/Altair-Prime-9-07-coffee.webp
Altair Prime,DTL065X,36V DC,200/300mA,4000K, CRI>97,Φ50*H120mm,15°,9W,AJ/CG,ARAS0950/40/15/DGR,R-41159492,IS 10322 (PART 5/SEC1):2012,8799,"Guangdong Sat Technology Co. Ltd., No. 11 Lianbao Rd, Shengfeng District, Xiaolan Town, Zhongshan City, Guangdong, China – 528400",./assets/images/downlights/Altair-Prime-9-09-dark-gray-default-001.webp
Altair Prime,DTL065X,36V DC,200/300mA,4000K, CRI>97,Φ50*H120mm,15°,9W,AJ/CG,ARAS0950/40/15/BB,R-41159492,IS 10322 (PART 5/SEC1):2012,8799,"Guangdong Sat Technology Co. Ltd., No. 11 Lianbao Rd, Shengfeng District, Xiaolan Town, Zhongshan City, Guangdong, China – 528400",./assets/images/downlights/Altair-Prime-9-06-ballet-blue.webp
Altair Prime,DTL065X,36V DC,200/300mA,4000K, CRI>97,Φ50*H120mm,15°,9W,AJ/CG,ARAS0950/40/15/CH,R-41159492,IS 10322 (PART 5/SEC1):2012,8799,"Guangdong Sat Technology Co. Ltd., No. 11 Lianbao Rd, Shengfeng District, Xiaolan Town, Zhongshan City, Guangdong, China – 528400",./assets/images/downlights/Altair-Prime-9-01-chrome.webp
Altair Prime,DTL065X,36V DC,200/300mA,4000K, CRI>97,Φ50*H120mm,15°,9W,AJ/CG,ARAS0950/40/15/CHB,R-41159492,IS 10322 (PART 5/SEC1):2012,8799,"Guangdong Sat Technology Co. Ltd., No. 11 Lianbao Rd, Shengfeng District, Xiaolan Town, Zhongshan City, Guangdong, China – 528400",./assets/images/downlights/Altair-Prime-9-02-chrome-black.webp
Altair Prime,DTL065X,36V DC,200/300mA,5000K, CRI>97,Φ50*H120mm,15°,9W,AJ/CG,ARAS0950/50/15/W,R-41159492,IS 10322 (PART 5/SEC1):2012,7799,"Guangdong Sat Technology Co. Ltd., No. 11 Lianbao Rd, Shengfeng District, Xiaolan Town, Zhongshan City, Guangdong, China – 528400",./assets/images/downlights/Altair-Prime-9-05-white.webp
Altair Prime,DTL065X,36V DC,200/300mA,5000K, CRI>97,Φ50*H120mm,15°,9W,AJ/CG,ARAS0950/50/15/B,R-41159492,IS 10322 (PART 5/SEC1):2012,7799,"Guangdong Sat Technology Co. Ltd., No. 11 Lianbao Rd, Shengfeng District, Xiaolan Town, Zhongshan City, Guangdong, China – 528400",./assets/images/downlights/Altair-Prime-9-03-mat-black-default.webp
Altair Prime,DTL065X,36V DC,200/300mA,5000K, CRI>97,Φ50*H120mm,15°,9W,AJ/CG,ARAS0950/50/15/CG,R-41159492,IS 10322 (PART 5/SEC1):2012,8799,"Guangdong Sat Technology Co. Ltd., No. 11 Lianbao Rd, Shengfeng District, Xiaolan Town, Zhongshan City, Guangdong, China – 528400",./assets/images/downlights/Altair-Prime-9-04-champeing-gold.webp
Altair Prime,DTL065X,36V DC,200/300mA,5000K, CRI>97,Φ50*H120mm,15°,9W,AJ/CG,ARAS0950/50/15/RG,R-41159492,IS 10322 (PART 5/SEC1):2012,8799,"Guangdong Sat Technology Co. Ltd., No. 11 Lianbao Rd, Shengfeng District, Xiaolan Town, Zhongshan City, Guangdong, China – 528400",./assets/images/downlights/Altair-Prime-9-08-rose-gold.webp
Altair Prime,DTL065X,36V DC,200/300mA,5000K, CRI>97,Φ50*H120mm,15°,9W,AJ/CG,ARAS0950/50/15/BR,R-41159492,IS 10322 (PART 5/SEC1):2012,8799,"Guangdong Sat Technology Co. Ltd., No. 11 Lianbao Rd, Shengfeng District, Xiaolan Town, Zhongshan City, Guangdong, China – 528400",./assets/images/downlights/Altair-Prime-9-10-brown.webp
Altair Prime,DTL065X,36V DC,200/300mA,5000K, CRI>97,Φ50*H120mm,15°,9W,AJ/CG,ARAS0950/50/15/COF,R-41159492,IS 10322 (PART 5/SEC1):2012,8799,"Guangdong Sat Technology Co. Ltd., No. 11 Lianbao Rd, Shengfeng District, Xiaolan Town, Zhongshan City, Guangdong, China – 528400",./assets/images/downlights/Altair-Prime-9-07-coffee.webp
Altair Prime,DTL065X,36V DC,200/300mA,5000K, CRI>97,Φ50*H120mm,15°,9W,AJ/CG,ARAS0950/50/15/DGR,R-41159492,IS 10322 (PART 5/SEC1):2012,8799,"Guangdong Sat Technology Co. Ltd., No. 11 Lianbao Rd, Shengfeng District, Xiaolan Town, Zhongshan City, Guangdong, China – 528400",./assets/images/downlights/Altair-Prime-9-09-dark-gray-default-001.webp
Altair Prime,DTL065X,36V DC,200/300mA,5000K, CRI>97,Φ50*H120mm,15°,9W,AJ/CG,ARAS0950/50/15/BB,R-41159492,IS 10322 (PART 5/SEC1):2012,8799,"Guangdong Sat Technology Co. Ltd., No. 11 Lianbao Rd, Shengfeng District, Xiaolan Town, Zhongshan City, Guangdong, China – 528400",./assets/images/downlights/Altair-Prime-9-06-ballet-blue.webp
Altair Prime,DTL065X,36V DC,200/300mA,5000K, CRI>97,Φ50*H120mm,15°,9W,AJ/CG,ARAS0950/50/15/CH,R-41159492,IS 10322 (PART 5/SEC1):2012,8799,"Guangdong Sat Technology Co. Ltd., No. 11 Lianbao Rd, Shengfeng District, Xiaolan Town, Zhongshan City, Guangdong, China – 528400",./assets/images/downlights/Altair-Prime-9-01-chrome.webp
Altair Prime,DTL065X,36V DC,200/300mA,5000K, CRI>97,Φ50*H120mm,15°,9W,AJ/CG,ARAS0950/50/15/CHB,R-41159492,IS 10322 (PART 5/SEC1):2012,8799,"Guangdong Sat Technology Co. Ltd., No. 11 Lianbao Rd, Shengfeng District, Xiaolan Town, Zhongshan City, Guangdong, China – 528400",./assets/images/downlights/Altair-Prime-9-02-chrome-black.webp
Altair Prime,DTL065X,36V DC,200/300mA,2700K, CRI>97,Φ50*H120mm,24°,9W,AJ/CG,ARAS0950/27/24/W,R-41159492,IS 10322 (PART 5/SEC1):2012,7799,"Guangdong Sat Technology Co. Ltd., No. 11 Lianbao Rd, Shengfeng District, Xiaolan Town, Zhongshan City, Guangdong, China – 528400",./assets/images/downlights/Altair-Prime-9-05-white.webp
Altair Prime,DTL065X,36V DC,200/300mA,2700K, CRI>97,Φ50*H120mm,24°,9W,AJ/CG,ARAS0950/27/24/B,R-41159492,IS 10322 (PART 5/SEC1):2012,7799,"Guangdong Sat Technology Co. Ltd., No. 11 Lianbao Rd, Shengfeng District, Xiaolan Town, Zhongshan City, Guangdong, China – 528400",./assets/images/downlights/Altair-Prime-9-03-mat-black-default.webp
Altair Prime,DTL065X,36V DC,200/300mA,2700K, CRI>97,Φ50*H120mm,24°,9W,AJ/CG,ARAS0950/27/24/CG,R-41159492,IS 10322 (PART 5/SEC1):2012,8799,"Guangdong Sat Technology Co. Ltd., No. 11 Lianbao Rd, Shengfeng District, Xiaolan Town, Zhongshan City, Guangdong, China – 528400",./assets/images/downlights/Altair-Prime-9-04-champeing-gold.webp
Altair Prime,DTL065X,36V DC,200/300mA,2700K, CRI>97,Φ50*H120mm,24°,9W,AJ/CG,ARAS0950/27/24/RG,R-41159492,IS 10322 (PART 5/SEC1):2012,8799,"Guangdong Sat Technology Co. Ltd., No. 11 Lianbao Rd, Shengfeng District, Xiaolan Town, Zhongshan City, Guangdong, China – 528400",./assets/images/downlights/Altair-Prime-9-08-rose-gold.webp
Altair Prime,DTL065X,36V DC,200/300mA,2700K, CRI>97,Φ50*H120mm,24°,9W,AJ/CG,ARAS0950/27/24/BR,R-41159492,IS 10322 (PART 5/SEC1):2012,8799,"Guangdong Sat Technology Co. Ltd., No. 11 Lianbao Rd, Shengfeng District, Xiaolan Town, Zhongshan City, Guangdong, China – 528400",./assets/images/downlights/Altair-Prime-9-10-brown.webp
Altair Prime,DTL065X,36V DC,200/300mA,2700K, CRI>97,Φ50*H120mm,24°,9W,AJ/CG,ARAS0950/27/24/COF,R-41159492,IS 10322 (PART 5/SEC1):2012,8799,"Guangdong Sat Technology Co. Ltd., No. 11 Lianbao Rd, Shengfeng District, Xiaolan Town, Zhongshan City, Guangdong, China – 528400",./assets/images/downlights/Altair-Prime-9-07-coffee.webp
Altair Prime,DTL065X,36V DC,200/300mA,2700K, CRI>97,Φ50*H120mm,24°,9W,AJ/CG,ARAS0950/27/24/DGR,R-41159492,IS 10322 (PART 5/SEC1):2012,8799,"Guangdong Sat Technology Co. Ltd., No. 11 Lianbao Rd, Shengfeng District, Xiaolan Town, Zhongshan City, Guangdong, China – 528400",./assets/images/downlights/Altair-Prime-9-09-dark-gray-default-001.webp
Altair Prime,DTL065X,36V DC,200/300mA,2700K, CRI>97,Φ50*H120mm,24°,9W,AJ/CG,ARAS0950/27/24/BB,R-41159492,IS 10322 (PART 5/SEC1):2012,8799,"Guangdong Sat Technology Co. Ltd., No. 11 Lianbao Rd, Shengfeng District, Xiaolan Town, Zhongshan City, Guangdong, China – 528400",./assets/images/downlights/Altair-Prime-9-06-ballet-blue.webp
Altair Prime,DTL065X,36V DC,200/300mA,2700K, CRI>97,Φ50*H120mm,24°,9W,AJ/CG,ARAS0950/27/24/CH,R-41159492,IS 10322 (PART 5/SEC1):2012,8799,"Guangdong Sat Technology Co. Ltd., No. 11 Lianbao Rd, Shengfeng District, Xiaolan Town, Zhongshan City, Guangdong, China – 528400",./assets/images/downlights/Altair-Prime-9-01-chrome.webp
Altair Prime,DTL065X,36V DC,200/300mA,2700K, CRI>97,Φ50*H120mm,24°,9W,AJ/CG,ARAS0950/27/24/CHB,R-41159492,IS 10322 (PART 5/SEC1):2012,8799,"Guangdong Sat Technology Co. Ltd., No. 11 Lianbao Rd, Shengfeng District, Xiaolan Town, Zhongshan City, Guangdong, China – 528400",./assets/images/downlights/Altair-Prime-9-02-chrome-black.webp
Altair Prime,DTL065X,36V DC,200/300mA,3000K, CRI>97,Φ50*H120mm,24°,9W,AJ/CG,ARAS0950/30/24/W,R-41159492,IS 10322 (PART 5/SEC1):2012,7799,"Guangdong Sat Technology Co. Ltd., No. 11 Lianbao Rd, Shengfeng District, Xiaolan Town, Zhongshan City, Guangdong, China – 528400",./assets/images/downlights/Altair-Prime-9-05-white.webp
Altair Prime,DTL065X,36V DC,200/300mA,3000K, CRI>97,Φ50*H120mm,24°,9W,AJ/CG,ARAS0950/30/24/B,R-41159492,IS 10322 (PART 5/SEC1):2012,7799,"Guangdong Sat Technology Co. Ltd., No. 11 Lianbao Rd, Shengfeng District, Xiaolan Town, Zhongshan City, Guangdong, China – 528400",./assets/images/downlights/Altair-Prime-9-03-mat-black-default.webp
Altair Prime,DTL065X,36V DC,200/300mA,3000K, CRI>97,Φ50*H120mm,24°,9W,AJ/CG,ARAS0950/30/24/CG,R-41159492,IS 10322 (PART 5/SEC1):2012,8799,"Guangdong Sat Technology Co. Ltd., No. 11 Lianbao Rd, Shengfeng District, Xiaolan Town, Zhongshan City, Guangdong, China – 528400",./assets/images/downlights/Altair-Prime-9-04-champeing-gold.webp
Altair Prime,DTL065X,36V DC,200/300mA,3000K, CRI>97,Φ50*H120mm,24°,9W,AJ/CG,ARAS0950/30/24/RG,R-41159492,IS 10322 (PART 5/SEC1):2012,8799,"Guangdong Sat Technology Co. Ltd., No. 11 Lianbao Rd, Shengfeng District, Xiaolan Town, Zhongshan City, Guangdong, China – 528400",./assets/images/downlights/Altair-Prime-9-08-rose-gold.webp
Altair Prime,DTL065X,36V DC,200/300mA,3000K, CRI>97,Φ50*H120mm,24°,9W,AJ/CG,ARAS0950/30/24/BR,R-41159492,IS 10322 (PART 5/SEC1):2012,8799,"Guangdong Sat Technology Co. Ltd., No. 11 Lianbao Rd, Shengfeng District, Xiaolan Town, Zhongshan City, Guangdong, China – 528400",./assets/images/downlights/Altair-Prime-9-10-brown.webp
Altair Prime,DTL065X,36V DC,200/300mA,3000K, CRI>97,Φ50*H120mm,24°,9W,AJ/CG,ARAS0950/30/24/COF,R-41159492,IS 10322 (PART 5/SEC1):2012,8799,"Guangdong Sat Technology Co. Ltd., No. 11 Lianbao Rd, Shengfeng District, Xiaolan Town, Zhongshan City, Guangdong, China – 528400",./assets/images/downlights/Altair-Prime-9-07-coffee.webp
Altair Prime,DTL065X,36V DC,200/300mA,3000K, CRI>97,Φ50*H120mm,24°,9W,AJ/CG,ARAS0950/30/24/DGR,R-41159492,IS 10322 (PART 5/SEC1):2012,8799,"Guangdong Sat Technology Co. Ltd., No. 11 Lianbao Rd, Shengfeng District, Xiaolan Town, Zhongshan City, Guangdong, China – 528400",./assets/images/downlights/Altair-Prime-9-09-dark-gray-default-001.webp
Altair Prime,DTL065X,36V DC,200/300mA,3000K, CRI>97,Φ50*H120mm,24°,9W,AJ/CG,ARAS0950/30/24/BB,R-41159492,IS 10322 (PART 5/SEC1):2012,8799,"Guangdong Sat Technology Co. Ltd., No. 11 Lianbao Rd, Shengfeng District, Xiaolan Town, Zhongshan City, Guangdong, China – 528400",./assets/images/downlights/Altair-Prime-9-06-ballet-blue.webp
Altair Prime,DTL065X,36V DC,200/300mA,3000K, CRI>97,Φ50*H120mm,24°,9W,AJ/CG,ARAS0950/30/24/CH,R-41159492,IS 10322 (PART 5/SEC1):2012,8799,"Guangdong Sat Technology Co. Ltd., No. 11 Lianbao Rd, Shengfeng District, Xiaolan Town, Zhongshan City, Guangdong, China – 528400",./assets/images/downlights/Altair-Prime-9-01-chrome.webp
Altair Prime,DTL065X,36V DC,200/300mA,3000K, CRI>97,Φ50*H120mm,24°,9W,AJ/CG,ARAS0950/30/24/CHB,R-41159492,IS 10322 (PART 5/SEC1):2012,8799,"Guangdong Sat Technology Co. Ltd., No. 11 Lianbao Rd, Shengfeng District, Xiaolan Town, Zhongshan City, Guangdong, China – 528400",./assets/images/downlights/Altair-Prime-9-02-chrome-black.webp
Altair Prime,DTL065X,36V DC,200/300mA,3500K, CRI>97,Φ50*H120mm,24°,9W,AJ/CG,ARAS0950/35/24/W,R-41159492,IS 10322 (PART 5/SEC1):2012,7799,"Guangdong Sat Technology Co. Ltd., No. 11 Lianbao Rd, Shengfeng District, Xiaolan Town, Zhongshan City, Guangdong, China – 528400",./assets/images/downlights/Altair-Prime-9-05-white.webp
Altair Prime,DTL065X,36V DC,200/300mA,3500K, CRI>97,Φ50*H120mm,24°,9W,AJ/CG,ARAS0950/35/24/B,R-41159492,IS 10322 (PART 5/SEC1):2012,7799,"Guangdong Sat Technology Co. Ltd., No. 11 Lianbao Rd, Shengfeng District, Xiaolan Town, Zhongshan City, Guangdong, China – 528400",./assets/images/downlights/Altair-Prime-9-03-mat-black-default.webp
Altair Prime,DTL065X,36V DC,200/300mA,3500K, CRI>97,Φ50*H120mm,24°,9W,AJ/CG,ARAS0950/35/24/CG,R-41159492,IS 10322 (PART 5/SEC1):2012,8799,"Guangdong Sat Technology Co. Ltd., No. 11 Lianbao Rd, Shengfeng District, Xiaolan Town, Zhongshan City, Guangdong, China – 528400",./assets/images/downlights/Altair-Prime-9-04-champeing-gold.webp
Altair Prime,DTL065X,36V DC,200/300mA,3500K, CRI>97,Φ50*H120mm,24°,9W,AJ/CG,ARAS0950/35/24/RG,R-41159492,IS 10322 (PART 5/SEC1):2012,8799,"Guangdong Sat Technology Co. Ltd., No. 11 Lianbao Rd, Shengfeng District, Xiaolan Town, Zhongshan City, Guangdong, China – 528400",./assets/images/downlights/Altair-Prime-9-08-rose-gold.webp
Altair Prime,DTL065X,36V DC,200/300mA,3500K, CRI>97,Φ50*H120mm,24°,9W,AJ/CG,ARAS0950/35/24/BR,R-41159492,IS 10322 (PART 5/SEC1):2012,8799,"Guangdong Sat Technology Co. Ltd., No. 11 Lianbao Rd, Shengfeng District, Xiaolan Town, Zhongshan City, Guangdong, China – 528400",./assets/images/downlights/Altair-Prime-9-10-brown.webp
Altair Prime,DTL065X,36V DC,200/300mA,3500K, CRI>97,Φ50*H120mm,24°,9W,AJ/CG,ARAS0950/35/24/COF,R-41159492,IS 10322 (PART 5/SEC1):2012,8799,"Guangdong Sat Technology Co. Ltd., No. 11 Lianbao Rd, Shengfeng District, Xiaolan Town, Zhongshan City, Guangdong, China – 528400",./assets/images/downlights/Altair-Prime-9-07-coffee.webp
Altair Prime,DTL065X,36V DC,200/300mA,3500K, CRI>97,Φ50*H120mm,24°,9W,AJ/CG,ARAS0950/35/24/DGR,R-41159492,IS 10322 (PART 5/SEC1):2012,8799,"Guangdong Sat Technology Co. Ltd., No. 11 Lianbao Rd, Shengfeng District, Xiaolan Town, Zhongshan City, Guangdong, China – 528400",./assets/images/downlights/Altair-Prime-9-09-dark-gray-default-001.webp
Altair Prime,DTL065X,36V DC,200/300mA,3500K, CRI>97,Φ50*H120mm,24°,9W,AJ/CG,ARAS0950/35/24/BB,R-41159492,IS 10322 (PART 5/SEC1):2012,8799,"Guangdong Sat Technology Co. Ltd., No. 11 Lianbao Rd, Shengfeng District, Xiaolan Town, Zhongshan City, Guangdong, China – 528400",./assets/images/downlights/Altair-Prime-9-06-ballet-blue.webp
Altair Prime,DTL065X,36V DC,200/300mA,3500K, CRI>97,Φ50*H120mm,24°,9W,AJ/CG,ARAS0950/35/24/CH,R-41159492,IS 10322 (PART 5/SEC1):2012,8799,"Guangdong Sat Technology Co. Ltd., No. 11 Lianbao Rd, Shengfeng District, Xiaolan Town, Zhongshan City, Guangdong, China – 528400",./assets/images/downlights/Altair-Prime-9-01-chrome.webp
Altair Prime,DTL065X,36V DC,200/300mA,3500K, CRI>97,Φ50*H120mm,24°,9W,AJ/CG,ARAS0950/35/24/CHB,R-41159492,IS 10322 (PART 5/SEC1):2012,8799,"Guangdong Sat Technology Co. Ltd., No. 11 Lianbao Rd, Shengfeng District, Xiaolan Town, Zhongshan City, Guangdong, China – 528400",./assets/images/downlights/Altair-Prime-9-02-chrome-black.webp
Altair Prime,DTL065X,36V DC,200/300mA,4000K, CRI>97,Φ50*H120mm,24°,9W,AJ/CG,ARAS0950/40/24/W,R-41159492,IS 10322 (PART 5/SEC1):2012,7799,"Guangdong Sat Technology Co. Ltd., No. 11 Lianbao Rd, Shengfeng District, Xiaolan Town, Zhongshan City, Guangdong, China – 528400",./assets/images/downlights/Altair-Prime-9-05-white.webp
Altair Prime,DTL065X,36V DC,200/300mA,4000K, CRI>97,Φ50*H120mm,24°,9W,AJ/CG,ARAS0950/40/24/B,R-41159492,IS 10322 (PART 5/SEC1):2012,7799,"Guangdong Sat Technology Co. Ltd., No. 11 Lianbao Rd, Shengfeng District, Xiaolan Town, Zhongshan City, Guangdong, China – 528400",./assets/images/downlights/Altair-Prime-9-03-mat-black-default.webp
Altair Prime,DTL065X,36V DC,200/300mA,4000K, CRI>97,Φ50*H120mm,24°,9W,AJ/CG,ARAS0950/40/24/CG,R-41159492,IS 10322 (PART 5/SEC1):2012,8799,"Guangdong Sat Technology Co. Ltd., No. 11 Lianbao Rd, Shengfeng District, Xiaolan Town, Zhongshan City, Guangdong, China – 528400",./assets/images/downlights/Altair-Prime-9-04-champeing-gold.webp
Altair Prime,DTL065X,36V DC,200/300mA,4000K, CRI>97,Φ50*H120mm,24°,9W,AJ/CG,ARAS0950/40/24/RG,R-41159492,IS 10322 (PART 5/SEC1):2012,8799,"Guangdong Sat Technology Co. Ltd., No. 11 Lianbao Rd, Shengfeng District, Xiaolan Town, Zhongshan City, Guangdong, China – 528400",./assets/images/downlights/Altair-Prime-9-08-rose-gold.webp
Altair Prime,DTL065X,36V DC,200/300mA,4000K, CRI>97,Φ50*H120mm,24°,9W,AJ/CG,ARAS0950/40/24/BR,R-41159492,IS 10322 (PART 5/SEC1):2012,8799,"Guangdong Sat Technology Co. Ltd., No. 11 Lianbao Rd, Shengfeng District, Xiaolan Town, Zhongshan City, Guangdong, China – 528400",./assets/images/downlights/Altair-Prime-9-10-brown.webp
Altair Prime,DTL065X,36V DC,200/300mA,4000K, CRI>97,Φ50*H120mm,24°,9W,AJ/CG,ARAS0950/40/24/COF,R-41159492,IS 10322 (PART 5/SEC1):2012,8799,"Guangdong Sat Technology Co. Ltd., No. 11 Lianbao Rd, Shengfeng District, Xiaolan Town, Zhongshan City, Guangdong, China – 528400",./assets/images/downlights/Altair-Prime-9-07-coffee.webp
Altair Prime,DTL065X,36V DC,200/300mA,4000K, CRI>97,Φ50*H120mm,24°,9W,AJ/CG,ARAS0950/40/24/DGR,R-41159492,IS 10322 (PART 5/SEC1):2012,8799,"Guangdong Sat Technology Co. Ltd., No. 11 Lianbao Rd, Shengfeng District, Xiaolan Town, Zhongshan City, Guangdong, China – 528400",./assets/images/downlights/Altair-Prime-9-09-dark-gray-default-001.webp
Altair Prime,DTL065X,36V DC,200/300mA,4000K, CRI>97,Φ50*H120mm,24°,9W,AJ/CG,ARAS0950/40/24/BB,R-41159492,IS 10322 (PART 5/SEC1):2012,8799,"Guangdong Sat Technology Co. Ltd., No. 11 Lianbao Rd, Shengfeng District, Xiaolan Town, Zhongshan City, Guangdong, China – 528400",./assets/images/downlights/Altair-Prime-9-06-ballet-blue.webp
Altair Prime,DTL065X,36V DC,200/300mA,4000K, CRI>97,Φ50*H120mm,24°,9W,AJ/CG,ARAS0950/40/24/CH,R-41159492,IS 10322 (PART 5/SEC1):2012,8799,"Guangdong Sat Technology Co. Ltd., No. 11 Lianbao Rd, Shengfeng District, Xiaolan Town, Zhongshan City, Guangdong, China – 528400",./assets/images/downlights/Altair-Prime-9-01-chrome.webp
Altair Prime,DTL065X,36V DC,200/300mA,4000K, CRI>97,Φ50*H120mm,24°,9W,AJ/CG,ARAS0950/40/24/CHB,R-41159492,IS 10322 (PART 5/SEC1):2012,8799,"Guangdong Sat Technology Co. Ltd., No. 11 Lianbao Rd, Shengfeng District, Xiaolan Town, Zhongshan City, Guangdong, China – 528400",./assets/images/downlights/Altair-Prime-9-02-chrome-black.webp
Altair Prime,DTL065X,36V DC,200/300mA,5000K, CRI>97,Φ50*H120mm,24°,9W,AJ/CG,ARAS0950/50/24/W,R-41159492,IS 10322 (PART 5/SEC1):2012,7799,"Guangdong Sat Technology Co. Ltd., No. 11 Lianbao Rd, Shengfeng District, Xiaolan Town, Zhongshan City, Guangdong, China – 528400",./assets/images/downlights/Altair-Prime-9-05-white.webp
Altair Prime,DTL065X,36V DC,200/300mA,5000K, CRI>97,Φ50*H120mm,24°,9W,AJ/CG,ARAS0950/50/24/B,R-41159492,IS 10322 (PART 5/SEC1):2012,7799,"Guangdong Sat Technology Co. Ltd., No. 11 Lianbao Rd, Shengfeng District, Xiaolan Town, Zhongshan City, Guangdong, China – 528400",./assets/images/downlights/Altair-Prime-9-03-mat-black-default.webp
Altair Prime,DTL065X,36V DC,200/300mA,5000K, CRI>97,Φ50*H120mm,24°,9W,AJ/CG,ARAS0950/50/24/CG,R-41159492,IS 10322 (PART 5/SEC1):2012,8799,"Guangdong Sat Technology Co. Ltd., No. 11 Lianbao Rd, Shengfeng District, Xiaolan Town, Zhongshan City, Guangdong, China – 528400",./assets/images/downlights/Altair-Prime-9-04-champeing-gold.webp
Altair Prime,DTL065X,36V DC,200/300mA,5000K, CRI>97,Φ50*H120mm,24°,9W,AJ/CG,ARAS0950/50/24/RG,R-41159492,IS 10322 (PART 5/SEC1):2012,8799,"Guangdong Sat Technology Co. Ltd., No. 11 Lianbao Rd, Shengfeng District, Xiaolan Town, Zhongshan City, Guangdong, China – 528400",./assets/images/downlights/Altair-Prime-9-08-rose-gold.webp
Altair Prime,DTL065X,36V DC,200/300mA,5000K, CRI>97,Φ50*H120mm,24°,9W,AJ/CG,ARAS0950/50/24/BR,R-41159492,IS 10322 (PART 5/SEC1):2012,8799,"Guangdong Sat Technology Co. Ltd., No. 11 Lianbao Rd, Shengfeng District, Xiaolan Town, Zhongshan City, Guangdong, China – 528400",./assets/images/downlights/Altair-Prime-9-10-brown.webp
Altair Prime,DTL065X,36V DC,200/300mA,5000K, CRI>97,Φ50*H120mm,24°,9W,AJ/CG,ARAS0950/50/24/COF,R-41159492,IS 10322 (PART 5/SEC1):2012,8799,"Guangdong Sat Technology Co. Ltd., No. 11 Lianbao Rd, Shengfeng District, Xiaolan Town, Zhongshan City, Guangdong, China – 528400",./assets/images/downlights/Altair-Prime-9-07-coffee.webp
Altair Prime,DTL065X,36V DC,200/300mA,5000K, CRI>97,Φ50*H120mm,24°,9W,AJ/CG,ARAS0950/50/24/DGR,R-41159492,IS 10322 (PART 5/SEC1):2012,8799,"Guangdong Sat Technology Co. Ltd., No. 11 Lianbao Rd, Shengfeng District, Xiaolan Town, Zhongshan City, Guangdong, China – 528400",./assets/images/downlights/Altair-Prime-9-09-dark-gray-default-001.webp
Altair Prime,DTL065X,36V DC,200/300mA,5000K, CRI>97,Φ50*H120mm,24°,9W,AJ/CG,ARAS0950/50/24/BB,R-41159492,IS 10322 (PART 5/SEC1):2012,8799,"Guangdong Sat Technology Co. Ltd., No. 11 Lianbao Rd, Shengfeng District, Xiaolan Town, Zhongshan City, Guangdong, China – 528400",./assets/images/downlights/Altair-Prime-9-06-ballet-blue.webp
Altair Prime,DTL065X,36V DC,200/300mA,5000K, CRI>97,Φ50*H120mm,24°,9W,AJ/CG,ARAS0950/50/24/CH,R-41159492,IS 10322 (PART 5/SEC1):2012,8799,"Guangdong Sat Technology Co. Ltd., No. 11 Lianbao Rd, Shengfeng District, Xiaolan Town, Zhongshan City, Guangdong, China – 528400",./assets/images/downlights/Altair-Prime-9-01-chrome.webp
Altair Prime,DTL065X,36V DC,200/300mA,5000K, CRI>97,Φ50*H120mm,24°,9W,AJ/CG,ARAS0950/50/24/CHB,R-41159492,IS 10322 (PART 5/SEC1):2012,8799,"Guangdong Sat Technology Co. Ltd., No. 11 Lianbao Rd, Shengfeng District, Xiaolan Town, Zhongshan City, Guangdong, China – 528400",./assets/images/downlights/Altair-Prime-9-02-chrome-black.webp
Altair Prime,DTL065X,36V DC,200/300mA,2700K, CRI>97,Φ50*H120mm,36°,9W,AJ/CG,ARAS0950/27/36/W,R-41159492,IS 10322 (PART 5/SEC1):2012,7799,"Guangdong Sat Technology Co. Ltd., No. 11 Lianbao Rd, Shengfeng District, Xiaolan Town, Zhongshan City, Guangdong, China – 528400",./assets/images/downlights/Altair-Prime-9-05-white.webp
Altair Prime,DTL065X,36V DC,200/300mA,2700K, CRI>97,Φ50*H120mm,36°,9W,AJ/CG,ARAS0950/27/36/B,R-41159492,IS 10322 (PART 5/SEC1):2012,7799,"Guangdong Sat Technology Co. Ltd., No. 11 Lianbao Rd, Shengfeng District, Xiaolan Town, Zhongshan City, Guangdong, China – 528400",./assets/images/downlights/Altair-Prime-9-03-mat-black-default.webp
Altair Prime,DTL065X,36V DC,200/300mA,2700K, CRI>97,Φ50*H120mm,36°,9W,AJ/CG,ARAS0950/27/36/CG,R-41159492,IS 10322 (PART 5/SEC1):2012,8799,"Guangdong Sat Technology Co. Ltd., No. 11 Lianbao Rd, Shengfeng District, Xiaolan Town, Zhongshan City, Guangdong, China – 528400",./assets/images/downlights/Altair-Prime-9-04-champeing-gold.webp
Altair Prime,DTL065X,36V DC,200/300mA,2700K, CRI>97,Φ50*H120mm,36°,9W,AJ/CG,ARAS0950/27/36/RG,R-41159492,IS 10322 (PART 5/SEC1):2012,8799,"Guangdong Sat Technology Co. Ltd., No. 11 Lianbao Rd, Shengfeng District, Xiaolan Town, Zhongshan City, Guangdong, China – 528400",./assets/images/downlights/Altair-Prime-9-08-rose-gold.webp
Altair Prime,DTL065X,36V DC,200/300mA,2700K, CRI>97,Φ50*H120mm,36°,9W,AJ/CG,ARAS0950/27/36/BR,R-41159492,IS 10322 (PART 5/SEC1):2012,8799,"Guangdong Sat Technology Co. Ltd., No. 11 Lianbao Rd, Shengfeng District, Xiaolan Town, Zhongshan City, Guangdong, China – 528400",./assets/images/downlights/Altair-Prime-9-10-brown.webp
Altair Prime,DTL065X,36V DC,200/300mA,2700K, CRI>97,Φ50*H120mm,36°,9W,AJ/CG,ARAS0950/27/36/COF,R-41159492,IS 10322 (PART 5/SEC1):2012,8799,"Guangdong Sat Technology Co. Ltd., No. 11 Lianbao Rd, Shengfeng District, Xiaolan Town, Zhongshan City, Guangdong, China – 528400",./assets/images/downlights/Altair-Prime-9-07-coffee.webp
Altair Prime,DTL065X,36V DC,200/300mA,2700K, CRI>97,Φ50*H120mm,36°,9W,AJ/CG,ARAS0950/27/36/DGR,R-41159492,IS 10322 (PART 5/SEC1):2012,8799,"Guangdong Sat Technology Co. Ltd., No. 11 Lianbao Rd, Shengfeng District, Xiaolan Town, Zhongshan City, Guangdong, China – 528400",./assets/images/downlights/Altair-Prime-9-09-dark-gray-default-001.webp
Altair Prime,DTL065X,36V DC,200/300mA,2700K, CRI>97,Φ50*H120mm,36°,9W,AJ/CG,ARAS0950/27/36/BB,R-41159492,IS 10322 (PART 5/SEC1):2012,8799,"Guangdong Sat Technology Co. Ltd., No. 11 Lianbao Rd, Shengfeng District, Xiaolan Town, Zhongshan City, Guangdong, China – 528400",./assets/images/downlights/Altair-Prime-9-06-ballet-blue.webp
Altair Prime,DTL065X,36V DC,200/300mA,2700K, CRI>97,Φ50*H120mm,36°,9W,AJ/CG,ARAS0950/27/36/CH,R-41159492,IS 10322 (PART 5/SEC1):2012,8799,"Guangdong Sat Technology Co. Ltd., No. 11 Lianbao Rd, Shengfeng District, Xiaolan Town, Zhongshan City, Guangdong, China – 528400",./assets/images/downlights/Altair-Prime-9-01-chrome.webp
Altair Prime,DTL065X,36V DC,200/300mA,2700K, CRI>97,Φ50*H120mm,36°,9W,AJ/CG,ARAS0950/27/36/CHB,R-41159492,IS 10322 (PART 5/SEC1):2012,8799,"Guangdong Sat Technology Co. Ltd., No. 11 Lianbao Rd, Shengfeng District, Xiaolan Town, Zhongshan City, Guangdong, China – 528400",./assets/images/downlights/Altair-Prime-9-02-chrome-black.webp
Altair Prime,DTL065X,36V DC,200/300mA,3000K, CRI>97,Φ50*H120mm,36°,9W,AJ/CG,ARAS0950/30/36/W,R-41159492,IS 10322 (PART 5/SEC1):2012,7799,"Guangdong Sat Technology Co. Ltd., No. 11 Lianbao Rd, Shengfeng District, Xiaolan Town, Zhongshan City, Guangdong, China – 528400",./assets/images/downlights/Altair-Prime-9-05-white.webp
Altair Prime,DTL065X,36V DC,200/300mA,3000K, CRI>97,Φ50*H120mm,36°,9W,AJ/CG,ARAS0950/30/36/B,R-41159492,IS 10322 (PART 5/SEC1):2012,7799,"Guangdong Sat Technology Co. Ltd., No. 11 Lianbao Rd, Shengfeng District, Xiaolan Town, Zhongshan City, Guangdong, China – 528400",./assets/images/downlights/Altair-Prime-9-03-mat-black-default.webp
Altair Prime,DTL065X,36V DC,200/300mA,3000K, CRI>97,Φ50*H120mm,36°,9W,AJ/CG,ARAS0950/30/36/CG,R-41159492,IS 10322 (PART 5/SEC1):2012,8799,"Guangdong Sat Technology Co. Ltd., No. 11 Lianbao Rd, Shengfeng District, Xiaolan Town, Zhongshan City, Guangdong, China – 528400",./assets/images/downlights/Altair-Prime-9-04-champeing-gold.webp
Altair Prime,DTL065X,36V DC,200/300mA,3000K, CRI>97,Φ50*H120mm,36°,9W,AJ/CG,ARAS0950/30/36/RG,R-41159492,IS 10322 (PART 5/SEC1):2012,8799,"Guangdong Sat Technology Co. Ltd., No. 11 Lianbao Rd, Shengfeng District, Xiaolan Town, Zhongshan City, Guangdong, China – 528400",./assets/images/downlights/Altair-Prime-9-08-rose-gold.webp
Altair Prime,DTL065X,36V DC,200/300mA,3000K, CRI>97,Φ50*H120mm,36°,9W,AJ/CG,ARAS0950/30/36/BR,R-41159492,IS 10322 (PART 5/SEC1):2012,8799,"Guangdong Sat Technology Co. Ltd., No. 11 Lianbao Rd, Shengfeng District, Xiaolan Town, Zhongshan City, Guangdong, China – 528400",./assets/images/downlights/Altair-Prime-9-10-brown.webp
Altair Prime,DTL065X,36V DC,200/300mA,3000K, CRI>97,Φ50*H120mm,36°,9W,AJ/CG,ARAS0950/30/36/COF,R-41159492,IS 10322 (PART 5/SEC1):2012,8799,"Guangdong Sat Technology Co. Ltd., No. 11 Lianbao Rd, Shengfeng District, Xiaolan Town, Zhongshan City, Guangdong, China – 528400",./assets/images/downlights/Altair-Prime-9-07-coffee.webp
Altair Prime,DTL065X,36V DC,200/300mA,3000K, CRI>97,Φ50*H120mm,36°,9W,AJ/CG,ARAS0950/30/36/DGR,R-41159492,IS 10322 (PART 5/SEC1):2012,8799,"Guangdong Sat Technology Co. Ltd., No. 11 Lianbao Rd, Shengfeng District, Xiaolan Town, Zhongshan City, Guangdong, China – 528400",./assets/images/downlights/Altair-Prime-9-09-dark-gray-default-001.webp
Altair Prime,DTL065X,36V DC,200/300mA,3000K, CRI>97,Φ50*H120mm,36°,9W,AJ/CG,ARAS0950/30/36/BB,R-41159492,IS 10322 (PART 5/SEC1):2012,8799,"Guangdong Sat Technology Co. Ltd., No. 11 Lianbao Rd, Shengfeng District, Xiaolan Town, Zhongshan City, Guangdong, China – 528400",./assets/images/downlights/Altair-Prime-9-06-ballet-blue.webp
Altair Prime,DTL065X,36V DC,200/300mA,3000K, CRI>97,Φ50*H120mm,36°,9W,AJ/CG,ARAS0950/30/36/CH,R-41159492,IS 10322 (PART 5/SEC1):2012,8799,"Guangdong Sat Technology Co. Ltd., No. 11 Lianbao Rd, Shengfeng District, Xiaolan Town, Zhongshan City, Guangdong, China – 528400",./assets/images/downlights/Altair-Prime-9-01-chrome.webp
Altair Prime,DTL065X,36V DC,200/300mA,3000K, CRI>97,Φ50*H120mm,36°,9W,AJ/CG,ARAS0950/30/36/CHB,R-41159492,IS 10322 (PART 5/SEC1):2012,8799,"Guangdong Sat Technology Co. Ltd., No. 11 Lianbao Rd, Shengfeng District, Xiaolan Town, Zhongshan City, Guangdong, China – 528400",./assets/images/downlights/Altair-Prime-9-02-chrome-black.webp
Altair Prime,DTL065X,36V DC,200/300mA,3500K, CRI>97,Φ50*H120mm,36°,9W,AJ/CG,ARAS0950/35/36/W,R-41159492,IS 10322 (PART 5/SEC1):2012,7799,"Guangdong Sat Technology Co. Ltd., No. 11 Lianbao Rd, Shengfeng District, Xiaolan Town, Zhongshan City, Guangdong, China – 528400",./assets/images/downlights/Altair-Prime-9-05-white.webp
Altair Prime,DTL065X,36V DC,200/300mA,3500K, CRI>97,Φ50*H120mm,36°,9W,AJ/CG,ARAS0950/35/36/B,R-41159492,IS 10322 (PART 5/SEC1):2012,7799,"Guangdong Sat Technology Co. Ltd., No. 11 Lianbao Rd, Shengfeng District, Xiaolan Town, Zhongshan City, Guangdong, China – 528400",./assets/images/downlights/Altair-Prime-9-03-mat-black-default.webp
Altair Prime,DTL065X,36V DC,200/300mA,3500K, CRI>97,Φ50*H120mm,36°,9W,AJ/CG,ARAS0950/35/36/CG,R-41159492,IS 10322 (PART 5/SEC1):2012,8799,"Guangdong Sat Technology Co. Ltd., No. 11 Lianbao Rd, Shengfeng District, Xiaolan Town, Zhongshan City, Guangdong, China – 528400",./assets/images/downlights/Altair-Prime-9-04-champeing-gold.webp
Altair Prime,DTL065X,36V DC,200/300mA,3500K, CRI>97,Φ50*H120mm,36°,9W,AJ/CG,ARAS0950/35/36/RG,R-41159492,IS 10322 (PART 5/SEC1):2012,8799,"Guangdong Sat Technology Co. Ltd., No. 11 Lianbao Rd, Shengfeng District, Xiaolan Town, Zhongshan City, Guangdong, China – 528400",./assets/images/downlights/Altair-Prime-9-08-rose-gold.webp
Altair Prime,DTL065X,36V DC,200/300mA,3500K, CRI>97,Φ50*H120mm,36°,9W,AJ/CG,ARAS0950/35/36/BR,R-41159492,IS 10322 (PART 5/SEC1):2012,8799,"Guangdong Sat Technology Co. Ltd., No. 11 Lianbao Rd, Shengfeng District, Xiaolan Town, Zhongshan City, Guangdong, China – 528400",./assets/images/downlights/Altair-Prime-9-10-brown.webp
Altair Prime,DTL065X,36V DC,200/300mA,3500K, CRI>97,Φ50*H120mm,36°,9W,AJ/CG,ARAS0950/35/36/COF,R-41159492,IS 10322 (PART 5/SEC1):2012,8799,"Guangdong Sat Technology Co. Ltd., No. 11 Lianbao Rd, Shengfeng District, Xiaolan Town, Zhongshan City, Guangdong, China – 528400",./assets/images/downlights/Altair-Prime-9-07-coffee.webp
Altair Prime,DTL065X,36V DC,200/300mA,3500K, CRI>97,Φ50*H120mm,36°,9W,AJ/CG,ARAS0950/35/36/DGR,R-41159492,IS 10322 (PART 5/SEC1):2012,8799,"Guangdong Sat Technology Co. Ltd., No. 11 Lianbao Rd, Shengfeng District, Xiaolan Town, Zhongshan City, Guangdong, China – 528400",./assets/images/downlights/Altair-Prime-9-09-dark-gray-default-001.webp
Altair Prime,DTL065X,36V DC,200/300mA,3500K, CRI>97,Φ50*H120mm,36°,9W,AJ/CG,ARAS0950/35/36/BB,R-41159492,IS 10322 (PART 5/SEC1):2012,8799,"Guangdong Sat Technology Co. Ltd., No. 11 Lianbao Rd, Shengfeng District, Xiaolan Town, Zhongshan City, Guangdong, China – 528400",./assets/images/downlights/Altair-Prime-9-06-ballet-blue.webp
Altair Prime,DTL065X,36V DC,200/300mA,3500K, CRI>97,Φ50*H120mm,36°,9W,AJ/CG,ARAS0950/35/36/CH,R-41159492,IS 10322 (PART 5/SEC1):2012,8799,"Guangdong Sat Technology Co. Ltd., No. 11 Lianbao Rd, Shengfeng District, Xiaolan Town, Zhongshan City, Guangdong, China – 528400",./assets/images/downlights/Altair-Prime-9-01-chrome.webp
Altair Prime,DTL065X,36V DC,200/300mA,3500K, CRI>97,Φ50*H120mm,36°,9W,AJ/CG,ARAS0950/35/36/CHB,R-41159492,IS 10322 (PART 5/SEC1):2012,8799,"Guangdong Sat Technology Co. Ltd., No. 11 Lianbao Rd, Shengfeng District, Xiaolan Town, Zhongshan City, Guangdong, China – 528400",./assets/images/downlights/Altair-Prime-9-02-chrome-black.webp
Altair Prime,DTL065X,36V DC,200/300mA,4000K, CRI>97,Φ50*H120mm,36°,9W,AJ/CG,ARAS0950/40/36/W,R-41159492,IS 10322 (PART 5/SEC1):2012,7799,"Guangdong Sat Technology Co. Ltd., No. 11 Lianbao Rd, Shengfeng District, Xiaolan Town, Zhongshan City, Guangdong, China – 528400",./assets/images/downlights/Altair-Prime-9-05-white.webp
Altair Prime,DTL065X,36V DC,200/300mA,4000K, CRI>97,Φ50*H120mm,36°,9W,AJ/CG,ARAS0950/40/36/B,R-41159492,IS 10322 (PART 5/SEC1):2012,7799,"Guangdong Sat Technology Co. Ltd., No. 11 Lianbao Rd, Shengfeng District, Xiaolan Town, Zhongshan City, Guangdong, China – 528400",./assets/images/downlights/Altair-Prime-9-03-mat-black-default.webp
Altair Prime,DTL065X,36V DC,200/300mA,4000K, CRI>97,Φ50*H120mm,36°,9W,AJ/CG,ARAS0950/40/36/CG,R-41159492,IS 10322 (PART 5/SEC1):2012,8799,"Guangdong Sat Technology Co. Ltd., No. 11 Lianbao Rd, Shengfeng District, Xiaolan Town, Zhongshan City, Guangdong, China – 528400",./assets/images/downlights/Altair-Prime-9-04-champeing-gold.webp
Altair Prime,DTL065X,36V DC,200/300mA,4000K, CRI>97,Φ50*H120mm,36°,9W,AJ/CG,ARAS0950/40/36/RG,R-41159492,IS 10322 (PART 5/SEC1):2012,8799,"Guangdong Sat Technology Co. Ltd., No. 11 Lianbao Rd, Shengfeng District, Xiaolan Town, Zhongshan City, Guangdong, China – 528400",./assets/images/downlights/Altair-Prime-9-08-rose-gold.webp
Altair Prime,DTL065X,36V DC,200/300mA,4000K, CRI>97,Φ50*H120mm,36°,9W,AJ/CG,ARAS0950/40/36/BR,R-41159492,IS 10322 (PART 5/SEC1):2012,8799,"Guangdong Sat Technology Co. Ltd., No. 11 Lianbao Rd, Shengfeng District, Xiaolan Town, Zhongshan City, Guangdong, China – 528400",./assets/images/downlights/Altair-Prime-9-10-brown.webp
Altair Prime,DTL065X,36V DC,200/300mA,4000K, CRI>97,Φ50*H120mm,36°,9W,AJ/CG,ARAS0950/40/36/COF,R-41159492,IS 10322 (PART 5/SEC1):2012,8799,"Guangdong Sat Technology Co. Ltd., No. 11 Lianbao Rd, Shengfeng District, Xiaolan Town, Zhongshan City, Guangdong, China – 528400",./assets/images/downlights/Altair-Prime-9-07-coffee.webp
Altair Prime,DTL065X,36V DC,200/300mA,4000K, CRI>97,Φ50*H120mm,36°,9W,AJ/CG,ARAS0950/40/36/DGR,R-41159492,IS 10322 (PART 5/SEC1):2012,8799,"Guangdong Sat Technology Co. Ltd., No. 11 Lianbao Rd, Shengfeng District, Xiaolan Town, Zhongshan City, Guangdong, China – 528400",./assets/images/downlights/Altair-Prime-9-09-dark-gray-default-001.webp
Altair Prime,DTL065X,36V DC,200/300mA,4000K, CRI>97,Φ50*H120mm,36°,9W,AJ/CG,ARAS0950/40/36/BB,R-41159492,IS 10322 (PART 5/SEC1):2012,8799,"Guangdong Sat Technology Co. Ltd., No. 11 Lianbao Rd, Shengfeng District, Xiaolan Town, Zhongshan City, Guangdong, China – 528400",./assets/images/downlights/Altair-Prime-9-06-ballet-blue.webp
Altair Prime,DTL065X,36V DC,200/300mA,4000K, CRI>97,Φ50*H120mm,36°,9W,AJ/CG,ARAS0950/40/36/CH,R-41159492,IS 10322 (PART 5/SEC1):2012,8799,"Guangdong Sat Technology Co. Ltd., No. 11 Lianbao Rd, Shengfeng District, Xiaolan Town, Zhongshan City, Guangdong, China – 528400",./assets/images/downlights/Altair-Prime-9-01-chrome.webp
Altair Prime,DTL065X,36V DC,200/300mA,4000K, CRI>97,Φ50*H120mm,36°,9W,AJ/CG,ARAS0950/40/36/CHB,R-41159492,IS 10322 (PART 5/SEC1):2012,8799,"Guangdong Sat Technology Co. Ltd., No. 11 Lianbao Rd, Shengfeng District, Xiaolan Town, Zhongshan City, Guangdong, China – 528400",./assets/images/downlights/Altair-Prime-9-02-chrome-black.webp
Altair Prime,DTL065X,36V DC,200/300mA,5000K, CRI>97,Φ50*H120mm,36°,9W,AJ/CG,ARAS0950/50/36/W,R-41159492,IS 10322 (PART 5/SEC1):2012,7799,"Guangdong Sat Technology Co. Ltd., No. 11 Lianbao Rd, Shengfeng District, Xiaolan Town, Zhongshan City, Guangdong, China – 528400",./assets/images/downlights/Altair-Prime-9-05-white.webp
Altair Prime,DTL065X,36V DC,200/300mA,5000K, CRI>97,Φ50*H120mm,36°,9W,AJ/CG,ARAS0950/50/36/B,R-41159492,IS 10322 (PART 5/SEC1):2012,7799,"Guangdong Sat Technology Co. Ltd., No. 11 Lianbao Rd, Shengfeng District, Xiaolan Town, Zhongshan City, Guangdong, China – 528400",./assets/images/downlights/Altair-Prime-9-03-mat-black-default.webp
Altair Prime,DTL065X,36V DC,200/300mA,5000K, CRI>97,Φ50*H120mm,36°,9W,AJ/CG,ARAS0950/50/36/CG,R-41159492,IS 10322 (PART 5/SEC1):2012,8799,"Guangdong Sat Technology Co. Ltd., No. 11 Lianbao Rd, Shengfeng District, Xiaolan Town, Zhongshan City, Guangdong, China – 528400",./assets/images/downlights/Altair-Prime-9-04-champeing-gold.webp
Altair Prime,DTL065X,36V DC,200/300mA,5000K, CRI>97,Φ50*H120mm,36°,9W,AJ/CG,ARAS0950/50/36/RG,R-41159492,IS 10322 (PART 5/SEC1):2012,8799,"Guangdong Sat Technology Co. Ltd., No. 11 Lianbao Rd, Shengfeng District, Xiaolan Town, Zhongshan City, Guangdong, China – 528400",./assets/images/downlights/Altair-Prime-9-08-rose-gold.webp
Altair Prime,DTL065X,36V DC,200/300mA,5000K, CRI>97,Φ50*H120mm,36°,9W,AJ/CG,ARAS0950/50/36/BR,R-41159492,IS 10322 (PART 5/SEC1):2012,8799,"Guangdong Sat Technology Co. Ltd., No. 11 Lianbao Rd, Shengfeng District, Xiaolan Town, Zhongshan City, Guangdong, China – 528400",./assets/images/downlights/Altair-Prime-9-10-brown.webp
Altair Prime,DTL065X,36V DC,200/300mA,5000K, CRI>97,Φ50*H120mm,36°,9W,AJ/CG,ARAS0950/50/36/COF,R-41159492,IS 10322 (PART 5/SEC1):2012,8799,"Guangdong Sat Technology Co. Ltd., No. 11 Lianbao Rd, Shengfeng District, Xiaolan Town, Zhongshan City, Guangdong, China – 528400",./assets/images/downlights/Altair-Prime-9-07-coffee.webp
Altair Prime,DTL065X,36V DC,200/300mA,5000K, CRI>97,Φ50*H120mm,36°,9W,AJ/CG,ARAS0950/50/36/DGR,R-41159492,IS 10322 (PART 5/SEC1):2012,8799,"Guangdong Sat Technology Co. Ltd., No. 11 Lianbao Rd, Shengfeng District, Xiaolan Town, Zhongshan City, Guangdong, China – 528400",./assets/images/downlights/Altair-Prime-9-09-dark-gray-default-001.webp
Altair Prime,DTL065X,36V DC,200/300mA,5000K, CRI>97,Φ50*H120mm,36°,9W,AJ/CG,ARAS0950/50/36/BB,R-41159492,IS 10322 (PART 5/SEC1):2012,8799,"Guangdong Sat Technology Co. Ltd., No. 11 Lianbao Rd, Shengfeng District, Xiaolan Town, Zhongshan City, Guangdong, China – 528400",./assets/images/downlights/Altair-Prime-9-06-ballet-blue.webp
Altair Prime,DTL065X,36V DC,200/300mA,5000K, CRI>97,Φ50*H120mm,36°,9W,AJ/CG,ARAS0950/50/36/CH,R-41159492,IS 10322 (PART 5/SEC1):2012,8799,"Guangdong Sat Technology Co. Ltd., No. 11 Lianbao Rd, Shengfeng District, Xiaolan Town, Zhongshan City, Guangdong, China – 528400",./assets/images/downlights/Altair-Prime-9-01-chrome.webp
Altair Prime,DTL065X,36V DC,200/300mA,5000K, CRI>97,Φ50*H120mm,36°,9W,AJ/CG,ARAS0950/50/36/CHB,R-41159492,IS 10322 (PART 5/SEC1):2012,8799,"Guangdong Sat Technology Co. Ltd., No. 11 Lianbao Rd, Shengfeng District, Xiaolan Town, Zhongshan City, Guangdong, China – 528400",./assets/images/downlights/Altair-Prime-9-02-chrome-black.webp
Altair Prime Tunable,DTL065X,36V DC,200/300mA,2700K~6500K, CRI>97,Φ50*H120mm,15°,9W,AJ/CG,ARAS0950/CT/15/W,R-41159492,IS 10322 (PART 5/SEC1):2012,8999,"Guangdong Sat Technology Co. Ltd., No. 11 Lianbao Rd, Shengfeng District, Xiaolan Town, Zhongshan City, Guangdong, China – 528400",./assets/images/downlights/Altair-Prime-9-05-white.webp
Altair Prime Tunable,DTL065X,36V DC,200/300mA,2700K~6500K, CRI>97,Φ50*H120mm,15°,9W,AJ/CG,ARAS0950/CT/15/B,R-41159492,IS 10322 (PART 5/SEC1):2012,8999,"Guangdong Sat Technology Co. Ltd., No. 11 Lianbao Rd, Shengfeng District, Xiaolan Town, Zhongshan City, Guangdong, China – 528400",./assets/images/downlights/Altair-Prime-9-03-mat-black-default.webp
Altair Prime Tunable,DTL065X,36V DC,200/300mA,2700K~6500K, CRI>97,Φ50*H120mm,15°,9W,AJ/CG,ARAS0950/CT/15/CG,R-41159492,IS 10322 (PART 5/SEC1):2012,9999,"Guangdong Sat Technology Co. Ltd., No. 11 Lianbao Rd, Shengfeng District, Xiaolan Town, Zhongshan City, Guangdong, China – 528400",./assets/images/downlights/Altair-Prime-9-04-champeing-gold.webp
Altair Prime Tunable,DTL065X,36V DC,200/300mA,2700K~6500K, CRI>97,Φ50*H120mm,15°,9W,AJ/CG,ARAS0950/CT/15/RG,R-41159492,IS 10322 (PART 5/SEC1):2012,9999,"Guangdong Sat Technology Co. Ltd., No. 11 Lianbao Rd, Shengfeng District, Xiaolan Town, Zhongshan City, Guangdong, China – 528400",./assets/images/downlights/Altair-Prime-9-08-rose-gold.webp
Altair Prime Tunable,DTL065X,36V DC,200/300mA,2700K~6500K, CRI>97,Φ50*H120mm,15°,9W,AJ/CG,ARAS0950/CT/15/BR,R-41159492,IS 10322 (PART 5/SEC1):2012,9999,"Guangdong Sat Technology Co. Ltd., No. 11 Lianbao Rd, Shengfeng District, Xiaolan Town, Zhongshan City, Guangdong, China – 528400",./assets/images/downlights/Altair-Prime-9-10-brown.webp
Altair Prime Tunable,DTL065X,36V DC,200/300mA,2700K~6500K, CRI>97,Φ50*H120mm,15°,9W,AJ/CG,ARAS0950/CT/15/COF,R-41159492,IS 10322 (PART 5/SEC1):2012,9999,"Guangdong Sat Technology Co. Ltd., No. 11 Lianbao Rd, Shengfeng District, Xiaolan Town, Zhongshan City, Guangdong, China – 528400",./assets/images/downlights/Altair-Prime-9-07-coffee.webp
Altair Prime Tunable,DTL065X,36V DC,200/300mA,2700K~6500K, CRI>97,Φ50*H120mm,15°,9W,AJ/CG,ARAS0950/CT/15/DGR,R-41159492,IS 10322 (PART 5/SEC1):2012,9999,"Guangdong Sat Technology Co. Ltd., No. 11 Lianbao Rd, Shengfeng District, Xiaolan Town, Zhongshan City, Guangdong, China – 528400",./assets/images/downlights/Altair-Prime-9-09-dark-gray-default-001.webp
Altair Prime Tunable,DTL065X,36V DC,200/300mA,2700K~6500K, CRI>97,Φ50*H120mm,15°,9W,AJ/CG,ARAS0950/CT/15/BB,R-41159492,IS 10322 (PART 5/SEC1):2012,9999,"Guangdong Sat Technology Co. Ltd., No. 11 Lianbao Rd, Shengfeng District, Xiaolan Town, Zhongshan City, Guangdong, China – 528400",./assets/images/downlights/Altair-Prime-9-06-ballet-blue.webp
Altair Prime Tunable,DTL065X,36V DC,200/300mA,2700K~6500K, CRI>97,Φ50*H120mm,15°,9W,AJ/CG,ARAS0950/CT/15/CH,R-41159492,IS 10322 (PART 5/SEC1):2012,9999,"Guangdong Sat Technology Co. Ltd., No. 11 Lianbao Rd, Shengfeng District, Xiaolan Town, Zhongshan City, Guangdong, China – 528400",./assets/images/downlights/Altair-Prime-9-01-chrome.webp
Altair Prime Tunable,DTL065X,36V DC,200/300mA,2700K~6500K, CRI>97,Φ50*H120mm,15°,9W,AJ/CG,ARAS0950/CT/15/CHB,R-41159492,IS 10322 (PART 5/SEC1):2012,9999,"Guangdong Sat Technology Co. Ltd., No. 11 Lianbao Rd, Shengfeng District, Xiaolan Town, Zhongshan City, Guangdong, China – 528400",./assets/images/downlights/Altair-Prime-9-02-chrome-black.webp
Altair Prime Tunable,DTL065X,36V DC,200/300mA,2700K~6500K, CRI>97,Φ50*H120mm,24°,9W,AJ/CG,ARAS0950/CT/24/W,R-41159492,IS 10322 (PART 5/SEC1):2012,8999,"Guangdong Sat Technology Co. Ltd., No. 11 Lianbao Rd, Shengfeng District, Xiaolan Town, Zhongshan City, Guangdong, China – 528400",./assets/images/downlights/Altair-Prime-9-05-white.webp
Altair Prime Tunable,DTL065X,36V DC,200/300mA,2700K~6500K, CRI>97,Φ50*H120mm,24°,9W,AJ/CG,ARAS0950/CT/24/B,R-41159492,IS 10322 (PART 5/SEC1):2012,8999,"Guangdong Sat Technology Co. Ltd., No. 11 Lianbao Rd, Shengfeng District, Xiaolan Town, Zhongshan City, Guangdong, China – 528400",./assets/images/downlights/Altair-Prime-9-03-mat-black-default.webp
Altair Prime Tunable,DTL065X,36V DC,200/300mA,2700K~6500K, CRI>97,Φ50*H120mm,24°,9W,AJ/CG,ARAS0950/CT/24/CG,R-41159492,IS 10322 (PART 5/SEC1):2012,9999,"Guangdong Sat Technology Co. Ltd., No. 11 Lianbao Rd, Shengfeng District, Xiaolan Town, Zhongshan City, Guangdong, China – 528400",./assets/images/downlights/Altair-Prime-9-04-champeing-gold.webp
Altair Prime Tunable,DTL065X,36V DC,200/300mA,2700K~6500K, CRI>97,Φ50*H120mm,24°,9W,AJ/CG,ARAS0950/CT/24/RG,R-41159492,IS 10322 (PART 5/SEC1):2012,9999,"Guangdong Sat Technology Co. Ltd., No. 11 Lianbao Rd, Shengfeng District, Xiaolan Town, Zhongshan City, Guangdong, China – 528400",./assets/images/downlights/Altair-Prime-9-08-rose-gold.webp
Altair Prime Tunable,DTL065X,36V DC,200/300mA,2700K~6500K, CRI>97,Φ50*H120mm,24°,9W,AJ/CG,ARAS0950/CT/24/BR,R-41159492,IS 10322 (PART 5/SEC1):2012,9999,"Guangdong Sat Technology Co. Ltd., No. 11 Lianbao Rd, Shengfeng District, Xiaolan Town, Zhongshan City, Guangdong, China – 528400",./assets/images/downlights/Altair-Prime-9-10-brown.webp
Altair Prime Tunable,DTL065X,36V DC,200/300mA,2700K~6500K, CRI>97,Φ50*H120mm,24°,9W,AJ/CG,ARAS0950/CT/24/COF,R-41159492,IS 10322 (PART 5/SEC1):2012,9999,"Guangdong Sat Technology Co. Ltd., No. 11 Lianbao Rd, Shengfeng District, Xiaolan Town, Zhongshan City, Guangdong, China – 528400",./assets/images/downlights/Altair-Prime-9-07-coffee.webp
Altair Prime Tunable,DTL065X,36V DC,200/300mA,2700K~6500K, CRI>97,Φ50*H120mm,24°,9W,AJ/CG,ARAS0950/CT/24/DGR,R-41159492,IS 10322 (PART 5/SEC1):2012,9999,"Guangdong Sat Technology Co. Ltd., No. 11 Lianbao Rd, Shengfeng District, Xiaolan Town, Zhongshan City, Guangdong, China – 528400",./assets/images/downlights/Altair-Prime-9-09-dark-gray-default-001.webp
Altair Prime Tunable,DTL065X,36V DC,200/300mA,2700K~6500K, CRI>97,Φ50*H120mm,24°,9W,AJ/CG,ARAS0950/CT/24/BB,R-41159492,IS 10322 (PART 5/SEC1):2012,9999,"Guangdong Sat Technology Co. Ltd., No. 11 Lianbao Rd, Shengfeng District, Xiaolan Town, Zhongshan City, Guangdong, China – 528400",./assets/images/downlights/Altair-Prime-9-06-ballet-blue.webp
Altair Prime Tunable,DTL065X,36V DC,200/300mA,2700K~6500K, CRI>97,Φ50*H120mm,24°,9W,AJ/CG,ARAS0950/CT/24/CH,R-41159492,IS 10322 (PART 5/SEC1):2012,9999,"Guangdong Sat Technology Co. Ltd., No. 11 Lianbao Rd, Shengfeng District, Xiaolan Town, Zhongshan City, Guangdong, China – 528400",./assets/images/downlights/Altair-Prime-9-01-chrome.webp
Altair Prime Tunable,DTL065X,36V DC,200/300mA,2700K~6500K, CRI>97,Φ50*H120mm,24°,9W,AJ/CG,ARAS0950/CT/24/CHB,R-41159492,IS 10322 (PART 5/SEC1):2012,9999,"Guangdong Sat Technology Co. Ltd., No. 11 Lianbao Rd, Shengfeng District, Xiaolan Town, Zhongshan City, Guangdong, China – 528400",./assets/images/downlights/Altair-Prime-9-02-chrome-black.webp
Altair Prime Tunable,DTL065X,36V DC,200/300mA,2700K~6500K, CRI>97,Φ50*H120mm,36°,9W,AJ/CG,ARAS0950/CT/36/W,R-41159492,IS 10322 (PART 5/SEC1):2012,8999,"Guangdong Sat Technology Co. Ltd., No. 11 Lianbao Rd, Shengfeng District, Xiaolan Town, Zhongshan City, Guangdong, China – 528400",./assets/images/downlights/Altair-Prime-9-05-white.webp
Altair Prime Tunable,DTL065X,36V DC,200/300mA,2700K~6500K, CRI>97,Φ50*H120mm,36°,9W,AJ/CG,ARAS0950/CT/36/B,R-41159492,IS 10322 (PART 5/SEC1):2012,8999,"Guangdong Sat Technology Co. Ltd., No. 11 Lianbao Rd, Shengfeng District, Xiaolan Town, Zhongshan City, Guangdong, China – 528400",./assets/images/downlights/Altair-Prime-9-03-mat-black-default.webp
Altair Prime Tunable,DTL065X,36V DC,200/300mA,2700K~6500K, CRI>97,Φ50*H120mm,36°,9W,AJ/CG,ARAS0950/CT/36/CG,R-41159492,IS 10322 (PART 5/SEC1):2012,9999,"Guangdong Sat Technology Co. Ltd., No. 11 Lianbao Rd, Shengfeng District, Xiaolan Town, Zhongshan City, Guangdong, China – 528400",./assets/images/downlights/Altair-Prime-9-04-champeing-gold.webp
Altair Prime Tunable,DTL065X,36V DC,200/300mA,2700K~6500K, CRI>97,Φ50*H120mm,36°,9W,AJ/CG,ARAS0950/CT/36/RG,R-41159492,IS 10322 (PART 5/SEC1):2012,9999,"Guangdong Sat Technology Co. Ltd., No. 11 Lianbao Rd, Shengfeng District, Xiaolan Town, Zhongshan City, Guangdong, China – 528400",./assets/images/downlights/Altair-Prime-9-08-rose-gold.webp
Altair Prime Tunable,DTL065X,36V DC,200/300mA,2700K~6500K, CRI>97,Φ50*H120mm,36°,9W,AJ/CG,ARAS0950/CT/36/BR,R-41159492,IS 10322 (PART 5/SEC1):2012,9999,"Guangdong Sat Technology Co. Ltd., No. 11 Lianbao Rd, Shengfeng District, Xiaolan Town, Zhongshan City, Guangdong, China – 528400",./assets/images/downlights/Altair-Prime-9-10-brown.webp
Altair Prime Tunable,DTL065X,36V DC,200/300mA,2700K~6500K, CRI>97,Φ50*H120mm,36°,9W,AJ/CG,ARAS0950/CT/36/COF,R-41159492,IS 10322 (PART 5/SEC1):2012,9999,"Guangdong Sat Technology Co. Ltd., No. 11 Lianbao Rd, Shengfeng District, Xiaolan Town, Zhongshan City, Guangdong, China – 528400",./assets/images/downlights/Altair-Prime-9-07-coffee.webp
Altair Prime Tunable,DTL065X,36V DC,200/300mA,2700K~6500K, CRI>97,Φ50*H120mm,36°,9W,AJ/CG,ARAS0950/CT/36/DGR,R-41159492,IS 10322 (PART 5/SEC1):2012,9999,"Guangdong Sat Technology Co. Ltd., No. 11 Lianbao Rd, Shengfeng District, Xiaolan Town, Zhongshan City, Guangdong, China – 528400",./assets/images/downlights/Altair-Prime-9-09-dark-gray-default-001.webp
Altair Prime Tunable,DTL065X,36V DC,200/300mA,2700K~6500K, CRI>97,Φ50*H120mm,36°,9W,AJ/CG,ARAS0950/CT/36/BB,R-41159492,IS 10322 (PART 5/SEC1):2012,9999,"Guangdong Sat Technology Co. Ltd., No. 11 Lianbao Rd, Shengfeng District, Xiaolan Town, Zhongshan City, Guangdong, China – 528400",./assets/images/downlights/Altair-Prime-9-06-ballet-blue.webp
Altair Prime Tunable,DTL065X,36V DC,200/300mA,2700K~6500K, CRI>97,Φ50*H120mm,36°,9W,AJ/CG,ARAS0950/CT/36/CH,R-41159492,IS 10322 (PART 5/SEC1):2012,9999,"Guangdong Sat Technology Co. Ltd., No. 11 Lianbao Rd, Shengfeng District, Xiaolan Town, Zhongshan City, Guangdong, China – 528400",./assets/images/downlights/Altair-Prime-9-01-chrome.webp
Altair Prime Tunable,DTL065X,36V DC,200/300mA,2700K~6500K, CRI>97,Φ50*H120mm,36°,9W,AJ/CG,ARAS0950/CT/36/CHB,R-41159492,IS 10322 (PART 5/SEC1):2012,9999,"Guangdong Sat Technology Co. Ltd., No. 11 Lianbao Rd, Shengfeng District, Xiaolan Town, Zhongshan City, Guangdong, China – 528400",./assets/images/downlights/Altair-Prime-9-02-chrome-black.webp
Altair Muse,ARAD1502,36V DC,350mA,2700K, CRI>97,Φ55*H160mm,NA,15W,AJ/CG,ARAF1545/27/B,R-41159492,IS 10322 (PART 5/SEC1):2012,29499,"Guangdong Sat Technology Co. Ltd., No. 11 Lianbao Rd, Shengfeng District, Xiaolan Town, Zhongshan City, Guangdong, China – 528400",./assets/images/downlights/Altair-Muse-mat-black-default.webp
Altair Muse,ARAD1502,36V DC,350mA,2700K, CRI>97,Φ55*H160mm,NA,15W,AJ/CG,ARAF1545/27/W,R-41159492,IS 10322 (PART 5/SEC1):2012,29499,"Guangdong Sat Technology Co. Ltd., No. 11 Lianbao Rd, Shengfeng District, Xiaolan Town, Zhongshan City, Guangdong, China – 528400",./assets/images/downlights/Altair-Muse-white.webp
Altair Muse,ARAD1502,36V DC,350mA,2700K, CRI>97,Φ55*H160mm,NA,15W,AJ/CG,ARAF1545/27/CG,R-41159492,IS 10322 (PART 5/SEC1):2012,30499,"Guangdong Sat Technology Co. Ltd., No. 11 Lianbao Rd, Shengfeng District, Xiaolan Town, Zhongshan City, Guangdong, China – 528400",./assets/images/downlights/Altair-Muse-champeing-gold.webp
Altair Muse,ARAD1502,36V DC,350mA,2700K, CRI>97,Φ55*H160mm,NA,15W,AJ/CG,ARAF1545/27/RG,R-41159492,IS 10322 (PART 5/SEC1):2012,30499,"Guangdong Sat Technology Co. Ltd., No. 11 Lianbao Rd, Shengfeng District, Xiaolan Town, Zhongshan City, Guangdong, China – 528400",./assets/images/downlights/Altair-Muse-rose-gold.webp
Altair Muse,ARAD1502,36V DC,350mA,2700K, CRI>97,Φ55*H160mm,NA,15W,AJ/CG,ARAF1545/27/BR,R-41159492,IS 10322 (PART 5/SEC1):2012,30499,"Guangdong Sat Technology Co. Ltd., No. 11 Lianbao Rd, Shengfeng District, Xiaolan Town, Zhongshan City, Guangdong, China – 528400",./assets/images/downlights/Altair-Muse-brown.webp
Altair Muse,ARAD1502,36V DC,350mA,2700K, CRI>97,Φ55*H160mm,NA,15W,AJ/CG,ARAF1545/27/COF,R-41159492,IS 10322 (PART 5/SEC1):2012,30499,"Guangdong Sat Technology Co. Ltd., No. 11 Lianbao Rd, Shengfeng District, Xiaolan Town, Zhongshan City, Guangdong, China – 528400",./assets/images/downlights/Altair-Muse-offee.webp
Altair Muse,ARAD1502,36V DC,350mA,2700K, CRI>97,Φ55*H160mm,NA,15W,AJ/CG,ARAF1545/27/DGR,R-41159492,IS 10322 (PART 5/SEC1):2012,30499,"Guangdong Sat Technology Co. Ltd., No. 11 Lianbao Rd, Shengfeng District, Xiaolan Town, Zhongshan City, Guangdong, China – 528400",./assets/images/downlights/Altair-Muse-dark-gray.webp
Altair Muse,ARAD1502,36V DC,350mA,2700K, CRI>97,Φ55*H160mm,NA,15W,AJ/CG,ARAF1545/27/BB,R-41159492,IS 10322 (PART 5/SEC1):2012,30499,"Guangdong Sat Technology Co. Ltd., No. 11 Lianbao Rd, Shengfeng District, Xiaolan Town, Zhongshan City, Guangdong, China – 528400",./assets/images/downlights/Altair-Muse-ballet-blue.webp
Altair Muse,ARAD1502,36V DC,350mA,2700K, CRI>97,Φ55*H160mm,NA,15W,AJ/CG,ARAF1545/27/CH,R-41159492,IS 10322 (PART 5/SEC1):2012,30499,"Guangdong Sat Technology Co. Ltd., No. 11 Lianbao Rd, Shengfeng District, Xiaolan Town, Zhongshan City, Guangdong, China – 528400",./assets/images/downlights/Altair-Muse-chrome.webp
Altair Muse,ARAD1502,36V DC,350mA,2700K, CRI>97,Φ55*H160mm,NA,15W,AJ/CG,ARAF1545/27/CHB,R-41159492,IS 10322 (PART 5/SEC1):2012,30499,"Guangdong Sat Technology Co. Ltd., No. 11 Lianbao Rd, Shengfeng District, Xiaolan Town, Zhongshan City, Guangdong, China – 528400",./assets/images/downlights/Altair-Muse-chrome-black.webp
Altair Muse,ARAD1502,36V DC,350mA,3000K, CRI>97,Φ55*H160mm,NA,15W,AJ/CG,ARAF1545/30/B,R-41159492,IS 10322 (PART 5/SEC1):2012,29499,"Guangdong Sat Technology Co. Ltd., No. 11 Lianbao Rd, Shengfeng District, Xiaolan Town, Zhongshan City, Guangdong, China – 528400",./assets/images/downlights/Altair-Muse-mat-black-default.webp
Altair Muse,ARAD1502,36V DC,350mA,3000K, CRI>97,Φ55*H160mm,NA,15W,AJ/CG,ARAF1545/30/W,R-41159492,IS 10322 (PART 5/SEC1):2012,29499,"Guangdong Sat Technology Co. Ltd., No. 11 Lianbao Rd, Shengfeng District, Xiaolan Town, Zhongshan City, Guangdong, China – 528400",./assets/images/downlights/Altair-Muse-white.webp
Altair Muse,ARAD1502,36V DC,350mA,3000K, CRI>97,Φ55*H160mm,NA,15W,AJ/CG,ARAF1545/30/CG,R-41159492,IS 10322 (PART 5/SEC1):2012,30499,"Guangdong Sat Technology Co. Ltd., No. 11 Lianbao Rd, Shengfeng District, Xiaolan Town, Zhongshan City, Guangdong, China – 528400",./assets/images/downlights/Altair-Muse-champeing-gold.webp
Altair Muse,ARAD1502,36V DC,350mA,3000K, CRI>97,Φ55*H160mm,NA,15W,AJ/CG,ARAF1545/30/RG,R-41159492,IS 10322 (PART 5/SEC1):2012,30499,"Guangdong Sat Technology Co. Ltd., No. 11 Lianbao Rd, Shengfeng District, Xiaolan Town, Zhongshan City, Guangdong, China – 528400",./assets/images/downlights/Altair-Muse-rose-gold.webp
Altair Muse,ARAD1502,36V DC,350mA,3000K, CRI>97,Φ55*H160mm,NA,15W,AJ/CG,ARAF1545/30/BR,R-41159492,IS 10322 (PART 5/SEC1):2012,30499,"Guangdong Sat Technology Co. Ltd., No. 11 Lianbao Rd, Shengfeng District, Xiaolan Town, Zhongshan City, Guangdong, China – 528400",./assets/images/downlights/Altair-Muse-brown.webp
Altair Muse,ARAD1502,36V DC,350mA,3000K, CRI>97,Φ55*H160mm,NA,15W,AJ/CG,ARAF1545/30/COF,R-41159492,IS 10322 (PART 5/SEC1):2012,30499,"Guangdong Sat Technology Co. Ltd., No. 11 Lianbao Rd, Shengfeng District, Xiaolan Town, Zhongshan City, Guangdong, China – 528400",./assets/images/downlights/Altair-Muse-offee.webp
Altair Muse,ARAD1502,36V DC,350mA,3000K, CRI>97,Φ55*H160mm,NA,15W,AJ/CG,ARAF1545/30/DGR,R-41159492,IS 10322 (PART 5/SEC1):2012,30499,"Guangdong Sat Technology Co. Ltd., No. 11 Lianbao Rd, Shengfeng District, Xiaolan Town, Zhongshan City, Guangdong, China – 528400",./assets/images/downlights/Altair-Muse-dark-gray.webp
Altair Muse,ARAD1502,36V DC,350mA,3000K, CRI>97,Φ55*H160mm,NA,15W,AJ/CG,ARAF1545/30/BB,R-41159492,IS 10322 (PART 5/SEC1):2012,30499,"Guangdong Sat Technology Co. Ltd., No. 11 Lianbao Rd, Shengfeng District, Xiaolan Town, Zhongshan City, Guangdong, China – 528400",./assets/images/downlights/Altair-Muse-ballet-blue.webp
Altair Muse,ARAD1502,36V DC,350mA,3000K, CRI>97,Φ55*H160mm,NA,15W,AJ/CG,ARAF1545/30/CH,R-41159492,IS 10322 (PART 5/SEC1):2012,30499,"Guangdong Sat Technology Co. Ltd., No. 11 Lianbao Rd, Shengfeng District, Xiaolan Town, Zhongshan City, Guangdong, China – 528400",./assets/images/downlights/Altair-Muse-chrome.webp
Altair Muse,ARAD1502,36V DC,350mA,3000K, CRI>97,Φ55*H160mm,NA,15W,AJ/CG,ARAF1545/30/CHB,R-41159492,IS 10322 (PART 5/SEC1):2012,30499,"Guangdong Sat Technology Co. Ltd., No. 11 Lianbao Rd, Shengfeng District, Xiaolan Town, Zhongshan City, Guangdong, China – 528400",./assets/images/downlights/Altair-Muse-chrome-black.webp
Altair Muse,ARAD1502,36V DC,350mA,3500K, CRI>97,Φ55*H160mm,NA,15W,AJ/CG,ARAF1545/35/B,R-41159492,IS 10322 (PART 5/SEC1):2012,29499,"Guangdong Sat Technology Co. Ltd., No. 11 Lianbao Rd, Shengfeng District, Xiaolan Town, Zhongshan City, Guangdong, China – 528400",./assets/images/downlights/Altair-Muse-mat-black-default.webp
Altair Muse,ARAD1502,36V DC,350mA,3500K, CRI>97,Φ55*H160mm,NA,15W,AJ/CG,ARAF1545/35/W,R-41159492,IS 10322 (PART 5/SEC1):2012,29499,"Guangdong Sat Technology Co. Ltd., No. 11 Lianbao Rd, Shengfeng District, Xiaolan Town, Zhongshan City, Guangdong, China – 528400",./assets/images/downlights/Altair-Muse-white.webp
Altair Muse,ARAD1502,36V DC,350mA,3500K, CRI>97,Φ55*H160mm,NA,15W,AJ/CG,ARAF1545/35/CG,R-41159492,IS 10322 (PART 5/SEC1):2012,30499,"Guangdong Sat Technology Co. Ltd., No. 11 Lianbao Rd, Shengfeng District, Xiaolan Town, Zhongshan City, Guangdong, China – 528400",./assets/images/downlights/Altair-Muse-champeing-gold.webp
Altair Muse,ARAD1502,36V DC,350mA,3500K, CRI>97,Φ55*H160mm,NA,15W,AJ/CG,ARAF1545/35/RG,R-41159492,IS 10322 (PART 5/SEC1):2012,30499,"Guangdong Sat Technology Co. Ltd., No. 11 Lianbao Rd, Shengfeng District, Xiaolan Town, Zhongshan City, Guangdong, China – 528400",./assets/images/downlights/Altair-Muse-rose-gold.webp
Altair Muse,ARAD1502,36V DC,350mA,3500K, CRI>97,Φ55*H160mm,NA,15W,AJ/CG,ARAF1545/35/BR,R-41159492,IS 10322 (PART 5/SEC1):2012,30499,"Guangdong Sat Technology Co. Ltd., No. 11 Lianbao Rd, Shengfeng District, Xiaolan Town, Zhongshan City, Guangdong, China – 528400",./assets/images/downlights/Altair-Muse-brown.webp
Altair Muse,ARAD1502,36V DC,350mA,3500K, CRI>97,Φ55*H160mm,NA,15W,AJ/CG,ARAF1545/35/COF,R-41159492,IS 10322 (PART 5/SEC1):2012,30499,"Guangdong Sat Technology Co. Ltd., No. 11 Lianbao Rd, Shengfeng District, Xiaolan Town, Zhongshan City, Guangdong, China – 528400",./assets/images/downlights/Altair-Muse-offee.webp
Altair Muse,ARAD1502,36V DC,350mA,3500K, CRI>97,Φ55*H160mm,NA,15W,AJ/CG,ARAF1545/35/DGR,R-41159492,IS 10322 (PART 5/SEC1):2012,30499,"Guangdong Sat Technology Co. Ltd., No. 11 Lianbao Rd, Shengfeng District, Xiaolan Town, Zhongshan City, Guangdong, China – 528400",./assets/images/downlights/Altair-Muse-dark-gray.webp
Altair Muse,ARAD1502,36V DC,350mA,3500K, CRI>97,Φ55*H160mm,NA,15W,AJ/CG,ARAF1545/35/BB,R-41159492,IS 10322 (PART 5/SEC1):2012,30499,"Guangdong Sat Technology Co. Ltd., No. 11 Lianbao Rd, Shengfeng District, Xiaolan Town, Zhongshan City, Guangdong, China – 528400",./assets/images/downlights/Altair-Muse-ballet-blue.webp
Altair Muse,ARAD1502,36V DC,350mA,3500K, CRI>97,Φ55*H160mm,NA,15W,AJ/CG,ARAF1545/35/CH,R-41159492,IS 10322 (PART 5/SEC1):2012,30499,"Guangdong Sat Technology Co. Ltd., No. 11 Lianbao Rd, Shengfeng District, Xiaolan Town, Zhongshan City, Guangdong, China – 528400",./assets/images/downlights/Altair-Muse-chrome.webp
Altair Muse,ARAD1502,36V DC,350mA,3500K, CRI>97,Φ55*H160mm,NA,15W,AJ/CG,ARAF1545/35/CHB,R-41159492,IS 10322 (PART 5/SEC1):2012,30499,"Guangdong Sat Technology Co. Ltd., No. 11 Lianbao Rd, Shengfeng District, Xiaolan Town, Zhongshan City, Guangdong, China – 528400",./assets/images/downlights/Altair-Muse-chrome-black.webp
Altair Muse,ARAD1502,36V DC,350mA,4000K, CRI>97,Φ55*H160mm,NA,15W,AJ/CG,ARAF1545/40/B,R-41159492,IS 10322 (PART 5/SEC1):2012,29499,"Guangdong Sat Technology Co. Ltd., No. 11 Lianbao Rd, Shengfeng District, Xiaolan Town, Zhongshan City, Guangdong, China – 528400",./assets/images/downlights/Altair-Muse-mat-black-default.webp
Altair Muse,ARAD1502,36V DC,350mA,4000K, CRI>97,Φ55*H160mm,NA,15W,AJ/CG,ARAF1545/40/W,R-41159492,IS 10322 (PART 5/SEC1):2012,29499,"Guangdong Sat Technology Co. Ltd., No. 11 Lianbao Rd, Shengfeng District, Xiaolan Town, Zhongshan City, Guangdong, China – 528400",./assets/images/downlights/Altair-Muse-white.webp
Altair Muse,ARAD1502,36V DC,350mA,4000K, CRI>97,Φ55*H160mm,NA,15W,AJ/CG,ARAF1545/40/CG,R-41159492,IS 10322 (PART 5/SEC1):2012,30499,"Guangdong Sat Technology Co. Ltd., No. 11 Lianbao Rd, Shengfeng District, Xiaolan Town, Zhongshan City, Guangdong, China – 528400",./assets/images/downlights/Altair-Muse-champeing-gold.webp
Altair Muse,ARAD1502,36V DC,350mA,4000K, CRI>97,Φ55*H160mm,NA,15W,AJ/CG,ARAF1545/40/RG,R-41159492,IS 10322 (PART 5/SEC1):2012,30499,"Guangdong Sat Technology Co. Ltd., No. 11 Lianbao Rd, Shengfeng District, Xiaolan Town, Zhongshan City, Guangdong, China – 528400",./assets/images/downlights/Altair-Muse-rose-gold.webp
Altair Muse,ARAD1502,36V DC,350mA,4000K, CRI>97,Φ55*H160mm,NA,15W,AJ/CG,ARAF1545/40/BR,R-41159492,IS 10322 (PART 5/SEC1):2012,30499,"Guangdong Sat Technology Co. Ltd., No. 11 Lianbao Rd, Shengfeng District, Xiaolan Town, Zhongshan City, Guangdong, China – 528400",./assets/images/downlights/Altair-Muse-brown.webp
Altair Muse,ARAD1502,36V DC,350mA,4000K, CRI>97,Φ55*H160mm,NA,15W,AJ/CG,ARAF1545/40/COF,R-41159492,IS 10322 (PART 5/SEC1):2012,30499,"Guangdong Sat Technology Co. Ltd., No. 11 Lianbao Rd, Shengfeng District, Xiaolan Town, Zhongshan City, Guangdong, China – 528400",./assets/images/downlights/Altair-Muse-offee.webp
Altair Muse,ARAD1502,36V DC,350mA,4000K, CRI>97,Φ55*H160mm,NA,15W,AJ/CG,ARAF1545/40/DGR,R-41159492,IS 10322 (PART 5/SEC1):2012,30499,"Guangdong Sat Technology Co. Ltd., No. 11 Lianbao Rd, Shengfeng District, Xiaolan Town, Zhongshan City, Guangdong, China – 528400",./assets/images/downlights/Altair-Muse-dark-gray.webp
Altair Muse,ARAD1502,36V DC,350mA,4000K, CRI>97,Φ55*H160mm,NA,15W,AJ/CG,ARAF1545/40/BB,R-41159492,IS 10322 (PART 5/SEC1):2012,30499,"Guangdong Sat Technology Co. Ltd., No. 11 Lianbao Rd, Shengfeng District, Xiaolan Town, Zhongshan City, Guangdong, China – 528400",./assets/images/downlights/Altair-Muse-ballet-blue.webp
Altair Muse,ARAD1502,36V DC,350mA,4000K, CRI>97,Φ55*H160mm,NA,15W,AJ/CG,ARAF1545/40/CH,R-41159492,IS 10322 (PART 5/SEC1):2012,30499,"Guangdong Sat Technology Co. Ltd., No. 11 Lianbao Rd, Shengfeng District, Xiaolan Town, Zhongshan City, Guangdong, China – 528400",./assets/images/downlights/Altair-Muse-chrome.webp
Altair Muse,ARAD1502,36V DC,350mA,4000K, CRI>97,Φ55*H160mm,NA,15W,AJ/CG,ARAF1545/40/CHB,R-41159492,IS 10322 (PART 5/SEC1):2012,30499,"Guangdong Sat Technology Co. Ltd., No. 11 Lianbao Rd, Shengfeng District, Xiaolan Town, Zhongshan City, Guangdong, China – 528400",./assets/images/downlights/Altair-Muse-chrome-black.webp
Altair Muse,ARAD1502,36V DC,350mA,5000K, CRI>97,Φ55*H160mm,NA,15W,AJ/CG,ARAF1545/50/B,R-41159492,IS 10322 (PART 5/SEC1):2012,29499,"Guangdong Sat Technology Co. Ltd., No. 11 Lianbao Rd, Shengfeng District, Xiaolan Town, Zhongshan City, Guangdong, China – 528400",./assets/images/downlights/Altair-Muse-mat-black-default.webp
Altair Muse,ARAD1502,36V DC,350mA,5000K, CRI>97,Φ55*H160mm,NA,15W,AJ/CG,ARAF1545/50/W,R-41159492,IS 10322 (PART 5/SEC1):2012,29499,"Guangdong Sat Technology Co. Ltd., No. 11 Lianbao Rd, Shengfeng District, Xiaolan Town, Zhongshan City, Guangdong, China – 528400",./assets/images/downlights/Altair-Muse-white.webp
Altair Muse,ARAD1502,36V DC,350mA,5000K, CRI>97,Φ55*H160mm,NA,15W,AJ/CG,ARAF1545/50/CG,R-41159492,IS 10322 (PART 5/SEC1):2012,30499,"Guangdong Sat Technology Co. Ltd., No. 11 Lianbao Rd, Shengfeng District, Xiaolan Town, Zhongshan City, Guangdong, China – 528400",./assets/images/downlights/Altair-Muse-champeing-gold.webp
Altair Muse,ARAD1502,36V DC,350mA,5000K, CRI>97,Φ55*H160mm,NA,15W,AJ/CG,ARAF1545/50/RG,R-41159492,IS 10322 (PART 5/SEC1):2012,30499,"Guangdong Sat Technology Co. Ltd., No. 11 Lianbao Rd, Shengfeng District, Xiaolan Town, Zhongshan City, Guangdong, China – 528400",./assets/images/downlights/Altair-Muse-rose-gold.webp
Altair Muse,ARAD1502,36V DC,350mA,5000K, CRI>97,Φ55*H160mm,NA,15W,AJ/CG,ARAF1545/50/BR,R-41159492,IS 10322 (PART 5/SEC1):2012,30499,"Guangdong Sat Technology Co. Ltd., No. 11 Lianbao Rd, Shengfeng District, Xiaolan Town, Zhongshan City, Guangdong, China – 528400",./assets/images/downlights/Altair-Muse-brown.webp
Altair Muse,ARAD1502,36V DC,350mA,5000K, CRI>97,Φ55*H160mm,NA,15W,AJ/CG,ARAF1545/50/COF,R-41159492,IS 10322 (PART 5/SEC1):2012,30499,"Guangdong Sat Technology Co. Ltd., No. 11 Lianbao Rd, Shengfeng District, Xiaolan Town, Zhongshan City, Guangdong, China – 528400",./assets/images/downlights/Altair-Muse-offee.webp
Altair Muse,ARAD1502,36V DC,350mA,5000K, CRI>97,Φ55*H160mm,NA,15W,AJ/CG,ARAF1545/50/DGR,R-41159492,IS 10322 (PART 5/SEC1):2012,30499,"Guangdong Sat Technology Co. Ltd., No. 11 Lianbao Rd, Shengfeng District, Xiaolan Town, Zhongshan City, Guangdong, China – 528400",./assets/images/downlights/Altair-Muse-dark-gray.webp
Altair Muse,ARAD1502,36V DC,350mA,5000K, CRI>97,Φ55*H160mm,NA,15W,AJ/CG,ARAF1545/50/BB,R-41159492,IS 10322 (PART 5/SEC1):2012,30499,"Guangdong Sat Technology Co. Ltd., No. 11 Lianbao Rd, Shengfeng District, Xiaolan Town, Zhongshan City, Guangdong, China – 528400",./assets/images/downlights/Altair-Muse-ballet-blue.webp
Altair Muse,ARAD1502,36V DC,350mA,5000K, CRI>97,Φ55*H160mm,NA,15W,AJ/CG,ARAF1545/50/CH,R-41159492,IS 10322 (PART 5/SEC1):2012,30499,"Guangdong Sat Technology Co. Ltd., No. 11 Lianbao Rd, Shengfeng District, Xiaolan Town, Zhongshan City, Guangdong, China – 528400",./assets/images/downlights/Altair-Muse-chrome.webp
Altair Muse,ARAD1502,36V DC,350mA,5000K, CRI>97,Φ55*H160mm,NA,15W,AJ/CG,ARAF1545/50/CHB,R-41159492,IS 10322 (PART 5/SEC1):2012,30499,"Guangdong Sat Technology Co. Ltd., No. 11 Lianbao Rd, Shengfeng District, Xiaolan Town, Zhongshan City, Guangdong, China – 528400",./assets/images/downlights/Altair-Muse-chrome-black.webp
Altair Prime 9S,DTL065X,12V DC,700mA,2700K, CRI>97,Φ60*H120mm,6°,9W,AJ/CG,ARAS1060/27/06/W,R-41159492,IS 10322 (PART 5/SEC1):2012,8899,"Guangdong Sat Technology Co. Ltd., No. 11 Lianbao Rd, Shengfeng District, Xiaolan Town, Zhongshan City, Guangdong, China – 528400",./assets/images/downlights/Altair-Prime-S-white.webp
Altair Prime 9S,DTL065X,12V DC,700mA,2700K, CRI>97,Φ60*H120mm,6°,9W,AJ/CG,ARAS1060/27/06/B,R-41159492,IS 10322 (PART 5/SEC1):2012,8899,"Guangdong Sat Technology Co. Ltd., No. 11 Lianbao Rd, Shengfeng District, Xiaolan Town, Zhongshan City, Guangdong, China – 528400",./assets/images/downlights/Altair-Prime-S-mat-black-default.webp
Altair Prime 9S,DTL065X,12V DC,700mA,2700K, CRI>97,Φ60*H120mm,6°,9W,AJ/CG,ARAS1060/27/06/CG,R-41159492,IS 10322 (PART 5/SEC1):2012,9899,"Guangdong Sat Technology Co. Ltd., No. 11 Lianbao Rd, Shengfeng District, Xiaolan Town, Zhongshan City, Guangdong, China – 528400",./assets/images/downlights/Altair-Prime-S-champeing-gold.webp
Altair Prime 9S,DTL065X,12V DC,700mA,2700K, CRI>97,Φ60*H120mm,6°,9W,AJ/CG,ARAS1060/27/06/RG,R-41159492,IS 10322 (PART 5/SEC1):2012,9899,"Guangdong Sat Technology Co. Ltd., No. 11 Lianbao Rd, Shengfeng District, Xiaolan Town, Zhongshan City, Guangdong, China – 528400",./assets/images/downlights/Altair-Prime-S-rose-gold.webp
Altair Prime 9S,DTL065X,12V DC,700mA,2700K, CRI>97,Φ60*H120mm,6°,9W,AJ/CG,ARAS1060/27/06/BR,R-41159492,IS 10322 (PART 5/SEC1):2012,9899,"Guangdong Sat Technology Co. Ltd., No. 11 Lianbao Rd, Shengfeng District, Xiaolan Town, Zhongshan City, Guangdong, China – 528400",./assets/images/downlights/Altair-Prime-S-brown.webp
Altair Prime 9S,DTL065X,12V DC,700mA,2700K, CRI>97,Φ60*H120mm,6°,9W,AJ/CG,ARAS1060/27/06/COF,R-41159492,IS 10322 (PART 5/SEC1):2012,9899,"Guangdong Sat Technology Co. Ltd., No. 11 Lianbao Rd, Shengfeng District, Xiaolan Town, Zhongshan City, Guangdong, China – 528400",./assets/images/downlights/Altair-Prime-S-coffee.webp
Altair Prime 9S,DTL065X,12V DC,700mA,2700K, CRI>97,Φ60*H120mm,6°,9W,AJ/CG,ARAS1060/27/06/DGR,R-41159492,IS 10322 (PART 5/SEC1):2012,9899,"Guangdong Sat Technology Co. Ltd., No. 11 Lianbao Rd, Shengfeng District, Xiaolan Town, Zhongshan City, Guangdong, China – 528400",./assets/images/downlights/Altair-Prime-S-dark-gray-default-001.webp
Altair Prime 9S,DTL065X,12V DC,700mA,2700K, CRI>97,Φ60*H120mm,6°,9W,AJ/CG,ARAS1060/27/06/BB,R-41159492,IS 10322 (PART 5/SEC1):2012,9899,"Guangdong Sat Technology Co. Ltd., No. 11 Lianbao Rd, Shengfeng District, Xiaolan Town, Zhongshan City, Guangdong, China – 528400",./assets/images/downlights/Altair-Prime-S-ballet-blue.webp
Altair Prime 9S,DTL065X,12V DC,700mA,2700K, CRI>97,Φ60*H120mm,6°,9W,AJ/CG,ARAS1060/27/06/CH,R-41159492,IS 10322 (PART 5/SEC1):2012,9899,"Guangdong Sat Technology Co. Ltd., No. 11 Lianbao Rd, Shengfeng District, Xiaolan Town, Zhongshan City, Guangdong, China – 528400",./assets/images/downlights/Altair-Prime-S-chrome.webp
Altair Prime 9S,DTL065X,12V DC,700mA,2700K, CRI>97,Φ60*H120mm,6°,9W,AJ/CG,ARAS1060/27/06/CHB,R-41159492,IS 10322 (PART 5/SEC1):2012,9899,"Guangdong Sat Technology Co. Ltd., No. 11 Lianbao Rd, Shengfeng District, Xiaolan Town, Zhongshan City, Guangdong, China – 528400",./assets/images/downlights/Altair-Prime-S-chrome-black.webp
Altair Prime 9S,DTL065X,12V DC,700mA,3000K, CRI>97,Φ60*H120mm,6°,9W,AJ/CG,ARAS1060/30/06/W,R-41159492,IS 10322 (PART 5/SEC1):2012,8899,"Guangdong Sat Technology Co. Ltd., No. 11 Lianbao Rd, Shengfeng District, Xiaolan Town, Zhongshan City, Guangdong, China – 528400",./assets/images/downlights/Altair-Prime-S-white.webp
Altair Prime 9S,DTL065X,12V DC,700mA,3000K, CRI>97,Φ60*H120mm,6°,9W,AJ/CG,ARAS1060/30/06/B,R-41159492,IS 10322 (PART 5/SEC1):2012,8899,"Guangdong Sat Technology Co. Ltd., No. 11 Lianbao Rd, Shengfeng District, Xiaolan Town, Zhongshan City, Guangdong, China – 528400",./assets/images/downlights/Altair-Prime-S-mat-black-default.webp
Altair Prime 9S,DTL065X,12V DC,700mA,3000K, CRI>97,Φ60*H120mm,6°,9W,AJ/CG,ARAS1060/30/06/CG,R-41159492,IS 10322 (PART 5/SEC1):2012,9899,"Guangdong Sat Technology Co. Ltd., No. 11 Lianbao Rd, Shengfeng District, Xiaolan Town, Zhongshan City, Guangdong, China – 528400",./assets/images/downlights/Altair-Prime-S-champeing-gold.webp
Altair Prime 9S,DTL065X,12V DC,700mA,3000K, CRI>97,Φ60*H120mm,6°,9W,AJ/CG,ARAS1060/30/06/RG,R-41159492,IS 10322 (PART 5/SEC1):2012,9899,"Guangdong Sat Technology Co. Ltd., No. 11 Lianbao Rd, Shengfeng District, Xiaolan Town, Zhongshan City, Guangdong, China – 528400",./assets/images/downlights/Altair-Prime-S-rose-gold.webp
Altair Prime 9S,DTL065X,12V DC,700mA,3000K, CRI>97,Φ60*H120mm,6°,9W,AJ/CG,ARAS1060/30/06/BR,R-41159492,IS 10322 (PART 5/SEC1):2012,9899,"Guangdong Sat Technology Co. Ltd., No. 11 Lianbao Rd, Shengfeng District, Xiaolan Town, Zhongshan City, Guangdong, China – 528400",./assets/images/downlights/Altair-Prime-S-brown.webp
Altair Prime 9S,DTL065X,12V DC,700mA,3000K, CRI>97,Φ60*H120mm,6°,9W,AJ/CG,ARAS1060/30/06/COF,R-41159492,IS 10322 (PART 5/SEC1):2012,9899,"Guangdong Sat Technology Co. Ltd., No. 11 Lianbao Rd, Shengfeng District, Xiaolan Town, Zhongshan City, Guangdong, China – 528400",./assets/images/downlights/Altair-Prime-S-coffee.webp
Altair Prime 9S,DTL065X,12V DC,700mA,3000K, CRI>97,Φ60*H120mm,6°,9W,AJ/CG,ARAS1060/30/06/DGR,R-41159492,IS 10322 (PART 5/SEC1):2012,9899,"Guangdong Sat Technology Co. Ltd., No. 11 Lianbao Rd, Shengfeng District, Xiaolan Town, Zhongshan City, Guangdong, China – 528400",./assets/images/downlights/Altair-Prime-S-dark-gray-default-001.webp
Altair Prime 9S,DTL065X,12V DC,700mA,3000K, CRI>97,Φ60*H120mm,6°,9W,AJ/CG,ARAS1060/30/06/BB,R-41159492,IS 10322 (PART 5/SEC1):2012,9899,"Guangdong Sat Technology Co. Ltd., No. 11 Lianbao Rd, Shengfeng District, Xiaolan Town, Zhongshan City, Guangdong, China – 528400",./assets/images/downlights/Altair-Prime-S-ballet-blue.webp
Altair Prime 9S,DTL065X,12V DC,700mA,3000K, CRI>97,Φ60*H120mm,6°,9W,AJ/CG,ARAS1060/30/06/CH,R-41159492,IS 10322 (PART 5/SEC1):2012,9899,"Guangdong Sat Technology Co. Ltd., No. 11 Lianbao Rd, Shengfeng District, Xiaolan Town, Zhongshan City, Guangdong, China – 528400",./assets/images/downlights/Altair-Prime-S-chrome.webp
Altair Prime 9S,DTL065X,12V DC,700mA,3000K, CRI>97,Φ60*H120mm,6°,9W,AJ/CG,ARAS1060/30/06/CHB,R-41159492,IS 10322 (PART 5/SEC1):2012,9899,"Guangdong Sat Technology Co. Ltd., No. 11 Lianbao Rd, Shengfeng District, Xiaolan Town, Zhongshan City, Guangdong, China – 528400",./assets/images/downlights/Altair-Prime-S-chrome-black.webp
Altair Prime 9S,DTL065X,12V DC,700mA,3500K, CRI>97,Φ60*H120mm,6°,9W,AJ/CG,ARAS1060/35/06/W,R-41159492,IS 10322 (PART 5/SEC1):2012,8899,"Guangdong Sat Technology Co. Ltd., No. 11 Lianbao Rd, Shengfeng District, Xiaolan Town, Zhongshan City, Guangdong, China – 528400",./assets/images/downlights/Altair-Prime-S-white.webp
Altair Prime 9S,DTL065X,12V DC,700mA,3500K, CRI>97,Φ60*H120mm,6°,9W,AJ/CG,ARAS1060/35/06/B,R-41159492,IS 10322 (PART 5/SEC1):2012,8899,"Guangdong Sat Technology Co. Ltd., No. 11 Lianbao Rd, Shengfeng District, Xiaolan Town, Zhongshan City, Guangdong, China – 528400",./assets/images/downlights/Altair-Prime-S-mat-black-default.webp
Altair Prime 9S,DTL065X,12V DC,700mA,3500K, CRI>97,Φ60*H120mm,6°,9W,AJ/CG,ARAS1060/35/06/CG,R-41159492,IS 10322 (PART 5/SEC1):2012,9899,"Guangdong Sat Technology Co. Ltd., No. 11 Lianbao Rd, Shengfeng District, Xiaolan Town, Zhongshan City, Guangdong, China – 528400",./assets/images/downlights/Altair-Prime-S-champeing-gold.webp
Altair Prime 9S,DTL065X,12V DC,700mA,3500K, CRI>97,Φ60*H120mm,6°,9W,AJ/CG,ARAS1060/35/06/RG,R-41159492,IS 10322 (PART 5/SEC1):2012,9899,"Guangdong Sat Technology Co. Ltd., No. 11 Lianbao Rd, Shengfeng District, Xiaolan Town, Zhongshan City, Guangdong, China – 528400",./assets/images/downlights/Altair-Prime-S-rose-gold.webp
Altair Prime 9S,DTL065X,12V DC,700mA,3500K, CRI>97,Φ60*H120mm,6°,9W,AJ/CG,ARAS1060/35/06/BR,R-41159492,IS 10322 (PART 5/SEC1):2012,9899,"Guangdong Sat Technology Co. Ltd., No. 11 Lianbao Rd, Shengfeng District, Xiaolan Town, Zhongshan City, Guangdong, China – 528400",./assets/images/downlights/Altair-Prime-S-brown.webp
Altair Prime 9S,DTL065X,12V DC,700mA,3500K, CRI>97,Φ60*H120mm,6°,9W,AJ/CG,ARAS1060/35/06/COF,R-41159492,IS 10322 (PART 5/SEC1):2012,9899,"Guangdong Sat Technology Co. Ltd., No. 11 Lianbao Rd, Shengfeng District, Xiaolan Town, Zhongshan City, Guangdong, China – 528400",./assets/images/downlights/Altair-Prime-S-coffee.webp
Altair Prime 9S,DTL065X,12V DC,700mA,3500K, CRI>97,Φ60*H120mm,6°,9W,AJ/CG,ARAS1060/35/06/DGR,R-41159492,IS 10322 (PART 5/SEC1):2012,9899,"Guangdong Sat Technology Co. Ltd., No. 11 Lianbao Rd, Shengfeng District, Xiaolan Town, Zhongshan City, Guangdong, China – 528400",./assets/images/downlights/Altair-Prime-S-dark-gray-default-001.webp
Altair Prime 9S,DTL065X,12V DC,700mA,3500K, CRI>97,Φ60*H120mm,6°,9W,AJ/CG,ARAS1060/35/06/BB,R-41159492,IS 10322 (PART 5/SEC1):2012,9899,"Guangdong Sat Technology Co. Ltd., No. 11 Lianbao Rd, Shengfeng District, Xiaolan Town, Zhongshan City, Guangdong, China – 528400",./assets/images/downlights/Altair-Prime-S-ballet-blue.webp
Altair Prime 9S,DTL065X,12V DC,700mA,3500K, CRI>97,Φ60*H120mm,6°,9W,AJ/CG,ARAS1060/35/06/CH,R-41159492,IS 10322 (PART 5/SEC1):2012,9899,"Guangdong Sat Technology Co. Ltd., No. 11 Lianbao Rd, Shengfeng District, Xiaolan Town, Zhongshan City, Guangdong, China – 528400",./assets/images/downlights/Altair-Prime-S-chrome.webp
Altair Prime 9S,DTL065X,12V DC,700mA,3500K, CRI>97,Φ60*H120mm,6°,9W,AJ/CG,ARAS1060/35/06/CHB,R-41159492,IS 10322 (PART 5/SEC1):2012,9899,"Guangdong Sat Technology Co. Ltd., No. 11 Lianbao Rd, Shengfeng District, Xiaolan Town, Zhongshan City, Guangdong, China – 528400",./assets/images/downlights/Altair-Prime-S-chrome-black.webp
Altair Prime 9S,DTL065X,12V DC,700mA,4000K, CRI>97,Φ60*H120mm,6°,9W,AJ/CG,ARAS1060/40/06/W,R-41159492,IS 10322 (PART 5/SEC1):2012,8899,"Guangdong Sat Technology Co. Ltd., No. 11 Lianbao Rd, Shengfeng District, Xiaolan Town, Zhongshan City, Guangdong, China – 528400",./assets/images/downlights/Altair-Prime-S-white.webp
Altair Prime 9S,DTL065X,12V DC,700mA,4000K, CRI>97,Φ60*H120mm,6°,9W,AJ/CG,ARAS1060/40/06/B,R-41159492,IS 10322 (PART 5/SEC1):2012,8899,"Guangdong Sat Technology Co. Ltd., No. 11 Lianbao Rd, Shengfeng District, Xiaolan Town, Zhongshan City, Guangdong, China – 528400",./assets/images/downlights/Altair-Prime-S-mat-black-default.webp
Altair Prime 9S,DTL065X,12V DC,700mA,4000K, CRI>97,Φ60*H120mm,6°,9W,AJ/CG,ARAS1060/40/06/CG,R-41159492,IS 10322 (PART 5/SEC1):2012,9899,"Guangdong Sat Technology Co. Ltd., No. 11 Lianbao Rd, Shengfeng District, Xiaolan Town, Zhongshan City, Guangdong, China – 528400",./assets/images/downlights/Altair-Prime-S-champeing-gold.webp
Altair Prime 9S,DTL065X,12V DC,700mA,4000K, CRI>97,Φ60*H120mm,6°,9W,AJ/CG,ARAS1060/40/06/RG,R-41159492,IS 10322 (PART 5/SEC1):2012,9899,"Guangdong Sat Technology Co. Ltd., No. 11 Lianbao Rd, Shengfeng District, Xiaolan Town, Zhongshan City, Guangdong, China – 528400",./assets/images/downlights/Altair-Prime-S-rose-gold.webp
Altair Prime 9S,DTL065X,12V DC,700mA,4000K, CRI>97,Φ60*H120mm,6°,9W,AJ/CG,ARAS1060/40/06/BR,R-41159492,IS 10322 (PART 5/SEC1):2012,9899,"Guangdong Sat Technology Co. Ltd., No. 11 Lianbao Rd, Shengfeng District, Xiaolan Town, Zhongshan City, Guangdong, China – 528400",./assets/images/downlights/Altair-Prime-S-brown.webp
Altair Prime 9S,DTL065X,12V DC,700mA,4000K, CRI>97,Φ60*H120mm,6°,9W,AJ/CG,ARAS1060/40/06/COF,R-41159492,IS 10322 (PART 5/SEC1):2012,9899,"Guangdong Sat Technology Co. Ltd., No. 11 Lianbao Rd, Shengfeng District, Xiaolan Town, Zhongshan City, Guangdong, China – 528400",./assets/images/downlights/Altair-Prime-S-coffee.webp
Altair Prime 9S,DTL065X,12V DC,700mA,4000K, CRI>97,Φ60*H120mm,6°,9W,AJ/CG,ARAS1060/40/06/DGR,R-41159492,IS 10322 (PART 5/SEC1):2012,9899,"Guangdong Sat Technology Co. Ltd., No. 11 Lianbao Rd, Shengfeng District, Xiaolan Town, Zhongshan City, Guangdong, China – 528400",./assets/images/downlights/Altair-Prime-S-dark-gray-default-001.webp
Altair Prime 9S,DTL065X,12V DC,700mA,4000K, CRI>97,Φ60*H120mm,6°,9W,AJ/CG,ARAS1060/40/06/BB,R-41159492,IS 10322 (PART 5/SEC1):2012,9899,"Guangdong Sat Technology Co. Ltd., No. 11 Lianbao Rd, Shengfeng District, Xiaolan Town, Zhongshan City, Guangdong, China – 528400",./assets/images/downlights/Altair-Prime-S-ballet-blue.webp
Altair Prime 9S,DTL065X,12V DC,700mA,4000K, CRI>97,Φ60*H120mm,6°,9W,AJ/CG,ARAS1060/40/06/CH,R-41159492,IS 10322 (PART 5/SEC1):2012,9899,"Guangdong Sat Technology Co. Ltd., No. 11 Lianbao Rd, Shengfeng District, Xiaolan Town, Zhongshan City, Guangdong, China – 528400",./assets/images/downlights/Altair-Prime-S-chrome.webp
Altair Prime 9S,DTL065X,12V DC,700mA,4000K, CRI>97,Φ60*H120mm,6°,9W,AJ/CG,ARAS1060/40/06/CHB,R-41159492,IS 10322 (PART 5/SEC1):2012,9899,"Guangdong Sat Technology Co. Ltd., No. 11 Lianbao Rd, Shengfeng District, Xiaolan Town, Zhongshan City, Guangdong, China – 528400",./assets/images/downlights/Altair-Prime-S-chrome-black.webp
Altair Prime 9S,DTL065X,12V DC,700mA,5000K, CRI>97,Φ60*H120mm,6°,9W,AJ/CG,ARAS1060/50/06/W,R-41159492,IS 10322 (PART 5/SEC1):2012,8899,"Guangdong Sat Technology Co. Ltd., No. 11 Lianbao Rd, Shengfeng District, Xiaolan Town, Zhongshan City, Guangdong, China – 528400",./assets/images/downlights/Altair-Prime-S-white.webp
Altair Prime 9S,DTL065X,12V DC,700mA,5000K, CRI>97,Φ60*H120mm,6°,9W,AJ/CG,ARAS1060/50/06/B,R-41159492,IS 10322 (PART 5/SEC1):2012,8899,"Guangdong Sat Technology Co. Ltd., No. 11 Lianbao Rd, Shengfeng District, Xiaolan Town, Zhongshan City, Guangdong, China – 528400",./assets/images/downlights/Altair-Prime-S-mat-black-default.webp
Altair Prime 9S,DTL065X,12V DC,700mA,5000K, CRI>97,Φ60*H120mm,6°,9W,AJ/CG,ARAS1060/50/06/CG,R-41159492,IS 10322 (PART 5/SEC1):2012,9899,"Guangdong Sat Technology Co. Ltd., No. 11 Lianbao Rd, Shengfeng District, Xiaolan Town, Zhongshan City, Guangdong, China – 528400",./assets/images/downlights/Altair-Prime-S-champeing-gold.webp
Altair Prime 9S,DTL065X,12V DC,700mA,5000K, CRI>97,Φ60*H120mm,6°,9W,AJ/CG,ARAS1060/50/06/RG,R-41159492,IS 10322 (PART 5/SEC1):2012,9899,"Guangdong Sat Technology Co. Ltd., No. 11 Lianbao Rd, Shengfeng District, Xiaolan Town, Zhongshan City, Guangdong, China – 528400",./assets/images/downlights/Altair-Prime-S-rose-gold.webp
Altair Prime 9S,DTL065X,12V DC,700mA,5000K, CRI>97,Φ60*H120mm,6°,9W,AJ/CG,ARAS1060/50/06/BR,R-41159492,IS 10322 (PART 5/SEC1):2012,9899,"Guangdong Sat Technology Co. Ltd., No. 11 Lianbao Rd, Shengfeng District, Xiaolan Town, Zhongshan City, Guangdong, China – 528400",./assets/images/downlights/Altair-Prime-S-brown.webp
Altair Prime 9S,DTL065X,12V DC,700mA,5000K, CRI>97,Φ60*H120mm,6°,9W,AJ/CG,ARAS1060/50/06/COF,R-41159492,IS 10322 (PART 5/SEC1):2012,9899,"Guangdong Sat Technology Co. Ltd., No. 11 Lianbao Rd, Shengfeng District, Xiaolan Town, Zhongshan City, Guangdong, China – 528400",./assets/images/downlights/Altair-Prime-S-coffee.webp
Altair Prime 9S,DTL065X,12V DC,700mA,5000K, CRI>97,Φ60*H120mm,6°,9W,AJ/CG,ARAS1060/50/06/DGR,R-41159492,IS 10322 (PART 5/SEC1):2012,9899,"Guangdong Sat Technology Co. Ltd., No. 11 Lianbao Rd, Shengfeng District, Xiaolan Town, Zhongshan City, Guangdong, China – 528400",./assets/images/downlights/Altair-Prime-S-dark-gray-default-001.webp
Altair Prime 9S,DTL065X,12V DC,700mA,5000K, CRI>97,Φ60*H120mm,6°,9W,AJ/CG,ARAS1060/50/06/BB,R-41159492,IS 10322 (PART 5/SEC1):2012,9899,"Guangdong Sat Technology Co. Ltd., No. 11 Lianbao Rd, Shengfeng District, Xiaolan Town, Zhongshan City, Guangdong, China – 528400",./assets/images/downlights/Altair-Prime-S-ballet-blue.webp
Altair Prime 9S,DTL065X,12V DC,700mA,5000K, CRI>97,Φ60*H120mm,6°,9W,AJ/CG,ARAS1060/50/06/CH,R-41159492,IS 10322 (PART 5/SEC1):2012,9899,"Guangdong Sat Technology Co. Ltd., No. 11 Lianbao Rd, Shengfeng District, Xiaolan Town, Zhongshan City, Guangdong, China – 528400",./assets/images/downlights/Altair-Prime-S-chrome.webp
Altair Prime 9S,DTL065X,12V DC,700mA,5000K, CRI>97,Φ60*H120mm,6°,9W,AJ/CG,ARAS1060/50/06/CHB,R-41159492,IS 10322 (PART 5/SEC1):2012,9899,"Guangdong Sat Technology Co. Ltd., No. 11 Lianbao Rd, Shengfeng District, Xiaolan Town, Zhongshan City, Guangdong, China – 528400",./assets/images/downlights/Altair-Prime-S-chrome-black.webp
Altair prime 15,ARAD1503,36V DC,350mA,2700K, CRI>97,Φ60*H120mm,15°,15W,AJ/CG,ARAS1560/27/15/W,R-41159492,IS 10322 (PART 5/SEC1):2012,8899,"Guangdong Sat Technology Co. Ltd., No. 11 Lianbao Rd, Shengfeng District, Xiaolan Town, Zhongshan City, Guangdong, China – 528400",./assets/images/downlights/Altair-Prime-15-white.webp
Altair prime 15,ARAD1503,36V DC,350mA,2700K, CRI>97,Φ60*H120mm,15°,15W,AJ/CG,ARAS1560/27/15/B,R-41159492,IS 10322 (PART 5/SEC1):2012,8899,"Guangdong Sat Technology Co. Ltd., No. 11 Lianbao Rd, Shengfeng District, Xiaolan Town, Zhongshan City, Guangdong, China – 528400",./assets/images/downlights/Altair-Prime-15-mat-black-default.webp
Altair prime 15,ARAD1503,36V DC,350mA,2700K, CRI>97,Φ60*H120mm,15°,15W,AJ/CG,ARAS1560/27/15/CG,R-41159492,IS 10322 (PART 5/SEC1):2012,9899,"Guangdong Sat Technology Co. Ltd., No. 11 Lianbao Rd, Shengfeng District, Xiaolan Town, Zhongshan City, Guangdong, China – 528400",./assets/images/downlights/Altair-Prime-15-champeing-gold.webp
Altair prime 15,ARAD1503,36V DC,350mA,2700K, CRI>97,Φ60*H120mm,15°,15W,AJ/CG,ARAS1560/27/15/RG,R-41159492,IS 10322 (PART 5/SEC1):2012,9899,"Guangdong Sat Technology Co. Ltd., No. 11 Lianbao Rd, Shengfeng District, Xiaolan Town, Zhongshan City, Guangdong, China – 528400",./assets/images/downlights/Altair-Prime-15-rose-gold.webp
Altair prime 15,ARAD1503,36V DC,350mA,2700K, CRI>97,Φ60*H120mm,15°,15W,AJ/CG,ARAS1560/27/15/BR,R-41159492,IS 10322 (PART 5/SEC1):2012,9899,"Guangdong Sat Technology Co. Ltd., No. 11 Lianbao Rd, Shengfeng District, Xiaolan Town, Zhongshan City, Guangdong, China – 528400",./assets/images/downlights/Altair-Prime-15-brown.webp
Altair prime 15,ARAD1503,36V DC,350mA,2700K, CRI>97,Φ60*H120mm,15°,15W,AJ/CG,ARAS1560/27/15/COF,R-41159492,IS 10322 (PART 5/SEC1):2012,9899,"Guangdong Sat Technology Co. Ltd., No. 11 Lianbao Rd, Shengfeng District, Xiaolan Town, Zhongshan City, Guangdong, China – 528400",./assets/images/downlights/Altair-Prime-15-coffee.webp
Altair prime 15,ARAD1503,36V DC,350mA,2700K, CRI>97,Φ60*H120mm,15°,15W,AJ/CG,ARAS1560/27/15/DGR,R-41159492,IS 10322 (PART 5/SEC1):2012,9899,"Guangdong Sat Technology Co. Ltd., No. 11 Lianbao Rd, Shengfeng District, Xiaolan Town, Zhongshan City, Guangdong, China – 528400",./assets/images/downlights/Altair-Prime-15-dark-gray-default-001.webp
Altair prime 15,ARAD1503,36V DC,350mA,2700K, CRI>97,Φ60*H120mm,15°,15W,AJ/CG,ARAS1560/27/15/BB,R-41159492,IS 10322 (PART 5/SEC1):2012,9899,"Guangdong Sat Technology Co. Ltd., No. 11 Lianbao Rd, Shengfeng District, Xiaolan Town, Zhongshan City, Guangdong, China – 528400",./assets/images/downlights/Altair-Prime-15-ballet-blue.webp
Altair prime 15,ARAD1503,36V DC,350mA,2700K, CRI>97,Φ60*H120mm,15°,15W,AJ/CG,ARAS1560/27/15/CH,R-41159492,IS 10322 (PART 5/SEC1):2012,9899,"Guangdong Sat Technology Co. Ltd., No. 11 Lianbao Rd, Shengfeng District, Xiaolan Town, Zhongshan City, Guangdong, China – 528400",./assets/images/downlights/Altair-Prime-15-chrome.webp
Altair prime 15,ARAD1503,36V DC,350mA,2700K, CRI>97,Φ60*H120mm,15°,15W,AJ/CG,ARAS1560/27/15/CHB,R-41159492,IS 10322 (PART 5/SEC1):2012,9899,"Guangdong Sat Technology Co. Ltd., No. 11 Lianbao Rd, Shengfeng District, Xiaolan Town, Zhongshan City, Guangdong, China – 528400",./assets/images/downlights/Altair-Prime-15-chrome-black.webp
Altair prime 15,ARAD1503,36V DC,350mA,3000K, CRI>97,Φ60*H120mm,15°,15W,AJ/CG,ARAS1560/30/15/W,R-41159492,IS 10322 (PART 5/SEC1):2012,8899,"Guangdong Sat Technology Co. Ltd., No. 11 Lianbao Rd, Shengfeng District, Xiaolan Town, Zhongshan City, Guangdong, China – 528400",./assets/images/downlights/Altair-Prime-15-white.webp
Altair prime 15,ARAD1503,36V DC,350mA,3000K, CRI>97,Φ60*H120mm,15°,15W,AJ/CG,ARAS1560/30/15/B,R-41159492,IS 10322 (PART 5/SEC1):2012,8899,"Guangdong Sat Technology Co. Ltd., No. 11 Lianbao Rd, Shengfeng District, Xiaolan Town, Zhongshan City, Guangdong, China – 528400",./assets/images/downlights/Altair-Prime-15-mat-black-default.webp
Altair prime 15,ARAD1503,36V DC,350mA,3000K, CRI>97,Φ60*H120mm,15°,15W,AJ/CG,ARAS1560/30/15/CG,R-41159492,IS 10322 (PART 5/SEC1):2012,9899,"Guangdong Sat Technology Co. Ltd., No. 11 Lianbao Rd, Shengfeng District, Xiaolan Town, Zhongshan City, Guangdong, China – 528400",./assets/images/downlights/Altair-Prime-15-champeing-gold.webp
Altair prime 15,ARAD1503,36V DC,350mA,3000K, CRI>97,Φ60*H120mm,15°,15W,AJ/CG,ARAS1560/30/15/RG,R-41159492,IS 10322 (PART 5/SEC1):2012,9899,"Guangdong Sat Technology Co. Ltd., No. 11 Lianbao Rd, Shengfeng District, Xiaolan Town, Zhongshan City, Guangdong, China – 528400",./assets/images/downlights/Altair-Prime-15-rose-gold.webp
Altair prime 15,ARAD1503,36V DC,350mA,3000K, CRI>97,Φ60*H120mm,15°,15W,AJ/CG,ARAS1560/30/15/BR,R-41159492,IS 10322 (PART 5/SEC1):2012,9899,"Guangdong Sat Technology Co. Ltd., No. 11 Lianbao Rd, Shengfeng District, Xiaolan Town, Zhongshan City, Guangdong, China – 528400",./assets/images/downlights/Altair-Prime-15-brown.webp
Altair prime 15,ARAD1503,36V DC,350mA,3000K, CRI>97,Φ60*H120mm,15°,15W,AJ/CG,ARAS1560/30/15/COF,R-41159492,IS 10322 (PART 5/SEC1):2012,9899,"Guangdong Sat Technology Co. Ltd., No. 11 Lianbao Rd, Shengfeng District, Xiaolan Town, Zhongshan City, Guangdong, China – 528400",./assets/images/downlights/Altair-Prime-15-coffee.webp
Altair prime 15,ARAD1503,36V DC,350mA,3000K, CRI>97,Φ60*H120mm,15°,15W,AJ/CG,ARAS1560/30/15/DGR,R-41159492,IS 10322 (PART 5/SEC1):2012,9899,"Guangdong Sat Technology Co. Ltd., No. 11 Lianbao Rd, Shengfeng District, Xiaolan Town, Zhongshan City, Guangdong, China – 528400",./assets/images/downlights/Altair-Prime-15-dark-gray-default-001.webp
Altair prime 15,ARAD1503,36V DC,350mA,3000K, CRI>97,Φ60*H120mm,15°,15W,AJ/CG,ARAS1560/30/15/BB,R-41159492,IS 10322 (PART 5/SEC1):2012,9899,"Guangdong Sat Technology Co. Ltd., No. 11 Lianbao Rd, Shengfeng District, Xiaolan Town, Zhongshan City, Guangdong, China – 528400",./assets/images/downlights/Altair-Prime-15-ballet-blue.webp
Altair prime 15,ARAD1503,36V DC,350mA,3000K, CRI>97,Φ60*H120mm,15°,15W,AJ/CG,ARAS1560/30/15/CH,R-41159492,IS 10322 (PART 5/SEC1):2012,9899,"Guangdong Sat Technology Co. Ltd., No. 11 Lianbao Rd, Shengfeng District, Xiaolan Town, Zhongshan City, Guangdong, China – 528400",./assets/images/downlights/Altair-Prime-15-chrome.webp
Altair prime 15,ARAD1503,36V DC,350mA,3000K, CRI>97,Φ60*H120mm,15°,15W,AJ/CG,ARAS1560/30/15/CHB,R-41159492,IS 10322 (PART 5/SEC1):2012,9899,"Guangdong Sat Technology Co. Ltd., No. 11 Lianbao Rd, Shengfeng District, Xiaolan Town, Zhongshan City, Guangdong, China – 528400",./assets/images/downlights/Altair-Prime-15-chrome-black.webp
Altair prime 15,ARAD1503,36V DC,350mA,3500K, CRI>97,Φ60*H120mm,15°,15W,AJ/CG,ARAS1560/35/15/W,R-41159492,IS 10322 (PART 5/SEC1):2012,8899,"Guangdong Sat Technology Co. Ltd., No. 11 Lianbao Rd, Shengfeng District, Xiaolan Town, Zhongshan City, Guangdong, China – 528400",./assets/images/downlights/Altair-Prime-15-white.webp
Altair prime 15,ARAD1503,36V DC,350mA,3500K, CRI>97,Φ60*H120mm,15°,15W,AJ/CG,ARAS1560/35/15/B,R-41159492,IS 10322 (PART 5/SEC1):2012,8899,"Guangdong Sat Technology Co. Ltd., No. 11 Lianbao Rd, Shengfeng District, Xiaolan Town, Zhongshan City, Guangdong, China – 528400",./assets/images/downlights/Altair-Prime-15-mat-black-default.webp
Altair prime 15,ARAD1503,36V DC,350mA,3500K, CRI>97,Φ60*H120mm,15°,15W,AJ/CG,ARAS1560/35/15/CG,R-41159492,IS 10322 (PART 5/SEC1):2012,9899,"Guangdong Sat Technology Co. Ltd., No. 11 Lianbao Rd, Shengfeng District, Xiaolan Town, Zhongshan City, Guangdong, China – 528400",./assets/images/downlights/Altair-Prime-15-champeing-gold.webp
Altair prime 15,ARAD1503,36V DC,350mA,3500K, CRI>97,Φ60*H120mm,15°,15W,AJ/CG,ARAS1560/35/15/RG,R-41159492,IS 10322 (PART 5/SEC1):2012,9899,"Guangdong Sat Technology Co. Ltd., No. 11 Lianbao Rd, Shengfeng District, Xiaolan Town, Zhongshan City, Guangdong, China – 528400",./assets/images/downlights/Altair-Prime-15-rose-gold.webp
Altair prime 15,ARAD1503,36V DC,350mA,3500K, CRI>97,Φ60*H120mm,15°,15W,AJ/CG,ARAS1560/35/15/BR,R-41159492,IS 10322 (PART 5/SEC1):2012,9899,"Guangdong Sat Technology Co. Ltd., No. 11 Lianbao Rd, Shengfeng District, Xiaolan Town, Zhongshan City, Guangdong, China – 528400",./assets/images/downlights/Altair-Prime-15-brown.webp
Altair prime 15,ARAD1503,36V DC,350mA,3500K, CRI>97,Φ60*H120mm,15°,15W,AJ/CG,ARAS1560/35/15/COF,R-41159492,IS 10322 (PART 5/SEC1):2012,9899,"Guangdong Sat Technology Co. Ltd., No. 11 Lianbao Rd, Shengfeng District, Xiaolan Town, Zhongshan City, Guangdong, China – 528400",./assets/images/downlights/Altair-Prime-15-coffee.webp
Altair prime 15,ARAD1503,36V DC,350mA,3500K, CRI>97,Φ60*H120mm,15°,15W,AJ/CG,ARAS1560/35/15/DGR,R-41159492,IS 10322 (PART 5/SEC1):2012,9899,"Guangdong Sat Technology Co. Ltd., No. 11 Lianbao Rd, Shengfeng District, Xiaolan Town, Zhongshan City, Guangdong, China – 528400",./assets/images/downlights/Altair-Prime-15-dark-gray-default-001.webp
Altair prime 15,ARAD1503,36V DC,350mA,3500K, CRI>97,Φ60*H120mm,15°,15W,AJ/CG,ARAS1560/35/15/BB,R-41159492,IS 10322 (PART 5/SEC1):2012,9899,"Guangdong Sat Technology Co. Ltd., No. 11 Lianbao Rd, Shengfeng District, Xiaolan Town, Zhongshan City, Guangdong, China – 528400",./assets/images/downlights/Altair-Prime-15-ballet-blue.webp
Altair prime 15,ARAD1503,36V DC,350mA,3500K, CRI>97,Φ60*H120mm,15°,15W,AJ/CG,ARAS1560/35/15/CH,R-41159492,IS 10322 (PART 5/SEC1):2012,9899,"Guangdong Sat Technology Co. Ltd., No. 11 Lianbao Rd, Shengfeng District, Xiaolan Town, Zhongshan City, Guangdong, China – 528400",./assets/images/downlights/Altair-Prime-15-chrome.webp
Altair prime 15,ARAD1503,36V DC,350mA,3500K, CRI>97,Φ60*H120mm,15°,15W,AJ/CG,ARAS1560/35/15/CHB,R-41159492,IS 10322 (PART 5/SEC1):2012,9899,"Guangdong Sat Technology Co. Ltd., No. 11 Lianbao Rd, Shengfeng District, Xiaolan Town, Zhongshan City, Guangdong, China – 528400",./assets/images/downlights/Altair-Prime-15-chrome-black.webp
Altair prime 15,ARAD1503,36V DC,350mA,4000K, CRI>97,Φ60*H120mm,15°,15W,AJ/CG,ARAS1560/40/15/W,R-41159492,IS 10322 (PART 5/SEC1):2012,8899,"Guangdong Sat Technology Co. Ltd., No. 11 Lianbao Rd, Shengfeng District, Xiaolan Town, Zhongshan City, Guangdong, China – 528400",./assets/images/downlights/Altair-Prime-15-white.webp
Altair prime 15,ARAD1503,36V DC,350mA,4000K, CRI>97,Φ60*H120mm,15°,15W,AJ/CG,ARAS1560/40/15/B,R-41159492,IS 10322 (PART 5/SEC1):2012,8899,"Guangdong Sat Technology Co. Ltd., No. 11 Lianbao Rd, Shengfeng District, Xiaolan Town, Zhongshan City, Guangdong, China – 528400",./assets/images/downlights/Altair-Prime-15-mat-black-default.webp
Altair prime 15,ARAD1503,36V DC,350mA,4000K, CRI>97,Φ60*H120mm,15°,15W,AJ/CG,ARAS1560/40/15/CG,R-41159492,IS 10322 (PART 5/SEC1):2012,9899,"Guangdong Sat Technology Co. Ltd., No. 11 Lianbao Rd, Shengfeng District, Xiaolan Town, Zhongshan City, Guangdong, China – 528400",./assets/images/downlights/Altair-Prime-15-champeing-gold.webp
Altair prime 15,ARAD1503,36V DC,350mA,4000K, CRI>97,Φ60*H120mm,15°,15W,AJ/CG,ARAS1560/40/15/RG,R-41159492,IS 10322 (PART 5/SEC1):2012,9899,"Guangdong Sat Technology Co. Ltd., No. 11 Lianbao Rd, Shengfeng District, Xiaolan Town, Zhongshan City, Guangdong, China – 528400",./assets/images/downlights/Altair-Prime-15-rose-gold.webp
Altair prime 15,ARAD1503,36V DC,350mA,4000K, CRI>97,Φ60*H120mm,15°,15W,AJ/CG,ARAS1560/40/15/BR,R-41159492,IS 10322 (PART 5/SEC1):2012,9899,"Guangdong Sat Technology Co. Ltd., No. 11 Lianbao Rd, Shengfeng District, Xiaolan Town, Zhongshan City, Guangdong, China – 528400",./assets/images/downlights/Altair-Prime-15-brown.webp
Altair prime 15,ARAD1503,36V DC,350mA,4000K, CRI>97,Φ60*H120mm,15°,15W,AJ/CG,ARAS1560/40/15/COF,R-41159492,IS 10322 (PART 5/SEC1):2012,9899,"Guangdong Sat Technology Co. Ltd., No. 11 Lianbao Rd, Shengfeng District, Xiaolan Town, Zhongshan City, Guangdong, China – 528400",./assets/images/downlights/Altair-Prime-15-coffee.webp
Altair prime 15,ARAD1503,36V DC,350mA,4000K, CRI>97,Φ60*H120mm,15°,15W,AJ/CG,ARAS1560/40/15/DGR,R-41159492,IS 10322 (PART 5/SEC1):2012,9899,"Guangdong Sat Technology Co. Ltd., No. 11 Lianbao Rd, Shengfeng District, Xiaolan Town, Zhongshan City, Guangdong, China – 528400",./assets/images/downlights/Altair-Prime-15-dark-gray-default-001.webp
Altair prime 15,ARAD1503,36V DC,350mA,4000K, CRI>97,Φ60*H120mm,15°,15W,AJ/CG,ARAS1560/40/15/BB,R-41159492,IS 10322 (PART 5/SEC1):2012,9899,"Guangdong Sat Technology Co. Ltd., No. 11 Lianbao Rd, Shengfeng District, Xiaolan Town, Zhongshan City, Guangdong, China – 528400",./assets/images/downlights/Altair-Prime-15-ballet-blue.webp
Altair prime 15,ARAD1503,36V DC,350mA,4000K, CRI>97,Φ60*H120mm,15°,15W,AJ/CG,ARAS1560/40/15/CH,R-41159492,IS 10322 (PART 5/SEC1):2012,9899,"Guangdong Sat Technology Co. Ltd., No. 11 Lianbao Rd, Shengfeng District, Xiaolan Town, Zhongshan City, Guangdong, China – 528400",./assets/images/downlights/Altair-Prime-15-chrome.webp
Altair prime 15,ARAD1503,36V DC,350mA,4000K, CRI>97,Φ60*H120mm,15°,15W,AJ/CG,ARAS1560/40/15/CHB,R-41159492,IS 10322 (PART 5/SEC1):2012,9899,"Guangdong Sat Technology Co. Ltd., No. 11 Lianbao Rd, Shengfeng District, Xiaolan Town, Zhongshan City, Guangdong, China – 528400",./assets/images/downlights/Altair-Prime-15-chrome-black.webp
Altair prime 15,ARAD1503,36V DC,350mA,5000K, CRI>97,Φ60*H120mm,15°,15W,AJ/CG,ARAS1560/50/15/W,R-41159492,IS 10322 (PART 5/SEC1):2012,8899,"Guangdong Sat Technology Co. Ltd., No. 11 Lianbao Rd, Shengfeng District, Xiaolan Town, Zhongshan City, Guangdong, China – 528400",./assets/images/downlights/Altair-Prime-15-white.webp
Altair prime 15,ARAD1503,36V DC,350mA,5000K, CRI>97,Φ60*H120mm,15°,15W,AJ/CG,ARAS1560/50/15/B,R-41159492,IS 10322 (PART 5/SEC1):2012,8899,"Guangdong Sat Technology Co. Ltd., No. 11 Lianbao Rd, Shengfeng District, Xiaolan Town, Zhongshan City, Guangdong, China – 528400",./assets/images/downlights/Altair-Prime-15-mat-black-default.webp
Altair prime 15,ARAD1503,36V DC,350mA,5000K, CRI>97,Φ60*H120mm,15°,15W,AJ/CG,ARAS1560/50/15/CG,R-41159492,IS 10322 (PART 5/SEC1):2012,9899,"Guangdong Sat Technology Co. Ltd., No. 11 Lianbao Rd, Shengfeng District, Xiaolan Town, Zhongshan City, Guangdong, China – 528400",./assets/images/downlights/Altair-Prime-15-champeing-gold.webp
Altair prime 15,ARAD1503,36V DC,350mA,5000K, CRI>97,Φ60*H120mm,15°,15W,AJ/CG,ARAS1560/50/15/RG,R-41159492,IS 10322 (PART 5/SEC1):2012,9899,"Guangdong Sat Technology Co. Ltd., No. 11 Lianbao Rd, Shengfeng District, Xiaolan Town, Zhongshan City, Guangdong, China – 528400",./assets/images/downlights/Altair-Prime-15-rose-gold.webp
Altair prime 15,ARAD1503,36V DC,350mA,5000K, CRI>97,Φ60*H120mm,15°,15W,AJ/CG,ARAS1560/50/15/BR,R-41159492,IS 10322 (PART 5/SEC1):2012,9899,"Guangdong Sat Technology Co. Ltd., No. 11 Lianbao Rd, Shengfeng District, Xiaolan Town, Zhongshan City, Guangdong, China – 528400",./assets/images/downlights/Altair-Prime-15-brown.webp
Altair prime 15,ARAD1503,36V DC,350mA,5000K, CRI>97,Φ60*H120mm,15°,15W,AJ/CG,ARAS1560/50/15/COF,R-41159492,IS 10322 (PART 5/SEC1):2012,9899,"Guangdong Sat Technology Co. Ltd., No. 11 Lianbao Rd, Shengfeng District, Xiaolan Town, Zhongshan City, Guangdong, China – 528400",./assets/images/downlights/Altair-Prime-15-coffee.webp
Altair prime 15,ARAD1503,36V DC,350mA,5000K, CRI>97,Φ60*H120mm,15°,15W,AJ/CG,ARAS1560/50/15/DGR,R-41159492,IS 10322 (PART 5/SEC1):2012,9899,"Guangdong Sat Technology Co. Ltd., No. 11 Lianbao Rd, Shengfeng District, Xiaolan Town, Zhongshan City, Guangdong, China – 528400",./assets/images/downlights/Altair-Prime-15-dark-gray-default-001.webp
Altair prime 15,ARAD1503,36V DC,350mA,5000K, CRI>97,Φ60*H120mm,15°,15W,AJ/CG,ARAS1560/50/15/BB,R-41159492,IS 10322 (PART 5/SEC1):2012,9899,"Guangdong Sat Technology Co. Ltd., No. 11 Lianbao Rd, Shengfeng District, Xiaolan Town, Zhongshan City, Guangdong, China – 528400",./assets/images/downlights/Altair-Prime-15-ballet-blue.webp
Altair prime 15,ARAD1503,36V DC,350mA,5000K, CRI>97,Φ60*H120mm,15°,15W,AJ/CG,ARAS1560/50/15/CH,R-41159492,IS 10322 (PART 5/SEC1):2012,9899,"Guangdong Sat Technology Co. Ltd., No. 11 Lianbao Rd, Shengfeng District, Xiaolan Town, Zhongshan City, Guangdong, China – 528400",./assets/images/downlights/Altair-Prime-15-chrome.webp
Altair prime 15,ARAD1503,36V DC,350mA,5000K, CRI>97,Φ60*H120mm,15°,15W,AJ/CG,ARAS1560/50/15/CHB,R-41159492,IS 10322 (PART 5/SEC1):2012,9899,"Guangdong Sat Technology Co. Ltd., No. 11 Lianbao Rd, Shengfeng District, Xiaolan Town, Zhongshan City, Guangdong, China – 528400",./assets/images/downlights/Altair-Prime-15-chrome-black.webp
Altair prime 15,ARAD1503,36V DC,350mA,2700K, CRI>97,Φ60*H120mm,24°,15W,AJ/CG,ARAS1560/27/24/W,R-41159492,IS 10322 (PART 5/SEC1):2012,8899,"Guangdong Sat Technology Co. Ltd., No. 11 Lianbao Rd, Shengfeng District, Xiaolan Town, Zhongshan City, Guangdong, China – 528400",./assets/images/downlights/Altair-Prime-15-white.webp
Altair prime 15,ARAD1503,36V DC,350mA,2700K, CRI>97,Φ60*H120mm,24°,15W,AJ/CG,ARAS1560/27/24/B,R-41159492,IS 10322 (PART 5/SEC1):2012,8899,"Guangdong Sat Technology Co. Ltd., No. 11 Lianbao Rd, Shengfeng District, Xiaolan Town, Zhongshan City, Guangdong, China – 528400",./assets/images/downlights/Altair-Prime-15-mat-black-default.webp
Altair prime 15,ARAD1503,36V DC,350mA,2700K, CRI>97,Φ60*H120mm,24°,15W,AJ/CG,ARAS1560/27/24/CG,R-41159492,IS 10322 (PART 5/SEC1):2012,9899,"Guangdong Sat Technology Co. Ltd., No. 11 Lianbao Rd, Shengfeng District, Xiaolan Town, Zhongshan City, Guangdong, China – 528400",./assets/images/downlights/Altair-Prime-15-champeing-gold.webp
Altair prime 15,ARAD1503,36V DC,350mA,2700K, CRI>97,Φ60*H120mm,24°,15W,AJ/CG,ARAS1560/27/24/RG,R-41159492,IS 10322 (PART 5/SEC1):2012,9899,"Guangdong Sat Technology Co. Ltd., No. 11 Lianbao Rd, Shengfeng District, Xiaolan Town, Zhongshan City, Guangdong, China – 528400",./assets/images/downlights/Altair-Prime-15-rose-gold.webp
Altair prime 15,ARAD1503,36V DC,350mA,2700K, CRI>97,Φ60*H120mm,24°,15W,AJ/CG,ARAS1560/27/24/BR,R-41159492,IS 10322 (PART 5/SEC1):2012,9899,"Guangdong Sat Technology Co. Ltd., No. 11 Lianbao Rd, Shengfeng District, Xiaolan Town, Zhongshan City, Guangdong, China – 528400",./assets/images/downlights/Altair-Prime-15-brown.webp
Altair prime 15,ARAD1503,36V DC,350mA,2700K, CRI>97,Φ60*H120mm,24°,15W,AJ/CG,ARAS1560/27/24/COF,R-41159492,IS 10322 (PART 5/SEC1):2012,9899,"Guangdong Sat Technology Co. Ltd., No. 11 Lianbao Rd, Shengfeng District, Xiaolan Town, Zhongshan City, Guangdong, China – 528400",./assets/images/downlights/Altair-Prime-15-coffee.webp
Altair prime 15,ARAD1503,36V DC,350mA,2700K, CRI>97,Φ60*H120mm,24°,15W,AJ/CG,ARAS1560/27/24/DGR,R-41159492,IS 10322 (PART 5/SEC1):2012,9899,"Guangdong Sat Technology Co. Ltd., No. 11 Lianbao Rd, Shengfeng District, Xiaolan Town, Zhongshan City, Guangdong, China – 528400",./assets/images/downlights/Altair-Prime-15-dark-gray-default-001.webp
Altair prime 15,ARAD1503,36V DC,350mA,2700K, CRI>97,Φ60*H120mm,24°,15W,AJ/CG,ARAS1560/27/24/BB,R-41159492,IS 10322 (PART 5/SEC1):2012,9899,"Guangdong Sat Technology Co. Ltd., No. 11 Lianbao Rd, Shengfeng District, Xiaolan Town, Zhongshan City, Guangdong, China – 528400",./assets/images/downlights/Altair-Prime-15-ballet-blue.webp
Altair prime 15,ARAD1503,36V DC,350mA,2700K, CRI>97,Φ60*H120mm,24°,15W,AJ/CG,ARAS1560/27/24/CH,R-41159492,IS 10322 (PART 5/SEC1):2012,9899,"Guangdong Sat Technology Co. Ltd., No. 11 Lianbao Rd, Shengfeng District, Xiaolan Town, Zhongshan City, Guangdong, China – 528400",./assets/images/downlights/Altair-Prime-15-chrome.webp
Altair prime 15,ARAD1503,36V DC,350mA,2700K, CRI>97,Φ60*H120mm,24°,15W,AJ/CG,ARAS1560/27/24/CHB,R-41159492,IS 10322 (PART 5/SEC1):2012,9899,"Guangdong Sat Technology Co. Ltd., No. 11 Lianbao Rd, Shengfeng District, Xiaolan Town, Zhongshan City, Guangdong, China – 528400",./assets/images/downlights/Altair-Prime-15-chrome-black.webp
Altair prime 15,ARAD1503,36V DC,350mA,3000K, CRI>97,Φ60*H120mm,24°,15W,AJ/CG,ARAS1560/30/24/W,R-41159492,IS 10322 (PART 5/SEC1):2012,8899,"Guangdong Sat Technology Co. Ltd., No. 11 Lianbao Rd, Shengfeng District, Xiaolan Town, Zhongshan City, Guangdong, China – 528400",./assets/images/downlights/Altair-Prime-15-white.webp
Altair prime 15,ARAD1503,36V DC,350mA,3000K, CRI>97,Φ60*H120mm,24°,15W,AJ/CG,ARAS1560/30/24/B,R-41159492,IS 10322 (PART 5/SEC1):2012,8899,"Guangdong Sat Technology Co. Ltd., No. 11 Lianbao Rd, Shengfeng District, Xiaolan Town, Zhongshan City, Guangdong, China – 528400",./assets/images/downlights/Altair-Prime-15-mat-black-default.webp
Altair prime 15,ARAD1503,36V DC,350mA,3000K, CRI>97,Φ60*H120mm,24°,15W,AJ/CG,ARAS1560/30/24/CG,R-41159492,IS 10322 (PART 5/SEC1):2012,9899,"Guangdong Sat Technology Co. Ltd., No. 11 Lianbao Rd, Shengfeng District, Xiaolan Town, Zhongshan City, Guangdong, China – 528400",./assets/images/downlights/Altair-Prime-15-champeing-gold.webp
Altair prime 15,ARAD1503,36V DC,350mA,3000K, CRI>97,Φ60*H120mm,24°,15W,AJ/CG,ARAS1560/30/24/RG,R-41159492,IS 10322 (PART 5/SEC1):2012,9899,"Guangdong Sat Technology Co. Ltd., No. 11 Lianbao Rd, Shengfeng District, Xiaolan Town, Zhongshan City, Guangdong, China – 528400",./assets/images/downlights/Altair-Prime-15-rose-gold.webp
Altair prime 15,ARAD1503,36V DC,350mA,3000K, CRI>97,Φ60*H120mm,24°,15W,AJ/CG,ARAS1560/30/24/BR,R-41159492,IS 10322 (PART 5/SEC1):2012,9899,"Guangdong Sat Technology Co. Ltd., No. 11 Lianbao Rd, Shengfeng District, Xiaolan Town, Zhongshan City, Guangdong, China – 528400",./assets/images/downlights/Altair-Prime-15-brown.webp
Altair prime 15,ARAD1503,36V DC,350mA,3000K, CRI>97,Φ60*H120mm,24°,15W,AJ/CG,ARAS1560/30/24/COF,R-41159492,IS 10322 (PART 5/SEC1):2012,9899,"Guangdong Sat Technology Co. Ltd., No. 11 Lianbao Rd, Shengfeng District, Xiaolan Town, Zhongshan City, Guangdong, China – 528400",./assets/images/downlights/Altair-Prime-15-coffee.webp
Altair prime 15,ARAD1503,36V DC,350mA,3000K, CRI>97,Φ60*H120mm,24°,15W,AJ/CG,ARAS1560/30/24/DGR,R-41159492,IS 10322 (PART 5/SEC1):2012,9899,"Guangdong Sat Technology Co. Ltd., No. 11 Lianbao Rd, Shengfeng District, Xiaolan Town, Zhongshan City, Guangdong, China – 528400",./assets/images/downlights/Altair-Prime-15-dark-gray-default-001.webp
Altair prime 15,ARAD1503,36V DC,350mA,3000K, CRI>97,Φ60*H120mm,24°,15W,AJ/CG,ARAS1560/30/24/BB,R-41159492,IS 10322 (PART 5/SEC1):2012,9899,"Guangdong Sat Technology Co. Ltd., No. 11 Lianbao Rd, Shengfeng District, Xiaolan Town, Zhongshan City, Guangdong, China – 528400",./assets/images/downlights/Altair-Prime-15-ballet-blue.webp
Altair prime 15,ARAD1503,36V DC,350mA,3000K, CRI>97,Φ60*H120mm,24°,15W,AJ/CG,ARAS1560/30/24/CH,R-41159492,IS 10322 (PART 5/SEC1):2012,9899,"Guangdong Sat Technology Co. Ltd., No. 11 Lianbao Rd, Shengfeng District, Xiaolan Town, Zhongshan City, Guangdong, China – 528400",./assets/images/downlights/Altair-Prime-15-chrome.webp
Altair prime 15,ARAD1503,36V DC,350mA,3000K, CRI>97,Φ60*H120mm,24°,15W,AJ/CG,ARAS1560/30/24/CHB,R-41159492,IS 10322 (PART 5/SEC1):2012,9899,"Guangdong Sat Technology Co. Ltd., No. 11 Lianbao Rd, Shengfeng District, Xiaolan Town, Zhongshan City, Guangdong, China – 528400",./assets/images/downlights/Altair-Prime-15-chrome-black.webp
Altair prime 15,ARAD1503,36V DC,350mA,3500K, CRI>97,Φ60*H120mm,24°,15W,AJ/CG,ARAS1560/35/24/W,R-41159492,IS 10322 (PART 5/SEC1):2012,8899,"Guangdong Sat Technology Co. Ltd., No. 11 Lianbao Rd, Shengfeng District, Xiaolan Town, Zhongshan City, Guangdong, China – 528400",./assets/images/downlights/Altair-Prime-15-white.webp
Altair prime 15,ARAD1503,36V DC,350mA,3500K, CRI>97,Φ60*H120mm,24°,15W,AJ/CG,ARAS1560/35/24/B,R-41159492,IS 10322 (PART 5/SEC1):2012,8899,"Guangdong Sat Technology Co. Ltd., No. 11 Lianbao Rd, Shengfeng District, Xiaolan Town, Zhongshan City, Guangdong, China – 528400",./assets/images/downlights/Altair-Prime-15-mat-black-default.webp
Altair prime 15,ARAD1503,36V DC,350mA,3500K, CRI>97,Φ60*H120mm,24°,15W,AJ/CG,ARAS1560/35/24/CG,R-41159492,IS 10322 (PART 5/SEC1):2012,9899,"Guangdong Sat Technology Co. Ltd., No. 11 Lianbao Rd, Shengfeng District, Xiaolan Town, Zhongshan City, Guangdong, China – 528400",./assets/images/downlights/Altair-Prime-15-champeing-gold.webp
Altair prime 15,ARAD1503,36V DC,350mA,3500K, CRI>97,Φ60*H120mm,24°,15W,AJ/CG,ARAS1560/35/24/RG,R-41159492,IS 10322 (PART 5/SEC1):2012,9899,"Guangdong Sat Technology Co. Ltd., No. 11 Lianbao Rd, Shengfeng District, Xiaolan Town, Zhongshan City, Guangdong, China – 528400",./assets/images/downlights/Altair-Prime-15-rose-gold.webp
Altair prime 15,ARAD1503,36V DC,350mA,3500K, CRI>97,Φ60*H120mm,24°,15W,AJ/CG,ARAS1560/35/24/BR,R-41159492,IS 10322 (PART 5/SEC1):2012,9899,"Guangdong Sat Technology Co. Ltd., No. 11 Lianbao Rd, Shengfeng District, Xiaolan Town, Zhongshan City, Guangdong, China – 528400",./assets/images/downlights/Altair-Prime-15-brown.webp
Altair prime 15,ARAD1503,36V DC,350mA,3500K, CRI>97,Φ60*H120mm,24°,15W,AJ/CG,ARAS1560/35/24/COF,R-41159492,IS 10322 (PART 5/SEC1):2012,9899,"Guangdong Sat Technology Co. Ltd., No. 11 Lianbao Rd, Shengfeng District, Xiaolan Town, Zhongshan City, Guangdong, China – 528400",./assets/images/downlights/Altair-Prime-15-coffee.webp
Altair prime 15,ARAD1503,36V DC,350mA,3500K, CRI>97,Φ60*H120mm,24°,15W,AJ/CG,ARAS1560/35/24/DGR,R-41159492,IS 10322 (PART 5/SEC1):2012,9899,"Guangdong Sat Technology Co. Ltd., No. 11 Lianbao Rd, Shengfeng District, Xiaolan Town, Zhongshan City, Guangdong, China – 528400",./assets/images/downlights/Altair-Prime-15-dark-gray-default-001.webp
Altair prime 15,ARAD1503,36V DC,350mA,3500K, CRI>97,Φ60*H120mm,24°,15W,AJ/CG,ARAS1560/35/24/BB,R-41159492,IS 10322 (PART 5/SEC1):2012,9899,"Guangdong Sat Technology Co. Ltd., No. 11 Lianbao Rd, Shengfeng District, Xiaolan Town, Zhongshan City, Guangdong, China – 528400",./assets/images/downlights/Altair-Prime-15-ballet-blue.webp
Altair prime 15,ARAD1503,36V DC,350mA,3500K, CRI>97,Φ60*H120mm,24°,15W,AJ/CG,ARAS1560/35/24/CH,R-41159492,IS 10322 (PART 5/SEC1):2012,9899,"Guangdong Sat Technology Co. Ltd., No. 11 Lianbao Rd, Shengfeng District, Xiaolan Town, Zhongshan City, Guangdong, China – 528400",./assets/images/downlights/Altair-Prime-15-chrome.webp
Altair prime 15,ARAD1503,36V DC,350mA,3500K, CRI>97,Φ60*H120mm,24°,15W,AJ/CG,ARAS1560/35/24/CHB,R-41159492,IS 10322 (PART 5/SEC1):2012,9899,"Guangdong Sat Technology Co. Ltd., No. 11 Lianbao Rd, Shengfeng District, Xiaolan Town, Zhongshan City, Guangdong, China – 528400",./assets/images/downlights/Altair-Prime-15-chrome-black.webp
Altair prime 15,ARAD1503,36V DC,350mA,4000K, CRI>97,Φ60*H120mm,24°,15W,AJ/CG,ARAS1560/40/24/W,R-41159492,IS 10322 (PART 5/SEC1):2012,8899,"Guangdong Sat Technology Co. Ltd., No. 11 Lianbao Rd, Shengfeng District, Xiaolan Town, Zhongshan City, Guangdong, China – 528400",./assets/images/downlights/Altair-Prime-15-white.webp
Altair prime 15,ARAD1503,36V DC,350mA,4000K, CRI>97,Φ60*H120mm,24°,15W,AJ/CG,ARAS1560/40/24/B,R-41159492,IS 10322 (PART 5/SEC1):2012,8899,"Guangdong Sat Technology Co. Ltd., No. 11 Lianbao Rd, Shengfeng District, Xiaolan Town, Zhongshan City, Guangdong, China – 528400",./assets/images/downlights/Altair-Prime-15-mat-black-default.webp
Altair prime 15,ARAD1503,36V DC,350mA,4000K, CRI>97,Φ60*H120mm,24°,15W,AJ/CG,ARAS1560/40/24/CG,R-41159492,IS 10322 (PART 5/SEC1):2012,9899,"Guangdong Sat Technology Co. Ltd., No. 11 Lianbao Rd, Shengfeng District, Xiaolan Town, Zhongshan City, Guangdong, China – 528400",./assets/images/downlights/Altair-Prime-15-champeing-gold.webp
Altair prime 15,ARAD1503,36V DC,350mA,4000K, CRI>97,Φ60*H120mm,24°,15W,AJ/CG,ARAS1560/40/24/RG,R-41159492,IS 10322 (PART 5/SEC1):2012,9899,"Guangdong Sat Technology Co. Ltd., No. 11 Lianbao Rd, Shengfeng District, Xiaolan Town, Zhongshan City, Guangdong, China – 528400",./assets/images/downlights/Altair-Prime-15-rose-gold.webp
Altair prime 15,ARAD1503,36V DC,350mA,4000K, CRI>97,Φ60*H120mm,24°,15W,AJ/CG,ARAS1560/40/24/BR,R-41159492,IS 10322 (PART 5/SEC1):2012,9899,"Guangdong Sat Technology Co. Ltd., No. 11 Lianbao Rd, Shengfeng District, Xiaolan Town, Zhongshan City, Guangdong, China – 528400",./assets/images/downlights/Altair-Prime-15-brown.webp
Altair prime 15,ARAD1503,36V DC,350mA,4000K, CRI>97,Φ60*H120mm,24°,15W,AJ/CG,ARAS1560/40/24/COF,R-41159492,IS 10322 (PART 5/SEC1):2012,9899,"Guangdong Sat Technology Co. Ltd., No. 11 Lianbao Rd, Shengfeng District, Xiaolan Town, Zhongshan City, Guangdong, China – 528400",./assets/images/downlights/Altair-Prime-15-coffee.webp
Altair prime 15,ARAD1503,36V DC,350mA,4000K, CRI>97,Φ60*H120mm,24°,15W,AJ/CG,ARAS1560/40/24/DGR,R-41159492,IS 10322 (PART 5/SEC1):2012,9899,"Guangdong Sat Technology Co. Ltd., No. 11 Lianbao Rd, Shengfeng District, Xiaolan Town, Zhongshan City, Guangdong, China – 528400",./assets/images/downlights/Altair-Prime-15-dark-gray-default-001.webp
Altair prime 15,ARAD1503,36V DC,350mA,4000K, CRI>97,Φ60*H120mm,24°,15W,AJ/CG,ARAS1560/40/24/BB,R-41159492,IS 10322 (PART 5/SEC1):2012,9899,"Guangdong Sat Technology Co. Ltd., No. 11 Lianbao Rd, Shengfeng District, Xiaolan Town, Zhongshan City, Guangdong, China – 528400",./assets/images/downlights/Altair-Prime-15-ballet-blue.webp
Altair prime 15,ARAD1503,36V DC,350mA,4000K, CRI>97,Φ60*H120mm,24°,15W,AJ/CG,ARAS1560/40/24/CH,R-41159492,IS 10322 (PART 5/SEC1):2012,9899,"Guangdong Sat Technology Co. Ltd., No. 11 Lianbao Rd, Shengfeng District, Xiaolan Town, Zhongshan City, Guangdong, China – 528400",./assets/images/downlights/Altair-Prime-15-chrome.webp
Altair prime 15,ARAD1503,36V DC,350mA,4000K, CRI>97,Φ60*H120mm,24°,15W,AJ/CG,ARAS1560/40/24/CHB,R-41159492,IS 10322 (PART 5/SEC1):2012,9899,"Guangdong Sat Technology Co. Ltd., No. 11 Lianbao Rd, Shengfeng District, Xiaolan Town, Zhongshan City, Guangdong, China – 528400",./assets/images/downlights/Altair-Prime-15-chrome-black.webp
Altair prime 15,ARAD1503,36V DC,350mA,5000K, CRI>97,Φ60*H120mm,24°,15W,AJ/CG,ARAS1560/50/24/W,R-41159492,IS 10322 (PART 5/SEC1):2012,8899,"Guangdong Sat Technology Co. Ltd., No. 11 Lianbao Rd, Shengfeng District, Xiaolan Town, Zhongshan City, Guangdong, China – 528400",./assets/images/downlights/Altair-Prime-15-white.webp
Altair prime 15,ARAD1503,36V DC,350mA,5000K, CRI>97,Φ60*H120mm,24°,15W,AJ/CG,ARAS1560/50/24/B,R-41159492,IS 10322 (PART 5/SEC1):2012,8899,"Guangdong Sat Technology Co. Ltd., No. 11 Lianbao Rd, Shengfeng District, Xiaolan Town, Zhongshan City, Guangdong, China – 528400",./assets/images/downlights/Altair-Prime-15-mat-black-default.webp
Altair prime 15,ARAD1503,36V DC,350mA,5000K, CRI>97,Φ60*H120mm,24°,15W,AJ/CG,ARAS1560/50/24/CG,R-41159492,IS 10322 (PART 5/SEC1):2012,9899,"Guangdong Sat Technology Co. Ltd., No. 11 Lianbao Rd, Shengfeng District, Xiaolan Town, Zhongshan City, Guangdong, China – 528400",./assets/images/downlights/Altair-Prime-15-champeing-gold.webp
Altair prime 15,ARAD1503,36V DC,350mA,5000K, CRI>97,Φ60*H120mm,24°,15W,AJ/CG,ARAS1560/50/24/RG,R-41159492,IS 10322 (PART 5/SEC1):2012,9899,"Guangdong Sat Technology Co. Ltd., No. 11 Lianbao Rd, Shengfeng District, Xiaolan Town, Zhongshan City, Guangdong, China – 528400",./assets/images/downlights/Altair-Prime-15-rose-gold.webp
Altair prime 15,ARAD1503,36V DC,350mA,5000K, CRI>97,Φ60*H120mm,24°,15W,AJ/CG,ARAS1560/50/24/BR,R-41159492,IS 10322 (PART 5/SEC1):2012,9899,"Guangdong Sat Technology Co. Ltd., No. 11 Lianbao Rd, Shengfeng District, Xiaolan Town, Zhongshan City, Guangdong, China – 528400",./assets/images/downlights/Altair-Prime-15-brown.webp
Altair prime 15,ARAD1503,36V DC,350mA,5000K, CRI>97,Φ60*H120mm,24°,15W,AJ/CG,ARAS1560/50/24/COF,R-41159492,IS 10322 (PART 5/SEC1):2012,9899,"Guangdong Sat Technology Co. Ltd., No. 11 Lianbao Rd, Shengfeng District, Xiaolan Town, Zhongshan City, Guangdong, China – 528400",./assets/images/downlights/Altair-Prime-15-coffee.webp
Altair prime 15,ARAD1503,36V DC,350mA,5000K, CRI>97,Φ60*H120mm,24°,15W,AJ/CG,ARAS1560/50/24/DGR,R-41159492,IS 10322 (PART 5/SEC1):2012,9899,"Guangdong Sat Technology Co. Ltd., No. 11 Lianbao Rd, Shengfeng District, Xiaolan Town, Zhongshan City, Guangdong, China – 528400",./assets/images/downlights/Altair-Prime-15-dark-gray-default-001.webp
Altair prime 15,ARAD1503,36V DC,350mA,5000K, CRI>97,Φ60*H120mm,24°,15W,AJ/CG,ARAS1560/50/24/BB,R-41159492,IS 10322 (PART 5/SEC1):2012,9899,"Guangdong Sat Technology Co. Ltd., No. 11 Lianbao Rd, Shengfeng District, Xiaolan Town, Zhongshan City, Guangdong, China – 528400",./assets/images/downlights/Altair-Prime-15-ballet-blue.webp
Altair prime 15,ARAD1503,36V DC,350mA,5000K, CRI>97,Φ60*H120mm,24°,15W,AJ/CG,ARAS1560/50/24/CH,R-41159492,IS 10322 (PART 5/SEC1):2012,9899,"Guangdong Sat Technology Co. Ltd., No. 11 Lianbao Rd, Shengfeng District, Xiaolan Town, Zhongshan City, Guangdong, China – 528400",./assets/images/downlights/Altair-Prime-15-chrome.webp
Altair prime 15,ARAD1503,36V DC,350mA,5000K, CRI>97,Φ60*H120mm,24°,15W,AJ/CG,ARAS1560/50/24/CHB,R-41159492,IS 10322 (PART 5/SEC1):2012,9899,"Guangdong Sat Technology Co. Ltd., No. 11 Lianbao Rd, Shengfeng District, Xiaolan Town, Zhongshan City, Guangdong, China – 528400",./assets/images/downlights/Altair-Prime-15-chrome-black.webp
Altair prime 15,ARAD1503,36V DC,350mA,2700K, CRI>97,Φ60*H120mm,36°,15W,AJ/CG,ARAS1560/27/36/W,R-41159492,IS 10322 (PART 5/SEC1):2012,8899,"Guangdong Sat Technology Co. Ltd., No. 11 Lianbao Rd, Shengfeng District, Xiaolan Town, Zhongshan City, Guangdong, China – 528400",./assets/images/downlights/Altair-Prime-15-white.webp
Altair prime 15,ARAD1503,36V DC,350mA,2700K, CRI>97,Φ60*H120mm,36°,15W,AJ/CG,ARAS1560/27/36/B,R-41159492,IS 10322 (PART 5/SEC1):2012,8899,"Guangdong Sat Technology Co. Ltd., No. 11 Lianbao Rd, Shengfeng District, Xiaolan Town, Zhongshan City, Guangdong, China – 528400",./assets/images/downlights/Altair-Prime-15-mat-black-default.webp
Altair prime 15,ARAD1503,36V DC,350mA,2700K, CRI>97,Φ60*H120mm,36°,15W,AJ/CG,ARAS1560/27/36/CG,R-41159492,IS 10322 (PART 5/SEC1):2012,9899,"Guangdong Sat Technology Co. Ltd., No. 11 Lianbao Rd, Shengfeng District, Xiaolan Town, Zhongshan City, Guangdong, China – 528400",./assets/images/downlights/Altair-Prime-15-champeing-gold.webp
Altair prime 15,ARAD1503,36V DC,350mA,2700K, CRI>97,Φ60*H120mm,36°,15W,AJ/CG,ARAS1560/27/36/RG,R-41159492,IS 10322 (PART 5/SEC1):2012,9899,"Guangdong Sat Technology Co. Ltd., No. 11 Lianbao Rd, Shengfeng District, Xiaolan Town, Zhongshan City, Guangdong, China – 528400",./assets/images/downlights/Altair-Prime-15-rose-gold.webp
Altair prime 15,ARAD1503,36V DC,350mA,2700K, CRI>97,Φ60*H120mm,36°,15W,AJ/CG,ARAS1560/27/36/BR,R-41159492,IS 10322 (PART 5/SEC1):2012,9899,"Guangdong Sat Technology Co. Ltd., No. 11 Lianbao Rd, Shengfeng District, Xiaolan Town, Zhongshan City, Guangdong, China – 528400",./assets/images/downlights/Altair-Prime-15-brown.webp
Altair prime 15,ARAD1503,36V DC,350mA,2700K, CRI>97,Φ60*H120mm,36°,15W,AJ/CG,ARAS1560/27/36/COF,R-41159492,IS 10322 (PART 5/SEC1):2012,9899,"Guangdong Sat Technology Co. Ltd., No. 11 Lianbao Rd, Shengfeng District, Xiaolan Town, Zhongshan City, Guangdong, China – 528400",./assets/images/downlights/Altair-Prime-15-coffee.webp
Altair prime 15,ARAD1503,36V DC,350mA,2700K, CRI>97,Φ60*H120mm,36°,15W,AJ/CG,ARAS1560/27/36/DGR,R-41159492,IS 10322 (PART 5/SEC1):2012,9899,"Guangdong Sat Technology Co. Ltd., No. 11 Lianbao Rd, Shengfeng District, Xiaolan Town, Zhongshan City, Guangdong, China – 528400",./assets/images/downlights/Altair-Prime-15-dark-gray-default-001.webp
Altair prime 15,ARAD1503,36V DC,350mA,2700K, CRI>97,Φ60*H120mm,36°,15W,AJ/CG,ARAS1560/27/36/BB,R-41159492,IS 10322 (PART 5/SEC1):2012,9899,"Guangdong Sat Technology Co. Ltd., No. 11 Lianbao Rd, Shengfeng District, Xiaolan Town, Zhongshan City, Guangdong, China – 528400",./assets/images/downlights/Altair-Prime-15-ballet-blue.webp
Altair prime 15,ARAD1503,36V DC,350mA,2700K, CRI>97,Φ60*H120mm,36°,15W,AJ/CG,ARAS1560/27/36/CH,R-41159492,IS 10322 (PART 5/SEC1):2012,9899,"Guangdong Sat Technology Co. Ltd., No. 11 Lianbao Rd, Shengfeng District, Xiaolan Town, Zhongshan City, Guangdong, China – 528400",./assets/images/downlights/Altair-Prime-15-chrome.webp
Altair prime 15,ARAD1503,36V DC,350mA,2700K, CRI>97,Φ60*H120mm,36°,15W,AJ/CG,ARAS1560/27/36/CHB,R-41159492,IS 10322 (PART 5/SEC1):2012,9899,"Guangdong Sat Technology Co. Ltd., No. 11 Lianbao Rd, Shengfeng District, Xiaolan Town, Zhongshan City, Guangdong, China – 528400",./assets/images/downlights/Altair-Prime-15-chrome-black.webp
Altair prime 15,ARAD1503,36V DC,350mA,3000K, CRI>97,Φ60*H120mm,36°,15W,AJ/CG,ARAS1560/30/36/W,R-41159492,IS 10322 (PART 5/SEC1):2012,8899,"Guangdong Sat Technology Co. Ltd., No. 11 Lianbao Rd, Shengfeng District, Xiaolan Town, Zhongshan City, Guangdong, China – 528400",./assets/images/downlights/Altair-Prime-15-white.webp
Altair prime 15,ARAD1503,36V DC,350mA,3000K, CRI>97,Φ60*H120mm,36°,15W,AJ/CG,ARAS1560/30/36/B,R-41159492,IS 10322 (PART 5/SEC1):2012,8899,"Guangdong Sat Technology Co. Ltd., No. 11 Lianbao Rd, Shengfeng District, Xiaolan Town, Zhongshan City, Guangdong, China – 528400",./assets/images/downlights/Altair-Prime-15-mat-black-default.webp
Altair prime 15,ARAD1503,36V DC,350mA,3000K, CRI>97,Φ60*H120mm,36°,15W,AJ/CG,ARAS1560/30/36/CG,R-41159492,IS 10322 (PART 5/SEC1):2012,9899,"Guangdong Sat Technology Co. Ltd., No. 11 Lianbao Rd, Shengfeng District, Xiaolan Town, Zhongshan City, Guangdong, China – 528400",./assets/images/downlights/Altair-Prime-15-champeing-gold.webp
Altair prime 15,ARAD1503,36V DC,350mA,3000K, CRI>97,Φ60*H120mm,36°,15W,AJ/CG,ARAS1560/30/36/RG,R-41159492,IS 10322 (PART 5/SEC1):2012,9899,"Guangdong Sat Technology Co. Ltd., No. 11 Lianbao Rd, Shengfeng District, Xiaolan Town, Zhongshan City, Guangdong, China – 528400",./assets/images/downlights/Altair-Prime-15-rose-gold.webp
Altair prime 15,ARAD1503,36V DC,350mA,3000K, CRI>97,Φ60*H120mm,36°,15W,AJ/CG,ARAS1560/30/36/BR,R-41159492,IS 10322 (PART 5/SEC1):2012,9899,"Guangdong Sat Technology Co. Ltd., No. 11 Lianbao Rd, Shengfeng District, Xiaolan Town, Zhongshan City, Guangdong, China – 528400",./assets/images/downlights/Altair-Prime-15-brown.webp
Altair prime 15,ARAD1503,36V DC,350mA,3000K, CRI>97,Φ60*H120mm,36°,15W,AJ/CG,ARAS1560/30/36/COF,R-41159492,IS 10322 (PART 5/SEC1):2012,9899,"Guangdong Sat Technology Co. Ltd., No. 11 Lianbao Rd, Shengfeng District, Xiaolan Town, Zhongshan City, Guangdong, China – 528400",./assets/images/downlights/Altair-Prime-15-coffee.webp
Altair prime 15,ARAD1503,36V DC,350mA,3000K, CRI>97,Φ60*H120mm,36°,15W,AJ/CG,ARAS1560/30/36/DGR,R-41159492,IS 10322 (PART 5/SEC1):2012,9899,"Guangdong Sat Technology Co. Ltd., No. 11 Lianbao Rd, Shengfeng District, Xiaolan Town, Zhongshan City, Guangdong, China – 528400",./assets/images/downlights/Altair-Prime-15-dark-gray-default-001.webp
Altair prime 15,ARAD1503,36V DC,350mA,3000K, CRI>97,Φ60*H120mm,36°,15W,AJ/CG,ARAS1560/30/36/BB,R-41159492,IS 10322 (PART 5/SEC1):2012,9899,"Guangdong Sat Technology Co. Ltd., No. 11 Lianbao Rd, Shengfeng District, Xiaolan Town, Zhongshan City, Guangdong, China – 528400",./assets/images/downlights/Altair-Prime-15-ballet-blue.webp
Altair prime 15,ARAD1503,36V DC,350mA,3000K, CRI>97,Φ60*H120mm,36°,15W,AJ/CG,ARAS1560/30/36/CH,R-41159492,IS 10322 (PART 5/SEC1):2012,9899,"Guangdong Sat Technology Co. Ltd., No. 11 Lianbao Rd, Shengfeng District, Xiaolan Town, Zhongshan City, Guangdong, China – 528400",./assets/images/downlights/Altair-Prime-15-chrome.webp
Altair prime 15,ARAD1503,36V DC,350mA,3000K, CRI>97,Φ60*H120mm,36°,15W,AJ/CG,ARAS1560/30/36/CHB,R-41159492,IS 10322 (PART 5/SEC1):2012,9899,"Guangdong Sat Technology Co. Ltd., No. 11 Lianbao Rd, Shengfeng District, Xiaolan Town, Zhongshan City, Guangdong, China – 528400",./assets/images/downlights/Altair-Prime-15-chrome-black.webp
Altair prime 15,ARAD1503,36V DC,350mA,3500K, CRI>97,Φ60*H120mm,36°,15W,AJ/CG,ARAS1560/35/36/W,R-41159492,IS 10322 (PART 5/SEC1):2012,8899,"Guangdong Sat Technology Co. Ltd., No. 11 Lianbao Rd, Shengfeng District, Xiaolan Town, Zhongshan City, Guangdong, China – 528400",./assets/images/downlights/Altair-Prime-15-white.webp
Altair prime 15,ARAD1503,36V DC,350mA,3500K, CRI>97,Φ60*H120mm,36°,15W,AJ/CG,ARAS1560/35/36/B,R-41159492,IS 10322 (PART 5/SEC1):2012,8899,"Guangdong Sat Technology Co. Ltd., No. 11 Lianbao Rd, Shengfeng District, Xiaolan Town, Zhongshan City, Guangdong, China – 528400",./assets/images/downlights/Altair-Prime-15-mat-black-default.webp
Altair prime 15,ARAD1503,36V DC,350mA,3500K, CRI>97,Φ60*H120mm,36°,15W,AJ/CG,ARAS1560/35/36/CG,R-41159492,IS 10322 (PART 5/SEC1):2012,9899,"Guangdong Sat Technology Co. Ltd., No. 11 Lianbao Rd, Shengfeng District, Xiaolan Town, Zhongshan City, Guangdong, China – 528400",./assets/images/downlights/Altair-Prime-15-champeing-gold.webp
Altair prime 15,ARAD1503,36V DC,350mA,3500K, CRI>97,Φ60*H120mm,36°,15W,AJ/CG,ARAS1560/35/36/RG,R-41159492,IS 10322 (PART 5/SEC1):2012,9899,"Guangdong Sat Technology Co. Ltd., No. 11 Lianbao Rd, Shengfeng District, Xiaolan Town, Zhongshan City, Guangdong, China – 528400",./assets/images/downlights/Altair-Prime-15-rose-gold.webp
Altair prime 15,ARAD1503,36V DC,350mA,3500K, CRI>97,Φ60*H120mm,36°,15W,AJ/CG,ARAS1560/35/36/BR,R-41159492,IS 10322 (PART 5/SEC1):2012,9899,"Guangdong Sat Technology Co. Ltd., No. 11 Lianbao Rd, Shengfeng District, Xiaolan Town, Zhongshan City, Guangdong, China – 528400",./assets/images/downlights/Altair-Prime-15-brown.webp
Altair prime 15,ARAD1503,36V DC,350mA,3500K, CRI>97,Φ60*H120mm,36°,15W,AJ/CG,ARAS1560/35/36/COF,R-41159492,IS 10322 (PART 5/SEC1):2012,9899,"Guangdong Sat Technology Co. Ltd., No. 11 Lianbao Rd, Shengfeng District, Xiaolan Town, Zhongshan City, Guangdong, China – 528400",./assets/images/downlights/Altair-Prime-15-coffee.webp
Altair prime 15,ARAD1503,36V DC,350mA,3500K, CRI>97,Φ60*H120mm,36°,15W,AJ/CG,ARAS1560/35/36/DGR,R-41159492,IS 10322 (PART 5/SEC1):2012,9899,"Guangdong Sat Technology Co. Ltd., No. 11 Lianbao Rd, Shengfeng District, Xiaolan Town, Zhongshan City, Guangdong, China – 528400",./assets/images/downlights/Altair-Prime-15-dark-gray-default-001.webp
Altair prime 15,ARAD1503,36V DC,350mA,3500K, CRI>97,Φ60*H120mm,36°,15W,AJ/CG,ARAS1560/35/36/BB,R-41159492,IS 10322 (PART 5/SEC1):2012,9899,"Guangdong Sat Technology Co. Ltd., No. 11 Lianbao Rd, Shengfeng District, Xiaolan Town, Zhongshan City, Guangdong, China – 528400",./assets/images/downlights/Altair-Prime-15-ballet-blue.webp
Altair prime 15,ARAD1503,36V DC,350mA,3500K, CRI>97,Φ60*H120mm,36°,15W,AJ/CG,ARAS1560/35/36/CH,R-41159492,IS 10322 (PART 5/SEC1):2012,9899,"Guangdong Sat Technology Co. Ltd., No. 11 Lianbao Rd, Shengfeng District, Xiaolan Town, Zhongshan City, Guangdong, China – 528400",./assets/images/downlights/Altair-Prime-15-chrome.webp
Altair prime 15,ARAD1503,36V DC,350mA,3500K, CRI>97,Φ60*H120mm,36°,15W,AJ/CG,ARAS1560/35/36/CHB,R-41159492,IS 10322 (PART 5/SEC1):2012,9899,"Guangdong Sat Technology Co. Ltd., No. 11 Lianbao Rd, Shengfeng District, Xiaolan Town, Zhongshan City, Guangdong, China – 528400",./assets/images/downlights/Altair-Prime-15-chrome-black.webp
Altair prime 15,ARAD1503,36V DC,350mA,4000K, CRI>97,Φ60*H120mm,36°,15W,AJ/CG,ARAS1560/40/36/W,R-41159492,IS 10322 (PART 5/SEC1):2012,8899,"Guangdong Sat Technology Co. Ltd., No. 11 Lianbao Rd, Shengfeng District, Xiaolan Town, Zhongshan City, Guangdong, China – 528400",./assets/images/downlights/Altair-Prime-15-white.webp
Altair prime 15,ARAD1503,36V DC,350mA,4000K, CRI>97,Φ60*H120mm,36°,15W,AJ/CG,ARAS1560/40/36/B,R-41159492,IS 10322 (PART 5/SEC1):2012,8899,"Guangdong Sat Technology Co. Ltd., No. 11 Lianbao Rd, Shengfeng District, Xiaolan Town, Zhongshan City, Guangdong, China – 528400",./assets/images/downlights/Altair-Prime-15-mat-black-default.webp
Altair prime 15,ARAD1503,36V DC,350mA,4000K, CRI>97,Φ60*H120mm,36°,15W,AJ/CG,ARAS1560/40/36/CG,R-41159492,IS 10322 (PART 5/SEC1):2012,9899,"Guangdong Sat Technology Co. Ltd., No. 11 Lianbao Rd, Shengfeng District, Xiaolan Town, Zhongshan City, Guangdong, China – 528400",./assets/images/downlights/Altair-Prime-15-champeing-gold.webp
Altair prime 15,ARAD1503,36V DC,350mA,4000K, CRI>97,Φ60*H120mm,36°,15W,AJ/CG,ARAS1560/40/36/RG,R-41159492,IS 10322 (PART 5/SEC1):2012,9899,"Guangdong Sat Technology Co. Ltd., No. 11 Lianbao Rd, Shengfeng District, Xiaolan Town, Zhongshan City, Guangdong, China – 528400",./assets/images/downlights/Altair-Prime-15-rose-gold.webp
Altair prime 15,ARAD1503,36V DC,350mA,4000K, CRI>97,Φ60*H120mm,36°,15W,AJ/CG,ARAS1560/40/36/BR,R-41159492,IS 10322 (PART 5/SEC1):2012,9899,"Guangdong Sat Technology Co. Ltd., No. 11 Lianbao Rd, Shengfeng District, Xiaolan Town, Zhongshan City, Guangdong, China – 528400",./assets/images/downlights/Altair-Prime-15-brown.webp
Altair prime 15,ARAD1503,36V DC,350mA,4000K, CRI>97,Φ60*H120mm,36°,15W,AJ/CG,ARAS1560/40/36/COF,R-41159492,IS 10322 (PART 5/SEC1):2012,9899,"Guangdong Sat Technology Co. Ltd., No. 11 Lianbao Rd, Shengfeng District, Xiaolan Town, Zhongshan City, Guangdong, China – 528400",./assets/images/downlights/Altair-Prime-15-coffee.webp
Altair prime 15,ARAD1503,36V DC,350mA,4000K, CRI>97,Φ60*H120mm,36°,15W,AJ/CG,ARAS1560/40/36/DGR,R-41159492,IS 10322 (PART 5/SEC1):2012,9899,"Guangdong Sat Technology Co. Ltd., No. 11 Lianbao Rd, Shengfeng District, Xiaolan Town, Zhongshan City, Guangdong, China – 528400",./assets/images/downlights/Altair-Prime-15-dark-gray-default-001.webp
Altair prime 15,ARAD1503,36V DC,350mA,4000K, CRI>97,Φ60*H120mm,36°,15W,AJ/CG,ARAS1560/40/36/BB,R-41159492,IS 10322 (PART 5/SEC1):2012,9899,"Guangdong Sat Technology Co. Ltd., No. 11 Lianbao Rd, Shengfeng District, Xiaolan Town, Zhongshan City, Guangdong, China – 528400",./assets/images/downlights/Altair-Prime-15-ballet-blue.webp
Altair prime 15,ARAD1503,36V DC,350mA,4000K, CRI>97,Φ60*H120mm,36°,15W,AJ/CG,ARAS1560/40/36/CH,R-41159492,IS 10322 (PART 5/SEC1):2012,9899,"Guangdong Sat Technology Co. Ltd., No. 11 Lianbao Rd, Shengfeng District, Xiaolan Town, Zhongshan City, Guangdong, China – 528400",./assets/images/downlights/Altair-Prime-15-chrome.webp
Altair prime 15,ARAD1503,36V DC,350mA,4000K, CRI>97,Φ60*H120mm,36°,15W,AJ/CG,ARAS1560/40/36/CHB,R-41159492,IS 10322 (PART 5/SEC1):2012,9899,"Guangdong Sat Technology Co. Ltd., No. 11 Lianbao Rd, Shengfeng District, Xiaolan Town, Zhongshan City, Guangdong, China – 528400",./assets/images/downlights/Altair-Prime-15-chrome-black.webp
Altair prime 15,ARAD1503,36V DC,350mA,5000K, CRI>97,Φ60*H120mm,36°,15W,AJ/CG,ARAS1560/50/36/W,R-41159492,IS 10322 (PART 5/SEC1):2012,8899,"Guangdong Sat Technology Co. Ltd., No. 11 Lianbao Rd, Shengfeng District, Xiaolan Town, Zhongshan City, Guangdong, China – 528400",./assets/images/downlights/Altair-Prime-15-white.webp
Altair prime 15,ARAD1503,36V DC,350mA,5000K, CRI>97,Φ60*H120mm,36°,15W,AJ/CG,ARAS1560/50/36/B,R-41159492,IS 10322 (PART 5/SEC1):2012,8899,"Guangdong Sat Technology Co. Ltd., No. 11 Lianbao Rd, Shengfeng District, Xiaolan Town, Zhongshan City, Guangdong, China – 528400",./assets/images/downlights/Altair-Prime-15-mat-black-default.webp
Altair prime 15,ARAD1503,36V DC,350mA,5000K, CRI>97,Φ60*H120mm,36°,15W,AJ/CG,ARAS1560/50/36/CG,R-41159492,IS 10322 (PART 5/SEC1):2012,9899,"Guangdong Sat Technology Co. Ltd., No. 11 Lianbao Rd, Shengfeng District, Xiaolan Town, Zhongshan City, Guangdong, China – 528400",./assets/images/downlights/Altair-Prime-15-champeing-gold.webp
Altair prime 15,ARAD1503,36V DC,350mA,5000K, CRI>97,Φ60*H120mm,36°,15W,AJ/CG,ARAS1560/50/36/RG,R-41159492,IS 10322 (PART 5/SEC1):2012,9899,"Guangdong Sat Technology Co. Ltd., No. 11 Lianbao Rd, Shengfeng District, Xiaolan Town, Zhongshan City, Guangdong, China – 528400",./assets/images/downlights/Altair-Prime-15-rose-gold.webp
Altair prime 15,ARAD1503,36V DC,350mA,5000K, CRI>97,Φ60*H120mm,36°,15W,AJ/CG,ARAS1560/50/36/BR,R-41159492,IS 10322 (PART 5/SEC1):2012,9899,"Guangdong Sat Technology Co. Ltd., No. 11 Lianbao Rd, Shengfeng District, Xiaolan Town, Zhongshan City, Guangdong, China – 528400",./assets/images/downlights/Altair-Prime-15-brown.webp
Altair prime 15,ARAD1503,36V DC,350mA,5000K, CRI>97,Φ60*H120mm,36°,15W,AJ/CG,ARAS1560/50/36/COF,R-41159492,IS 10322 (PART 5/SEC1):2012,9899,"Guangdong Sat Technology Co. Ltd., No. 11 Lianbao Rd, Shengfeng District, Xiaolan Town, Zhongshan City, Guangdong, China – 528400",./assets/images/downlights/Altair-Prime-15-coffee.webp
Altair prime 15,ARAD1503,36V DC,350mA,5000K, CRI>97,Φ60*H120mm,36°,15W,AJ/CG,ARAS1560/50/36/DGR,R-41159492,IS 10322 (PART 5/SEC1):2012,9899,"Guangdong Sat Technology Co. Ltd., No. 11 Lianbao Rd, Shengfeng District, Xiaolan Town, Zhongshan City, Guangdong, China – 528400",./assets/images/downlights/Altair-Prime-15-dark-gray-default-001.webp
Altair prime 15,ARAD1503,36V DC,350mA,5000K, CRI>97,Φ60*H120mm,36°,15W,AJ/CG,ARAS1560/50/36/BB,R-41159492,IS 10322 (PART 5/SEC1):2012,9899,"Guangdong Sat Technology Co. Ltd., No. 11 Lianbao Rd, Shengfeng District, Xiaolan Town, Zhongshan City, Guangdong, China – 528400",./assets/images/downlights/Altair-Prime-15-ballet-blue.webp
Altair prime 15,ARAD1503,36V DC,350mA,5000K, CRI>97,Φ60*H120mm,36°,15W,AJ/CG,ARAS1560/50/36/CH,R-41159492,IS 10322 (PART 5/SEC1):2012,9899,"Guangdong Sat Technology Co. Ltd., No. 11 Lianbao Rd, Shengfeng District, Xiaolan Town, Zhongshan City, Guangdong, China – 528400",./assets/images/downlights/Altair-Prime-15-chrome.webp
Altair prime 15,ARAD1503,36V DC,350mA,5000K, CRI>97,Φ60*H120mm,36°,15W,AJ/CG,ARAS1560/50/36/CHB,R-41159492,IS 10322 (PART 5/SEC1):2012,9899,"Guangdong Sat Technology Co. Ltd., No. 11 Lianbao Rd, Shengfeng District, Xiaolan Town, Zhongshan City, Guangdong, China – 528400",./assets/images/downlights/Altair-Prime-15-chrome-black.webp
Altair prime 15,ARAD1503,36V DC,350mA,2700K, CRI>97,Φ60*H120mm,60°,15W,AJ/CG,ARAS1560/27/60/W,R-41159492,IS 10322 (PART 5/SEC1):2012,8899,"Guangdong Sat Technology Co. Ltd., No. 11 Lianbao Rd, Shengfeng District, Xiaolan Town, Zhongshan City, Guangdong, China – 528400",./assets/images/downlights/Altair-Prime-15-white.webp
Altair prime 15,ARAD1503,36V DC,350mA,2700K, CRI>97,Φ60*H120mm,60°,15W,AJ/CG,ARAS1560/27/60/B,R-41159492,IS 10322 (PART 5/SEC1):2012,8899,"Guangdong Sat Technology Co. Ltd., No. 11 Lianbao Rd, Shengfeng District, Xiaolan Town, Zhongshan City, Guangdong, China – 528400",./assets/images/downlights/Altair-Prime-15-mat-black-default.webp
Altair prime 15,ARAD1503,36V DC,350mA,2700K, CRI>97,Φ60*H120mm,60°,15W,AJ/CG,ARAS1560/27/60/CG,R-41159492,IS 10322 (PART 5/SEC1):2012,9899,"Guangdong Sat Technology Co. Ltd., No. 11 Lianbao Rd, Shengfeng District, Xiaolan Town, Zhongshan City, Guangdong, China – 528400",./assets/images/downlights/Altair-Prime-15-champeing-gold.webp
Altair prime 15,ARAD1503,36V DC,350mA,2700K, CRI>97,Φ60*H120mm,60°,15W,AJ/CG,ARAS1560/27/60/RG,R-41159492,IS 10322 (PART 5/SEC1):2012,9899,"Guangdong Sat Technology Co. Ltd., No. 11 Lianbao Rd, Shengfeng District, Xiaolan Town, Zhongshan City, Guangdong, China – 528400",./assets/images/downlights/Altair-Prime-15-rose-gold.webp
Altair prime 15,ARAD1503,36V DC,350mA,2700K, CRI>97,Φ60*H120mm,60°,15W,AJ/CG,ARAS1560/27/60/BR,R-41159492,IS 10322 (PART 5/SEC1):2012,9899,"Guangdong Sat Technology Co. Ltd., No. 11 Lianbao Rd, Shengfeng District, Xiaolan Town, Zhongshan City, Guangdong, China – 528400",./assets/images/downlights/Altair-Prime-15-brown.webp
Altair prime 15,ARAD1503,36V DC,350mA,2700K, CRI>97,Φ60*H120mm,60°,15W,AJ/CG,ARAS1560/27/60/COF,R-41159492,IS 10322 (PART 5/SEC1):2012,9899,"Guangdong Sat Technology Co. Ltd., No. 11 Lianbao Rd, Shengfeng District, Xiaolan Town, Zhongshan City, Guangdong, China – 528400",./assets/images/downlights/Altair-Prime-15-coffee.webp
Altair prime 15,ARAD1503,36V DC,350mA,2700K, CRI>97,Φ60*H120mm,60°,15W,AJ/CG,ARAS1560/27/60/DGR,R-41159492,IS 10322 (PART 5/SEC1):2012,9899,"Guangdong Sat Technology Co. Ltd., No. 11 Lianbao Rd, Shengfeng District, Xiaolan Town, Zhongshan City, Guangdong, China – 528400",./assets/images/downlights/Altair-Prime-15-dark-gray-default-001.webp
Altair prime 15,ARAD1503,36V DC,350mA,2700K, CRI>97,Φ60*H120mm,60°,15W,AJ/CG,ARAS1560/27/60/BB,R-41159492,IS 10322 (PART 5/SEC1):2012,9899,"Guangdong Sat Technology Co. Ltd., No. 11 Lianbao Rd, Shengfeng District, Xiaolan Town, Zhongshan City, Guangdong, China – 528400",./assets/images/downlights/Altair-Prime-15-ballet-blue.webp
Altair prime 15,ARAD1503,36V DC,350mA,2700K, CRI>97,Φ60*H120mm,60°,15W,AJ/CG,ARAS1560/27/60/CH,R-41159492,IS 10322 (PART 5/SEC1):2012,9899,"Guangdong Sat Technology Co. Ltd., No. 11 Lianbao Rd, Shengfeng District, Xiaolan Town, Zhongshan City, Guangdong, China – 528400",./assets/images/downlights/Altair-Prime-15-chrome.webp
Altair prime 15,ARAD1503,36V DC,350mA,2700K, CRI>97,Φ60*H120mm,60°,15W,AJ/CG,ARAS1560/27/60/CHB,R-41159492,IS 10322 (PART 5/SEC1):2012,9899,"Guangdong Sat Technology Co. Ltd., No. 11 Lianbao Rd, Shengfeng District, Xiaolan Town, Zhongshan City, Guangdong, China – 528400",./assets/images/downlights/Altair-Prime-15-chrome-black.webp
Altair prime 15,ARAD1503,36V DC,350mA,3000K, CRI>97,Φ60*H120mm,60°,15W,AJ/CG,ARAS1560/30/60/W,R-41159492,IS 10322 (PART 5/SEC1):2012,8899,"Guangdong Sat Technology Co. Ltd., No. 11 Lianbao Rd, Shengfeng District, Xiaolan Town, Zhongshan City, Guangdong, China – 528400",./assets/images/downlights/Altair-Prime-15-white.webp
Altair prime 15,ARAD1503,36V DC,350mA,3000K, CRI>97,Φ60*H120mm,60°,15W,AJ/CG,ARAS1560/30/60/B,R-41159492,IS 10322 (PART 5/SEC1):2012,8899,"Guangdong Sat Technology Co. Ltd., No. 11 Lianbao Rd, Shengfeng District, Xiaolan Town, Zhongshan City, Guangdong, China – 528400",./assets/images/downlights/Altair-Prime-15-mat-black-default.webp
Altair prime 15,ARAD1503,36V DC,350mA,3000K, CRI>97,Φ60*H120mm,60°,15W,AJ/CG,ARAS1560/30/60/CG,R-41159492,IS 10322 (PART 5/SEC1):2012,9899,"Guangdong Sat Technology Co. Ltd., No. 11 Lianbao Rd, Shengfeng District, Xiaolan Town, Zhongshan City, Guangdong, China – 528400",./assets/images/downlights/Altair-Prime-15-champeing-gold.webp
Altair prime 15,ARAD1503,36V DC,350mA,3000K, CRI>97,Φ60*H120mm,60°,15W,AJ/CG,ARAS1560/30/60/RG,R-41159492,IS 10322 (PART 5/SEC1):2012,9899,"Guangdong Sat Technology Co. Ltd., No. 11 Lianbao Rd, Shengfeng District, Xiaolan Town, Zhongshan City, Guangdong, China – 528400",./assets/images/downlights/Altair-Prime-15-rose-gold.webp
Altair prime 15,ARAD1503,36V DC,350mA,3000K, CRI>97,Φ60*H120mm,60°,15W,AJ/CG,ARAS1560/30/60/BR,R-41159492,IS 10322 (PART 5/SEC1):2012,9899,"Guangdong Sat Technology Co. Ltd., No. 11 Lianbao Rd, Shengfeng District, Xiaolan Town, Zhongshan City, Guangdong, China – 528400",./assets/images/downlights/Altair-Prime-15-brown.webp
Altair prime 15,ARAD1503,36V DC,350mA,3000K, CRI>97,Φ60*H120mm,60°,15W,AJ/CG,ARAS1560/30/60/COF,R-41159492,IS 10322 (PART 5/SEC1):2012,9899,"Guangdong Sat Technology Co. Ltd., No. 11 Lianbao Rd, Shengfeng District, Xiaolan Town, Zhongshan City, Guangdong, China – 528400",./assets/images/downlights/Altair-Prime-15-coffee.webp
Altair prime 15,ARAD1503,36V DC,350mA,3000K, CRI>97,Φ60*H120mm,60°,15W,AJ/CG,ARAS1560/30/60/DGR,R-41159492,IS 10322 (PART 5/SEC1):2012,9899,"Guangdong Sat Technology Co. Ltd., No. 11 Lianbao Rd, Shengfeng District, Xiaolan Town, Zhongshan City, Guangdong, China – 528400",./assets/images/downlights/Altair-Prime-15-dark-gray-default-001.webp
Altair prime 15,ARAD1503,36V DC,350mA,3000K, CRI>97,Φ60*H120mm,60°,15W,AJ/CG,ARAS1560/30/60/BB,R-41159492,IS 10322 (PART 5/SEC1):2012,9899,"Guangdong Sat Technology Co. Ltd., No. 11 Lianbao Rd, Shengfeng District, Xiaolan Town, Zhongshan City, Guangdong, China – 528400",./assets/images/downlights/Altair-Prime-15-ballet-blue.webp
Altair prime 15,ARAD1503,36V DC,350mA,3000K, CRI>97,Φ60*H120mm,60°,15W,AJ/CG,ARAS1560/30/60/CH,R-41159492,IS 10322 (PART 5/SEC1):2012,9899,"Guangdong Sat Technology Co. Ltd., No. 11 Lianbao Rd, Shengfeng District, Xiaolan Town, Zhongshan City, Guangdong, China – 528400",./assets/images/downlights/Altair-Prime-15-chrome.webp
Altair prime 15,ARAD1503,36V DC,350mA,3000K, CRI>97,Φ60*H120mm,60°,15W,AJ/CG,ARAS1560/30/60/CHB,R-41159492,IS 10322 (PART 5/SEC1):2012,9899,"Guangdong Sat Technology Co. Ltd., No. 11 Lianbao Rd, Shengfeng District, Xiaolan Town, Zhongshan City, Guangdong, China – 528400",./assets/images/downlights/Altair-Prime-15-chrome-black.webp
Altair prime 15,ARAD1503,36V DC,350mA,3500K, CRI>97,Φ60*H120mm,60°,15W,AJ/CG,ARAS1560/35/60/W,R-41159492,IS 10322 (PART 5/SEC1):2012,8899,"Guangdong Sat Technology Co. Ltd., No. 11 Lianbao Rd, Shengfeng District, Xiaolan Town, Zhongshan City, Guangdong, China – 528400",./assets/images/downlights/Altair-Prime-15-white.webp
Altair prime 15,ARAD1503,36V DC,350mA,3500K, CRI>97,Φ60*H120mm,60°,15W,AJ/CG,ARAS1560/35/60/B,R-41159492,IS 10322 (PART 5/SEC1):2012,8899,"Guangdong Sat Technology Co. Ltd., No. 11 Lianbao Rd, Shengfeng District, Xiaolan Town, Zhongshan City, Guangdong, China – 528400",./assets/images/downlights/Altair-Prime-15-mat-black-default.webp
Altair prime 15,ARAD1503,36V DC,350mA,3500K, CRI>97,Φ60*H120mm,60°,15W,AJ/CG,ARAS1560/35/60/CG,R-41159492,IS 10322 (PART 5/SEC1):2012,9899,"Guangdong Sat Technology Co. Ltd., No. 11 Lianbao Rd, Shengfeng District, Xiaolan Town, Zhongshan City, Guangdong, China – 528400",./assets/images/downlights/Altair-Prime-15-champeing-gold.webp
Altair prime 15,ARAD1503,36V DC,350mA,3500K, CRI>97,Φ60*H120mm,60°,15W,AJ/CG,ARAS1560/35/60/RG,R-41159492,IS 10322 (PART 5/SEC1):2012,9899,"Guangdong Sat Technology Co. Ltd., No. 11 Lianbao Rd, Shengfeng District, Xiaolan Town, Zhongshan City, Guangdong, China – 528400",./assets/images/downlights/Altair-Prime-15-rose-gold.webp
Altair prime 15,ARAD1503,36V DC,350mA,3500K, CRI>97,Φ60*H120mm,60°,15W,AJ/CG,ARAS1560/35/60/BR,R-41159492,IS 10322 (PART 5/SEC1):2012,9899,"Guangdong Sat Technology Co. Ltd., No. 11 Lianbao Rd, Shengfeng District, Xiaolan Town, Zhongshan City, Guangdong, China – 528400",./assets/images/downlights/Altair-Prime-15-brown.webp
Altair prime 15,ARAD1503,36V DC,350mA,3500K, CRI>97,Φ60*H120mm,60°,15W,AJ/CG,ARAS1560/35/60/COF,R-41159492,IS 10322 (PART 5/SEC1):2012,9899,"Guangdong Sat Technology Co. Ltd., No. 11 Lianbao Rd, Shengfeng District, Xiaolan Town, Zhongshan City, Guangdong, China – 528400",./assets/images/downlights/Altair-Prime-15-coffee.webp
Altair prime 15,ARAD1503,36V DC,350mA,3500K, CRI>97,Φ60*H120mm,60°,15W,AJ/CG,ARAS1560/35/60/DGR,R-41159492,IS 10322 (PART 5/SEC1):2012,9899,"Guangdong Sat Technology Co. Ltd., No. 11 Lianbao Rd, Shengfeng District, Xiaolan Town, Zhongshan City, Guangdong, China – 528400",./assets/images/downlights/Altair-Prime-15-dark-gray-default-001.webp
Altair prime 15,ARAD1503,36V DC,350mA,3500K, CRI>97,Φ60*H120mm,60°,15W,AJ/CG,ARAS1560/35/60/BB,R-41159492,IS 10322 (PART 5/SEC1):2012,9899,"Guangdong Sat Technology Co. Ltd., No. 11 Lianbao Rd, Shengfeng District, Xiaolan Town, Zhongshan City, Guangdong, China – 528400",./assets/images/downlights/Altair-Prime-15-ballet-blue.webp
Altair prime 15,ARAD1503,36V DC,350mA,3500K, CRI>97,Φ60*H120mm,60°,15W,AJ/CG,ARAS1560/35/60/CH,R-41159492,IS 10322 (PART 5/SEC1):2012,9899,"Guangdong Sat Technology Co. Ltd., No. 11 Lianbao Rd, Shengfeng District, Xiaolan Town, Zhongshan City, Guangdong, China – 528400",./assets/images/downlights/Altair-Prime-15-chrome.webp
Altair prime 15,ARAD1503,36V DC,350mA,3500K, CRI>97,Φ60*H120mm,60°,15W,AJ/CG,ARAS1560/35/60/CHB,R-41159492,IS 10322 (PART 5/SEC1):2012,9899,"Guangdong Sat Technology Co. Ltd., No. 11 Lianbao Rd, Shengfeng District, Xiaolan Town, Zhongshan City, Guangdong, China – 528400",./assets/images/downlights/Altair-Prime-15-chrome-black.webp
Altair prime 15,ARAD1503,36V DC,350mA,4000K, CRI>97,Φ60*H120mm,60°,15W,AJ/CG,ARAS1560/40/60/W,R-41159492,IS 10322 (PART 5/SEC1):2012,8899,"Guangdong Sat Technology Co. Ltd., No. 11 Lianbao Rd, Shengfeng District, Xiaolan Town, Zhongshan City, Guangdong, China – 528400",./assets/images/downlights/Altair-Prime-15-white.webp
Altair prime 15,ARAD1503,36V DC,350mA,4000K, CRI>97,Φ60*H120mm,60°,15W,AJ/CG,ARAS1560/40/60/B,R-41159492,IS 10322 (PART 5/SEC1):2012,8899,"Guangdong Sat Technology Co. Ltd., No. 11 Lianbao Rd, Shengfeng District, Xiaolan Town, Zhongshan City, Guangdong, China – 528400",./assets/images/downlights/Altair-Prime-15-mat-black-default.webp
Altair prime 15,ARAD1503,36V DC,350mA,4000K, CRI>97,Φ60*H120mm,60°,15W,AJ/CG,ARAS1560/40/60/CG,R-41159492,IS 10322 (PART 5/SEC1):2012,9899,"Guangdong Sat Technology Co. Ltd., No. 11 Lianbao Rd, Shengfeng District, Xiaolan Town, Zhongshan City, Guangdong, China – 528400",./assets/images/downlights/Altair-Prime-15-champeing-gold.webp
Altair prime 15,ARAD1503,36V DC,350mA,4000K, CRI>97,Φ60*H120mm,60°,15W,AJ/CG,ARAS1560/40/60/RG,R-41159492,IS 10322 (PART 5/SEC1):2012,9899,"Guangdong Sat Technology Co. Ltd., No. 11 Lianbao Rd, Shengfeng District, Xiaolan Town, Zhongshan City, Guangdong, China – 528400",./assets/images/downlights/Altair-Prime-15-rose-gold.webp
Altair prime 15,ARAD1503,36V DC,350mA,4000K, CRI>97,Φ60*H120mm,60°,15W,AJ/CG,ARAS1560/40/60/BR,R-41159492,IS 10322 (PART 5/SEC1):2012,9899,"Guangdong Sat Technology Co. Ltd., No. 11 Lianbao Rd, Shengfeng District, Xiaolan Town, Zhongshan City, Guangdong, China – 528400",./assets/images/downlights/Altair-Prime-15-brown.webp
Altair prime 15,ARAD1503,36V DC,350mA,4000K, CRI>97,Φ60*H120mm,60°,15W,AJ/CG,ARAS1560/40/60/COF,R-41159492,IS 10322 (PART 5/SEC1):2012,9899,"Guangdong Sat Technology Co. Ltd., No. 11 Lianbao Rd, Shengfeng District, Xiaolan Town, Zhongshan City, Guangdong, China – 528400",./assets/images/downlights/Altair-Prime-15-coffee.webp
Altair prime 15,ARAD1503,36V DC,350mA,4000K, CRI>97,Φ60*H120mm,60°,15W,AJ/CG,ARAS1560/40/60/DGR,R-41159492,IS 10322 (PART 5/SEC1):2012,9899,"Guangdong Sat Technology Co. Ltd., No. 11 Lianbao Rd, Shengfeng District, Xiaolan Town, Zhongshan City, Guangdong, China – 528400",./assets/images/downlights/Altair-Prime-15-dark-gray-default-001.webp
Altair prime 15,ARAD1503,36V DC,350mA,4000K, CRI>97,Φ60*H120mm,60°,15W,AJ/CG,ARAS1560/40/60/BB,R-41159492,IS 10322 (PART 5/SEC1):2012,9899,"Guangdong Sat Technology Co. Ltd., No. 11 Lianbao Rd, Shengfeng District, Xiaolan Town, Zhongshan City, Guangdong, China – 528400",./assets/images/downlights/Altair-Prime-15-ballet-blue.webp
Altair prime 15,ARAD1503,36V DC,350mA,4000K, CRI>97,Φ60*H120mm,60°,15W,AJ/CG,ARAS1560/40/60/CH,R-41159492,IS 10322 (PART 5/SEC1):2012,9899,"Guangdong Sat Technology Co. Ltd., No. 11 Lianbao Rd, Shengfeng District, Xiaolan Town, Zhongshan City, Guangdong, China – 528400",./assets/images/downlights/Altair-Prime-15-chrome.webp
Altair prime 15,ARAD1503,36V DC,350mA,4000K, CRI>97,Φ60*H120mm,60°,15W,AJ/CG,ARAS1560/40/60/CHB,R-41159492,IS 10322 (PART 5/SEC1):2012,9899,"Guangdong Sat Technology Co. Ltd., No. 11 Lianbao Rd, Shengfeng District, Xiaolan Town, Zhongshan City, Guangdong, China – 528400",./assets/images/downlights/Altair-Prime-15-chrome-black.webp
Altair prime 15,ARAD1503,36V DC,350mA,5000K, CRI>97,Φ60*H120mm,60°,15W,AJ/CG,ARAS1560/50/60/W,R-41159492,IS 10322 (PART 5/SEC1):2012,8899,"Guangdong Sat Technology Co. Ltd., No. 11 Lianbao Rd, Shengfeng District, Xiaolan Town, Zhongshan City, Guangdong, China – 528400",./assets/images/downlights/Altair-Prime-15-white.webp
Altair prime 15,ARAD1503,36V DC,350mA,5000K, CRI>97,Φ60*H120mm,60°,15W,AJ/CG,ARAS1560/50/60/B,R-41159492,IS 10322 (PART 5/SEC1):2012,8899,"Guangdong Sat Technology Co. Ltd., No. 11 Lianbao Rd, Shengfeng District, Xiaolan Town, Zhongshan City, Guangdong, China – 528400",./assets/images/downlights/Altair-Prime-15-mat-black-default.webp
Altair prime 15,ARAD1503,36V DC,350mA,5000K, CRI>97,Φ60*H120mm,60°,15W,AJ/CG,ARAS1560/50/60/CG,R-41159492,IS 10322 (PART 5/SEC1):2012,9899,"Guangdong Sat Technology Co. Ltd., No. 11 Lianbao Rd, Shengfeng District, Xiaolan Town, Zhongshan City, Guangdong, China – 528400",./assets/images/downlights/Altair-Prime-15-champeing-gold.webp
Altair prime 15,ARAD1503,36V DC,350mA,5000K, CRI>97,Φ60*H120mm,60°,15W,AJ/CG,ARAS1560/50/60/RG,R-41159492,IS 10322 (PART 5/SEC1):2012,9899,"Guangdong Sat Technology Co. Ltd., No. 11 Lianbao Rd, Shengfeng District, Xiaolan Town, Zhongshan City, Guangdong, China – 528400",./assets/images/downlights/Altair-Prime-15-rose-gold.webp
Altair prime 15,ARAD1503,36V DC,350mA,5000K, CRI>97,Φ60*H120mm,60°,15W,AJ/CG,ARAS1560/50/60/BR,R-41159492,IS 10322 (PART 5/SEC1):2012,9899,"Guangdong Sat Technology Co. Ltd., No. 11 Lianbao Rd, Shengfeng District, Xiaolan Town, Zhongshan City, Guangdong, China – 528400",./assets/images/downlights/Altair-Prime-15-brown.webp
Altair prime 15,ARAD1503,36V DC,350mA,5000K, CRI>97,Φ60*H120mm,60°,15W,AJ/CG,ARAS1560/50/60/COF,R-41159492,IS 10322 (PART 5/SEC1):2012,9899,"Guangdong Sat Technology Co. Ltd., No. 11 Lianbao Rd, Shengfeng District, Xiaolan Town, Zhongshan City, Guangdong, China – 528400",./assets/images/downlights/Altair-Prime-15-coffee.webp
Altair prime 15,ARAD1503,36V DC,350mA,5000K, CRI>97,Φ60*H120mm,60°,15W,AJ/CG,ARAS1560/50/60/DGR,R-41159492,IS 10322 (PART 5/SEC1):2012,9899,"Guangdong Sat Technology Co. Ltd., No. 11 Lianbao Rd, Shengfeng District, Xiaolan Town, Zhongshan City, Guangdong, China – 528400",./assets/images/downlights/Altair-Prime-15-dark-gray-default-001.webp
Altair prime 15,ARAD1503,36V DC,350mA,5000K, CRI>97,Φ60*H120mm,60°,15W,AJ/CG,ARAS1560/50/60/BB,R-41159492,IS 10322 (PART 5/SEC1):2012,9899,"Guangdong Sat Technology Co. Ltd., No. 11 Lianbao Rd, Shengfeng District, Xiaolan Town, Zhongshan City, Guangdong, China – 528400",./assets/images/downlights/Altair-Prime-15-ballet-blue.webp
Altair prime 15,ARAD1503,36V DC,350mA,5000K, CRI>97,Φ60*H120mm,60°,15W,AJ/CG,ARAS1560/50/60/CH,R-41159492,IS 10322 (PART 5/SEC1):2012,9899,"Guangdong Sat Technology Co. Ltd., No. 11 Lianbao Rd, Shengfeng District, Xiaolan Town, Zhongshan City, Guangdong, China – 528400",./assets/images/downlights/Altair-Prime-15-chrome.webp
Altair prime 15,ARAD1503,36V DC,350mA,5000K, CRI>97,Φ60*H120mm,60°,15W,AJ/CG,ARAS1560/50/60/CHB,R-41159492,IS 10322 (PART 5/SEC1):2012,9899,"Guangdong Sat Technology Co. Ltd., No. 11 Lianbao Rd, Shengfeng District, Xiaolan Town, Zhongshan City, Guangdong, China – 528400",./assets/images/downlights/Altair-Prime-15-chrome-black.webp
Altair prime 15 Tunable,ARAD1503,36V DC,350mA,2700K~6500K, CRI>97,Φ60*H120mm,15°,15W,AJ/CG,ARAS1560/CT/15/W,R-41159492,IS 10322 (PART 5/SEC1):2012,10099,"Guangdong Sat Technology Co. Ltd., No. 11 Lianbao Rd, Shengfeng District, Xiaolan Town, Zhongshan City, Guangdong, China – 528400",./assets/images/downlights/Altair-Prime-15-white.webp
Altair prime 15 Tunable,ARAD1503,36V DC,350mA,2700K~6500K, CRI>97,Φ60*H120mm,15°,15W,AJ/CG,ARAS1560/CT/15/B,R-41159492,IS 10322 (PART 5/SEC1):2012,10099,"Guangdong Sat Technology Co. Ltd., No. 11 Lianbao Rd, Shengfeng District, Xiaolan Town, Zhongshan City, Guangdong, China – 528400",./assets/images/downlights/Altair-Prime-15-mat-black-default.webp
Altair prime 15 Tunable,ARAD1503,36V DC,350mA,2700K~6500K, CRI>97,Φ60*H120mm,15°,15W,AJ/CG,ARAS1560/CT/15/CG,R-41159492,IS 10322 (PART 5/SEC1):2012,11099,"Guangdong Sat Technology Co. Ltd., No. 11 Lianbao Rd, Shengfeng District, Xiaolan Town, Zhongshan City, Guangdong, China – 528400",./assets/images/downlights/Altair-Prime-15-champeing-gold.webp
Altair prime 15 Tunable,ARAD1503,36V DC,350mA,2700K~6500K, CRI>97,Φ60*H120mm,15°,15W,AJ/CG,ARAS1560/CT/15/RG,R-41159492,IS 10322 (PART 5/SEC1):2012,11099,"Guangdong Sat Technology Co. Ltd., No. 11 Lianbao Rd, Shengfeng District, Xiaolan Town, Zhongshan City, Guangdong, China – 528400",./assets/images/downlights/Altair-Prime-15-rose-gold.webp
Altair prime 15 Tunable,ARAD1503,36V DC,350mA,2700K~6500K, CRI>97,Φ60*H120mm,15°,15W,AJ/CG,ARAS1560/CT/15/BR,R-41159492,IS 10322 (PART 5/SEC1):2012,11099,"Guangdong Sat Technology Co. Ltd., No. 11 Lianbao Rd, Shengfeng District, Xiaolan Town, Zhongshan City, Guangdong, China – 528400",./assets/images/downlights/Altair-Prime-15-brown.webp
Altair prime 15 Tunable,ARAD1503,36V DC,350mA,2700K~6500K, CRI>97,Φ60*H120mm,15°,15W,AJ/CG,ARAS1560/CT/15/COF,R-41159492,IS 10322 (PART 5/SEC1):2012,11099,"Guangdong Sat Technology Co. Ltd., No. 11 Lianbao Rd, Shengfeng District, Xiaolan Town, Zhongshan City, Guangdong, China – 528400",./assets/images/downlights/Altair-Prime-15-coffee.webp
Altair prime 15 Tunable,ARAD1503,36V DC,350mA,2700K~6500K, CRI>97,Φ60*H120mm,15°,15W,AJ/CG,ARAS1560/CT/15/DGR,R-41159492,IS 10322 (PART 5/SEC1):2012,11099,"Guangdong Sat Technology Co. Ltd., No. 11 Lianbao Rd, Shengfeng District, Xiaolan Town, Zhongshan City, Guangdong, China – 528400",./assets/images/downlights/Altair-Prime-15-dark-gray-default-001.webp
Altair prime 15 Tunable,ARAD1503,36V DC,350mA,2700K~6500K, CRI>97,Φ60*H120mm,15°,15W,AJ/CG,ARAS1560/CT/15/BB,R-41159492,IS 10322 (PART 5/SEC1):2012,11099,"Guangdong Sat Technology Co. Ltd., No. 11 Lianbao Rd, Shengfeng District, Xiaolan Town, Zhongshan City, Guangdong, China – 528400",./assets/images/downlights/Altair-Prime-15-ballet-blue.webp
Altair prime 15 Tunable,ARAD1503,36V DC,350mA,2700K~6500K, CRI>97,Φ60*H120mm,15°,15W,AJ/CG,ARAS1560/CT/15/CH,R-41159492,IS 10322 (PART 5/SEC1):2012,11099,"Guangdong Sat Technology Co. Ltd., No. 11 Lianbao Rd, Shengfeng District, Xiaolan Town, Zhongshan City, Guangdong, China – 528400",./assets/images/downlights/Altair-Prime-15-chrome.webp
Altair prime 15 Tunable,ARAD1503,36V DC,350mA,2700K~6500K, CRI>97,Φ60*H120mm,15°,15W,AJ/CG,ARAS1560/CT/15/CHB,R-41159492,IS 10322 (PART 5/SEC1):2012,11099,"Guangdong Sat Technology Co. Ltd., No. 11 Lianbao Rd, Shengfeng District, Xiaolan Town, Zhongshan City, Guangdong, China – 528400",./assets/images/downlights/Altair-Prime-15-chrome-black.webp
Altair prime 15 Tunable,ARAD1503,36V DC,350mA,2700K~6500K, CRI>97,Φ60*H120mm,24°,15W,AJ/CG,ARAS1560/CT/24/W,R-41159492,IS 10322 (PART 5/SEC1):2012,10099,"Guangdong Sat Technology Co. Ltd., No. 11 Lianbao Rd, Shengfeng District, Xiaolan Town, Zhongshan City, Guangdong, China – 528400",./assets/images/downlights/Altair-Prime-15-white.webp
Altair prime 15 Tunable,ARAD1503,36V DC,350mA,2700K~6500K, CRI>97,Φ60*H120mm,24°,15W,AJ/CG,ARAS1560/CT/24/B,R-41159492,IS 10322 (PART 5/SEC1):2012,10099,"Guangdong Sat Technology Co. Ltd., No. 11 Lianbao Rd, Shengfeng District, Xiaolan Town, Zhongshan City, Guangdong, China – 528400",./assets/images/downlights/Altair-Prime-15-mat-black-default.webp
Altair prime 15 Tunable,ARAD1503,36V DC,350mA,2700K~6500K, CRI>97,Φ60*H120mm,24°,15W,AJ/CG,ARAS1560/CT/24/CG,R-41159492,IS 10322 (PART 5/SEC1):2012,11099,"Guangdong Sat Technology Co. Ltd., No. 11 Lianbao Rd, Shengfeng District, Xiaolan Town, Zhongshan City, Guangdong, China – 528400",./assets/images/downlights/Altair-Prime-15-champeing-gold.webp
Altair prime 15 Tunable,ARAD1503,36V DC,350mA,2700K~6500K, CRI>97,Φ60*H120mm,24°,15W,AJ/CG,ARAS1560/CT/24/RG,R-41159492,IS 10322 (PART 5/SEC1):2012,11099,"Guangdong Sat Technology Co. Ltd., No. 11 Lianbao Rd, Shengfeng District, Xiaolan Town, Zhongshan City, Guangdong, China – 528400",./assets/images/downlights/Altair-Prime-15-rose-gold.webp
Altair prime 15 Tunable,ARAD1503,36V DC,350mA,2700K~6500K, CRI>97,Φ60*H120mm,24°,15W,AJ/CG,ARAS1560/CT/24/BR,R-41159492,IS 10322 (PART 5/SEC1):2012,11099,"Guangdong Sat Technology Co. Ltd., No. 11 Lianbao Rd, Shengfeng District, Xiaolan Town, Zhongshan City, Guangdong, China – 528400",./assets/images/downlights/Altair-Prime-15-brown.webp
Altair prime 15 Tunable,ARAD1503,36V DC,350mA,2700K~6500K, CRI>97,Φ60*H120mm,24°,15W,AJ/CG,ARAS1560/CT/24/COF,R-41159492,IS 10322 (PART 5/SEC1):2012,11099,"Guangdong Sat Technology Co. Ltd., No. 11 Lianbao Rd, Shengfeng District, Xiaolan Town, Zhongshan City, Guangdong, China – 528400",./assets/images/downlights/Altair-Prime-15-coffee.webp
Altair prime 15 Tunable,ARAD1503,36V DC,350mA,2700K~6500K, CRI>97,Φ60*H120mm,24°,15W,AJ/CG,ARAS1560/CT/24/DGR,R-41159492,IS 10322 (PART 5/SEC1):2012,11099,"Guangdong Sat Technology Co. Ltd., No. 11 Lianbao Rd, Shengfeng District, Xiaolan Town, Zhongshan City, Guangdong, China – 528400",./assets/images/downlights/Altair-Prime-15-dark-gray-default-001.webp
Altair prime 15 Tunable,ARAD1503,36V DC,350mA,2700K~6500K, CRI>97,Φ60*H120mm,24°,15W,AJ/CG,ARAS1560/CT/24/BB,R-41159492,IS 10322 (PART 5/SEC1):2012,11099,"Guangdong Sat Technology Co. Ltd., No. 11 Lianbao Rd, Shengfeng District, Xiaolan Town, Zhongshan City, Guangdong, China – 528400",./assets/images/downlights/Altair-Prime-15-ballet-blue.webp
Altair prime 15 Tunable,ARAD1503,36V DC,350mA,2700K~6500K, CRI>97,Φ60*H120mm,24°,15W,AJ/CG,ARAS1560/CT/24/CH,R-41159492,IS 10322 (PART 5/SEC1):2012,11099,"Guangdong Sat Technology Co. Ltd., No. 11 Lianbao Rd, Shengfeng District, Xiaolan Town, Zhongshan City, Guangdong, China – 528400",./assets/images/downlights/Altair-Prime-15-chrome.webp
Altair prime 15 Tunable,ARAD1503,36V DC,350mA,2700K~6500K, CRI>97,Φ60*H120mm,24°,15W,AJ/CG,ARAS1560/CT/24/CHB,R-41159492,IS 10322 (PART 5/SEC1):2012,11099,"Guangdong Sat Technology Co. Ltd., No. 11 Lianbao Rd, Shengfeng District, Xiaolan Town, Zhongshan City, Guangdong, China – 528400",./assets/images/downlights/Altair-Prime-15-chrome-black.webp
Altair prime 15 Tunable,ARAD1503,36V DC,350mA,2700K~6500K, CRI>97,Φ60*H120mm,36°,15W,AJ/CG,ARAS1560/CT/36/W,R-41159492,IS 10322 (PART 5/SEC1):2012,10099,"Guangdong Sat Technology Co. Ltd., No. 11 Lianbao Rd, Shengfeng District, Xiaolan Town, Zhongshan City, Guangdong, China – 528400",./assets/images/downlights/Altair-Prime-15-white.webp
Altair prime 15 Tunable,ARAD1503,36V DC,350mA,2700K~6500K, CRI>97,Φ60*H120mm,36°,15W,AJ/CG,ARAS1560/CT/36/B,R-41159492,IS 10322 (PART 5/SEC1):2012,10099,"Guangdong Sat Technology Co. Ltd., No. 11 Lianbao Rd, Shengfeng District, Xiaolan Town, Zhongshan City, Guangdong, China – 528400",./assets/images/downlights/Altair-Prime-15-mat-black-default.webp
Altair prime 15 Tunable,ARAD1503,36V DC,350mA,2700K~6500K, CRI>97,Φ60*H120mm,36°,15W,AJ/CG,ARAS1560/CT/36/CG,R-41159492,IS 10322 (PART 5/SEC1):2012,11099,"Guangdong Sat Technology Co. Ltd., No. 11 Lianbao Rd, Shengfeng District, Xiaolan Town, Zhongshan City, Guangdong, China – 528400",./assets/images/downlights/Altair-Prime-15-champeing-gold.webp
Altair prime 15 Tunable,ARAD1503,36V DC,350mA,2700K~6500K, CRI>97,Φ60*H120mm,36°,15W,AJ/CG,ARAS1560/CT/36/RG,R-41159492,IS 10322 (PART 5/SEC1):2012,11099,"Guangdong Sat Technology Co. Ltd., No. 11 Lianbao Rd, Shengfeng District, Xiaolan Town, Zhongshan City, Guangdong, China – 528400",./assets/images/downlights/Altair-Prime-15-rose-gold.webp
Altair prime 15 Tunable,ARAD1503,36V DC,350mA,2700K~6500K, CRI>97,Φ60*H120mm,36°,15W,AJ/CG,ARAS1560/CT/36/BR,R-41159492,IS 10322 (PART 5/SEC1):2012,11099,"Guangdong Sat Technology Co. Ltd., No. 11 Lianbao Rd, Shengfeng District, Xiaolan Town, Zhongshan City, Guangdong, China – 528400",./assets/images/downlights/Altair-Prime-15-brown.webp
Altair prime 15 Tunable,ARAD1503,36V DC,350mA,2700K~6500K, CRI>97,Φ60*H120mm,36°,15W,AJ/CG,ARAS1560/CT/36/COF,R-41159492,IS 10322 (PART 5/SEC1):2012,11099,"Guangdong Sat Technology Co. Ltd., No. 11 Lianbao Rd, Shengfeng District, Xiaolan Town, Zhongshan City, Guangdong, China – 528400",./assets/images/downlights/Altair-Prime-15-coffee.webp
Altair prime 15 Tunable,ARAD1503,36V DC,350mA,2700K~6500K, CRI>97,Φ60*H120mm,36°,15W,AJ/CG,ARAS1560/CT/36/DGR,R-41159492,IS 10322 (PART 5/SEC1):2012,11099,"Guangdong Sat Technology Co. Ltd., No. 11 Lianbao Rd, Shengfeng District, Xiaolan Town, Zhongshan City, Guangdong, China – 528400",./assets/images/downlights/Altair-Prime-15-dark-gray-default-001.webp
Altair prime 15 Tunable,ARAD1503,36V DC,350mA,2700K~6500K, CRI>97,Φ60*H120mm,36°,15W,AJ/CG,ARAS1560/CT/36/BB,R-41159492,IS 10322 (PART 5/SEC1):2012,11099,"Guangdong Sat Technology Co. Ltd., No. 11 Lianbao Rd, Shengfeng District, Xiaolan Town, Zhongshan City, Guangdong, China – 528400",./assets/images/downlights/Altair-Prime-15-ballet-blue.webp
Altair prime 15 Tunable,ARAD1503,36V DC,350mA,2700K~6500K, CRI>97,Φ60*H120mm,36°,15W,AJ/CG,ARAS1560/CT/36/CH,R-41159492,IS 10322 (PART 5/SEC1):2012,11099,"Guangdong Sat Technology Co. Ltd., No. 11 Lianbao Rd, Shengfeng District, Xiaolan Town, Zhongshan City, Guangdong, China – 528400",./assets/images/downlights/Altair-Prime-15-chrome.webp
Altair prime 15 Tunable,ARAD1503,36V DC,350mA,2700K~6500K, CRI>97,Φ60*H120mm,36°,15W,AJ/CG,ARAS1560/CT/36/CHB,R-41159492,IS 10322 (PART 5/SEC1):2012,11099,"Guangdong Sat Technology Co. Ltd., No. 11 Lianbao Rd, Shengfeng District, Xiaolan Town, Zhongshan City, Guangdong, China – 528400",./assets/images/downlights/Altair-Prime-15-chrome-black.webp
Altair prime 15 Tunable,ARAD1503,36V DC,350mA,2700K~6500K, CRI>97,Φ60*H120mm,60°,15W,AJ/CG,ARAS1560/CT/60/W,R-41159492,IS 10322 (PART 5/SEC1):2012,10099,"Guangdong Sat Technology Co. Ltd., No. 11 Lianbao Rd, Shengfeng District, Xiaolan Town, Zhongshan City, Guangdong, China – 528400",./assets/images/downlights/Altair-Prime-15-white.webp
Altair prime 15 Tunable,ARAD1503,36V DC,350mA,2700K~6500K, CRI>97,Φ60*H120mm,60°,15W,AJ/CG,ARAS1560/CT/60/B,R-41159492,IS 10322 (PART 5/SEC1):2012,10099,"Guangdong Sat Technology Co. Ltd., No. 11 Lianbao Rd, Shengfeng District, Xiaolan Town, Zhongshan City, Guangdong, China – 528400",./assets/images/downlights/Altair-Prime-15-mat-black-default.webp
Altair prime 15 Tunable,ARAD1503,36V DC,350mA,2700K~6500K, CRI>97,Φ60*H120mm,60°,15W,AJ/CG,ARAS1560/CT/60/CG,R-41159492,IS 10322 (PART 5/SEC1):2012,11099,"Guangdong Sat Technology Co. Ltd., No. 11 Lianbao Rd, Shengfeng District, Xiaolan Town, Zhongshan City, Guangdong, China – 528400",./assets/images/downlights/Altair-Prime-15-champeing-gold.webp
Altair prime 15 Tunable,ARAD1503,36V DC,350mA,2700K~6500K, CRI>97,Φ60*H120mm,60°,15W,AJ/CG,ARAS1560/CT/60/RG,R-41159492,IS 10322 (PART 5/SEC1):2012,11099,"Guangdong Sat Technology Co. Ltd., No. 11 Lianbao Rd, Shengfeng District, Xiaolan Town, Zhongshan City, Guangdong, China – 528400",./assets/images/downlights/Altair-Prime-15-rose-gold.webp
Altair prime 15 Tunable,ARAD1503,36V DC,350mA,2700K~6500K, CRI>97,Φ60*H120mm,60°,15W,AJ/CG,ARAS1560/CT/60/BR,R-41159492,IS 10322 (PART 5/SEC1):2012,11099,"Guangdong Sat Technology Co. Ltd., No. 11 Lianbao Rd, Shengfeng District, Xiaolan Town, Zhongshan City, Guangdong, China – 528400",./assets/images/downlights/Altair-Prime-15-brown.webp
Altair prime 15 Tunable,ARAD1503,36V DC,350mA,2700K~6500K, CRI>97,Φ60*H120mm,60°,15W,AJ/CG,ARAS1560/CT/60/COF,R-41159492,IS 10322 (PART 5/SEC1):2012,11099,"Guangdong Sat Technology Co. Ltd., No. 11 Lianbao Rd, Shengfeng District, Xiaolan Town, Zhongshan City, Guangdong, China – 528400",./assets/images/downlights/Altair-Prime-15-coffee.webp
Altair prime 15 Tunable,ARAD1503,36V DC,350mA,2700K~6500K, CRI>97,Φ60*H120mm,60°,15W,AJ/CG,ARAS1560/CT/60/DGR,R-41159492,IS 10322 (PART 5/SEC1):2012,11099,"Guangdong Sat Technology Co. Ltd., No. 11 Lianbao Rd, Shengfeng District, Xiaolan Town, Zhongshan City, Guangdong, China – 528400",./assets/images/downlights/Altair-Prime-15-dark-gray-default-001.webp
Altair prime 15 Tunable,ARAD1503,36V DC,350mA,2700K~6500K, CRI>97,Φ60*H120mm,60°,15W,AJ/CG,ARAS1560/CT/60/BB,R-41159492,IS 10322 (PART 5/SEC1):2012,11099,"Guangdong Sat Technology Co. Ltd., No. 11 Lianbao Rd, Shengfeng District, Xiaolan Town, Zhongshan City, Guangdong, China – 528400",./assets/images/downlights/Altair-Prime-15-ballet-blue.webp
Altair prime 15 Tunable,ARAD1503,36V DC,350mA,2700K~6500K, CRI>97,Φ60*H120mm,60°,15W,AJ/CG,ARAS1560/CT/60/CH,R-41159492,IS 10322 (PART 5/SEC1):2012,11099,"Guangdong Sat Technology Co. Ltd., No. 11 Lianbao Rd, Shengfeng District, Xiaolan Town, Zhongshan City, Guangdong, China – 528400",./assets/images/downlights/Altair-Prime-15-chrome.webp
Altair prime 15 Tunable,ARAD1503,36V DC,350mA,2700K~6500K, CRI>97,Φ60*H120mm,60°,15W,AJ/CG,ARAS1560/CT/60/CHB,R-41159492,IS 10322 (PART 5/SEC1):2012,11099,"Guangdong Sat Technology Co. Ltd., No. 11 Lianbao Rd, Shengfeng District, Xiaolan Town, Zhongshan City, Guangdong, China – 528400",./assets/images/downlights/Altair-Prime-15-chrome-black.webp
Altair prime 20,ARAD1504,36V DC,500mA,2700K, CRI>97,Φ60*H170mm,15°,20W,AJ/CG,ARAS2060/27/15/W,R-41159492,IS 10322 (PART 5/SEC1):2012,10099,"Guangdong Sat Technology Co. Ltd., No. 11 Lianbao Rd, Shengfeng District, Xiaolan Town, Zhongshan City, Guangdong, China – 528400",./assets/images/downlights/Altair-Prime-20-white.webp
Altair prime 20,ARAD1504,36V DC,500mA,2700K, CRI>97,Φ60*H170mm,15°,20W,AJ/CG,ARAS2060/27/15/B,R-41159492,IS 10322 (PART 5/SEC1):2012,10099,"Guangdong Sat Technology Co. Ltd., No. 11 Lianbao Rd, Shengfeng District, Xiaolan Town, Zhongshan City, Guangdong, China – 528400",./assets/images/downlights/Altair-Prime-20-mat-black-default.webp
Altair prime 20,ARAD1504,36V DC,500mA,2700K, CRI>97,Φ60*H170mm,15°,20W,AJ/CG,ARAS2060/27/15/CG,R-41159492,IS 10322 (PART 5/SEC1):2012,11099,"Guangdong Sat Technology Co. Ltd., No. 11 Lianbao Rd, Shengfeng District, Xiaolan Town, Zhongshan City, Guangdong, China – 528400",./assets/images/downlights/Altair-Prime-20-champeing-gold.webp
Altair prime 20,ARAD1504,36V DC,500mA,2700K, CRI>97,Φ60*H170mm,15°,20W,AJ/CG,ARAS2060/27/15/RG,R-41159492,IS 10322 (PART 5/SEC1):2012,11099,"Guangdong Sat Technology Co. Ltd., No. 11 Lianbao Rd, Shengfeng District, Xiaolan Town, Zhongshan City, Guangdong, China – 528400",./assets/images/downlights/Altair-Prime-20-rose-gold.webp
Altair prime 20,ARAD1504,36V DC,500mA,2700K, CRI>97,Φ60*H170mm,15°,20W,AJ/CG,ARAS2060/27/15/BR,R-41159492,IS 10322 (PART 5/SEC1):2012,11099,"Guangdong Sat Technology Co. Ltd., No. 11 Lianbao Rd, Shengfeng District, Xiaolan Town, Zhongshan City, Guangdong, China – 528400",./assets/images/downlights/Altair-Prime-20-brown.webp
Altair prime 20,ARAD1504,36V DC,500mA,2700K, CRI>97,Φ60*H170mm,15°,20W,AJ/CG,ARAS2060/27/15/COF,R-41159492,IS 10322 (PART 5/SEC1):2012,11099,"Guangdong Sat Technology Co. Ltd., No. 11 Lianbao Rd, Shengfeng District, Xiaolan Town, Zhongshan City, Guangdong, China – 528400",./assets/images/downlights/Altair-Prime-20-coffee.webp
Altair prime 20,ARAD1504,36V DC,500mA,2700K, CRI>97,Φ60*H170mm,15°,20W,AJ/CG,ARAS2060/27/15/DGR,R-41159492,IS 10322 (PART 5/SEC1):2012,11099,"Guangdong Sat Technology Co. Ltd., No. 11 Lianbao Rd, Shengfeng District, Xiaolan Town, Zhongshan City, Guangdong, China – 528400",./assets/images/downlights/Altair-Prime-20-dark-gray-default-001.webp
Altair prime 20,ARAD1504,36V DC,500mA,2700K, CRI>97,Φ60*H170mm,15°,20W,AJ/CG,ARAS2060/27/15/BB,R-41159492,IS 10322 (PART 5/SEC1):2012,11099,"Guangdong Sat Technology Co. Ltd., No. 11 Lianbao Rd, Shengfeng District, Xiaolan Town, Zhongshan City, Guangdong, China – 528400",./assets/images/downlights/Altair-Prime-20-ballet-blue.webp
Altair prime 20,ARAD1504,36V DC,500mA,2700K, CRI>97,Φ60*H170mm,15°,20W,AJ/CG,ARAS2060/27/15/CH,R-41159492,IS 10322 (PART 5/SEC1):2012,11099,"Guangdong Sat Technology Co. Ltd., No. 11 Lianbao Rd, Shengfeng District, Xiaolan Town, Zhongshan City, Guangdong, China – 528400",./assets/images/downlights/Altair-Prime-20-chrome.webp
Altair prime 20,ARAD1504,36V DC,500mA,2700K, CRI>97,Φ60*H170mm,15°,20W,AJ/CG,ARAS2060/27/15/CHB,R-41159492,IS 10322 (PART 5/SEC1):2012,11099,"Guangdong Sat Technology Co. Ltd., No. 11 Lianbao Rd, Shengfeng District, Xiaolan Town, Zhongshan City, Guangdong, China – 528400",./assets/images/downlights/Altair-Prime-20-chrome-black.webp
Altair prime 20,ARAD1504,36V DC,500mA,3000K, CRI>97,Φ60*H170mm,15°,20W,AJ/CG,ARAS2060/30/15/W,R-41159492,IS 10322 (PART 5/SEC1):2012,10099,"Guangdong Sat Technology Co. Ltd., No. 11 Lianbao Rd, Shengfeng District, Xiaolan Town, Zhongshan City, Guangdong, China – 528400",./assets/images/downlights/Altair-Prime-20-white.webp
Altair prime 20,ARAD1504,36V DC,500mA,3000K, CRI>97,Φ60*H170mm,15°,20W,AJ/CG,ARAS2060/30/15/B,R-41159492,IS 10322 (PART 5/SEC1):2012,10099,"Guangdong Sat Technology Co. Ltd., No. 11 Lianbao Rd, Shengfeng District, Xiaolan Town, Zhongshan City, Guangdong, China – 528400",./assets/images/downlights/Altair-Prime-20-mat-black-default.webp
Altair prime 20,ARAD1504,36V DC,500mA,3000K, CRI>97,Φ60*H170mm,15°,20W,AJ/CG,ARAS2060/30/15/CG,R-41159492,IS 10322 (PART 5/SEC1):2012,11099,"Guangdong Sat Technology Co. Ltd., No. 11 Lianbao Rd, Shengfeng District, Xiaolan Town, Zhongshan City, Guangdong, China – 528400",./assets/images/downlights/Altair-Prime-20-champeing-gold.webp
Altair prime 20,ARAD1504,36V DC,500mA,3000K, CRI>97,Φ60*H170mm,15°,20W,AJ/CG,ARAS2060/30/15/RG,R-41159492,IS 10322 (PART 5/SEC1):2012,11099,"Guangdong Sat Technology Co. Ltd., No. 11 Lianbao Rd, Shengfeng District, Xiaolan Town, Zhongshan City, Guangdong, China – 528400",./assets/images/downlights/Altair-Prime-20-rose-gold.webp
Altair prime 20,ARAD1504,36V DC,500mA,3000K, CRI>97,Φ60*H170mm,15°,20W,AJ/CG,ARAS2060/30/15/BR,R-41159492,IS 10322 (PART 5/SEC1):2012,11099,"Guangdong Sat Technology Co. Ltd., No. 11 Lianbao Rd, Shengfeng District, Xiaolan Town, Zhongshan City, Guangdong, China – 528400",./assets/images/downlights/Altair-Prime-20-brown.webp
Altair prime 20,ARAD1504,36V DC,500mA,3000K, CRI>97,Φ60*H170mm,15°,20W,AJ/CG,ARAS2060/30/15/COF,R-41159492,IS 10322 (PART 5/SEC1):2012,11099,"Guangdong Sat Technology Co. Ltd., No. 11 Lianbao Rd, Shengfeng District, Xiaolan Town, Zhongshan City, Guangdong, China – 528400",./assets/images/downlights/Altair-Prime-20-coffee.webp
Altair prime 20,ARAD1504,36V DC,500mA,3000K, CRI>97,Φ60*H170mm,15°,20W,AJ/CG,ARAS2060/30/15/DGR,R-41159492,IS 10322 (PART 5/SEC1):2012,11099,"Guangdong Sat Technology Co. Ltd., No. 11 Lianbao Rd, Shengfeng District, Xiaolan Town, Zhongshan City, Guangdong, China – 528400",./assets/images/downlights/Altair-Prime-20-dark-gray-default-001.webp
Altair prime 20,ARAD1504,36V DC,500mA,3000K, CRI>97,Φ60*H170mm,15°,20W,AJ/CG,ARAS2060/30/15/BB,R-41159492,IS 10322 (PART 5/SEC1):2012,11099,"Guangdong Sat Technology Co. Ltd., No. 11 Lianbao Rd, Shengfeng District, Xiaolan Town, Zhongshan City, Guangdong, China – 528400",./assets/images/downlights/Altair-Prime-20-ballet-blue.webp
Altair prime 20,ARAD1504,36V DC,500mA,3000K, CRI>97,Φ60*H170mm,15°,20W,AJ/CG,ARAS2060/30/15/CH,R-41159492,IS 10322 (PART 5/SEC1):2012,11099,"Guangdong Sat Technology Co. Ltd., No. 11 Lianbao Rd, Shengfeng District, Xiaolan Town, Zhongshan City, Guangdong, China – 528400",./assets/images/downlights/Altair-Prime-20-chrome.webp
Altair prime 20,ARAD1504,36V DC,500mA,3000K, CRI>97,Φ60*H170mm,15°,20W,AJ/CG,ARAS2060/30/15/CHB,R-41159492,IS 10322 (PART 5/SEC1):2012,11099,"Guangdong Sat Technology Co. Ltd., No. 11 Lianbao Rd, Shengfeng District, Xiaolan Town, Zhongshan City, Guangdong, China – 528400",./assets/images/downlights/Altair-Prime-20-chrome-black.webp
Altair prime 20,ARAD1504,36V DC,500mA,3500K, CRI>97,Φ60*H170mm,15°,20W,AJ/CG,ARAS2060/35/15/W,R-41159492,IS 10322 (PART 5/SEC1):2012,10099,"Guangdong Sat Technology Co. Ltd., No. 11 Lianbao Rd, Shengfeng District, Xiaolan Town, Zhongshan City, Guangdong, China – 528400",./assets/images/downlights/Altair-Prime-20-white.webp
Altair prime 20,ARAD1504,36V DC,500mA,3500K, CRI>97,Φ60*H170mm,15°,20W,AJ/CG,ARAS2060/35/15/B,R-41159492,IS 10322 (PART 5/SEC1):2012,10099,"Guangdong Sat Technology Co. Ltd., No. 11 Lianbao Rd, Shengfeng District, Xiaolan Town, Zhongshan City, Guangdong, China – 528400",./assets/images/downlights/Altair-Prime-20-mat-black-default.webp
Altair prime 20,ARAD1504,36V DC,500mA,3500K, CRI>97,Φ60*H170mm,15°,20W,AJ/CG,ARAS2060/35/15/CG,R-41159492,IS 10322 (PART 5/SEC1):2012,11099,"Guangdong Sat Technology Co. Ltd., No. 11 Lianbao Rd, Shengfeng District, Xiaolan Town, Zhongshan City, Guangdong, China – 528400",./assets/images/downlights/Altair-Prime-20-champeing-gold.webp
Altair prime 20,ARAD1504,36V DC,500mA,3500K, CRI>97,Φ60*H170mm,15°,20W,AJ/CG,ARAS2060/35/15/RG,R-41159492,IS 10322 (PART 5/SEC1):2012,11099,"Guangdong Sat Technology Co. Ltd., No. 11 Lianbao Rd, Shengfeng District, Xiaolan Town, Zhongshan City, Guangdong, China – 528400",./assets/images/downlights/Altair-Prime-20-rose-gold.webp
Altair prime 20,ARAD1504,36V DC,500mA,3500K, CRI>97,Φ60*H170mm,15°,20W,AJ/CG,ARAS2060/35/15/BR,R-41159492,IS 10322 (PART 5/SEC1):2012,11099,"Guangdong Sat Technology Co. Ltd., No. 11 Lianbao Rd, Shengfeng District, Xiaolan Town, Zhongshan City, Guangdong, China – 528400",./assets/images/downlights/Altair-Prime-20-brown.webp
Altair prime 20,ARAD1504,36V DC,500mA,3500K, CRI>97,Φ60*H170mm,15°,20W,AJ/CG,ARAS2060/35/15/COF,R-41159492,IS 10322 (PART 5/SEC1):2012,11099,"Guangdong Sat Technology Co. Ltd., No. 11 Lianbao Rd, Shengfeng District, Xiaolan Town, Zhongshan City, Guangdong, China – 528400",./assets/images/downlights/Altair-Prime-20-coffee.webp
Altair prime 20,ARAD1504,36V DC,500mA,3500K, CRI>97,Φ60*H170mm,15°,20W,AJ/CG,ARAS2060/35/15/DGR,R-41159492,IS 10322 (PART 5/SEC1):2012,11099,"Guangdong Sat Technology Co. Ltd., No. 11 Lianbao Rd, Shengfeng District, Xiaolan Town, Zhongshan City, Guangdong, China – 528400",./assets/images/downlights/Altair-Prime-20-dark-gray-default-001.webp
Altair prime 20,ARAD1504,36V DC,500mA,3500K, CRI>97,Φ60*H170mm,15°,20W,AJ/CG,ARAS2060/35/15/BB,R-41159492,IS 10322 (PART 5/SEC1):2012,11099,"Guangdong Sat Technology Co. Ltd., No. 11 Lianbao Rd, Shengfeng District, Xiaolan Town, Zhongshan City, Guangdong, China – 528400",./assets/images/downlights/Altair-Prime-20-ballet-blue.webp
Altair prime 20,ARAD1504,36V DC,500mA,3500K, CRI>97,Φ60*H170mm,15°,20W,AJ/CG,ARAS2060/35/15/CH,R-41159492,IS 10322 (PART 5/SEC1):2012,11099,"Guangdong Sat Technology Co. Ltd., No. 11 Lianbao Rd, Shengfeng District, Xiaolan Town, Zhongshan City, Guangdong, China – 528400",./assets/images/downlights/Altair-Prime-20-chrome.webp
Altair prime 20,ARAD1504,36V DC,500mA,3500K, CRI>97,Φ60*H170mm,15°,20W,AJ/CG,ARAS2060/35/15/CHB,R-41159492,IS 10322 (PART 5/SEC1):2012,11099,"Guangdong Sat Technology Co. Ltd., No. 11 Lianbao Rd, Shengfeng District, Xiaolan Town, Zhongshan City, Guangdong, China – 528400",./assets/images/downlights/Altair-Prime-20-chrome-black.webp
Altair prime 20,ARAD1504,36V DC,500mA,4000K, CRI>97,Φ60*H170mm,15°,20W,AJ/CG,ARAS2060/40/15/W,R-41159492,IS 10322 (PART 5/SEC1):2012,10099,"Guangdong Sat Technology Co. Ltd., No. 11 Lianbao Rd, Shengfeng District, Xiaolan Town, Zhongshan City, Guangdong, China – 528400",./assets/images/downlights/Altair-Prime-20-white.webp
Altair prime 20,ARAD1504,36V DC,500mA,4000K, CRI>97,Φ60*H170mm,15°,20W,AJ/CG,ARAS2060/40/15/B,R-41159492,IS 10322 (PART 5/SEC1):2012,10099,"Guangdong Sat Technology Co. Ltd., No. 11 Lianbao Rd, Shengfeng District, Xiaolan Town, Zhongshan City, Guangdong, China – 528400",./assets/images/downlights/Altair-Prime-20-mat-black-default.webp
Altair prime 20,ARAD1504,36V DC,500mA,4000K, CRI>97,Φ60*H170mm,15°,20W,AJ/CG,ARAS2060/40/15/CG,R-41159492,IS 10322 (PART 5/SEC1):2012,11099,"Guangdong Sat Technology Co. Ltd., No. 11 Lianbao Rd, Shengfeng District, Xiaolan Town, Zhongshan City, Guangdong, China – 528400",./assets/images/downlights/Altair-Prime-20-champeing-gold.webp
Altair prime 20,ARAD1504,36V DC,500mA,4000K, CRI>97,Φ60*H170mm,15°,20W,AJ/CG,ARAS2060/40/15/RG,R-41159492,IS 10322 (PART 5/SEC1):2012,11099,"Guangdong Sat Technology Co. Ltd., No. 11 Lianbao Rd, Shengfeng District, Xiaolan Town, Zhongshan City, Guangdong, China – 528400",./assets/images/downlights/Altair-Prime-20-rose-gold.webp
Altair prime 20,ARAD1504,36V DC,500mA,4000K, CRI>97,Φ60*H170mm,15°,20W,AJ/CG,ARAS2060/40/15/BR,R-41159492,IS 10322 (PART 5/SEC1):2012,11099,"Guangdong Sat Technology Co. Ltd., No. 11 Lianbao Rd, Shengfeng District, Xiaolan Town, Zhongshan City, Guangdong, China – 528400",./assets/images/downlights/Altair-Prime-20-brown.webp
Altair prime 20,ARAD1504,36V DC,500mA,4000K, CRI>97,Φ60*H170mm,15°,20W,AJ/CG,ARAS2060/40/15/COF,R-41159492,IS 10322 (PART 5/SEC1):2012,11099,"Guangdong Sat Technology Co. Ltd., No. 11 Lianbao Rd, Shengfeng District, Xiaolan Town, Zhongshan City, Guangdong, China – 528400",./assets/images/downlights/Altair-Prime-20-coffee.webp
Altair prime 20,ARAD1504,36V DC,500mA,4000K, CRI>97,Φ60*H170mm,15°,20W,AJ/CG,ARAS2060/40/15/DGR,R-41159492,IS 10322 (PART 5/SEC1):2012,11099,"Guangdong Sat Technology Co. Ltd., No. 11 Lianbao Rd, Shengfeng District, Xiaolan Town, Zhongshan City, Guangdong, China – 528400",./assets/images/downlights/Altair-Prime-20-dark-gray-default-001.webp
Altair prime 20,ARAD1504,36V DC,500mA,4000K, CRI>97,Φ60*H170mm,15°,20W,AJ/CG,ARAS2060/40/15/BB,R-41159492,IS 10322 (PART 5/SEC1):2012,11099,"Guangdong Sat Technology Co. Ltd., No. 11 Lianbao Rd, Shengfeng District, Xiaolan Town, Zhongshan City, Guangdong, China – 528400",./assets/images/downlights/Altair-Prime-20-ballet-blue.webp
Altair prime 20,ARAD1504,36V DC,500mA,4000K, CRI>97,Φ60*H170mm,15°,20W,AJ/CG,ARAS2060/40/15/CH,R-41159492,IS 10322 (PART 5/SEC1):2012,11099,"Guangdong Sat Technology Co. Ltd., No. 11 Lianbao Rd, Shengfeng District, Xiaolan Town, Zhongshan City, Guangdong, China – 528400",./assets/images/downlights/Altair-Prime-20-chrome.webp
Altair prime 20,ARAD1504,36V DC,500mA,4000K, CRI>97,Φ60*H170mm,15°,20W,AJ/CG,ARAS2060/40/15/CHB,R-41159492,IS 10322 (PART 5/SEC1):2012,11099,"Guangdong Sat Technology Co. Ltd., No. 11 Lianbao Rd, Shengfeng District, Xiaolan Town, Zhongshan City, Guangdong, China – 528400",./assets/images/downlights/Altair-Prime-20-chrome-black.webp
Altair prime 20,ARAD1504,36V DC,500mA,5000K, CRI>97,Φ60*H170mm,15°,20W,AJ/CG,ARAS2060/50/15/W,R-41159492,IS 10322 (PART 5/SEC1):2012,10099,"Guangdong Sat Technology Co. Ltd., No. 11 Lianbao Rd, Shengfeng District, Xiaolan Town, Zhongshan City, Guangdong, China – 528400",./assets/images/downlights/Altair-Prime-20-white.webp
Altair prime 20,ARAD1504,36V DC,500mA,5000K, CRI>97,Φ60*H170mm,15°,20W,AJ/CG,ARAS2060/50/15/B,R-41159492,IS 10322 (PART 5/SEC1):2012,10099,"Guangdong Sat Technology Co. Ltd., No. 11 Lianbao Rd, Shengfeng District, Xiaolan Town, Zhongshan City, Guangdong, China – 528400",./assets/images/downlights/Altair-Prime-20-mat-black-default.webp
Altair prime 20,ARAD1504,36V DC,500mA,5000K, CRI>97,Φ60*H170mm,15°,20W,AJ/CG,ARAS2060/50/15/CG,R-41159492,IS 10322 (PART 5/SEC1):2012,11099,"Guangdong Sat Technology Co. Ltd., No. 11 Lianbao Rd, Shengfeng District, Xiaolan Town, Zhongshan City, Guangdong, China – 528400",./assets/images/downlights/Altair-Prime-20-champeing-gold.webp
Altair prime 20,ARAD1504,36V DC,500mA,5000K, CRI>97,Φ60*H170mm,15°,20W,AJ/CG,ARAS2060/50/15/RG,R-41159492,IS 10322 (PART 5/SEC1):2012,11099,"Guangdong Sat Technology Co. Ltd., No. 11 Lianbao Rd, Shengfeng District, Xiaolan Town, Zhongshan City, Guangdong, China – 528400",./assets/images/downlights/Altair-Prime-20-rose-gold.webp
Altair prime 20,ARAD1504,36V DC,500mA,5000K, CRI>97,Φ60*H170mm,15°,20W,AJ/CG,ARAS2060/50/15/BR,R-41159492,IS 10322 (PART 5/SEC1):2012,11099,"Guangdong Sat Technology Co. Ltd., No. 11 Lianbao Rd, Shengfeng District, Xiaolan Town, Zhongshan City, Guangdong, China – 528400",./assets/images/downlights/Altair-Prime-20-brown.webp
Altair prime 20,ARAD1504,36V DC,500mA,5000K, CRI>97,Φ60*H170mm,15°,20W,AJ/CG,ARAS2060/50/15/COF,R-41159492,IS 10322 (PART 5/SEC1):2012,11099,"Guangdong Sat Technology Co. Ltd., No. 11 Lianbao Rd, Shengfeng District, Xiaolan Town, Zhongshan City, Guangdong, China – 528400",./assets/images/downlights/Altair-Prime-20-coffee.webp
Altair prime 20,ARAD1504,36V DC,500mA,5000K, CRI>97,Φ60*H170mm,15°,20W,AJ/CG,ARAS2060/50/15/DGR,R-41159492,IS 10322 (PART 5/SEC1):2012,11099,"Guangdong Sat Technology Co. Ltd., No. 11 Lianbao Rd, Shengfeng District, Xiaolan Town, Zhongshan City, Guangdong, China – 528400",./assets/images/downlights/Altair-Prime-20-dark-gray-default-001.webp
Altair prime 20,ARAD1504,36V DC,500mA,5000K, CRI>97,Φ60*H170mm,15°,20W,AJ/CG,ARAS2060/50/15/BB,R-41159492,IS 10322 (PART 5/SEC1):2012,11099,"Guangdong Sat Technology Co. Ltd., No. 11 Lianbao Rd, Shengfeng District, Xiaolan Town, Zhongshan City, Guangdong, China – 528400",./assets/images/downlights/Altair-Prime-20-ballet-blue.webp
Altair prime 20,ARAD1504,36V DC,500mA,5000K, CRI>97,Φ60*H170mm,15°,20W,AJ/CG,ARAS2060/50/15/CH,R-41159492,IS 10322 (PART 5/SEC1):2012,11099,"Guangdong Sat Technology Co. Ltd., No. 11 Lianbao Rd, Shengfeng District, Xiaolan Town, Zhongshan City, Guangdong, China – 528400",./assets/images/downlights/Altair-Prime-20-chrome.webp
Altair prime 20,ARAD1504,36V DC,500mA,5000K, CRI>97,Φ60*H170mm,15°,20W,AJ/CG,ARAS2060/50/15/CHB,R-41159492,IS 10322 (PART 5/SEC1):2012,11099,"Guangdong Sat Technology Co. Ltd., No. 11 Lianbao Rd, Shengfeng District, Xiaolan Town, Zhongshan City, Guangdong, China – 528400",./assets/images/downlights/Altair-Prime-20-chrome-black.webp
Altair prime 20,ARAD1504,36V DC,500mA,2700K, CRI>97,Φ60*H170mm,24°,20W,AJ/CG,ARAS2060/27/24/W,R-41159492,IS 10322 (PART 5/SEC1):2012,10099,"Guangdong Sat Technology Co. Ltd., No. 11 Lianbao Rd, Shengfeng District, Xiaolan Town, Zhongshan City, Guangdong, China – 528400",./assets/images/downlights/Altair-Prime-20-white.webp
Altair prime 20,ARAD1504,36V DC,500mA,2700K, CRI>97,Φ60*H170mm,24°,20W,AJ/CG,ARAS2060/27/24/B,R-41159492,IS 10322 (PART 5/SEC1):2012,10099,"Guangdong Sat Technology Co. Ltd., No. 11 Lianbao Rd, Shengfeng District, Xiaolan Town, Zhongshan City, Guangdong, China – 528400",./assets/images/downlights/Altair-Prime-20-mat-black-default.webp
Altair prime 20,ARAD1504,36V DC,500mA,2700K, CRI>97,Φ60*H170mm,24°,20W,AJ/CG,ARAS2060/27/24/CG,R-41159492,IS 10322 (PART 5/SEC1):2012,11099,"Guangdong Sat Technology Co. Ltd., No. 11 Lianbao Rd, Shengfeng District, Xiaolan Town, Zhongshan City, Guangdong, China – 528400",./assets/images/downlights/Altair-Prime-20-champeing-gold.webp
Altair prime 20,ARAD1504,36V DC,500mA,2700K, CRI>97,Φ60*H170mm,24°,20W,AJ/CG,ARAS2060/27/24/RG,R-41159492,IS 10322 (PART 5/SEC1):2012,11099,"Guangdong Sat Technology Co. Ltd., No. 11 Lianbao Rd, Shengfeng District, Xiaolan Town, Zhongshan City, Guangdong, China – 528400",./assets/images/downlights/Altair-Prime-20-rose-gold.webp
Altair prime 20,ARAD1504,36V DC,500mA,2700K, CRI>97,Φ60*H170mm,24°,20W,AJ/CG,ARAS2060/27/24/BR,R-41159492,IS 10322 (PART 5/SEC1):2012,11099,"Guangdong Sat Technology Co. Ltd., No. 11 Lianbao Rd, Shengfeng District, Xiaolan Town, Zhongshan City, Guangdong, China – 528400",./assets/images/downlights/Altair-Prime-20-brown.webp
Altair prime 20,ARAD1504,36V DC,500mA,2700K, CRI>97,Φ60*H170mm,24°,20W,AJ/CG,ARAS2060/27/24/COF,R-41159492,IS 10322 (PART 5/SEC1):2012,11099,"Guangdong Sat Technology Co. Ltd., No. 11 Lianbao Rd, Shengfeng District, Xiaolan Town, Zhongshan City, Guangdong, China – 528400",./assets/images/downlights/Altair-Prime-20-coffee.webp
Altair prime 20,ARAD1504,36V DC,500mA,2700K, CRI>97,Φ60*H170mm,24°,20W,AJ/CG,ARAS2060/27/24/DGR,R-41159492,IS 10322 (PART 5/SEC1):2012,11099,"Guangdong Sat Technology Co. Ltd., No. 11 Lianbao Rd, Shengfeng District, Xiaolan Town, Zhongshan City, Guangdong, China – 528400",./assets/images/downlights/Altair-Prime-20-dark-gray-default-001.webp
Altair prime 20,ARAD1504,36V DC,500mA,2700K, CRI>97,Φ60*H170mm,24°,20W,AJ/CG,ARAS2060/27/24/BB,R-41159492,IS 10322 (PART 5/SEC1):2012,11099,"Guangdong Sat Technology Co. Ltd., No. 11 Lianbao Rd, Shengfeng District, Xiaolan Town, Zhongshan City, Guangdong, China – 528400",./assets/images/downlights/Altair-Prime-20-ballet-blue.webp
Altair prime 20,ARAD1504,36V DC,500mA,2700K, CRI>97,Φ60*H170mm,24°,20W,AJ/CG,ARAS2060/27/24/CH,R-41159492,IS 10322 (PART 5/SEC1):2012,11099,"Guangdong Sat Technology Co. Ltd., No. 11 Lianbao Rd, Shengfeng District, Xiaolan Town, Zhongshan City, Guangdong, China – 528400",./assets/images/downlights/Altair-Prime-20-chrome.webp
Altair prime 20,ARAD1504,36V DC,500mA,2700K, CRI>97,Φ60*H170mm,24°,20W,AJ/CG,ARAS2060/27/24/CHB,R-41159492,IS 10322 (PART 5/SEC1):2012,11099,"Guangdong Sat Technology Co. Ltd., No. 11 Lianbao Rd, Shengfeng District, Xiaolan Town, Zhongshan City, Guangdong, China – 528400",./assets/images/downlights/Altair-Prime-20-chrome-black.webp
Altair prime 20,ARAD1504,36V DC,500mA,3000K, CRI>97,Φ60*H170mm,24°,20W,AJ/CG,ARAS2060/30/24/W,R-41159492,IS 10322 (PART 5/SEC1):2012,10099,"Guangdong Sat Technology Co. Ltd., No. 11 Lianbao Rd, Shengfeng District, Xiaolan Town, Zhongshan City, Guangdong, China – 528400",./assets/images/downlights/Altair-Prime-20-white.webp
Altair prime 20,ARAD1504,36V DC,500mA,3000K, CRI>97,Φ60*H170mm,24°,20W,AJ/CG,ARAS2060/30/24/B,R-41159492,IS 10322 (PART 5/SEC1):2012,10099,"Guangdong Sat Technology Co. Ltd., No. 11 Lianbao Rd, Shengfeng District, Xiaolan Town, Zhongshan City, Guangdong, China – 528400",./assets/images/downlights/Altair-Prime-20-mat-black-default.webp
Altair prime 20,ARAD1504,36V DC,500mA,3000K, CRI>97,Φ60*H170mm,24°,20W,AJ/CG,ARAS2060/30/24/CG,R-41159492,IS 10322 (PART 5/SEC1):2012,11099,"Guangdong Sat Technology Co. Ltd., No. 11 Lianbao Rd, Shengfeng District, Xiaolan Town, Zhongshan City, Guangdong, China – 528400",./assets/images/downlights/Altair-Prime-20-champeing-gold.webp
Altair prime 20,ARAD1504,36V DC,500mA,3000K, CRI>97,Φ60*H170mm,24°,20W,AJ/CG,ARAS2060/30/24/RG,R-41159492,IS 10322 (PART 5/SEC1):2012,11099,"Guangdong Sat Technology Co. Ltd., No. 11 Lianbao Rd, Shengfeng District, Xiaolan Town, Zhongshan City, Guangdong, China – 528400",./assets/images/downlights/Altair-Prime-20-rose-gold.webp
Altair prime 20,ARAD1504,36V DC,500mA,3000K, CRI>97,Φ60*H170mm,24°,20W,AJ/CG,ARAS2060/30/24/BR,R-41159492,IS 10322 (PART 5/SEC1):2012,11099,"Guangdong Sat Technology Co. Ltd., No. 11 Lianbao Rd, Shengfeng District, Xiaolan Town, Zhongshan City, Guangdong, China – 528400",./assets/images/downlights/Altair-Prime-20-brown.webp
Altair prime 20,ARAD1504,36V DC,500mA,3000K, CRI>97,Φ60*H170mm,24°,20W,AJ/CG,ARAS2060/30/24/COF,R-41159492,IS 10322 (PART 5/SEC1):2012,11099,"Guangdong Sat Technology Co. Ltd., No. 11 Lianbao Rd, Shengfeng District, Xiaolan Town, Zhongshan City, Guangdong, China – 528400",./assets/images/downlights/Altair-Prime-20-coffee.webp
Altair prime 20,ARAD1504,36V DC,500mA,3000K, CRI>97,Φ60*H170mm,24°,20W,AJ/CG,ARAS2060/30/24/DGR,R-41159492,IS 10322 (PART 5/SEC1):2012,11099,"Guangdong Sat Technology Co. Ltd., No. 11 Lianbao Rd, Shengfeng District, Xiaolan Town, Zhongshan City, Guangdong, China – 528400",./assets/images/downlights/Altair-Prime-20-dark-gray-default-001.webp
Altair prime 20,ARAD1504,36V DC,500mA,3000K, CRI>97,Φ60*H170mm,24°,20W,AJ/CG,ARAS2060/30/24/BB,R-41159492,IS 10322 (PART 5/SEC1):2012,11099,"Guangdong Sat Technology Co. Ltd., No. 11 Lianbao Rd, Shengfeng District, Xiaolan Town, Zhongshan City, Guangdong, China – 528400",./assets/images/downlights/Altair-Prime-20-ballet-blue.webp
Altair prime 20,ARAD1504,36V DC,500mA,3000K, CRI>97,Φ60*H170mm,24°,20W,AJ/CG,ARAS2060/30/24/CH,R-41159492,IS 10322 (PART 5/SEC1):2012,11099,"Guangdong Sat Technology Co. Ltd., No. 11 Lianbao Rd, Shengfeng District, Xiaolan Town, Zhongshan City, Guangdong, China – 528400",./assets/images/downlights/Altair-Prime-20-chrome.webp
Altair prime 20,ARAD1504,36V DC,500mA,3000K, CRI>97,Φ60*H170mm,24°,20W,AJ/CG,ARAS2060/30/24/CHB,R-41159492,IS 10322 (PART 5/SEC1):2012,11099,"Guangdong Sat Technology Co. Ltd., No. 11 Lianbao Rd, Shengfeng District, Xiaolan Town, Zhongshan City, Guangdong, China – 528400",./assets/images/downlights/Altair-Prime-20-chrome-black.webp
Altair prime 20,ARAD1504,36V DC,500mA,3500K, CRI>97,Φ60*H170mm,24°,20W,AJ/CG,ARAS2060/35/24/W,R-41159492,IS 10322 (PART 5/SEC1):2012,10099,"Guangdong Sat Technology Co. Ltd., No. 11 Lianbao Rd, Shengfeng District, Xiaolan Town, Zhongshan City, Guangdong, China – 528400",./assets/images/downlights/Altair-Prime-20-white.webp
Altair prime 20,ARAD1504,36V DC,500mA,3500K, CRI>97,Φ60*H170mm,24°,20W,AJ/CG,ARAS2060/35/24/B,R-41159492,IS 10322 (PART 5/SEC1):2012,10099,"Guangdong Sat Technology Co. Ltd., No. 11 Lianbao Rd, Shengfeng District, Xiaolan Town, Zhongshan City, Guangdong, China – 528400",./assets/images/downlights/Altair-Prime-20-mat-black-default.webp
Altair prime 20,ARAD1504,36V DC,500mA,3500K, CRI>97,Φ60*H170mm,24°,20W,AJ/CG,ARAS2060/35/24/CG,R-41159492,IS 10322 (PART 5/SEC1):2012,11099,"Guangdong Sat Technology Co. Ltd., No. 11 Lianbao Rd, Shengfeng District, Xiaolan Town, Zhongshan City, Guangdong, China – 528400",./assets/images/downlights/Altair-Prime-20-champeing-gold.webp
Altair prime 20,ARAD1504,36V DC,500mA,3500K, CRI>97,Φ60*H170mm,24°,20W,AJ/CG,ARAS2060/35/24/RG,R-41159492,IS 10322 (PART 5/SEC1):2012,11099,"Guangdong Sat Technology Co. Ltd., No. 11 Lianbao Rd, Shengfeng District, Xiaolan Town, Zhongshan City, Guangdong, China – 528400",./assets/images/downlights/Altair-Prime-20-rose-gold.webp
Altair prime 20,ARAD1504,36V DC,500mA,3500K, CRI>97,Φ60*H170mm,24°,20W,AJ/CG,ARAS2060/35/24/BR,R-41159492,IS 10322 (PART 5/SEC1):2012,11099,"Guangdong Sat Technology Co. Ltd., No. 11 Lianbao Rd, Shengfeng District, Xiaolan Town, Zhongshan City, Guangdong, China – 528400",./assets/images/downlights/Altair-Prime-20-brown.webp
Altair prime 20,ARAD1504,36V DC,500mA,3500K, CRI>97,Φ60*H170mm,24°,20W,AJ/CG,ARAS2060/35/24/COF,R-41159492,IS 10322 (PART 5/SEC1):2012,11099,"Guangdong Sat Technology Co. Ltd., No. 11 Lianbao Rd, Shengfeng District, Xiaolan Town, Zhongshan City, Guangdong, China – 528400",./assets/images/downlights/Altair-Prime-20-coffee.webp
Altair prime 20,ARAD1504,36V DC,500mA,3500K, CRI>97,Φ60*H170mm,24°,20W,AJ/CG,ARAS2060/35/24/DGR,R-41159492,IS 10322 (PART 5/SEC1):2012,11099,"Guangdong Sat Technology Co. Ltd., No. 11 Lianbao Rd, Shengfeng District, Xiaolan Town, Zhongshan City, Guangdong, China – 528400",./assets/images/downlights/Altair-Prime-20-dark-gray-default-001.webp
Altair prime 20,ARAD1504,36V DC,500mA,3500K, CRI>97,Φ60*H170mm,24°,20W,AJ/CG,ARAS2060/35/24/BB,R-41159492,IS 10322 (PART 5/SEC1):2012,11099,"Guangdong Sat Technology Co. Ltd., No. 11 Lianbao Rd, Shengfeng District, Xiaolan Town, Zhongshan City, Guangdong, China – 528400",./assets/images/downlights/Altair-Prime-20-ballet-blue.webp
Altair prime 20,ARAD1504,36V DC,500mA,3500K, CRI>97,Φ60*H170mm,24°,20W,AJ/CG,ARAS2060/35/24/CH,R-41159492,IS 10322 (PART 5/SEC1):2012,11099,"Guangdong Sat Technology Co. Ltd., No. 11 Lianbao Rd, Shengfeng District, Xiaolan Town, Zhongshan City, Guangdong, China – 528400",./assets/images/downlights/Altair-Prime-20-chrome.webp
Altair prime 20,ARAD1504,36V DC,500mA,3500K, CRI>97,Φ60*H170mm,24°,20W,AJ/CG,ARAS2060/35/24/CHB,R-41159492,IS 10322 (PART 5/SEC1):2012,11099,"Guangdong Sat Technology Co. Ltd., No. 11 Lianbao Rd, Shengfeng District, Xiaolan Town, Zhongshan City, Guangdong, China – 528400",./assets/images/downlights/Altair-Prime-20-chrome-black.webp
Altair prime 20,ARAD1504,36V DC,500mA,4000K, CRI>97,Φ60*H170mm,24°,20W,AJ/CG,ARAS2060/40/24/W,R-41159492,IS 10322 (PART 5/SEC1):2012,10099,"Guangdong Sat Technology Co. Ltd., No. 11 Lianbao Rd, Shengfeng District, Xiaolan Town, Zhongshan City, Guangdong, China – 528400",./assets/images/downlights/Altair-Prime-20-white.webp
Altair prime 20,ARAD1504,36V DC,500mA,4000K, CRI>97,Φ60*H170mm,24°,20W,AJ/CG,ARAS2060/40/24/B,R-41159492,IS 10322 (PART 5/SEC1):2012,10099,"Guangdong Sat Technology Co. Ltd., No. 11 Lianbao Rd, Shengfeng District, Xiaolan Town, Zhongshan City, Guangdong, China – 528400",./assets/images/downlights/Altair-Prime-20-mat-black-default.webp
Altair prime 20,ARAD1504,36V DC,500mA,4000K, CRI>97,Φ60*H170mm,24°,20W,AJ/CG,ARAS2060/40/24/CG,R-41159492,IS 10322 (PART 5/SEC1):2012,11099,"Guangdong Sat Technology Co. Ltd., No. 11 Lianbao Rd, Shengfeng District, Xiaolan Town, Zhongshan City, Guangdong, China – 528400",./assets/images/downlights/Altair-Prime-20-champeing-gold.webp
Altair prime 20,ARAD1504,36V DC,500mA,4000K, CRI>97,Φ60*H170mm,24°,20W,AJ/CG,ARAS2060/40/24/RG,R-41159492,IS 10322 (PART 5/SEC1):2012,11099,"Guangdong Sat Technology Co. Ltd., No. 11 Lianbao Rd, Shengfeng District, Xiaolan Town, Zhongshan City, Guangdong, China – 528400",./assets/images/downlights/Altair-Prime-20-rose-gold.webp
Altair prime 20,ARAD1504,36V DC,500mA,4000K, CRI>97,Φ60*H170mm,24°,20W,AJ/CG,ARAS2060/40/24/BR,R-41159492,IS 10322 (PART 5/SEC1):2012,11099,"Guangdong Sat Technology Co. Ltd., No. 11 Lianbao Rd, Shengfeng District, Xiaolan Town, Zhongshan City, Guangdong, China – 528400",./assets/images/downlights/Altair-Prime-20-brown.webp
Altair prime 20,ARAD1504,36V DC,500mA,4000K, CRI>97,Φ60*H170mm,24°,20W,AJ/CG,ARAS2060/40/24/COF,R-41159492,IS 10322 (PART 5/SEC1):2012,11099,"Guangdong Sat Technology Co. Ltd., No. 11 Lianbao Rd, Shengfeng District, Xiaolan Town, Zhongshan City, Guangdong, China – 528400",./assets/images/downlights/Altair-Prime-20-coffee.webp
Altair prime 20,ARAD1504,36V DC,500mA,4000K, CRI>97,Φ60*H170mm,24°,20W,AJ/CG,ARAS2060/40/24/DGR,R-41159492,IS 10322 (PART 5/SEC1):2012,11099,"Guangdong Sat Technology Co. Ltd., No. 11 Lianbao Rd, Shengfeng District, Xiaolan Town, Zhongshan City, Guangdong, China – 528400",./assets/images/downlights/Altair-Prime-20-dark-gray-default-001.webp
Altair prime 20,ARAD1504,36V DC,500mA,4000K, CRI>97,Φ60*H170mm,24°,20W,AJ/CG,ARAS2060/40/24/BB,R-41159492,IS 10322 (PART 5/SEC1):2012,11099,"Guangdong Sat Technology Co. Ltd., No. 11 Lianbao Rd, Shengfeng District, Xiaolan Town, Zhongshan City, Guangdong, China – 528400",./assets/images/downlights/Altair-Prime-20-ballet-blue.webp
Altair prime 20,ARAD1504,36V DC,500mA,4000K, CRI>97,Φ60*H170mm,24°,20W,AJ/CG,ARAS2060/40/24/CH,R-41159492,IS 10322 (PART 5/SEC1):2012,11099,"Guangdong Sat Technology Co. Ltd., No. 11 Lianbao Rd, Shengfeng District, Xiaolan Town, Zhongshan City, Guangdong, China – 528400",./assets/images/downlights/Altair-Prime-20-chrome.webp
Altair prime 20,ARAD1504,36V DC,500mA,4000K, CRI>97,Φ60*H170mm,24°,20W,AJ/CG,ARAS2060/40/24/CHB,R-41159492,IS 10322 (PART 5/SEC1):2012,11099,"Guangdong Sat Technology Co. Ltd., No. 11 Lianbao Rd, Shengfeng District, Xiaolan Town, Zhongshan City, Guangdong, China – 528400",./assets/images/downlights/Altair-Prime-20-chrome-black.webp
Altair prime 20,ARAD1504,36V DC,500mA,5000K, CRI>97,Φ60*H170mm,24°,20W,AJ/CG,ARAS2060/50/24/W,R-41159492,IS 10322 (PART 5/SEC1):2012,10099,"Guangdong Sat Technology Co. Ltd., No. 11 Lianbao Rd, Shengfeng District, Xiaolan Town, Zhongshan City, Guangdong, China – 528400",./assets/images/downlights/Altair-Prime-20-white.webp
Altair prime 20,ARAD1504,36V DC,500mA,5000K, CRI>97,Φ60*H170mm,24°,20W,AJ/CG,ARAS2060/50/24/B,R-41159492,IS 10322 (PART 5/SEC1):2012,10099,"Guangdong Sat Technology Co. Ltd., No. 11 Lianbao Rd, Shengfeng District, Xiaolan Town, Zhongshan City, Guangdong, China – 528400",./assets/images/downlights/Altair-Prime-20-mat-black-default.webp
Altair prime 20,ARAD1504,36V DC,500mA,5000K, CRI>97,Φ60*H170mm,24°,20W,AJ/CG,ARAS2060/50/24/CG,R-41159492,IS 10322 (PART 5/SEC1):2012,11099,"Guangdong Sat Technology Co. Ltd., No. 11 Lianbao Rd, Shengfeng District, Xiaolan Town, Zhongshan City, Guangdong, China – 528400",./assets/images/downlights/Altair-Prime-20-champeing-gold.webp
Altair prime 20,ARAD1504,36V DC,500mA,5000K, CRI>97,Φ60*H170mm,24°,20W,AJ/CG,ARAS2060/50/24/RG,R-41159492,IS 10322 (PART 5/SEC1):2012,11099,"Guangdong Sat Technology Co. Ltd., No. 11 Lianbao Rd, Shengfeng District, Xiaolan Town, Zhongshan City, Guangdong, China – 528400",./assets/images/downlights/Altair-Prime-20-rose-gold.webp
Altair prime 20,ARAD1504,36V DC,500mA,5000K, CRI>97,Φ60*H170mm,24°,20W,AJ/CG,ARAS2060/50/24/BR,R-41159492,IS 10322 (PART 5/SEC1):2012,11099,"Guangdong Sat Technology Co. Ltd., No. 11 Lianbao Rd, Shengfeng District, Xiaolan Town, Zhongshan City, Guangdong, China – 528400",./assets/images/downlights/Altair-Prime-20-brown.webp
Altair prime 20,ARAD1504,36V DC,500mA,5000K, CRI>97,Φ60*H170mm,24°,20W,AJ/CG,ARAS2060/50/24/COF,R-41159492,IS 10322 (PART 5/SEC1):2012,11099,"Guangdong Sat Technology Co. Ltd., No. 11 Lianbao Rd, Shengfeng District, Xiaolan Town, Zhongshan City, Guangdong, China – 528400",./assets/images/downlights/Altair-Prime-20-coffee.webp
Altair prime 20,ARAD1504,36V DC,500mA,5000K, CRI>97,Φ60*H170mm,24°,20W,AJ/CG,ARAS2060/50/24/DGR,R-41159492,IS 10322 (PART 5/SEC1):2012,11099,"Guangdong Sat Technology Co. Ltd., No. 11 Lianbao Rd, Shengfeng District, Xiaolan Town, Zhongshan City, Guangdong, China – 528400",./assets/images/downlights/Altair-Prime-20-dark-gray-default-001.webp
Altair prime 20,ARAD1504,36V DC,500mA,5000K, CRI>97,Φ60*H170mm,24°,20W,AJ/CG,ARAS2060/50/24/BB,R-41159492,IS 10322 (PART 5/SEC1):2012,11099,"Guangdong Sat Technology Co. Ltd., No. 11 Lianbao Rd, Shengfeng District, Xiaolan Town, Zhongshan City, Guangdong, China – 528400",./assets/images/downlights/Altair-Prime-20-ballet-blue.webp
Altair prime 20,ARAD1504,36V DC,500mA,5000K, CRI>97,Φ60*H170mm,24°,20W,AJ/CG,ARAS2060/50/24/CH,R-41159492,IS 10322 (PART 5/SEC1):2012,11099,"Guangdong Sat Technology Co. Ltd., No. 11 Lianbao Rd, Shengfeng District, Xiaolan Town, Zhongshan City, Guangdong, China – 528400",./assets/images/downlights/Altair-Prime-20-chrome.webp
Altair prime 20,ARAD1504,36V DC,500mA,5000K, CRI>97,Φ60*H170mm,24°,20W,AJ/CG,ARAS2060/50/24/CHB,R-41159492,IS 10322 (PART 5/SEC1):2012,11099,"Guangdong Sat Technology Co. Ltd., No. 11 Lianbao Rd, Shengfeng District, Xiaolan Town, Zhongshan City, Guangdong, China – 528400",./assets/images/downlights/Altair-Prime-20-chrome-black.webp
Altair prime 20,ARAD1504,36V DC,500mA,2700K, CRI>97,Φ60*H170mm,36°,20W,AJ/CG,ARAS2060/27/36/W,R-41159492,IS 10322 (PART 5/SEC1):2012,10099,"Guangdong Sat Technology Co. Ltd., No. 11 Lianbao Rd, Shengfeng District, Xiaolan Town, Zhongshan City, Guangdong, China – 528400",./assets/images/downlights/Altair-Prime-20-white.webp
Altair prime 20,ARAD1504,36V DC,500mA,2700K, CRI>97,Φ60*H170mm,36°,20W,AJ/CG,ARAS2060/27/36/B,R-41159492,IS 10322 (PART 5/SEC1):2012,10099,"Guangdong Sat Technology Co. Ltd., No. 11 Lianbao Rd, Shengfeng District, Xiaolan Town, Zhongshan City, Guangdong, China – 528400",./assets/images/downlights/Altair-Prime-20-mat-black-default.webp
Altair prime 20,ARAD1504,36V DC,500mA,2700K, CRI>97,Φ60*H170mm,36°,20W,AJ/CG,ARAS2060/27/36/CG,R-41159492,IS 10322 (PART 5/SEC1):2012,11099,"Guangdong Sat Technology Co. Ltd., No. 11 Lianbao Rd, Shengfeng District, Xiaolan Town, Zhongshan City, Guangdong, China – 528400",./assets/images/downlights/Altair-Prime-20-champeing-gold.webp
Altair prime 20,ARAD1504,36V DC,500mA,2700K, CRI>97,Φ60*H170mm,36°,20W,AJ/CG,ARAS2060/27/36/RG,R-41159492,IS 10322 (PART 5/SEC1):2012,11099,"Guangdong Sat Technology Co. Ltd., No. 11 Lianbao Rd, Shengfeng District, Xiaolan Town, Zhongshan City, Guangdong, China – 528400",./assets/images/downlights/Altair-Prime-20-rose-gold.webp
Altair prime 20,ARAD1504,36V DC,500mA,2700K, CRI>97,Φ60*H170mm,36°,20W,AJ/CG,ARAS2060/27/36/BR,R-41159492,IS 10322 (PART 5/SEC1):2012,11099,"Guangdong Sat Technology Co. Ltd., No. 11 Lianbao Rd, Shengfeng District, Xiaolan Town, Zhongshan City, Guangdong, China – 528400",./assets/images/downlights/Altair-Prime-20-brown.webp
Altair prime 20,ARAD1504,36V DC,500mA,2700K, CRI>97,Φ60*H170mm,36°,20W,AJ/CG,ARAS2060/27/36/COF,R-41159492,IS 10322 (PART 5/SEC1):2012,11099,"Guangdong Sat Technology Co. Ltd., No. 11 Lianbao Rd, Shengfeng District, Xiaolan Town, Zhongshan City, Guangdong, China – 528400",./assets/images/downlights/Altair-Prime-20-coffee.webp
Altair prime 20,ARAD1504,36V DC,500mA,2700K, CRI>97,Φ60*H170mm,36°,20W,AJ/CG,ARAS2060/27/36/DGR,R-41159492,IS 10322 (PART 5/SEC1):2012,11099,"Guangdong Sat Technology Co. Ltd., No. 11 Lianbao Rd, Shengfeng District, Xiaolan Town, Zhongshan City, Guangdong, China – 528400",./assets/images/downlights/Altair-Prime-20-dark-gray-default-001.webp
Altair prime 20,ARAD1504,36V DC,500mA,2700K, CRI>97,Φ60*H170mm,36°,20W,AJ/CG,ARAS2060/27/36/BB,R-41159492,IS 10322 (PART 5/SEC1):2012,11099,"Guangdong Sat Technology Co. Ltd., No. 11 Lianbao Rd, Shengfeng District, Xiaolan Town, Zhongshan City, Guangdong, China – 528400",./assets/images/downlights/Altair-Prime-20-ballet-blue.webp
Altair prime 20,ARAD1504,36V DC,500mA,2700K, CRI>97,Φ60*H170mm,36°,20W,AJ/CG,ARAS2060/27/36/CH,R-41159492,IS 10322 (PART 5/SEC1):2012,11099,"Guangdong Sat Technology Co. Ltd., No. 11 Lianbao Rd, Shengfeng District, Xiaolan Town, Zhongshan City, Guangdong, China – 528400",./assets/images/downlights/Altair-Prime-20-chrome.webp
Altair prime 20,ARAD1504,36V DC,500mA,2700K, CRI>97,Φ60*H170mm,36°,20W,AJ/CG,ARAS2060/27/36/CHB,R-41159492,IS 10322 (PART 5/SEC1):2012,11099,"Guangdong Sat Technology Co. Ltd., No. 11 Lianbao Rd, Shengfeng District, Xiaolan Town, Zhongshan City, Guangdong, China – 528400",./assets/images/downlights/Altair-Prime-20-chrome-black.webp
Altair prime 20,ARAD1504,36V DC,500mA,3000K, CRI>97,Φ60*H170mm,36°,20W,AJ/CG,ARAS2060/30/36/W,R-41159492,IS 10322 (PART 5/SEC1):2012,10099,"Guangdong Sat Technology Co. Ltd., No. 11 Lianbao Rd, Shengfeng District, Xiaolan Town, Zhongshan City, Guangdong, China – 528400",./assets/images/downlights/Altair-Prime-20-white.webp
Altair prime 20,ARAD1504,36V DC,500mA,3000K, CRI>97,Φ60*H170mm,36°,20W,AJ/CG,ARAS2060/30/36/B,R-41159492,IS 10322 (PART 5/SEC1):2012,10099,"Guangdong Sat Technology Co. Ltd., No. 11 Lianbao Rd, Shengfeng District, Xiaolan Town, Zhongshan City, Guangdong, China – 528400",./assets/images/downlights/Altair-Prime-20-mat-black-default.webp
Altair prime 20,ARAD1504,36V DC,500mA,3000K, CRI>97,Φ60*H170mm,36°,20W,AJ/CG,ARAS2060/30/36/CG,R-41159492,IS 10322 (PART 5/SEC1):2012,11099,"Guangdong Sat Technology Co. Ltd., No. 11 Lianbao Rd, Shengfeng District, Xiaolan Town, Zhongshan City, Guangdong, China – 528400",./assets/images/downlights/Altair-Prime-20-champeing-gold.webp
Altair prime 20,ARAD1504,36V DC,500mA,3000K, CRI>97,Φ60*H170mm,36°,20W,AJ/CG,ARAS2060/30/36/RG,R-41159492,IS 10322 (PART 5/SEC1):2012,11099,"Guangdong Sat Technology Co. Ltd., No. 11 Lianbao Rd, Shengfeng District, Xiaolan Town, Zhongshan City, Guangdong, China – 528400",./assets/images/downlights/Altair-Prime-20-rose-gold.webp
Altair prime 20,ARAD1504,36V DC,500mA,3000K, CRI>97,Φ60*H170mm,36°,20W,AJ/CG,ARAS2060/30/36/BR,R-41159492,IS 10322 (PART 5/SEC1):2012,11099,"Guangdong Sat Technology Co. Ltd., No. 11 Lianbao Rd, Shengfeng District, Xiaolan Town, Zhongshan City, Guangdong, China – 528400",./assets/images/downlights/Altair-Prime-20-brown.webp
Altair prime 20,ARAD1504,36V DC,500mA,3000K, CRI>97,Φ60*H170mm,36°,20W,AJ/CG,ARAS2060/30/36/COF,R-41159492,IS 10322 (PART 5/SEC1):2012,11099,"Guangdong Sat Technology Co. Ltd., No. 11 Lianbao Rd, Shengfeng District, Xiaolan Town, Zhongshan City, Guangdong, China – 528400",./assets/images/downlights/Altair-Prime-20-coffee.webp
Altair prime 20,ARAD1504,36V DC,500mA,3000K, CRI>97,Φ60*H170mm,36°,20W,AJ/CG,ARAS2060/30/36/DGR,R-41159492,IS 10322 (PART 5/SEC1):2012,11099,"Guangdong Sat Technology Co. Ltd., No. 11 Lianbao Rd, Shengfeng District, Xiaolan Town, Zhongshan City, Guangdong, China – 528400",./assets/images/downlights/Altair-Prime-20-dark-gray-default-001.webp
Altair prime 20,ARAD1504,36V DC,500mA,3000K, CRI>97,Φ60*H170mm,36°,20W,AJ/CG,ARAS2060/30/36/BB,R-41159492,IS 10322 (PART 5/SEC1):2012,11099,"Guangdong Sat Technology Co. Ltd., No. 11 Lianbao Rd, Shengfeng District, Xiaolan Town, Zhongshan City, Guangdong, China – 528400",./assets/images/downlights/Altair-Prime-20-ballet-blue.webp
Altair prime 20,ARAD1504,36V DC,500mA,3000K, CRI>97,Φ60*H170mm,36°,20W,AJ/CG,ARAS2060/30/36/CH,R-41159492,IS 10322 (PART 5/SEC1):2012,11099,"Guangdong Sat Technology Co. Ltd., No. 11 Lianbao Rd, Shengfeng District, Xiaolan Town, Zhongshan City, Guangdong, China – 528400",./assets/images/downlights/Altair-Prime-20-chrome.webp
Altair prime 20,ARAD1504,36V DC,500mA,3000K, CRI>97,Φ60*H170mm,36°,20W,AJ/CG,ARAS2060/30/36/CHB,R-41159492,IS 10322 (PART 5/SEC1):2012,11099,"Guangdong Sat Technology Co. Ltd., No. 11 Lianbao Rd, Shengfeng District, Xiaolan Town, Zhongshan City, Guangdong, China – 528400",./assets/images/downlights/Altair-Prime-20-chrome-black.webp
Altair prime 20,ARAD1504,36V DC,500mA,3500K, CRI>97,Φ60*H170mm,36°,20W,AJ/CG,ARAS2060/35/36/W,R-41159492,IS 10322 (PART 5/SEC1):2012,10099,"Guangdong Sat Technology Co. Ltd., No. 11 Lianbao Rd, Shengfeng District, Xiaolan Town, Zhongshan City, Guangdong, China – 528400",./assets/images/downlights/Altair-Prime-20-white.webp
Altair prime 20,ARAD1504,36V DC,500mA,3500K, CRI>97,Φ60*H170mm,36°,20W,AJ/CG,ARAS2060/35/36/B,R-41159492,IS 10322 (PART 5/SEC1):2012,10099,"Guangdong Sat Technology Co. Ltd., No. 11 Lianbao Rd, Shengfeng District, Xiaolan Town, Zhongshan City, Guangdong, China – 528400",./assets/images/downlights/Altair-Prime-20-mat-black-default.webp
Altair prime 20,ARAD1504,36V DC,500mA,3500K, CRI>97,Φ60*H170mm,36°,20W,AJ/CG,ARAS2060/35/36/CG,R-41159492,IS 10322 (PART 5/SEC1):2012,11099,"Guangdong Sat Technology Co. Ltd., No. 11 Lianbao Rd, Shengfeng District, Xiaolan Town, Zhongshan City, Guangdong, China – 528400",./assets/images/downlights/Altair-Prime-20-champeing-gold.webp
Altair prime 20,ARAD1504,36V DC,500mA,3500K, CRI>97,Φ60*H170mm,36°,20W,AJ/CG,ARAS2060/35/36/RG,R-41159492,IS 10322 (PART 5/SEC1):2012,11099,"Guangdong Sat Technology Co. Ltd., No. 11 Lianbao Rd, Shengfeng District, Xiaolan Town, Zhongshan City, Guangdong, China – 528400",./assets/images/downlights/Altair-Prime-20-rose-gold.webp
Altair prime 20,ARAD1504,36V DC,500mA,3500K, CRI>97,Φ60*H170mm,36°,20W,AJ/CG,ARAS2060/35/36/BR,R-41159492,IS 10322 (PART 5/SEC1):2012,11099,"Guangdong Sat Technology Co. Ltd., No. 11 Lianbao Rd, Shengfeng District, Xiaolan Town, Zhongshan City, Guangdong, China – 528400",./assets/images/downlights/Altair-Prime-20-brown.webp
Altair prime 20,ARAD1504,36V DC,500mA,3500K, CRI>97,Φ60*H170mm,36°,20W,AJ/CG,ARAS2060/35/36/COF,R-41159492,IS 10322 (PART 5/SEC1):2012,11099,"Guangdong Sat Technology Co. Ltd., No. 11 Lianbao Rd, Shengfeng District, Xiaolan Town, Zhongshan City, Guangdong, China – 528400",./assets/images/downlights/Altair-Prime-20-coffee.webp
Altair prime 20,ARAD1504,36V DC,500mA,3500K, CRI>97,Φ60*H170mm,36°,20W,AJ/CG,ARAS2060/35/36/DGR,R-41159492,IS 10322 (PART 5/SEC1):2012,11099,"Guangdong Sat Technology Co. Ltd., No. 11 Lianbao Rd, Shengfeng District, Xiaolan Town, Zhongshan City, Guangdong, China – 528400",./assets/images/downlights/Altair-Prime-20-dark-gray-default-001.webp
Altair prime 20,ARAD1504,36V DC,500mA,3500K, CRI>97,Φ60*H170mm,36°,20W,AJ/CG,ARAS2060/35/36/BB,R-41159492,IS 10322 (PART 5/SEC1):2012,11099,"Guangdong Sat Technology Co. Ltd., No. 11 Lianbao Rd, Shengfeng District, Xiaolan Town, Zhongshan City, Guangdong, China – 528400",./assets/images/downlights/Altair-Prime-20-ballet-blue.webp
Altair prime 20,ARAD1504,36V DC,500mA,3500K, CRI>97,Φ60*H170mm,36°,20W,AJ/CG,ARAS2060/35/36/CH,R-41159492,IS 10322 (PART 5/SEC1):2012,11099,"Guangdong Sat Technology Co. Ltd., No. 11 Lianbao Rd, Shengfeng District, Xiaolan Town, Zhongshan City, Guangdong, China – 528400",./assets/images/downlights/Altair-Prime-20-chrome.webp
Altair prime 20,ARAD1504,36V DC,500mA,3500K, CRI>97,Φ60*H170mm,36°,20W,AJ/CG,ARAS2060/35/36/CHB,R-41159492,IS 10322 (PART 5/SEC1):2012,11099,"Guangdong Sat Technology Co. Ltd., No. 11 Lianbao Rd, Shengfeng District, Xiaolan Town, Zhongshan City, Guangdong, China – 528400",./assets/images/downlights/Altair-Prime-20-chrome-black.webp
Altair prime 20,ARAD1504,36V DC,500mA,4000K, CRI>97,Φ60*H170mm,36°,20W,AJ/CG,ARAS2060/40/36/W,R-41159492,IS 10322 (PART 5/SEC1):2012,10099,"Guangdong Sat Technology Co. Ltd., No. 11 Lianbao Rd, Shengfeng District, Xiaolan Town, Zhongshan City, Guangdong, China – 528400",./assets/images/downlights/Altair-Prime-20-white.webp
Altair prime 20,ARAD1504,36V DC,500mA,4000K, CRI>97,Φ60*H170mm,36°,20W,AJ/CG,ARAS2060/40/36/B,R-41159492,IS 10322 (PART 5/SEC1):2012,10099,"Guangdong Sat Technology Co. Ltd., No. 11 Lianbao Rd, Shengfeng District, Xiaolan Town, Zhongshan City, Guangdong, China – 528400",./assets/images/downlights/Altair-Prime-20-mat-black-default.webp
Altair prime 20,ARAD1504,36V DC,500mA,4000K, CRI>97,Φ60*H170mm,36°,20W,AJ/CG,ARAS2060/40/36/CG,R-41159492,IS 10322 (PART 5/SEC1):2012,11099,"Guangdong Sat Technology Co. Ltd., No. 11 Lianbao Rd, Shengfeng District, Xiaolan Town, Zhongshan City, Guangdong, China – 528400",./assets/images/downlights/Altair-Prime-20-champeing-gold.webp
Altair prime 20,ARAD1504,36V DC,500mA,4000K, CRI>97,Φ60*H170mm,36°,20W,AJ/CG,ARAS2060/40/36/RG,R-41159492,IS 10322 (PART 5/SEC1):2012,11099,"Guangdong Sat Technology Co. Ltd., No. 11 Lianbao Rd, Shengfeng District, Xiaolan Town, Zhongshan City, Guangdong, China – 528400",./assets/images/downlights/Altair-Prime-20-rose-gold.webp
Altair prime 20,ARAD1504,36V DC,500mA,4000K, CRI>97,Φ60*H170mm,36°,20W,AJ/CG,ARAS2060/40/36/BR,R-41159492,IS 10322 (PART 5/SEC1):2012,11099,"Guangdong Sat Technology Co. Ltd., No. 11 Lianbao Rd, Shengfeng District, Xiaolan Town, Zhongshan City, Guangdong, China – 528400",./assets/images/downlights/Altair-Prime-20-brown.webp
Altair prime 20,ARAD1504,36V DC,500mA,4000K, CRI>97,Φ60*H170mm,36°,20W,AJ/CG,ARAS2060/40/36/COF,R-41159492,IS 10322 (PART 5/SEC1):2012,11099,"Guangdong Sat Technology Co. Ltd., No. 11 Lianbao Rd, Shengfeng District, Xiaolan Town, Zhongshan City, Guangdong, China – 528400",./assets/images/downlights/Altair-Prime-20-coffee.webp
Altair prime 20,ARAD1504,36V DC,500mA,4000K, CRI>97,Φ60*H170mm,36°,20W,AJ/CG,ARAS2060/40/36/DGR,R-41159492,IS 10322 (PART 5/SEC1):2012,11099,"Guangdong Sat Technology Co. Ltd., No. 11 Lianbao Rd, Shengfeng District, Xiaolan Town, Zhongshan City, Guangdong, China – 528400",./assets/images/downlights/Altair-Prime-20-dark-gray-default-001.webp
Altair prime 20,ARAD1504,36V DC,500mA,4000K, CRI>97,Φ60*H170mm,36°,20W,AJ/CG,ARAS2060/40/36/BB,R-41159492,IS 10322 (PART 5/SEC1):2012,11099,"Guangdong Sat Technology Co. Ltd., No. 11 Lianbao Rd, Shengfeng District, Xiaolan Town, Zhongshan City, Guangdong, China – 528400",./assets/images/downlights/Altair-Prime-20-ballet-blue.webp
Altair prime 20,ARAD1504,36V DC,500mA,4000K, CRI>97,Φ60*H170mm,36°,20W,AJ/CG,ARAS2060/40/36/CH,R-41159492,IS 10322 (PART 5/SEC1):2012,11099,"Guangdong Sat Technology Co. Ltd., No. 11 Lianbao Rd, Shengfeng District, Xiaolan Town, Zhongshan City, Guangdong, China – 528400",./assets/images/downlights/Altair-Prime-20-chrome.webp
Altair prime 20,ARAD1504,36V DC,500mA,4000K, CRI>97,Φ60*H170mm,36°,20W,AJ/CG,ARAS2060/40/36/CHB,R-41159492,IS 10322 (PART 5/SEC1):2012,11099,"Guangdong Sat Technology Co. Ltd., No. 11 Lianbao Rd, Shengfeng District, Xiaolan Town, Zhongshan City, Guangdong, China – 528400",./assets/images/downlights/Altair-Prime-20-chrome-black.webp
Altair prime 20,ARAD1504,36V DC,500mA,5000K, CRI>97,Φ60*H170mm,36°,20W,AJ/CG,ARAS2060/50/36/W,R-41159492,IS 10322 (PART 5/SEC1):2012,10099,"Guangdong Sat Technology Co. Ltd., No. 11 Lianbao Rd, Shengfeng District, Xiaolan Town, Zhongshan City, Guangdong, China – 528400",./assets/images/downlights/Altair-Prime-20-white.webp
Altair prime 20,ARAD1504,36V DC,500mA,5000K, CRI>97,Φ60*H170mm,36°,20W,AJ/CG,ARAS2060/50/36/B,R-41159492,IS 10322 (PART 5/SEC1):2012,10099,"Guangdong Sat Technology Co. Ltd., No. 11 Lianbao Rd, Shengfeng District, Xiaolan Town, Zhongshan City, Guangdong, China – 528400",./assets/images/downlights/Altair-Prime-20-mat-black-default.webp
Altair prime 20,ARAD1504,36V DC,500mA,5000K, CRI>97,Φ60*H170mm,36°,20W,AJ/CG,ARAS2060/50/36/CG,R-41159492,IS 10322 (PART 5/SEC1):2012,11099,"Guangdong Sat Technology Co. Ltd., No. 11 Lianbao Rd, Shengfeng District, Xiaolan Town, Zhongshan City, Guangdong, China – 528400",./assets/images/downlights/Altair-Prime-20-champeing-gold.webp
Altair prime 20,ARAD1504,36V DC,500mA,5000K, CRI>97,Φ60*H170mm,36°,20W,AJ/CG,ARAS2060/50/36/RG,R-41159492,IS 10322 (PART 5/SEC1):2012,11099,"Guangdong Sat Technology Co. Ltd., No. 11 Lianbao Rd, Shengfeng District, Xiaolan Town, Zhongshan City, Guangdong, China – 528400",./assets/images/downlights/Altair-Prime-20-rose-gold.webp
Altair prime 20,ARAD1504,36V DC,500mA,5000K, CRI>97,Φ60*H170mm,36°,20W,AJ/CG,ARAS2060/50/36/BR,R-41159492,IS 10322 (PART 5/SEC1):2012,11099,"Guangdong Sat Technology Co. Ltd., No. 11 Lianbao Rd, Shengfeng District, Xiaolan Town, Zhongshan City, Guangdong, China – 528400",./assets/images/downlights/Altair-Prime-20-brown.webp
Altair prime 20,ARAD1504,36V DC,500mA,5000K, CRI>97,Φ60*H170mm,36°,20W,AJ/CG,ARAS2060/50/36/COF,R-41159492,IS 10322 (PART 5/SEC1):2012,11099,"Guangdong Sat Technology Co. Ltd., No. 11 Lianbao Rd, Shengfeng District, Xiaolan Town, Zhongshan City, Guangdong, China – 528400",./assets/images/downlights/Altair-Prime-20-coffee.webp
Altair prime 20,ARAD1504,36V DC,500mA,5000K, CRI>97,Φ60*H170mm,36°,20W,AJ/CG,ARAS2060/50/36/DGR,R-41159492,IS 10322 (PART 5/SEC1):2012,11099,"Guangdong Sat Technology Co. Ltd., No. 11 Lianbao Rd, Shengfeng District, Xiaolan Town, Zhongshan City, Guangdong, China – 528400",./assets/images/downlights/Altair-Prime-20-dark-gray-default-001.webp
Altair prime 20,ARAD1504,36V DC,500mA,5000K, CRI>97,Φ60*H170mm,36°,20W,AJ/CG,ARAS2060/50/36/BB,R-41159492,IS 10322 (PART 5/SEC1):2012,11099,"Guangdong Sat Technology Co. Ltd., No. 11 Lianbao Rd, Shengfeng District, Xiaolan Town, Zhongshan City, Guangdong, China – 528400",./assets/images/downlights/Altair-Prime-20-ballet-blue.webp
Altair prime 20,ARAD1504,36V DC,500mA,5000K, CRI>97,Φ60*H170mm,36°,20W,AJ/CG,ARAS2060/50/36/CH,R-41159492,IS 10322 (PART 5/SEC1):2012,11099,"Guangdong Sat Technology Co. Ltd., No. 11 Lianbao Rd, Shengfeng District, Xiaolan Town, Zhongshan City, Guangdong, China – 528400",./assets/images/downlights/Altair-Prime-20-chrome.webp
Altair prime 20,ARAD1504,36V DC,500mA,5000K, CRI>97,Φ60*H170mm,36°,20W,AJ/CG,ARAS2060/50/36/CHB,R-41159492,IS 10322 (PART 5/SEC1):2012,11099,"Guangdong Sat Technology Co. Ltd., No. 11 Lianbao Rd, Shengfeng District, Xiaolan Town, Zhongshan City, Guangdong, China – 528400",./assets/images/downlights/Altair-Prime-20-chrome-black.webp
Altair prime 20,ARAD1504,36V DC,500mA,2700K, CRI>97,Φ60*H170mm,60°,20W,AJ/CG,ARAS2060/27/60/W,R-41159492,IS 10322 (PART 5/SEC1):2012,10099,"Guangdong Sat Technology Co. Ltd., No. 11 Lianbao Rd, Shengfeng District, Xiaolan Town, Zhongshan City, Guangdong, China – 528400",./assets/images/downlights/Altair-Prime-20-white.webp
Altair prime 20,ARAD1504,36V DC,500mA,2700K, CRI>97,Φ60*H170mm,60°,20W,AJ/CG,ARAS2060/27/60/B,R-41159492,IS 10322 (PART 5/SEC1):2012,10099,"Guangdong Sat Technology Co. Ltd., No. 11 Lianbao Rd, Shengfeng District, Xiaolan Town, Zhongshan City, Guangdong, China – 528400",./assets/images/downlights/Altair-Prime-20-mat-black-default.webp
Altair prime 20,ARAD1504,36V DC,500mA,2700K, CRI>97,Φ60*H170mm,60°,20W,AJ/CG,ARAS2060/27/60/CG,R-41159492,IS 10322 (PART 5/SEC1):2012,11099,"Guangdong Sat Technology Co. Ltd., No. 11 Lianbao Rd, Shengfeng District, Xiaolan Town, Zhongshan City, Guangdong, China – 528400",./assets/images/downlights/Altair-Prime-20-champeing-gold.webp
Altair prime 20,ARAD1504,36V DC,500mA,2700K, CRI>97,Φ60*H170mm,60°,20W,AJ/CG,ARAS2060/27/60/RG,R-41159492,IS 10322 (PART 5/SEC1):2012,11099,"Guangdong Sat Technology Co. Ltd., No. 11 Lianbao Rd, Shengfeng District, Xiaolan Town, Zhongshan City, Guangdong, China – 528400",./assets/images/downlights/Altair-Prime-20-rose-gold.webp
Altair prime 20,ARAD1504,36V DC,500mA,2700K, CRI>97,Φ60*H170mm,60°,20W,AJ/CG,ARAS2060/27/60/BR,R-41159492,IS 10322 (PART 5/SEC1):2012,11099,"Guangdong Sat Technology Co. Ltd., No. 11 Lianbao Rd, Shengfeng District, Xiaolan Town, Zhongshan City, Guangdong, China – 528400",./assets/images/downlights/Altair-Prime-20-brown.webp
Altair prime 20,ARAD1504,36V DC,500mA,2700K, CRI>97,Φ60*H170mm,60°,20W,AJ/CG,ARAS2060/27/60/COF,R-41159492,IS 10322 (PART 5/SEC1):2012,11099,"Guangdong Sat Technology Co. Ltd., No. 11 Lianbao Rd, Shengfeng District, Xiaolan Town, Zhongshan City, Guangdong, China – 528400",./assets/images/downlights/Altair-Prime-20-coffee.webp
Altair prime 20,ARAD1504,36V DC,500mA,2700K, CRI>97,Φ60*H170mm,60°,20W,AJ/CG,ARAS2060/27/60/DGR,R-41159492,IS 10322 (PART 5/SEC1):2012,11099,"Guangdong Sat Technology Co. Ltd., No. 11 Lianbao Rd, Shengfeng District, Xiaolan Town, Zhongshan City, Guangdong, China – 528400",./assets/images/downlights/Altair-Prime-20-dark-gray-default-001.webp
Altair prime 20,ARAD1504,36V DC,500mA,2700K, CRI>97,Φ60*H170mm,60°,20W,AJ/CG,ARAS2060/27/60/BB,R-41159492,IS 10322 (PART 5/SEC1):2012,11099,"Guangdong Sat Technology Co. Ltd., No. 11 Lianbao Rd, Shengfeng District, Xiaolan Town, Zhongshan City, Guangdong, China – 528400",./assets/images/downlights/Altair-Prime-20-ballet-blue.webp
Altair prime 20,ARAD1504,36V DC,500mA,2700K, CRI>97,Φ60*H170mm,60°,20W,AJ/CG,ARAS2060/27/60/CH,R-41159492,IS 10322 (PART 5/SEC1):2012,11099,"Guangdong Sat Technology Co. Ltd., No. 11 Lianbao Rd, Shengfeng District, Xiaolan Town, Zhongshan City, Guangdong, China – 528400",./assets/images/downlights/Altair-Prime-20-chrome.webp
Altair prime 20,ARAD1504,36V DC,500mA,2700K, CRI>97,Φ60*H170mm,60°,20W,AJ/CG,ARAS2060/27/60/CHB,R-41159492,IS 10322 (PART 5/SEC1):2012,11099,"Guangdong Sat Technology Co. Ltd., No. 11 Lianbao Rd, Shengfeng District, Xiaolan Town, Zhongshan City, Guangdong, China – 528400",./assets/images/downlights/Altair-Prime-20-chrome-black.webp
Altair prime 20,ARAD1504,36V DC,500mA,3000K, CRI>97,Φ60*H170mm,60°,20W,AJ/CG,ARAS2060/30/60/W,R-41159492,IS 10322 (PART 5/SEC1):2012,10099,"Guangdong Sat Technology Co. Ltd., No. 11 Lianbao Rd, Shengfeng District, Xiaolan Town, Zhongshan City, Guangdong, China – 528400",./assets/images/downlights/Altair-Prime-20-white.webp
Altair prime 20,ARAD1504,36V DC,500mA,3000K, CRI>97,Φ60*H170mm,60°,20W,AJ/CG,ARAS2060/30/60/B,R-41159492,IS 10322 (PART 5/SEC1):2012,10099,"Guangdong Sat Technology Co. Ltd., No. 11 Lianbao Rd, Shengfeng District, Xiaolan Town, Zhongshan City, Guangdong, China – 528400",./assets/images/downlights/Altair-Prime-20-mat-black-default.webp
Altair prime 20,ARAD1504,36V DC,500mA,3000K, CRI>97,Φ60*H170mm,60°,20W,AJ/CG,ARAS2060/30/60/CG,R-41159492,IS 10322 (PART 5/SEC1):2012,11099,"Guangdong Sat Technology Co. Ltd., No. 11 Lianbao Rd, Shengfeng District, Xiaolan Town, Zhongshan City, Guangdong, China – 528400",./assets/images/downlights/Altair-Prime-20-champeing-gold.webp
Altair prime 20,ARAD1504,36V DC,500mA,3000K, CRI>97,Φ60*H170mm,60°,20W,AJ/CG,ARAS2060/30/60/RG,R-41159492,IS 10322 (PART 5/SEC1):2012,11099,"Guangdong Sat Technology Co. Ltd., No. 11 Lianbao Rd, Shengfeng District, Xiaolan Town, Zhongshan City, Guangdong, China – 528400",./assets/images/downlights/Altair-Prime-20-rose-gold.webp
Altair prime 20,ARAD1504,36V DC,500mA,3000K, CRI>97,Φ60*H170mm,60°,20W,AJ/CG,ARAS2060/30/60/BR,R-41159492,IS 10322 (PART 5/SEC1):2012,11099,"Guangdong Sat Technology Co. Ltd., No. 11 Lianbao Rd, Shengfeng District, Xiaolan Town, Zhongshan City, Guangdong, China – 528400",./assets/images/downlights/Altair-Prime-20-brown.webp
Altair prime 20,ARAD1504,36V DC,500mA,3000K, CRI>97,Φ60*H170mm,60°,20W,AJ/CG,ARAS2060/30/60/COF,R-41159492,IS 10322 (PART 5/SEC1):2012,11099,"Guangdong Sat Technology Co. Ltd., No. 11 Lianbao Rd, Shengfeng District, Xiaolan Town, Zhongshan City, Guangdong, China – 528400",./assets/images/downlights/Altair-Prime-20-coffee.webp
Altair prime 20,ARAD1504,36V DC,500mA,3000K, CRI>97,Φ60*H170mm,60°,20W,AJ/CG,ARAS2060/30/60/DGR,R-41159492,IS 10322 (PART 5/SEC1):2012,11099,"Guangdong Sat Technology Co. Ltd., No. 11 Lianbao Rd, Shengfeng District, Xiaolan Town, Zhongshan City, Guangdong, China – 528400",./assets/images/downlights/Altair-Prime-20-dark-gray-default-001.webp
Altair prime 20,ARAD1504,36V DC,500mA,3000K, CRI>97,Φ60*H170mm,60°,20W,AJ/CG,ARAS2060/30/60/BB,R-41159492,IS 10322 (PART 5/SEC1):2012,11099,"Guangdong Sat Technology Co. Ltd., No. 11 Lianbao Rd, Shengfeng District, Xiaolan Town, Zhongshan City, Guangdong, China – 528400",./assets/images/downlights/Altair-Prime-20-ballet-blue.webp
Altair prime 20,ARAD1504,36V DC,500mA,3000K, CRI>97,Φ60*H170mm,60°,20W,AJ/CG,ARAS2060/30/60/CH,R-41159492,IS 10322 (PART 5/SEC1):2012,11099,"Guangdong Sat Technology Co. Ltd., No. 11 Lianbao Rd, Shengfeng District, Xiaolan Town, Zhongshan City, Guangdong, China – 528400",./assets/images/downlights/Altair-Prime-20-chrome.webp
Altair prime 20,ARAD1504,36V DC,500mA,3000K, CRI>97,Φ60*H170mm,60°,20W,AJ/CG,ARAS2060/30/60/CHB,R-41159492,IS 10322 (PART 5/SEC1):2012,11099,"Guangdong Sat Technology Co. Ltd., No. 11 Lianbao Rd, Shengfeng District, Xiaolan Town, Zhongshan City, Guangdong, China – 528400",./assets/images/downlights/Altair-Prime-20-chrome-black.webp
Altair prime 20,ARAD1504,36V DC,500mA,3500K, CRI>97,Φ60*H170mm,60°,20W,AJ/CG,ARAS2060/35/60/W,R-41159492,IS 10322 (PART 5/SEC1):2012,10099,"Guangdong Sat Technology Co. Ltd., No. 11 Lianbao Rd, Shengfeng District, Xiaolan Town, Zhongshan City, Guangdong, China – 528400",./assets/images/downlights/Altair-Prime-20-white.webp
Altair prime 20,ARAD1504,36V DC,500mA,3500K, CRI>97,Φ60*H170mm,60°,20W,AJ/CG,ARAS2060/35/60/B,R-41159492,IS 10322 (PART 5/SEC1):2012,10099,"Guangdong Sat Technology Co. Ltd., No. 11 Lianbao Rd, Shengfeng District, Xiaolan Town, Zhongshan City, Guangdong, China – 528400",./assets/images/downlights/Altair-Prime-20-mat-black-default.webp
Altair prime 20,ARAD1504,36V DC,500mA,3500K, CRI>97,Φ60*H170mm,60°,20W,AJ/CG,ARAS2060/35/60/CG,R-41159492,IS 10322 (PART 5/SEC1):2012,11099,"Guangdong Sat Technology Co. Ltd., No. 11 Lianbao Rd, Shengfeng District, Xiaolan Town, Zhongshan City, Guangdong, China – 528400",./assets/images/downlights/Altair-Prime-20-champeing-gold.webp
Altair prime 20,ARAD1504,36V DC,500mA,3500K, CRI>97,Φ60*H170mm,60°,20W,AJ/CG,ARAS2060/35/60/RG,R-41159492,IS 10322 (PART 5/SEC1):2012,11099,"Guangdong Sat Technology Co. Ltd., No. 11 Lianbao Rd, Shengfeng District, Xiaolan Town, Zhongshan City, Guangdong, China – 528400",./assets/images/downlights/Altair-Prime-20-rose-gold.webp
Altair prime 20,ARAD1504,36V DC,500mA,3500K, CRI>97,Φ60*H170mm,60°,20W,AJ/CG,ARAS2060/35/60/BR,R-41159492,IS 10322 (PART 5/SEC1):2012,11099,"Guangdong Sat Technology Co. Ltd., No. 11 Lianbao Rd, Shengfeng District, Xiaolan Town, Zhongshan City, Guangdong, China – 528400",./assets/images/downlights/Altair-Prime-20-brown.webp
Altair prime 20,ARAD1504,36V DC,500mA,3500K, CRI>97,Φ60*H170mm,60°,20W,AJ/CG,ARAS2060/35/60/COF,R-41159492,IS 10322 (PART 5/SEC1):2012,11099,"Guangdong Sat Technology Co. Ltd., No. 11 Lianbao Rd, Shengfeng District, Xiaolan Town, Zhongshan City, Guangdong, China – 528400",./assets/images/downlights/Altair-Prime-20-coffee.webp
Altair prime 20,ARAD1504,36V DC,500mA,3500K, CRI>97,Φ60*H170mm,60°,20W,AJ/CG,ARAS2060/35/60/DGR,R-41159492,IS 10322 (PART 5/SEC1):2012,11099,"Guangdong Sat Technology Co. Ltd., No. 11 Lianbao Rd, Shengfeng District, Xiaolan Town, Zhongshan City, Guangdong, China – 528400",./assets/images/downlights/Altair-Prime-20-dark-gray-default-001.webp
Altair prime 20,ARAD1504,36V DC,500mA,3500K, CRI>97,Φ60*H170mm,60°,20W,AJ/CG,ARAS2060/35/60/BB,R-41159492,IS 10322 (PART 5/SEC1):2012,11099,"Guangdong Sat Technology Co. Ltd., No. 11 Lianbao Rd, Shengfeng District, Xiaolan Town, Zhongshan City, Guangdong, China – 528400",./assets/images/downlights/Altair-Prime-20-ballet-blue.webp
Altair prime 20,ARAD1504,36V DC,500mA,3500K, CRI>97,Φ60*H170mm,60°,20W,AJ/CG,ARAS2060/35/60/CH,R-41159492,IS 10322 (PART 5/SEC1):2012,11099,"Guangdong Sat Technology Co. Ltd., No. 11 Lianbao Rd, Shengfeng District, Xiaolan Town, Zhongshan City, Guangdong, China – 528400",./assets/images/downlights/Altair-Prime-20-chrome.webp
Altair prime 20,ARAD1504,36V DC,500mA,3500K, CRI>97,Φ60*H170mm,60°,20W,AJ/CG,ARAS2060/35/60/CHB,R-41159492,IS 10322 (PART 5/SEC1):2012,11099,"Guangdong Sat Technology Co. Ltd., No. 11 Lianbao Rd, Shengfeng District, Xiaolan Town, Zhongshan City, Guangdong, China – 528400",./assets/images/downlights/Altair-Prime-20-chrome-black.webp
Altair prime 20,ARAD1504,36V DC,500mA,4000K, CRI>97,Φ60*H170mm,60°,20W,AJ/CG,ARAS2060/40/60/W,R-41159492,IS 10322 (PART 5/SEC1):2012,10099,"Guangdong Sat Technology Co. Ltd., No. 11 Lianbao Rd, Shengfeng District, Xiaolan Town, Zhongshan City, Guangdong, China – 528400",./assets/images/downlights/Altair-Prime-20-white.webp
Altair prime 20,ARAD1504,36V DC,500mA,4000K, CRI>97,Φ60*H170mm,60°,20W,AJ/CG,ARAS2060/40/60/B,R-41159492,IS 10322 (PART 5/SEC1):2012,10099,"Guangdong Sat Technology Co. Ltd., No. 11 Lianbao Rd, Shengfeng District, Xiaolan Town, Zhongshan City, Guangdong, China – 528400",./assets/images/downlights/Altair-Prime-20-mat-black-default.webp
Altair prime 20,ARAD1504,36V DC,500mA,4000K, CRI>97,Φ60*H170mm,60°,20W,AJ/CG,ARAS2060/40/60/CG,R-41159492,IS 10322 (PART 5/SEC1):2012,11099,"Guangdong Sat Technology Co. Ltd., No. 11 Lianbao Rd, Shengfeng District, Xiaolan Town, Zhongshan City, Guangdong, China – 528400",./assets/images/downlights/Altair-Prime-20-champeing-gold.webp
Altair prime 20,ARAD1504,36V DC,500mA,4000K, CRI>97,Φ60*H170mm,60°,20W,AJ/CG,ARAS2060/40/60/RG,R-41159492,IS 10322 (PART 5/SEC1):2012,11099,"Guangdong Sat Technology Co. Ltd., No. 11 Lianbao Rd, Shengfeng District, Xiaolan Town, Zhongshan City, Guangdong, China – 528400",./assets/images/downlights/Altair-Prime-20-rose-gold.webp
Altair prime 20,ARAD1504,36V DC,500mA,4000K, CRI>97,Φ60*H170mm,60°,20W,AJ/CG,ARAS2060/40/60/BR,R-41159492,IS 10322 (PART 5/SEC1):2012,11099,"Guangdong Sat Technology Co. Ltd., No. 11 Lianbao Rd, Shengfeng District, Xiaolan Town, Zhongshan City, Guangdong, China – 528400",./assets/images/downlights/Altair-Prime-20-brown.webp
Altair prime 20,ARAD1504,36V DC,500mA,4000K, CRI>97,Φ60*H170mm,60°,20W,AJ/CG,ARAS2060/40/60/COF,R-41159492,IS 10322 (PART 5/SEC1):2012,11099,"Guangdong Sat Technology Co. Ltd., No. 11 Lianbao Rd, Shengfeng District, Xiaolan Town, Zhongshan City, Guangdong, China – 528400",./assets/images/downlights/Altair-Prime-20-coffee.webp
Altair prime 20,ARAD1504,36V DC,500mA,4000K, CRI>97,Φ60*H170mm,60°,20W,AJ/CG,ARAS2060/40/60/DGR,R-41159492,IS 10322 (PART 5/SEC1):2012,11099,"Guangdong Sat Technology Co. Ltd., No. 11 Lianbao Rd, Shengfeng District, Xiaolan Town, Zhongshan City, Guangdong, China – 528400",./assets/images/downlights/Altair-Prime-20-dark-gray-default-001.webp
Altair prime 20,ARAD1504,36V DC,500mA,4000K, CRI>97,Φ60*H170mm,60°,20W,AJ/CG,ARAS2060/40/60/BB,R-41159492,IS 10322 (PART 5/SEC1):2012,11099,"Guangdong Sat Technology Co. Ltd., No. 11 Lianbao Rd, Shengfeng District, Xiaolan Town, Zhongshan City, Guangdong, China – 528400",./assets/images/downlights/Altair-Prime-20-ballet-blue.webp
Altair prime 20,ARAD1504,36V DC,500mA,4000K, CRI>97,Φ60*H170mm,60°,20W,AJ/CG,ARAS2060/40/60/CH,R-41159492,IS 10322 (PART 5/SEC1):2012,11099,"Guangdong Sat Technology Co. Ltd., No. 11 Lianbao Rd, Shengfeng District, Xiaolan Town, Zhongshan City, Guangdong, China – 528400",./assets/images/downlights/Altair-Prime-20-chrome.webp
Altair prime 20,ARAD1504,36V DC,500mA,4000K, CRI>97,Φ60*H170mm,60°,20W,AJ/CG,ARAS2060/40/60/CHB,R-41159492,IS 10322 (PART 5/SEC1):2012,11099,"Guangdong Sat Technology Co. Ltd., No. 11 Lianbao Rd, Shengfeng District, Xiaolan Town, Zhongshan City, Guangdong, China – 528400",./assets/images/downlights/Altair-Prime-20-chrome-black.webp
Altair prime 20,ARAD1504,36V DC,500mA,5000K, CRI>97,Φ60*H170mm,60°,20W,AJ/CG,ARAS2060/50/60/W,R-41159492,IS 10322 (PART 5/SEC1):2012,10099,"Guangdong Sat Technology Co. Ltd., No. 11 Lianbao Rd, Shengfeng District, Xiaolan Town, Zhongshan City, Guangdong, China – 528400",./assets/images/downlights/Altair-Prime-20-white.webp
Altair prime 20,ARAD1504,36V DC,500mA,5000K, CRI>97,Φ60*H170mm,60°,20W,AJ/CG,ARAS2060/50/60/B,R-41159492,IS 10322 (PART 5/SEC1):2012,10099,"Guangdong Sat Technology Co. Ltd., No. 11 Lianbao Rd, Shengfeng District, Xiaolan Town, Zhongshan City, Guangdong, China – 528400",./assets/images/downlights/Altair-Prime-20-mat-black-default.webp
Altair prime 20,ARAD1504,36V DC,500mA,5000K, CRI>97,Φ60*H170mm,60°,20W,AJ/CG,ARAS2060/50/60/CG,R-41159492,IS 10322 (PART 5/SEC1):2012,11099,"Guangdong Sat Technology Co. Ltd., No. 11 Lianbao Rd, Shengfeng District, Xiaolan Town, Zhongshan City, Guangdong, China – 528400",./assets/images/downlights/Altair-Prime-20-champeing-gold.webp
Altair prime 20,ARAD1504,36V DC,500mA,5000K, CRI>97,Φ60*H170mm,60°,20W,AJ/CG,ARAS2060/50/60/RG,R-41159492,IS 10322 (PART 5/SEC1):2012,11099,"Guangdong Sat Technology Co. Ltd., No. 11 Lianbao Rd, Shengfeng District, Xiaolan Town, Zhongshan City, Guangdong, China – 528400",./assets/images/downlights/Altair-Prime-20-rose-gold.webp
Altair prime 20,ARAD1504,36V DC,500mA,5000K, CRI>97,Φ60*H170mm,60°,20W,AJ/CG,ARAS2060/50/60/BR,R-41159492,IS 10322 (PART 5/SEC1):2012,11099,"Guangdong Sat Technology Co. Ltd., No. 11 Lianbao Rd, Shengfeng District, Xiaolan Town, Zhongshan City, Guangdong, China – 528400",./assets/images/downlights/Altair-Prime-20-brown.webp
Altair prime 20,ARAD1504,36V DC,500mA,5000K, CRI>97,Φ60*H170mm,60°,20W,AJ/CG,ARAS2060/50/60/COF,R-41159492,IS 10322 (PART 5/SEC1):2012,11099,"Guangdong Sat Technology Co. Ltd., No. 11 Lianbao Rd, Shengfeng District, Xiaolan Town, Zhongshan City, Guangdong, China – 528400",./assets/images/downlights/Altair-Prime-20-coffee.webp
Altair prime 20,ARAD1504,36V DC,500mA,5000K, CRI>97,Φ60*H170mm,60°,20W,AJ/CG,ARAS2060/50/60/DGR,R-41159492,IS 10322 (PART 5/SEC1):2012,11099,"Guangdong Sat Technology Co. Ltd., No. 11 Lianbao Rd, Shengfeng District, Xiaolan Town, Zhongshan City, Guangdong, China – 528400",./assets/images/downlights/Altair-Prime-20-dark-gray-default-001.webp
Altair prime 20,ARAD1504,36V DC,500mA,5000K, CRI>97,Φ60*H170mm,60°,20W,AJ/CG,ARAS2060/50/60/BB,R-41159492,IS 10322 (PART 5/SEC1):2012,11099,"Guangdong Sat Technology Co. Ltd., No. 11 Lianbao Rd, Shengfeng District, Xiaolan Town, Zhongshan City, Guangdong, China – 528400",./assets/images/downlights/Altair-Prime-20-ballet-blue.webp
Altair prime 20,ARAD1504,36V DC,500mA,5000K, CRI>97,Φ60*H170mm,60°,20W,AJ/CG,ARAS2060/50/60/CH,R-41159492,IS 10322 (PART 5/SEC1):2012,11099,"Guangdong Sat Technology Co. Ltd., No. 11 Lianbao Rd, Shengfeng District, Xiaolan Town, Zhongshan City, Guangdong, China – 528400",./assets/images/downlights/Altair-Prime-20-chrome.webp
Altair prime 20,ARAD1504,36V DC,500mA,5000K, CRI>97,Φ60*H170mm,60°,20W,AJ/CG,ARAS2060/50/60/CHB,R-41159492,IS 10322 (PART 5/SEC1):2012,11099,"Guangdong Sat Technology Co. Ltd., No. 11 Lianbao Rd, Shengfeng District, Xiaolan Town, Zhongshan City, Guangdong, China – 528400",./assets/images/downlights/Altair-Prime-20-chrome-black.webp
Altair prime 20 Tunable,ARAD1504,36V DC,500mA,2700K~6500K, CRI>97,Φ60*H170mm,15°,20W,AJ/CG,ARAS2060/CT/15/W,R-41159492,IS 10322 (PART 5/SEC1):2012,11299,"Guangdong Sat Technology Co. Ltd., No. 11 Lianbao Rd, Shengfeng District, Xiaolan Town, Zhongshan City, Guangdong, China – 528400",./assets/images/downlights/Altair-Prime-20-white.webp
Altair prime 20 Tunable,ARAD1504,36V DC,500mA,2700K~6500K, CRI>97,Φ60*H170mm,15°,20W,AJ/CG,ARAS2060/CT/15/B,R-41159492,IS 10322 (PART 5/SEC1):2012,11299,"Guangdong Sat Technology Co. Ltd., No. 11 Lianbao Rd, Shengfeng District, Xiaolan Town, Zhongshan City, Guangdong, China – 528400",./assets/images/downlights/Altair-Prime-20-mat-black-default.webp
Altair prime 20 Tunable,ARAD1504,36V DC,500mA,2700K~6500K, CRI>97,Φ60*H170mm,15°,20W,AJ/CG,ARAS2060/CT/15/CG,R-41159492,IS 10322 (PART 5/SEC1):2012,12299,"Guangdong Sat Technology Co. Ltd., No. 11 Lianbao Rd, Shengfeng District, Xiaolan Town, Zhongshan City, Guangdong, China – 528400",./assets/images/downlights/Altair-Prime-20-champeing-gold.webp
Altair prime 20 Tunable,ARAD1504,36V DC,500mA,2700K~6500K, CRI>97,Φ60*H170mm,15°,20W,AJ/CG,ARAS2060/CT/15/RG,R-41159492,IS 10322 (PART 5/SEC1):2012,12299,"Guangdong Sat Technology Co. Ltd., No. 11 Lianbao Rd, Shengfeng District, Xiaolan Town, Zhongshan City, Guangdong, China – 528400",./assets/images/downlights/Altair-Prime-20-rose-gold.webp
Altair prime 20 Tunable,ARAD1504,36V DC,500mA,2700K~6500K, CRI>97,Φ60*H170mm,15°,20W,AJ/CG,ARAS2060/CT/15/BR,R-41159492,IS 10322 (PART 5/SEC1):2012,12299,"Guangdong Sat Technology Co. Ltd., No. 11 Lianbao Rd, Shengfeng District, Xiaolan Town, Zhongshan City, Guangdong, China – 528400",./assets/images/downlights/Altair-Prime-20-brown.webp
Altair prime 20 Tunable,ARAD1504,36V DC,500mA,2700K~6500K, CRI>97,Φ60*H170mm,15°,20W,AJ/CG,ARAS2060/CT/15/COF,R-41159492,IS 10322 (PART 5/SEC1):2012,12299,"Guangdong Sat Technology Co. Ltd., No. 11 Lianbao Rd, Shengfeng District, Xiaolan Town, Zhongshan City, Guangdong, China – 528400",./assets/images/downlights/Altair-Prime-20-coffee.webp
Altair prime 20 Tunable,ARAD1504,36V DC,500mA,2700K~6500K, CRI>97,Φ60*H170mm,15°,20W,AJ/CG,ARAS2060/CT/15/DGR,R-41159492,IS 10322 (PART 5/SEC1):2012,12299,"Guangdong Sat Technology Co. Ltd., No. 11 Lianbao Rd, Shengfeng District, Xiaolan Town, Zhongshan City, Guangdong, China – 528400",./assets/images/downlights/Altair-Prime-20-dark-gray-default-001.webp
Altair prime 20 Tunable,ARAD1504,36V DC,500mA,2700K~6500K, CRI>97,Φ60*H170mm,15°,20W,AJ/CG,ARAS2060/CT/15/BB,R-41159492,IS 10322 (PART 5/SEC1):2012,12299,"Guangdong Sat Technology Co. Ltd., No. 11 Lianbao Rd, Shengfeng District, Xiaolan Town, Zhongshan City, Guangdong, China – 528400",./assets/images/downlights/Altair-Prime-20-ballet-blue.webp
Altair prime 20 Tunable,ARAD1504,36V DC,500mA,2700K~6500K, CRI>97,Φ60*H170mm,15°,20W,AJ/CG,ARAS2060/CT/15/CH,R-41159492,IS 10322 (PART 5/SEC1):2012,12299,"Guangdong Sat Technology Co. Ltd., No. 11 Lianbao Rd, Shengfeng District, Xiaolan Town, Zhongshan City, Guangdong, China – 528400",./assets/images/downlights/Altair-Prime-20-chrome.webp
Altair prime 20 Tunable,ARAD1504,36V DC,500mA,2700K~6500K, CRI>97,Φ60*H170mm,15°,20W,AJ/CG,ARAS2060/CT/15/CHB,R-41159492,IS 10322 (PART 5/SEC1):2012,12299,"Guangdong Sat Technology Co. Ltd., No. 11 Lianbao Rd, Shengfeng District, Xiaolan Town, Zhongshan City, Guangdong, China – 528400",./assets/images/downlights/Altair-Prime-20-chrome-black.webp
Altair prime 20 Tunable,ARAD1504,36V DC,500mA,2700K~6500K, CRI>97,Φ60*H170mm,24°,20W,AJ/CG,ARAS2060/CT/24/W,R-41159492,IS 10322 (PART 5/SEC1):2012,11299,"Guangdong Sat Technology Co. Ltd., No. 11 Lianbao Rd, Shengfeng District, Xiaolan Town, Zhongshan City, Guangdong, China – 528400",./assets/images/downlights/Altair-Prime-20-white.webp
Altair prime 20 Tunable,ARAD1504,36V DC,500mA,2700K~6500K, CRI>97,Φ60*H170mm,24°,20W,AJ/CG,ARAS2060/CT/24/B,R-41159492,IS 10322 (PART 5/SEC1):2012,11299,"Guangdong Sat Technology Co. Ltd., No. 11 Lianbao Rd, Shengfeng District, Xiaolan Town, Zhongshan City, Guangdong, China – 528400",./assets/images/downlights/Altair-Prime-20-mat-black-default.webp
Altair prime 20 Tunable,ARAD1504,36V DC,500mA,2700K~6500K, CRI>97,Φ60*H170mm,24°,20W,AJ/CG,ARAS2060/CT/24/CG,R-41159492,IS 10322 (PART 5/SEC1):2012,12299,"Guangdong Sat Technology Co. Ltd., No. 11 Lianbao Rd, Shengfeng District, Xiaolan Town, Zhongshan City, Guangdong, China – 528400",./assets/images/downlights/Altair-Prime-20-champeing-gold.webp
Altair prime 20 Tunable,ARAD1504,36V DC,500mA,2700K~6500K, CRI>97,Φ60*H170mm,24°,20W,AJ/CG,ARAS2060/CT/24/RG,R-41159492,IS 10322 (PART 5/SEC1):2012,12299,"Guangdong Sat Technology Co. Ltd., No. 11 Lianbao Rd, Shengfeng District, Xiaolan Town, Zhongshan City, Guangdong, China – 528400",./assets/images/downlights/Altair-Prime-20-rose-gold.webp
Altair prime 20 Tunable,ARAD1504,36V DC,500mA,2700K~6500K, CRI>97,Φ60*H170mm,24°,20W,AJ/CG,ARAS2060/CT/24/BR,R-41159492,IS 10322 (PART 5/SEC1):2012,12299,"Guangdong Sat Technology Co. Ltd., No. 11 Lianbao Rd, Shengfeng District, Xiaolan Town, Zhongshan City, Guangdong, China – 528400",./assets/images/downlights/Altair-Prime-20-brown.webp
Altair prime 20 Tunable,ARAD1504,36V DC,500mA,2700K~6500K, CRI>97,Φ60*H170mm,24°,20W,AJ/CG,ARAS2060/CT/24/COF,R-41159492,IS 10322 (PART 5/SEC1):2012,12299,"Guangdong Sat Technology Co. Ltd., No. 11 Lianbao Rd, Shengfeng District, Xiaolan Town, Zhongshan City, Guangdong, China – 528400",./assets/images/downlights/Altair-Prime-20-coffee.webp
Altair prime 20 Tunable,ARAD1504,36V DC,500mA,2700K~6500K, CRI>97,Φ60*H170mm,24°,20W,AJ/CG,ARAS2060/CT/24/DGR,R-41159492,IS 10322 (PART 5/SEC1):2012,12299,"Guangdong Sat Technology Co. Ltd., No. 11 Lianbao Rd, Shengfeng District, Xiaolan Town, Zhongshan City, Guangdong, China – 528400",./assets/images/downlights/Altair-Prime-20-dark-gray-default-001.webp
Altair prime 20 Tunable,ARAD1504,36V DC,500mA,2700K~6500K, CRI>97,Φ60*H170mm,24°,20W,AJ/CG,ARAS2060/CT/24/BB,R-41159492,IS 10322 (PART 5/SEC1):2012,12299,"Guangdong Sat Technology Co. Ltd., No. 11 Lianbao Rd, Shengfeng District, Xiaolan Town, Zhongshan City, Guangdong, China – 528400",./assets/images/downlights/Altair-Prime-20-ballet-blue.webp
Altair prime 20 Tunable,ARAD1504,36V DC,500mA,2700K~6500K, CRI>97,Φ60*H170mm,24°,20W,AJ/CG,ARAS2060/CT/24/CH,R-41159492,IS 10322 (PART 5/SEC1):2012,12299,"Guangdong Sat Technology Co. Ltd., No. 11 Lianbao Rd, Shengfeng District, Xiaolan Town, Zhongshan City, Guangdong, China – 528400",./assets/images/downlights/Altair-Prime-20-chrome.webp
Altair prime 20 Tunable,ARAD1504,36V DC,500mA,2700K~6500K, CRI>97,Φ60*H170mm,24°,20W,AJ/CG,ARAS2060/CT/24/CHB,R-41159492,IS 10322 (PART 5/SEC1):2012,12299,"Guangdong Sat Technology Co. Ltd., No. 11 Lianbao Rd, Shengfeng District, Xiaolan Town, Zhongshan City, Guangdong, China – 528400",./assets/images/downlights/Altair-Prime-20-chrome-black.webp
Altair prime 20 Tunable,ARAD1504,36V DC,500mA,2700K~6500K, CRI>97,Φ60*H170mm,36°,20W,AJ/CG,ARAS2060/CT/36/W,R-41159492,IS 10322 (PART 5/SEC1):2012,11299,"Guangdong Sat Technology Co. Ltd., No. 11 Lianbao Rd, Shengfeng District, Xiaolan Town, Zhongshan City, Guangdong, China – 528400",./assets/images/downlights/Altair-Prime-20-white.webp
Altair prime 20 Tunable,ARAD1504,36V DC,500mA,2700K~6500K, CRI>97,Φ60*H170mm,36°,20W,AJ/CG,ARAS2060/CT/36/B,R-41159492,IS 10322 (PART 5/SEC1):2012,11299,"Guangdong Sat Technology Co. Ltd., No. 11 Lianbao Rd, Shengfeng District, Xiaolan Town, Zhongshan City, Guangdong, China – 528400",./assets/images/downlights/Altair-Prime-20-mat-black-default.webp
Altair prime 20 Tunable,ARAD1504,36V DC,500mA,2700K~6500K, CRI>97,Φ60*H170mm,36°,20W,AJ/CG,ARAS2060/CT/36/CG,R-41159492,IS 10322 (PART 5/SEC1):2012,12299,"Guangdong Sat Technology Co. Ltd., No. 11 Lianbao Rd, Shengfeng District, Xiaolan Town, Zhongshan City, Guangdong, China – 528400",./assets/images/downlights/Altair-Prime-20-champeing-gold.webp
Altair prime 20 Tunable,ARAD1504,36V DC,500mA,2700K~6500K, CRI>97,Φ60*H170mm,36°,20W,AJ/CG,ARAS2060/CT/36/RG,R-41159492,IS 10322 (PART 5/SEC1):2012,12299,"Guangdong Sat Technology Co. Ltd., No. 11 Lianbao Rd, Shengfeng District, Xiaolan Town, Zhongshan City, Guangdong, China – 528400",./assets/images/downlights/Altair-Prime-20-rose-gold.webp
Altair prime 20 Tunable,ARAD1504,36V DC,500mA,2700K~6500K, CRI>97,Φ60*H170mm,36°,20W,AJ/CG,ARAS2060/CT/36/BR,R-41159492,IS 10322 (PART 5/SEC1):2012,12299,"Guangdong Sat Technology Co. Ltd., No. 11 Lianbao Rd, Shengfeng District, Xiaolan Town, Zhongshan City, Guangdong, China – 528400",./assets/images/downlights/Altair-Prime-20-brown.webp
Altair prime 20 Tunable,ARAD1504,36V DC,500mA,2700K~6500K, CRI>97,Φ60*H170mm,36°,20W,AJ/CG,ARAS2060/CT/36/COF,R-41159492,IS 10322 (PART 5/SEC1):2012,12299,"Guangdong Sat Technology Co. Ltd., No. 11 Lianbao Rd, Shengfeng District, Xiaolan Town, Zhongshan City, Guangdong, China – 528400",./assets/images/downlights/Altair-Prime-20-coffee.webp
Altair prime 20 Tunable,ARAD1504,36V DC,500mA,2700K~6500K, CRI>97,Φ60*H170mm,36°,20W,AJ/CG,ARAS2060/CT/36/DGR,R-41159492,IS 10322 (PART 5/SEC1):2012,12299,"Guangdong Sat Technology Co. Ltd., No. 11 Lianbao Rd, Shengfeng District, Xiaolan Town, Zhongshan City, Guangdong, China – 528400",./assets/images/downlights/Altair-Prime-20-dark-gray-default-001.webp
Altair prime 20 Tunable,ARAD1504,36V DC,500mA,2700K~6500K, CRI>97,Φ60*H170mm,36°,20W,AJ/CG,ARAS2060/CT/36/BB,R-41159492,IS 10322 (PART 5/SEC1):2012,12299,"Guangdong Sat Technology Co. Ltd., No. 11 Lianbao Rd, Shengfeng District, Xiaolan Town, Zhongshan City, Guangdong, China – 528400",./assets/images/downlights/Altair-Prime-20-ballet-blue.webp
Altair prime 20 Tunable,ARAD1504,36V DC,500mA,2700K~6500K, CRI>97,Φ60*H170mm,36°,20W,AJ/CG,ARAS2060/CT/36/CH,R-41159492,IS 10322 (PART 5/SEC1):2012,12299,"Guangdong Sat Technology Co. Ltd., No. 11 Lianbao Rd, Shengfeng District, Xiaolan Town, Zhongshan City, Guangdong, China – 528400",./assets/images/downlights/Altair-Prime-20-chrome.webp
Altair prime 20 Tunable,ARAD1504,36V DC,500mA,2700K~6500K, CRI>97,Φ60*H170mm,36°,20W,AJ/CG,ARAS2060/CT/36/CHB,R-41159492,IS 10322 (PART 5/SEC1):2012,12299,"Guangdong Sat Technology Co. Ltd., No. 11 Lianbao Rd, Shengfeng District, Xiaolan Town, Zhongshan City, Guangdong, China – 528400",./assets/images/downlights/Altair-Prime-20-chrome-black.webp
Altair prime 20 Tunable,ARAD1504,36V DC,500mA,2700K~6500K, CRI>97,Φ60*H170mm,60°,20W,AJ/CG,ARAS2060/CT/60/W,R-41159492,IS 10322 (PART 5/SEC1):2012,11299,"Guangdong Sat Technology Co. Ltd., No. 11 Lianbao Rd, Shengfeng District, Xiaolan Town, Zhongshan City, Guangdong, China – 528400",./assets/images/downlights/Altair-Prime-20-white.webp
Altair prime 20 Tunable,ARAD1504,36V DC,500mA,2700K~6500K, CRI>97,Φ60*H170mm,60°,20W,AJ/CG,ARAS2060/CT/60/B,R-41159492,IS 10322 (PART 5/SEC1):2012,11299,"Guangdong Sat Technology Co. Ltd., No. 11 Lianbao Rd, Shengfeng District, Xiaolan Town, Zhongshan City, Guangdong, China – 528400",./assets/images/downlights/Altair-Prime-20-mat-black-default.webp
Altair prime 20 Tunable,ARAD1504,36V DC,500mA,2700K~6500K, CRI>97,Φ60*H170mm,60°,20W,AJ/CG,ARAS2060/CT/60/CG,R-41159492,IS 10322 (PART 5/SEC1):2012,12299,"Guangdong Sat Technology Co. Ltd., No. 11 Lianbao Rd, Shengfeng District, Xiaolan Town, Zhongshan City, Guangdong, China – 528400",./assets/images/downlights/Altair-Prime-20-champeing-gold.webp
Altair prime 20 Tunable,ARAD1504,36V DC,500mA,2700K~6500K, CRI>97,Φ60*H170mm,60°,20W,AJ/CG,ARAS2060/CT/60/RG,R-41159492,IS 10322 (PART 5/SEC1):2012,12299,"Guangdong Sat Technology Co. Ltd., No. 11 Lianbao Rd, Shengfeng District, Xiaolan Town, Zhongshan City, Guangdong, China – 528400",./assets/images/downlights/Altair-Prime-20-rose-gold.webp
Altair prime 20 Tunable,ARAD1504,36V DC,500mA,2700K~6500K, CRI>97,Φ60*H170mm,60°,20W,AJ/CG,ARAS2060/CT/60/BR,R-41159492,IS 10322 (PART 5/SEC1):2012,12299,"Guangdong Sat Technology Co. Ltd., No. 11 Lianbao Rd, Shengfeng District, Xiaolan Town, Zhongshan City, Guangdong, China – 528400",./assets/images/downlights/Altair-Prime-20-brown.webp
Altair prime 20 Tunable,ARAD1504,36V DC,500mA,2700K~6500K, CRI>97,Φ60*H170mm,60°,20W,AJ/CG,ARAS2060/CT/60/COF,R-41159492,IS 10322 (PART 5/SEC1):2012,12299,"Guangdong Sat Technology Co. Ltd., No. 11 Lianbao Rd, Shengfeng District, Xiaolan Town, Zhongshan City, Guangdong, China – 528400",./assets/images/downlights/Altair-Prime-20-coffee.webp
Altair prime 20 Tunable,ARAD1504,36V DC,500mA,2700K~6500K, CRI>97,Φ60*H170mm,60°,20W,AJ/CG,ARAS2060/CT/60/DGR,R-41159492,IS 10322 (PART 5/SEC1):2012,12299,"Guangdong Sat Technology Co. Ltd., No. 11 Lianbao Rd, Shengfeng District, Xiaolan Town, Zhongshan City, Guangdong, China – 528400",./assets/images/downlights/Altair-Prime-20-dark-gray-default-001.webp
Altair prime 20 Tunable,ARAD1504,36V DC,500mA,2700K~6500K, CRI>97,Φ60*H170mm,60°,20W,AJ/CG,ARAS2060/CT/60/BB,R-41159492,IS 10322 (PART 5/SEC1):2012,12299,"Guangdong Sat Technology Co. Ltd., No. 11 Lianbao Rd, Shengfeng District, Xiaolan Town, Zhongshan City, Guangdong, China – 528400",./assets/images/downlights/Altair-Prime-20-ballet-blue.webp
Altair prime 20 Tunable,ARAD1504,36V DC,500mA,2700K~6500K, CRI>97,Φ60*H170mm,60°,20W,AJ/CG,ARAS2060/CT/60/CH,R-41159492,IS 10322 (PART 5/SEC1):2012,12299,"Guangdong Sat Technology Co. Ltd., No. 11 Lianbao Rd, Shengfeng District, Xiaolan Town, Zhongshan City, Guangdong, China – 528400",./assets/images/downlights/Altair-Prime-20-chrome.webp
Altair prime 20 Tunable,ARAD1504,36V DC,500mA,2700K~6500K, CRI>97,Φ60*H170mm,60°,20W,AJ/CG,ARAS2060/CT/60/CHB,R-41159492,IS 10322 (PART 5/SEC1):2012,12299,"Guangdong Sat Technology Co. Ltd., No. 11 Lianbao Rd, Shengfeng District, Xiaolan Town, Zhongshan City, Guangdong, China – 528400",./assets/images/downlights/Altair-Prime-20-chrome-black.webp
Naos,DTD055L,3V DC,670mA,2700K, CRI>97,Φ47*H35mm,15°,3W,AJ/CG,ARAS0345/27/15/W,R-41159492,IS 10322 (PART 5/SEC1):2012,3349,"Guangdong Sat Technology Co. Ltd., No. 11 Lianbao Rd, Shengfeng District, Xiaolan Town, Zhongshan City, Guangdong, China – 528400",./assets/images/downlights/Naos-white.webp
Naos,DTD055L,3V DC,670mA,2700K, CRI>97,Φ47*H35mm,15°,3W,AJ/CG,ARAS0345/27/15/B,R-41159492,IS 10322 (PART 5/SEC1):2012,3349,"Guangdong Sat Technology Co. Ltd., No. 11 Lianbao Rd, Shengfeng District, Xiaolan Town, Zhongshan City, Guangdong, China – 528400",./assets/images/downlights/Naos-balck.webp
Naos,DTD055L,3V DC,670mA,3000K, CRI>97,Φ47*H35mm,15°,3W,AJ/CG,ARAS0345/30/15/W,R-41159492,IS 10322 (PART 5/SEC1):2012,3349,"Guangdong Sat Technology Co. Ltd., No. 11 Lianbao Rd, Shengfeng District, Xiaolan Town, Zhongshan City, Guangdong, China – 528400",./assets/images/downlights/Naos-white.webp
Naos,DTD055L,3V DC,670mA,3000K, CRI>97,Φ47*H35mm,15°,3W,AJ/CG,ARAS0345/30/15/B,R-41159492,IS 10322 (PART 5/SEC1):2012,3349,"Guangdong Sat Technology Co. Ltd., No. 11 Lianbao Rd, Shengfeng District, Xiaolan Town, Zhongshan City, Guangdong, China – 528400",./assets/images/downlights/Naos-balck.webp
Naos,DTD055L,3V DC,670mA,3500K, CRI>97,Φ47*H35mm,15°,3W,AJ/CG,ARAS0345/35/15/W,R-41159492,IS 10322 (PART 5/SEC1):2012,3349,"Guangdong Sat Technology Co. Ltd., No. 11 Lianbao Rd, Shengfeng District, Xiaolan Town, Zhongshan City, Guangdong, China – 528400",./assets/images/downlights/Naos-white.webp
Naos,DTD055L,3V DC,670mA,3500K, CRI>97,Φ47*H35mm,15°,3W,AJ/CG,ARAS0345/35/15/B,R-41159492,IS 10322 (PART 5/SEC1):2012,3349,"Guangdong Sat Technology Co. Ltd., No. 11 Lianbao Rd, Shengfeng District, Xiaolan Town, Zhongshan City, Guangdong, China – 528400",./assets/images/downlights/Naos-balck.webp
Naos,DTD055L,3V DC,670mA,4000K, CRI>97,Φ47*H35mm,15°,3W,AJ/CG,ARAS0345/40/15/W,R-41159492,IS 10322 (PART 5/SEC1):2012,3349,"Guangdong Sat Technology Co. Ltd., No. 11 Lianbao Rd, Shengfeng District, Xiaolan Town, Zhongshan City, Guangdong, China – 528400",./assets/images/downlights/Naos-white.webp
Naos,DTD055L,3V DC,670mA,4000K, CRI>97,Φ47*H35mm,15°,3W,AJ/CG,ARAS0345/40/15/B,R-41159492,IS 10322 (PART 5/SEC1):2012,3349,"Guangdong Sat Technology Co. Ltd., No. 11 Lianbao Rd, Shengfeng District, Xiaolan Town, Zhongshan City, Guangdong, China – 528400",./assets/images/downlights/Naos-balck.webp
Naos,DTD055L,3V DC,670mA,5000K, CRI>97,Φ47*H35mm,15°,3W,AJ/CG,ARAS0345/50/15/W,R-41159492,IS 10322 (PART 5/SEC1):2012,3349,"Guangdong Sat Technology Co. Ltd., No. 11 Lianbao Rd, Shengfeng District, Xiaolan Town, Zhongshan City, Guangdong, China – 528400",./assets/images/downlights/Naos-white.webp
Naos,DTD055L,3V DC,670mA,5000K, CRI>97,Φ47*H35mm,15°,3W,AJ/CG,ARAS0345/50/15/B,R-41159492,IS 10322 (PART 5/SEC1):2012,3349,"Guangdong Sat Technology Co. Ltd., No. 11 Lianbao Rd, Shengfeng District, Xiaolan Town, Zhongshan City, Guangdong, China – 528400",./assets/images/downlights/Naos-balck.webp
Naos,DTD055L,3V DC,670mA,2700K, CRI>97,Φ47*H35mm,36°,3W,AJ/CG,ARAS0345/27/36/W,R-41159492,IS 10322 (PART 5/SEC1):2012,3349,"Guangdong Sat Technology Co. Ltd., No. 11 Lianbao Rd, Shengfeng District, Xiaolan Town, Zhongshan City, Guangdong, China – 528400",./assets/images/downlights/Naos-white.webp
Naos,DTD055L,3V DC,670mA,2700K, CRI>97,Φ47*H35mm,36°,3W,AJ/CG,ARAS0345/27/36/B,R-41159492,IS 10322 (PART 5/SEC1):2012,3349,"Guangdong Sat Technology Co. Ltd., No. 11 Lianbao Rd, Shengfeng District, Xiaolan Town, Zhongshan City, Guangdong, China – 528400",./assets/images/downlights/Naos-balck.webp
Naos,DTD055L,3V DC,670mA,3000K, CRI>97,Φ47*H35mm,36°,3W,AJ/CG,ARAS0345/30/36/W,R-41159492,IS 10322 (PART 5/SEC1):2012,3349,"Guangdong Sat Technology Co. Ltd., No. 11 Lianbao Rd, Shengfeng District, Xiaolan Town, Zhongshan City, Guangdong, China – 528400",./assets/images/downlights/Naos-white.webp
Naos,DTD055L,3V DC,670mA,3000K, CRI>97,Φ47*H35mm,36°,3W,AJ/CG,ARAS0345/30/36/B,R-41159492,IS 10322 (PART 5/SEC1):2012,3349,"Guangdong Sat Technology Co. Ltd., No. 11 Lianbao Rd, Shengfeng District, Xiaolan Town, Zhongshan City, Guangdong, China – 528400",./assets/images/downlights/Naos-balck.webp
Naos,DTD055L,3V DC,670mA,3500K, CRI>97,Φ47*H35mm,36°,3W,AJ/CG,ARAS0345/35/36/W,R-41159492,IS 10322 (PART 5/SEC1):2012,3349,"Guangdong Sat Technology Co. Ltd., No. 11 Lianbao Rd, Shengfeng District, Xiaolan Town, Zhongshan City, Guangdong, China – 528400",./assets/images/downlights/Naos-white.webp
Naos,DTD055L,3V DC,670mA,3500K, CRI>97,Φ47*H35mm,36°,3W,AJ/CG,ARAS0345/35/36/B,R-41159492,IS 10322 (PART 5/SEC1):2012,3349,"Guangdong Sat Technology Co. Ltd., No. 11 Lianbao Rd, Shengfeng District, Xiaolan Town, Zhongshan City, Guangdong, China – 528400",./assets/images/downlights/Naos-balck.webp
Naos,DTD055L,3V DC,670mA,4000K, CRI>97,Φ47*H35mm,36°,3W,AJ/CG,ARAS0345/40/36/W,R-41159492,IS 10322 (PART 5/SEC1):2012,3349,"Guangdong Sat Technology Co. Ltd., No. 11 Lianbao Rd, Shengfeng District, Xiaolan Town, Zhongshan City, Guangdong, China – 528400",./assets/images/downlights/Naos-white.webp
Naos,DTD055L,3V DC,670mA,4000K, CRI>97,Φ47*H35mm,36°,3W,AJ/CG,ARAS0345/40/36/B,R-41159492,IS 10322 (PART 5/SEC1):2012,3349,"Guangdong Sat Technology Co. Ltd., No. 11 Lianbao Rd, Shengfeng District, Xiaolan Town, Zhongshan City, Guangdong, China – 528400",./assets/images/downlights/Naos-balck.webp
Naos,DTD055L,3V DC,670mA,5000K, CRI>97,Φ47*H35mm,36°,3W,AJ/CG,ARAS0345/50/36/W,R-41159492,IS 10322 (PART 5/SEC1):2012,3349,"Guangdong Sat Technology Co. Ltd., No. 11 Lianbao Rd, Shengfeng District, Xiaolan Town, Zhongshan City, Guangdong, China – 528400",./assets/images/downlights/Naos-white.webp
Naos,DTD055L,3V DC,670mA,5000K, CRI>97,Φ47*H35mm,36°,3W,AJ/CG,ARAS0345/50/36/B,R-41159492,IS 10322 (PART 5/SEC1):2012,3349,"Guangdong Sat Technology Co. Ltd., No. 11 Lianbao Rd, Shengfeng District, Xiaolan Town, Zhongshan City, Guangdong, China – 528400",./assets/images/downlights/Naos-balck.webp
Naos Tunable,DTD055L,3V DC,670mA,2700K~6500K, CRI>97,Φ47*H35mm,15°,3W,AJ/CG,ARAS0345/CT/15/W,R-41159492,IS 10322 (PART 5/SEC1):2012,4549,"Guangdong Sat Technology Co. Ltd., No. 11 Lianbao Rd, Shengfeng District, Xiaolan Town, Zhongshan City, Guangdong, China – 528400",./assets/images/downlights/Naos-white.webp
Naos Tunable,DTD055L,3V DC,670mA,2700K~6500K, CRI>97,Φ47*H35mm,15°,3W,AJ/CG,ARAS0345/CT/15/B,R-41159492,IS 10322 (PART 5/SEC1):2012,4549,"Guangdong Sat Technology Co. Ltd., No. 11 Lianbao Rd, Shengfeng District, Xiaolan Town, Zhongshan City, Guangdong, China – 528400",./assets/images/downlights/Naos-balck.webp
Naos Tunable,DTD055L,3V DC,670mA,2700K~6500K, CRI>97,Φ47*H35mm,36°,3W,AJ/CG,ARAS0345/CT/36/W,R-41159492,IS 10322 (PART 5/SEC1):2012,4549,"Guangdong Sat Technology Co. Ltd., No. 11 Lianbao Rd, Shengfeng District, Xiaolan Town, Zhongshan City, Guangdong, China – 528400",./assets/images/downlights/Naos-white.webp
Naos Tunable,DTD055L,3V DC,670mA,2700K~6500K, CRI>97,Φ47*H35mm,36°,3W,AJ/CG,ARAS0345/CT/36/B,R-41159492,IS 10322 (PART 5/SEC1):2012,4549,"Guangdong Sat Technology Co. Ltd., No. 11 Lianbao Rd, Shengfeng District, Xiaolan Town, Zhongshan City, Guangdong, China – 528400",./assets/images/downlights/Naos-balck.webp
Koit 1,DDD055X,3V DC,110mA,2700K, CRI>97,Φ45*H52mm,10°,1W,AJ/CG,ARFS0135/27/10/W,R-41159492,IS 10322 (PART 5/SEC1):2012,2599,"Guangdong Sat Technology Co. Ltd., No. 11 Lianbao Rd, Shengfeng District, Xiaolan Town, Zhongshan City, Guangdong, China – 528400",./assets/images/downlights/Koit-1-white.webp
Koit 1,DDD055X,3V DC,110mA,2700K, CRI>97,Φ45*H52mm,10°,1W,AJ/CG,ARFS0135/27/10/B,R-41159492,IS 10322 (PART 5/SEC1):2012,2599,"Guangdong Sat Technology Co. Ltd., No. 11 Lianbao Rd, Shengfeng District, Xiaolan Town, Zhongshan City, Guangdong, China – 528400",./assets/images/downlights/Koit-1-black.webp
Koit 1,DDD055X,3V DC,110mA,3000K, CRI>97,Φ45*H52mm,10°,1W,AJ/CG,ARFS0135/30/10/W,R-41159492,IS 10322 (PART 5/SEC1):2012,2599,"Guangdong Sat Technology Co. Ltd., No. 11 Lianbao Rd, Shengfeng District, Xiaolan Town, Zhongshan City, Guangdong, China – 528400",./assets/images/downlights/Koit-1-white.webp
Koit 1,DDD055X,3V DC,110mA,3000K, CRI>97,Φ45*H52mm,10°,1W,AJ/CG,ARFS0135/30/10/B,R-41159492,IS 10322 (PART 5/SEC1):2012,2599,"Guangdong Sat Technology Co. Ltd., No. 11 Lianbao Rd, Shengfeng District, Xiaolan Town, Zhongshan City, Guangdong, China – 528400",./assets/images/downlights/Koit-1-black.webp
Koit 1,DDD055X,3V DC,110mA,3500K, CRI>97,Φ45*H52mm,10°,1W,AJ/CG,ARFS0135/35/10/W,R-41159492,IS 10322 (PART 5/SEC1):2012,2599,"Guangdong Sat Technology Co. Ltd., No. 11 Lianbao Rd, Shengfeng District, Xiaolan Town, Zhongshan City, Guangdong, China – 528400",./assets/images/downlights/Koit-1-white.webp
Koit 1,DDD055X,3V DC,110mA,3500K, CRI>97,Φ45*H52mm,10°,1W,AJ/CG,ARFS0135/35/10/B,R-41159492,IS 10322 (PART 5/SEC1):2012,2599,"Guangdong Sat Technology Co. Ltd., No. 11 Lianbao Rd, Shengfeng District, Xiaolan Town, Zhongshan City, Guangdong, China – 528400",./assets/images/downlights/Koit-1-black.webp
Koit 1,DDD055X,3V DC,110mA,4000K, CRI>97,Φ45*H52mm,10°,1W,AJ/CG,ARFS0135/40/10/W,R-41159492,IS 10322 (PART 5/SEC1):2012,2599,"Guangdong Sat Technology Co. Ltd., No. 11 Lianbao Rd, Shengfeng District, Xiaolan Town, Zhongshan City, Guangdong, China – 528400",./assets/images/downlights/Koit-1-white.webp
Koit 1,DDD055X,3V DC,110mA,4000K, CRI>97,Φ45*H52mm,10°,1W,AJ/CG,ARFS0135/40/10/B,R-41159492,IS 10322 (PART 5/SEC1):2012,2599,"Guangdong Sat Technology Co. Ltd., No. 11 Lianbao Rd, Shengfeng District, Xiaolan Town, Zhongshan City, Guangdong, China – 528400",./assets/images/downlights/Koit-1-black.webp
Koit 1,DDD055X,3V DC,110mA,5000K, CRI>97,Φ45*H52mm,10°,1W,AJ/CG,ARFS0135/50/10/W,R-41159492,IS 10322 (PART 5/SEC1):2012,2599,"Guangdong Sat Technology Co. Ltd., No. 11 Lianbao Rd, Shengfeng District, Xiaolan Town, Zhongshan City, Guangdong, China – 528400",./assets/images/downlights/Koit-1-white.webp
Koit 1,DDD055X,3V DC,110mA,5000K, CRI>97,Φ45*H52mm,10°,1W,AJ/CG,ARFS0135/50/10/B,R-41159492,IS 10322 (PART 5/SEC1):2012,2599,"Guangdong Sat Technology Co. Ltd., No. 11 Lianbao Rd, Shengfeng District, Xiaolan Town, Zhongshan City, Guangdong, China – 528400",./assets/images/downlights/Koit-1-black.webp
Koit 1 tunable,DDD055X,3V DC,110mA,2700K~6500K, CRI>97,Φ45*H52mm,10°,1W,AJ/CG,ARFS0135/CT/10/W,R-41159492,IS 10322 (PART 5/SEC1):2012,3799,"Guangdong Sat Technology Co. Ltd., No. 11 Lianbao Rd, Shengfeng District, Xiaolan Town, Zhongshan City, Guangdong, China – 528400",./assets/images/downlights/Koit-1-white.webp
Koit 1 tunable,DDD055X,3V DC,110mA,2700K~6500K, CRI>97,Φ45*H52mm,10°,1W,AJ/CG,ARFS0135/CT/10/B,R-41159492,IS 10322 (PART 5/SEC1):2012,3799,"Guangdong Sat Technology Co. Ltd., No. 11 Lianbao Rd, Shengfeng District, Xiaolan Town, Zhongshan City, Guangdong, China – 528400",./assets/images/downlights/Koit-1-black.webp
Koit 5,DDD055X,36V DC,150mA,2700K, CRI>97,Φ42*H55mm,10°,5W,AJ/CG,ARFS0535/27/10/W,R-41159492,IS 10322 (PART 5/SEC1):2012,3799,"Guangdong Sat Technology Co. Ltd., No. 11 Lianbao Rd, Shengfeng District, Xiaolan Town, Zhongshan City, Guangdong, China – 528400",./assets/images/downlights/Koit-5-white.webp
Koit 5,DDD055X,36V DC,150mA,2700K, CRI>97,Φ42*H55mm,10°,5W,AJ/CG,ARFS0535/27/10/B,R-41159492,IS 10322 (PART 5/SEC1):2012,3799,"Guangdong Sat Technology Co. Ltd., No. 11 Lianbao Rd, Shengfeng District, Xiaolan Town, Zhongshan City, Guangdong, China – 528400",./assets/images/downlights/Koit-5-black.webp
Koit 5,DDD055X,36V DC,150mA,3000K, CRI>97,Φ42*H55mm,10°,5W,AJ/CG,ARFS0535/30/10/W,R-41159492,IS 10322 (PART 5/SEC1):2012,3799,"Guangdong Sat Technology Co. Ltd., No. 11 Lianbao Rd, Shengfeng District, Xiaolan Town, Zhongshan City, Guangdong, China – 528400",./assets/images/downlights/Koit-5-white.webp
Koit 5,DDD055X,36V DC,150mA,3000K, CRI>97,Φ42*H55mm,10°,5W,AJ/CG,ARFS0535/30/10/B,R-41159492,IS 10322 (PART 5/SEC1):2012,3799,"Guangdong Sat Technology Co. Ltd., No. 11 Lianbao Rd, Shengfeng District, Xiaolan Town, Zhongshan City, Guangdong, China – 528400",./assets/images/downlights/Koit-5-black.webp
Koit 5,DDD055X,36V DC,150mA,3500K, CRI>97,Φ42*H55mm,10°,5W,AJ/CG,ARFS0535/35/10/W,R-41159492,IS 10322 (PART 5/SEC1):2012,3799,"Guangdong Sat Technology Co. Ltd., No. 11 Lianbao Rd, Shengfeng District, Xiaolan Town, Zhongshan City, Guangdong, China – 528400",./assets/images/downlights/Koit-5-white.webp
Koit 5,DDD055X,36V DC,150mA,3500K, CRI>97,Φ42*H55mm,10°,5W,AJ/CG,ARFS0535/35/10/B,R-41159492,IS 10322 (PART 5/SEC1):2012,3799,"Guangdong Sat Technology Co. Ltd., No. 11 Lianbao Rd, Shengfeng District, Xiaolan Town, Zhongshan City, Guangdong, China – 528400",./assets/images/downlights/Koit-5-black.webp
Koit 5,DDD055X,36V DC,150mA,4000K, CRI>97,Φ42*H55mm,10°,5W,AJ/CG,ARFS0535/40/10/W,R-41159492,IS 10322 (PART 5/SEC1):2012,3799,"Guangdong Sat Technology Co. Ltd., No. 11 Lianbao Rd, Shengfeng District, Xiaolan Town, Zhongshan City, Guangdong, China – 528400",./assets/images/downlights/Koit-5-white.webp
Koit 5,DDD055X,36V DC,150mA,4000K, CRI>97,Φ42*H55mm,10°,5W,AJ/CG,ARFS0535/40/10/B,R-41159492,IS 10322 (PART 5/SEC1):2012,3799,"Guangdong Sat Technology Co. Ltd., No. 11 Lianbao Rd, Shengfeng District, Xiaolan Town, Zhongshan City, Guangdong, China – 528400",./assets/images/downlights/Koit-5-black.webp
Koit 5,DDD055X,36V DC,150mA,5000K, CRI>97,Φ42*H55mm,10°,5W,AJ/CG,ARFS0535/50/10/W,R-41159492,IS 10322 (PART 5/SEC1):2012,3799,"Guangdong Sat Technology Co. Ltd., No. 11 Lianbao Rd, Shengfeng District, Xiaolan Town, Zhongshan City, Guangdong, China – 528400",./assets/images/downlights/Koit-5-white.webp
Koit 5,DDD055X,36V DC,150mA,5000K, CRI>97,Φ42*H55mm,10°,5W,AJ/CG,ARFS0535/50/10/B,R-41159492,IS 10322 (PART 5/SEC1):2012,3799,"Guangdong Sat Technology Co. Ltd., No. 11 Lianbao Rd, Shengfeng District, Xiaolan Town, Zhongshan City, Guangdong, China – 528400",./assets/images/downlights/Koit-5-black.webp
Koit 5,DDD055X,36V DC,150mA,2700K, CRI>97,Φ42*H55mm,24°,5W,AJ/CG,ARFS0535/27/24/W,R-41159492,IS 10322 (PART 5/SEC1):2012,3799,"Guangdong Sat Technology Co. Ltd., No. 11 Lianbao Rd, Shengfeng District, Xiaolan Town, Zhongshan City, Guangdong, China – 528400",./assets/images/downlights/Koit-5-white.webp
Koit 5,DDD055X,36V DC,150mA,2700K, CRI>97,Φ42*H55mm,24°,5W,AJ/CG,ARFS0535/27/24/B,R-41159492,IS 10322 (PART 5/SEC1):2012,3799,"Guangdong Sat Technology Co. Ltd., No. 11 Lianbao Rd, Shengfeng District, Xiaolan Town, Zhongshan City, Guangdong, China – 528400",./assets/images/downlights/Koit-5-black.webp
Koit 5,DDD055X,36V DC,150mA,3000K, CRI>97,Φ42*H55mm,24°,5W,AJ/CG,ARFS0535/30/24/W,R-41159492,IS 10322 (PART 5/SEC1):2012,3799,"Guangdong Sat Technology Co. Ltd., No. 11 Lianbao Rd, Shengfeng District, Xiaolan Town, Zhongshan City, Guangdong, China – 528400",./assets/images/downlights/Koit-5-white.webp
Koit 5,DDD055X,36V DC,150mA,3000K, CRI>97,Φ42*H55mm,24°,5W,AJ/CG,ARFS0535/30/24/B,R-41159492,IS 10322 (PART 5/SEC1):2012,3799,"Guangdong Sat Technology Co. Ltd., No. 11 Lianbao Rd, Shengfeng District, Xiaolan Town, Zhongshan City, Guangdong, China – 528400",./assets/images/downlights/Koit-5-black.webp
Koit 5,DDD055X,36V DC,150mA,3500K, CRI>97,Φ42*H55mm,24°,5W,AJ/CG,ARFS0535/35/24/W,R-41159492,IS 10322 (PART 5/SEC1):2012,3799,"Guangdong Sat Technology Co. Ltd., No. 11 Lianbao Rd, Shengfeng District, Xiaolan Town, Zhongshan City, Guangdong, China – 528400",./assets/images/downlights/Koit-5-white.webp
Koit 5,DDD055X,36V DC,150mA,3500K, CRI>97,Φ42*H55mm,24°,5W,AJ/CG,ARFS0535/35/24/B,R-41159492,IS 10322 (PART 5/SEC1):2012,3799,"Guangdong Sat Technology Co. Ltd., No. 11 Lianbao Rd, Shengfeng District, Xiaolan Town, Zhongshan City, Guangdong, China – 528400",./assets/images/downlights/Koit-5-black.webp
Koit 5,DDD055X,36V DC,150mA,4000K, CRI>97,Φ42*H55mm,24°,5W,AJ/CG,ARFS0535/40/24/W,R-41159492,IS 10322 (PART 5/SEC1):2012,3799,"Guangdong Sat Technology Co. Ltd., No. 11 Lianbao Rd, Shengfeng District, Xiaolan Town, Zhongshan City, Guangdong, China – 528400",./assets/images/downlights/Koit-5-white.webp
Koit 5,DDD055X,36V DC,150mA,4000K, CRI>97,Φ42*H55mm,24°,5W,AJ/CG,ARFS0535/40/24/B,R-41159492,IS 10322 (PART 5/SEC1):2012,3799,"Guangdong Sat Technology Co. Ltd., No. 11 Lianbao Rd, Shengfeng District, Xiaolan Town, Zhongshan City, Guangdong, China – 528400",./assets/images/downlights/Koit-5-black.webp
Koit 5,DDD055X,36V DC,150mA,5000K, CRI>97,Φ42*H55mm,24°,5W,AJ/CG,ARFS0535/50/24/W,R-41159492,IS 10322 (PART 5/SEC1):2012,3799,"Guangdong Sat Technology Co. Ltd., No. 11 Lianbao Rd, Shengfeng District, Xiaolan Town, Zhongshan City, Guangdong, China – 528400",./assets/images/downlights/Koit-5-white.webp
Koit 5,DDD055X,36V DC,150mA,5000K, CRI>97,Φ42*H55mm,24°,5W,AJ/CG,ARFS0535/50/24/B,R-41159492,IS 10322 (PART 5/SEC1):2012,3799,"Guangdong Sat Technology Co. Ltd., No. 11 Lianbao Rd, Shengfeng District, Xiaolan Town, Zhongshan City, Guangdong, China – 528400",./assets/images/downlights/Koit-5-black.webp
Koit 5,DDD055X,36V DC,150mA,2700K, CRI>97,Φ42*H55mm,36°,5W,AJ/CG,ARFS0535/27/36/W,R-41159492,IS 10322 (PART 5/SEC1):2012,3799,"Guangdong Sat Technology Co. Ltd., No. 11 Lianbao Rd, Shengfeng District, Xiaolan Town, Zhongshan City, Guangdong, China – 528400",./assets/images/downlights/Koit-5-white.webp
Koit 5,DDD055X,36V DC,150mA,2700K, CRI>97,Φ42*H55mm,36°,5W,AJ/CG,ARFS0535/27/36/B,R-41159492,IS 10322 (PART 5/SEC1):2012,3799,"Guangdong Sat Technology Co. Ltd., No. 11 Lianbao Rd, Shengfeng District, Xiaolan Town, Zhongshan City, Guangdong, China – 528400",./assets/images/downlights/Koit-5-black.webp
Koit 5,DDD055X,36V DC,150mA,3000K, CRI>97,Φ42*H55mm,36°,5W,AJ/CG,ARFS0535/30/36/W,R-41159492,IS 10322 (PART 5/SEC1):2012,3799,"Guangdong Sat Technology Co. Ltd., No. 11 Lianbao Rd, Shengfeng District, Xiaolan Town, Zhongshan City, Guangdong, China – 528400",./assets/images/downlights/Koit-5-white.webp
Koit 5,DDD055X,36V DC,150mA,3000K, CRI>97,Φ42*H55mm,36°,5W,AJ/CG,ARFS0535/30/36/B,R-41159492,IS 10322 (PART 5/SEC1):2012,3799,"Guangdong Sat Technology Co. Ltd., No. 11 Lianbao Rd, Shengfeng District, Xiaolan Town, Zhongshan City, Guangdong, China – 528400",./assets/images/downlights/Koit-5-black.webp
Koit 5,DDD055X,36V DC,150mA,3500K, CRI>97,Φ42*H55mm,36°,5W,AJ/CG,ARFS0535/35/36/W,R-41159492,IS 10322 (PART 5/SEC1):2012,3799,"Guangdong Sat Technology Co. Ltd., No. 11 Lianbao Rd, Shengfeng District, Xiaolan Town, Zhongshan City, Guangdong, China – 528400",./assets/images/downlights/Koit-5-white.webp
Koit 5,DDD055X,36V DC,150mA,3500K, CRI>97,Φ42*H55mm,36°,5W,AJ/CG,ARFS0535/35/36/B,R-41159492,IS 10322 (PART 5/SEC1):2012,3799,"Guangdong Sat Technology Co. Ltd., No. 11 Lianbao Rd, Shengfeng District, Xiaolan Town, Zhongshan City, Guangdong, China – 528400",./assets/images/downlights/Koit-5-black.webp
Koit 5,DDD055X,36V DC,150mA,4000K, CRI>97,Φ42*H55mm,36°,5W,AJ/CG,ARFS0535/40/36/W,R-41159492,IS 10322 (PART 5/SEC1):2012,3799,"Guangdong Sat Technology Co. Ltd., No. 11 Lianbao Rd, Shengfeng District, Xiaolan Town, Zhongshan City, Guangdong, China – 528400",./assets/images/downlights/Koit-5-white.webp
Koit 5,DDD055X,36V DC,150mA,4000K, CRI>97,Φ42*H55mm,36°,5W,AJ/CG,ARFS0535/40/36/B,R-41159492,IS 10322 (PART 5/SEC1):2012,3799,"Guangdong Sat Technology Co. Ltd., No. 11 Lianbao Rd, Shengfeng District, Xiaolan Town, Zhongshan City, Guangdong, China – 528400",./assets/images/downlights/Koit-5-black.webp
Koit 5,DDD055X,36V DC,150mA,5000K, CRI>97,Φ42*H55mm,36°,5W,AJ/CG,ARFS0535/50/36/W,R-41159492,IS 10322 (PART 5/SEC1):2012,3799,"Guangdong Sat Technology Co. Ltd., No. 11 Lianbao Rd, Shengfeng District, Xiaolan Town, Zhongshan City, Guangdong, China – 528400",./assets/images/downlights/Koit-5-white.webp
Koit 5,DDD055X,36V DC,150mA,5000K, CRI>97,Φ42*H55mm,36°,5W,AJ/CG,ARFS0535/50/36/B,R-41159492,IS 10322 (PART 5/SEC1):2012,3799,"Guangdong Sat Technology Co. Ltd., No. 11 Lianbao Rd, Shengfeng District, Xiaolan Town, Zhongshan City, Guangdong, China – 528400",./assets/images/downlights/Koit-5-black.webp
Koit 5 Tunable,DDD055X,36V DC,150mA,2700K~6500K, CRI>97,Φ42*H55mm,10°,5W,AJ/CG,ARFS0535/CT/10/W,R-41159492,IS 10322 (PART 5/SEC1):2012,4999,"Guangdong Sat Technology Co. Ltd., No. 11 Lianbao Rd, Shengfeng District, Xiaolan Town, Zhongshan City, Guangdong, China – 528400",./assets/images/downlights/Koit-5-white.webp
Koit 5 Tunable,DDD055X,36V DC,150mA,2700K~6500K, CRI>97,Φ42*H55mm,10°,5W,AJ/CG,ARFS0535/CT/10/B,R-41159492,IS 10322 (PART 5/SEC1):2012,4999,"Guangdong Sat Technology Co. Ltd., No. 11 Lianbao Rd, Shengfeng District, Xiaolan Town, Zhongshan City, Guangdong, China – 528400",./assets/images/downlights/Koit-5-black.webp
Koit 5 Tunable,DDD055X,36V DC,150mA,2700K~6500K, CRI>97,Φ42*H55mm,24°,5W,AJ/CG,ARFS0535/CT/24/W,R-41159492,IS 10322 (PART 5/SEC1):2012,4999,"Guangdong Sat Technology Co. Ltd., No. 11 Lianbao Rd, Shengfeng District, Xiaolan Town, Zhongshan City, Guangdong, China – 528400",./assets/images/downlights/Koit-5-white.webp
Koit 5 Tunable,DDD055X,36V DC,150mA,2700K~6500K, CRI>97,Φ42*H55mm,24°,5W,AJ/CG,ARFS0535/CT/24/B,R-41159492,IS 10322 (PART 5/SEC1):2012,4999,"Guangdong Sat Technology Co. Ltd., No. 11 Lianbao Rd, Shengfeng District, Xiaolan Town, Zhongshan City, Guangdong, China – 528400",./assets/images/downlights/Koit-5-black.webp
Koit 5 Tunable,DDD055X,36V DC,150mA,2700K~6500K, CRI>97,Φ42*H55mm,36°,5W,AJ/CG,ARFS0535/CT/36/W,R-41159492,IS 10322 (PART 5/SEC1):2012,4999,"Guangdong Sat Technology Co. Ltd., No. 11 Lianbao Rd, Shengfeng District, Xiaolan Town, Zhongshan City, Guangdong, China – 528400",./assets/images/downlights/Koit-5-white.webp
Koit 5 Tunable,DDD055X,36V DC,150mA,2700K~6500K, CRI>97,Φ42*H55mm,36°,5W,AJ/CG,ARFS0535/CT/36/B,R-41159492,IS 10322 (PART 5/SEC1):2012,4999,"Guangdong Sat Technology Co. Ltd., No. 11 Lianbao Rd, Shengfeng District, Xiaolan Town, Zhongshan City, Guangdong, China – 528400",./assets/images/downlights/Koit-5-black.webp
Avior,DTB16BF,15V DC,550/850mA,2700K, CRI>97, L147*W45*H49mm,15°,10W/15W,AJ/CG,ARFL1037/27/15/W,R-41159492,IS 10322 (PART 5/SEC1):2012,6399,"Guangdong Sat Technology Co. Ltd., No. 11 Lianbao Rd, Shengfeng District, Xiaolan Town, Zhongshan City, Guangdong, China – 528400",./assets/images/downlights/Avior-White.webp
Avior,DTB16BF,15V DC,550/850mA,2700K, CRI>97, L147*W45*H49mm,15°,10W/15W,AJ/CG,ARFL1037/27/15/B,R-41159492,IS 10322 (PART 5/SEC1):2012,6399,"Guangdong Sat Technology Co. Ltd., No. 11 Lianbao Rd, Shengfeng District, Xiaolan Town, Zhongshan City, Guangdong, China – 528400",./assets/images/downlights/Aviwall-black.webp
Avior,DTB16BF,15V DC,550/850mA,3000K, CRI>97, L147*W45*H49mm,15°,10W/15W,AJ/CG,ARFL1037/30/15/W,R-41159492,IS 10322 (PART 5/SEC1):2012,6399,"Guangdong Sat Technology Co. Ltd., No. 11 Lianbao Rd, Shengfeng District, Xiaolan Town, Zhongshan City, Guangdong, China – 528400",./assets/images/downlights/Avior-White.webp
Avior,DTB16BF,15V DC,550/850mA,3000K, CRI>97, L147*W45*H49mm,15°,10W/15W,AJ/CG,ARFL1037/30/15/B,R-41159492,IS 10322 (PART 5/SEC1):2012,6399,"Guangdong Sat Technology Co. Ltd., No. 11 Lianbao Rd, Shengfeng District, Xiaolan Town, Zhongshan City, Guangdong, China – 528400",./assets/images/downlights/Aviwall-black.webp
Avior,DTB16BF,15V DC,550/850mA,3500K, CRI>97, L147*W45*H49mm,15°,10W/15W,AJ/CG,ARFL1037/35/15/W,R-41159492,IS 10322 (PART 5/SEC1):2012,6399,"Guangdong Sat Technology Co. Ltd., No. 11 Lianbao Rd, Shengfeng District, Xiaolan Town, Zhongshan City, Guangdong, China – 528400",./assets/images/downlights/Avior-White.webp
Avior,DTB16BF,15V DC,550/850mA,3500K, CRI>97, L147*W45*H49mm,15°,10W/15W,AJ/CG,ARFL1037/35/15/B,R-41159492,IS 10322 (PART 5/SEC1):2012,6399,"Guangdong Sat Technology Co. Ltd., No. 11 Lianbao Rd, Shengfeng District, Xiaolan Town, Zhongshan City, Guangdong, China – 528400",./assets/images/downlights/Aviwall-black.webp
Avior,DTB16BF,15V DC,550/850mA,4000K, CRI>97, L147*W45*H49mm,15°,10W/15W,AJ/CG,ARFL1037/40/15/W,R-41159492,IS 10322 (PART 5/SEC1):2012,6399,"Guangdong Sat Technology Co. Ltd., No. 11 Lianbao Rd, Shengfeng District, Xiaolan Town, Zhongshan City, Guangdong, China – 528400",./assets/images/downlights/Avior-White.webp
Avior,DTB16BF,15V DC,550/850mA,4000K, CRI>97, L147*W45*H49mm,15°,10W/15W,AJ/CG,ARFL1037/40/15/B,R-41159492,IS 10322 (PART 5/SEC1):2012,6399,"Guangdong Sat Technology Co. Ltd., No. 11 Lianbao Rd, Shengfeng District, Xiaolan Town, Zhongshan City, Guangdong, China – 528400",./assets/images/downlights/Aviwall-black.webp
Avior,DTB16BF,15V DC,550/850mA,5000K, CRI>97, L147*W45*H49mm,15°,10W/15W,AJ/CG,ARFL1037/50/15/W,R-41159492,IS 10322 (PART 5/SEC1):2012,6399,"Guangdong Sat Technology Co. Ltd., No. 11 Lianbao Rd, Shengfeng District, Xiaolan Town, Zhongshan City, Guangdong, China – 528400",./assets/images/downlights/Avior-White.webp
Avior,DTB16BF,15V DC,550/850mA,5000K, CRI>97, L147*W45*H49mm,15°,10W/15W,AJ/CG,ARFL1037/50/15/B,R-41159492,IS 10322 (PART 5/SEC1):2012,6399,"Guangdong Sat Technology Co. Ltd., No. 11 Lianbao Rd, Shengfeng District, Xiaolan Town, Zhongshan City, Guangdong, China – 528400",./assets/images/downlights/Aviwall-black.webp
Avior,DTB16BF,15V DC,550/850mA,2700K, CRI>97, L147*W45*H49mm,30°,10W/15W,AJ/CG,ARFL1037/27/30/W,R-41159492,IS 10322 (PART 5/SEC1):2012,6399,"Guangdong Sat Technology Co. Ltd., No. 11 Lianbao Rd, Shengfeng District, Xiaolan Town, Zhongshan City, Guangdong, China – 528400",./assets/images/downlights/Avior-White.webp
Avior,DTB16BF,15V DC,550/850mA,2700K, CRI>97, L147*W45*H49mm,30°,10W/15W,AJ/CG,ARFL1037/27/30/B,R-41159492,IS 10322 (PART 5/SEC1):2012,6399,"Guangdong Sat Technology Co. Ltd., No. 11 Lianbao Rd, Shengfeng District, Xiaolan Town, Zhongshan City, Guangdong, China – 528400",./assets/images/downlights/Aviwall-black.webp
Avior,DTB16BF,15V DC,550/850mA,3000K, CRI>97, L147*W45*H49mm,30°,10W/15W,AJ/CG,ARFL1037/30/30/W,R-41159492,IS 10322 (PART 5/SEC1):2012,6399,"Guangdong Sat Technology Co. Ltd., No. 11 Lianbao Rd, Shengfeng District, Xiaolan Town, Zhongshan City, Guangdong, China – 528400",./assets/images/downlights/Avior-White.webp
Avior,DTB16BF,15V DC,550/850mA,3000K, CRI>97, L147*W45*H49mm,30°,10W/15W,AJ/CG,ARFL1037/30/30/B,R-41159492,IS 10322 (PART 5/SEC1):2012,6399,"Guangdong Sat Technology Co. Ltd., No. 11 Lianbao Rd, Shengfeng District, Xiaolan Town, Zhongshan City, Guangdong, China – 528400",./assets/images/downlights/Aviwall-black.webp
Avior,DTB16BF,15V DC,550/850mA,3500K, CRI>97, L147*W45*H49mm,30°,10W/15W,AJ/CG,ARFL1037/35/30/W,R-41159492,IS 10322 (PART 5/SEC1):2012,6399,"Guangdong Sat Technology Co. Ltd., No. 11 Lianbao Rd, Shengfeng District, Xiaolan Town, Zhongshan City, Guangdong, China – 528400",./assets/images/downlights/Avior-White.webp
Avior,DTB16BF,15V DC,550/850mA,3500K, CRI>97, L147*W45*H49mm,30°,10W/15W,AJ/CG,ARFL1037/35/30/B,R-41159492,IS 10322 (PART 5/SEC1):2012,6399,"Guangdong Sat Technology Co. Ltd., No. 11 Lianbao Rd, Shengfeng District, Xiaolan Town, Zhongshan City, Guangdong, China – 528400",./assets/images/downlights/Aviwall-black.webp
Avior,DTB16BF,15V DC,550/850mA,4000K, CRI>97, L147*W45*H49mm,30°,10W/15W,AJ/CG,ARFL1037/40/30/W,R-41159492,IS 10322 (PART 5/SEC1):2012,6399,"Guangdong Sat Technology Co. Ltd., No. 11 Lianbao Rd, Shengfeng District, Xiaolan Town, Zhongshan City, Guangdong, China – 528400",./assets/images/downlights/Avior-White.webp
Avior,DTB16BF,15V DC,550/850mA,4000K, CRI>97, L147*W45*H49mm,30°,10W/15W,AJ/CG,ARFL1037/40/30/B,R-41159492,IS 10322 (PART 5/SEC1):2012,6399,"Guangdong Sat Technology Co. Ltd., No. 11 Lianbao Rd, Shengfeng District, Xiaolan Town, Zhongshan City, Guangdong, China – 528400",./assets/images/downlights/Aviwall-black.webp
Avior,DTB16BF,15V DC,550/850mA,5000K, CRI>97, L147*W45*H49mm,30°,10W/15W,AJ/CG,ARFL1037/50/30/W,R-41159492,IS 10322 (PART 5/SEC1):2012,6399,"Guangdong Sat Technology Co. Ltd., No. 11 Lianbao Rd, Shengfeng District, Xiaolan Town, Zhongshan City, Guangdong, China – 528400",./assets/images/downlights/Avior-White.webp
Avior,DTB16BF,15V DC,550/850mA,5000K, CRI>97, L147*W45*H49mm,30°,10W/15W,AJ/CG,ARFL1037/50/30/B,R-41159492,IS 10322 (PART 5/SEC1):2012,6399,"Guangdong Sat Technology Co. Ltd., No. 11 Lianbao Rd, Shengfeng District, Xiaolan Town, Zhongshan City, Guangdong, China – 528400",./assets/images/downlights/Aviwall-black.webp
Avior,DTB16BF,15V DC,550/850mA,2700K, CRI>97, L147*W45*H49mm,45°,10W/15W,AJ/CG,ARFL1037/27/45/W,R-41159492,IS 10322 (PART 5/SEC1):2012,6399,"Guangdong Sat Technology Co. Ltd., No. 11 Lianbao Rd, Shengfeng District, Xiaolan Town, Zhongshan City, Guangdong, China – 528400",./assets/images/downlights/Avior-White.webp
Avior,DTB16BF,15V DC,550/850mA,2700K, CRI>97, L147*W45*H49mm,45°,10W/15W,AJ/CG,ARFL1037/27/45/B,R-41159492,IS 10322 (PART 5/SEC1):2012,6399,"Guangdong Sat Technology Co. Ltd., No. 11 Lianbao Rd, Shengfeng District, Xiaolan Town, Zhongshan City, Guangdong, China – 528400",./assets/images/downlights/Aviwall-black.webp
Avior,DTB16BF,15V DC,550/850mA,3000K, CRI>97, L147*W45*H49mm,45°,10W/15W,AJ/CG,ARFL1037/30/45/W,R-41159492,IS 10322 (PART 5/SEC1):2012,6399,"Guangdong Sat Technology Co. Ltd., No. 11 Lianbao Rd, Shengfeng District, Xiaolan Town, Zhongshan City, Guangdong, China – 528400",./assets/images/downlights/Avior-White.webp
Avior,DTB16BF,15V DC,550/850mA,3000K, CRI>97, L147*W45*H49mm,45°,10W/15W,AJ/CG,ARFL1037/30/45/B,R-41159492,IS 10322 (PART 5/SEC1):2012,6399,"Guangdong Sat Technology Co. Ltd., No. 11 Lianbao Rd, Shengfeng District, Xiaolan Town, Zhongshan City, Guangdong, China – 528400",./assets/images/downlights/Aviwall-black.webp
Avior,DTB16BF,15V DC,550/850mA,3500K, CRI>97, L147*W45*H49mm,45°,10W/15W,AJ/CG,ARFL1037/35/45/W,R-41159492,IS 10322 (PART 5/SEC1):2012,6399,"Guangdong Sat Technology Co. Ltd., No. 11 Lianbao Rd, Shengfeng District, Xiaolan Town, Zhongshan City, Guangdong, China – 528400",./assets/images/downlights/Avior-White.webp
Avior,DTB16BF,15V DC,550/850mA,3500K, CRI>97, L147*W45*H49mm,45°,10W/15W,AJ/CG,ARFL1037/35/45/B,R-41159492,IS 10322 (PART 5/SEC1):2012,6399,"Guangdong Sat Technology Co. Ltd., No. 11 Lianbao Rd, Shengfeng District, Xiaolan Town, Zhongshan City, Guangdong, China – 528400",./assets/images/downlights/Aviwall-black.webp
Avior,DTB16BF,15V DC,550/850mA,4000K, CRI>97, L147*W45*H49mm,45°,10W/15W,AJ/CG,ARFL1037/40/45/W,R-41159492,IS 10322 (PART 5/SEC1):2012,6399,"Guangdong Sat Technology Co. Ltd., No. 11 Lianbao Rd, Shengfeng District, Xiaolan Town, Zhongshan City, Guangdong, China – 528400",./assets/images/downlights/Avior-White.webp
Avior,DTB16BF,15V DC,550/850mA,4000K, CRI>97, L147*W45*H49mm,45°,10W/15W,AJ/CG,ARFL1037/40/45/B,R-41159492,IS 10322 (PART 5/SEC1):2012,6399,"Guangdong Sat Technology Co. Ltd., No. 11 Lianbao Rd, Shengfeng District, Xiaolan Town, Zhongshan City, Guangdong, China – 528400",./assets/images/downlights/Aviwall-black.webp
Avior,DTB16BF,15V DC,550/850mA,5000K, CRI>97, L147*W45*H49mm,45°,10W/15W,AJ/CG,ARFL1037/50/45/W,R-41159492,IS 10322 (PART 5/SEC1):2012,6399,"Guangdong Sat Technology Co. Ltd., No. 11 Lianbao Rd, Shengfeng District, Xiaolan Town, Zhongshan City, Guangdong, China – 528400",./assets/images/downlights/Avior-White.webp
Avior,DTB16BF,15V DC,550/850mA,5000K, CRI>97, L147*W45*H49mm,45°,10W/15W,AJ/CG,ARFL1037/50/45/B,R-41159492,IS 10322 (PART 5/SEC1):2012,6399,"Guangdong Sat Technology Co. Ltd., No. 11 Lianbao Rd, Shengfeng District, Xiaolan Town, Zhongshan City, Guangdong, China – 528400",./assets/images/downlights/Aviwall-black.webp
Avior Tunable,DTB16BF,15V DC,550/850mA,2700K~6500K, CRI>97, L147*W45*H49mm,15°,10W/15W,AJ/CG,ARFL1037/CT/15/W,R-41159492,IS 10322 (PART 5/SEC1):2012,7599,"Guangdong Sat Technology Co. Ltd., No. 11 Lianbao Rd, Shengfeng District, Xiaolan Town, Zhongshan City, Guangdong, China – 528400",./assets/images/downlights/Avior-White.webp
Avior Tunable,DTB16BF,15V DC,550/850mA,2700K~6500K, CRI>97, L147*W45*H49mm,15°,10W/15W,AJ/CG,ARFL1037/CT/15/B,R-41159492,IS 10322 (PART 5/SEC1):2012,7599,"Guangdong Sat Technology Co. Ltd., No. 11 Lianbao Rd, Shengfeng District, Xiaolan Town, Zhongshan City, Guangdong, China – 528400",./assets/images/downlights/Aviwall-black.webp
Avior Tunable,DTB16BF,15V DC,550/850mA,2700K~6500K, CRI>97, L147*W45*H49mm,30°,10W/15W,AJ/CG,ARFL1037/CT/30/W,R-41159492,IS 10322 (PART 5/SEC1):2012,7599,"Guangdong Sat Technology Co. Ltd., No. 11 Lianbao Rd, Shengfeng District, Xiaolan Town, Zhongshan City, Guangdong, China – 528400",./assets/images/downlights/Avior-White.webp
Avior Tunable,DTB16BF,15V DC,550/850mA,2700K~6500K, CRI>97, L147*W45*H49mm,30°,10W/15W,AJ/CG,ARFL1037/CT/30/B,R-41159492,IS 10322 (PART 5/SEC1):2012,7599,"Guangdong Sat Technology Co. Ltd., No. 11 Lianbao Rd, Shengfeng District, Xiaolan Town, Zhongshan City, Guangdong, China – 528400",./assets/images/downlights/Aviwall-black.webp
Avior Tunable,DTB16BF,15V DC,550/850mA,2700K~6500K, CRI>97, L147*W45*H49mm,45°,10W/15W,AJ/CG,ARFL1037/CT/45/W,R-41159492,IS 10322 (PART 5/SEC1):2012,7599,"Guangdong Sat Technology Co. Ltd., No. 11 Lianbao Rd, Shengfeng District, Xiaolan Town, Zhongshan City, Guangdong, China – 528400",./assets/images/downlights/Avior-White.webp
Avior Tunable,DTB16BF,15V DC,550/850mA,2700K~6500K, CRI>97, L147*W45*H49mm,45°,10W/15W,AJ/CG,ARFL1037/CT/45/B,R-41159492,IS 10322 (PART 5/SEC1):2012,7599,"Guangdong Sat Technology Co. Ltd., No. 11 Lianbao Rd, Shengfeng District, Xiaolan Town, Zhongshan City, Guangdong, China – 528400",./assets/images/downlights/Aviwall-black.webp
Aviwall,DTB16BF,15V DC,550/850mA,2700K, CRI>97, L147*W45*H49mm,80°,10W/15W,AJ/CG,ARWL1037/27/W,R-41159492,IS 10322 (PART 5/SEC1):2012,6399,"Guangdong Sat Technology Co. Ltd., No. 11 Lianbao Rd, Shengfeng District, Xiaolan Town, Zhongshan City, Guangdong, China – 528400",./assets/images/downlights/Aviwall-white.webp
Aviwall,DTB16BF,15V DC,550/850mA,2700K, CRI>97, L147*W45*H49mm,80°,10W/15W,AJ/CG,ARWL1037/27/B,R-41159492,IS 10322 (PART 5/SEC1):2012,6399,"Guangdong Sat Technology Co. Ltd., No. 11 Lianbao Rd, Shengfeng District, Xiaolan Town, Zhongshan City, Guangdong, China – 528400",./assets/images/downlights/Aviwall-black.webp
Aviwall,DTB16BF,15V DC,550/850mA,3000K, CRI>97, L147*W45*H49mm,80°,10W/15W,AJ/CG,ARWL1037/30/W,R-41159492,IS 10322 (PART 5/SEC1):2012,6399,"Guangdong Sat Technology Co. Ltd., No. 11 Lianbao Rd, Shengfeng District, Xiaolan Town, Zhongshan City, Guangdong, China – 528400",./assets/images/downlights/Aviwall-white.webp
Aviwall,DTB16BF,15V DC,550/850mA,3000K, CRI>97, L147*W45*H49mm,80°,10W/15W,AJ/CG,ARWL1037/30/B,R-41159492,IS 10322 (PART 5/SEC1):2012,6399,"Guangdong Sat Technology Co. Ltd., No. 11 Lianbao Rd, Shengfeng District, Xiaolan Town, Zhongshan City, Guangdong, China – 528400",./assets/images/downlights/Aviwall-black.webp
Aviwall,DTB16BF,15V DC,550/850mA,3500K, CRI>97, L147*W45*H49mm,80°,10W/15W,AJ/CG,ARWL1037/35/W,R-41159492,IS 10322 (PART 5/SEC1):2012,6399,"Guangdong Sat Technology Co. Ltd., No. 11 Lianbao Rd, Shengfeng District, Xiaolan Town, Zhongshan City, Guangdong, China – 528400",./assets/images/downlights/Aviwall-white.webp
Aviwall,DTB16BF,15V DC,550/850mA,3500K, CRI>97, L147*W45*H49mm,80°,10W/15W,AJ/CG,ARWL1037/35/B,R-41159492,IS 10322 (PART 5/SEC1):2012,6399,"Guangdong Sat Technology Co. Ltd., No. 11 Lianbao Rd, Shengfeng District, Xiaolan Town, Zhongshan City, Guangdong, China – 528400",./assets/images/downlights/Aviwall-black.webp
Aviwall,DTB16BF,15V DC,550/850mA,4000K, CRI>97, L147*W45*H49mm,80°,10W/15W,AJ/CG,ARWL1037/40/W,R-41159492,IS 10322 (PART 5/SEC1):2012,6399,"Guangdong Sat Technology Co. Ltd., No. 11 Lianbao Rd, Shengfeng District, Xiaolan Town, Zhongshan City, Guangdong, China – 528400",./assets/images/downlights/Aviwall-white.webp
Aviwall,DTB16BF,15V DC,550/850mA,4000K, CRI>97, L147*W45*H49mm,80°,10W/15W,AJ/CG,ARWL1037/40/B,R-41159492,IS 10322 (PART 5/SEC1):2012,6399,"Guangdong Sat Technology Co. Ltd., No. 11 Lianbao Rd, Shengfeng District, Xiaolan Town, Zhongshan City, Guangdong, China – 528400",./assets/images/downlights/Aviwall-black.webp
Aviwall,DTB16BF,15V DC,550/850mA,5000K, CRI>97, L147*W45*H49mm,80°,10W/15W,AJ/CG,ARWL1037/50/W,R-41159492,IS 10322 (PART 5/SEC1):2012,6399,"Guangdong Sat Technology Co. Ltd., No. 11 Lianbao Rd, Shengfeng District, Xiaolan Town, Zhongshan City, Guangdong, China – 528400",./assets/images/downlights/Aviwall-white.webp
Aviwall,DTB16BF,15V DC,550/850mA,5000K, CRI>97, L147*W45*H49mm,80°,10W/15W,AJ/CG,ARWL1037/50/B,R-41159492,IS 10322 (PART 5/SEC1):2012,6399,"Guangdong Sat Technology Co. Ltd., No. 11 Lianbao Rd, Shengfeng District, Xiaolan Town, Zhongshan City, Guangdong, China – 528400",./assets/images/downlights/Aviwall-black.webp
Aviwall Tunable,DTB16BF,15V DC,550/850mA,2700K~6500K, CRI>97, L147*W45*H49mm,80°,10W/15W,AJ/CG,ARWL1037/CT/W,R-41159492,IS 10322 (PART 5/SEC1):2012,7599,"Guangdong Sat Technology Co. Ltd., No. 11 Lianbao Rd, Shengfeng District, Xiaolan Town, Zhongshan City, Guangdong, China – 528400",./assets/images/downlights/Aviwall-white.webp
Aviwall Tunable,DTB16BF,15V DC,550/850mA,2700K~6500K, CRI>97, L147*W45*H49mm,80°,10W/15W,AJ/CG,ARWL1037CT/B,R-41159492,IS 10322 (PART 5/SEC1):2012,7599,"Guangdong Sat Technology Co. Ltd., No. 11 Lianbao Rd, Shengfeng District, Xiaolan Town, Zhongshan City, Guangdong, China – 528400",./assets/images/downlights/Aviwall-black.webp
Castor,DTQ130X,36V DC,350mA,2700K, CRI>97,Φ83*H59mm,24°,15W,AJ/CG,ARFD1575/27/24/W,R-41159492,IS 10322 (PART 5/SEC1):2012,4749,"Guangdong Sat Technology Co. Ltd., No. 11 Lianbao Rd, Shengfeng District, Xiaolan Town, Zhongshan City, Guangdong, China – 528400",./assets/images/downlights/Castor-White.webp
Castor,DTQ130X,36V DC,350mA,2700K, CRI>97,Φ83*H59mm,24°,15W,AJ/CG,ARFD1575/27/24/B,R-41159492,IS 10322 (PART 5/SEC1):2012,4749,"Guangdong Sat Technology Co. Ltd., No. 11 Lianbao Rd, Shengfeng District, Xiaolan Town, Zhongshan City, Guangdong, China – 528400",./assets/images/downlights/Castor-black.webp
Castor,DTQ130X,36V DC,350mA,3000K, CRI>97,Φ83*H59mm,24°,15W,AJ/CG,ARFD1575/30/24/W,R-41159492,IS 10322 (PART 5/SEC1):2012,4749,"Guangdong Sat Technology Co. Ltd., No. 11 Lianbao Rd, Shengfeng District, Xiaolan Town, Zhongshan City, Guangdong, China – 528400",./assets/images/downlights/Castor-White.webp
Castor,DTQ130X,36V DC,350mA,3000K, CRI>97,Φ83*H59mm,24°,15W,AJ/CG,ARFD1575/30/24/B,R-41159492,IS 10322 (PART 5/SEC1):2012,4749,"Guangdong Sat Technology Co. Ltd., No. 11 Lianbao Rd, Shengfeng District, Xiaolan Town, Zhongshan City, Guangdong, China – 528400",./assets/images/downlights/Castor-black.webp
Castor,DTQ130X,36V DC,350mA,3500K, CRI>97,Φ83*H59mm,24°,15W,AJ/CG,ARFD1575/35/24/W,R-41159492,IS 10322 (PART 5/SEC1):2012,4749,"Guangdong Sat Technology Co. Ltd., No. 11 Lianbao Rd, Shengfeng District, Xiaolan Town, Zhongshan City, Guangdong, China – 528400",./assets/images/downlights/Castor-White.webp
Castor,DTQ130X,36V DC,350mA,3500K, CRI>97,Φ83*H59mm,24°,15W,AJ/CG,ARFD1575/35/24/B,R-41159492,IS 10322 (PART 5/SEC1):2012,4749,"Guangdong Sat Technology Co. Ltd., No. 11 Lianbao Rd, Shengfeng District, Xiaolan Town, Zhongshan City, Guangdong, China – 528400",./assets/images/downlights/Castor-black.webp
Castor,DTQ130X,36V DC,350mA,4000K, CRI>97,Φ83*H59mm,24°,15W,AJ/CG,ARFD1575/40/24/W,R-41159492,IS 10322 (PART 5/SEC1):2012,4749,"Guangdong Sat Technology Co. Ltd., No. 11 Lianbao Rd, Shengfeng District, Xiaolan Town, Zhongshan City, Guangdong, China – 528400",./assets/images/downlights/Castor-White.webp
Castor,DTQ130X,36V DC,350mA,4000K, CRI>97,Φ83*H59mm,24°,15W,AJ/CG,ARFD1575/40/24/B,R-41159492,IS 10322 (PART 5/SEC1):2012,4749,"Guangdong Sat Technology Co. Ltd., No. 11 Lianbao Rd, Shengfeng District, Xiaolan Town, Zhongshan City, Guangdong, China – 528400",./assets/images/downlights/Castor-black.webp
Castor,DTQ130X,36V DC,350mA,5000K, CRI>97,Φ83*H59mm,24°,15W,AJ/CG,ARFD1575/50/24/W,R-41159492,IS 10322 (PART 5/SEC1):2012,4749,"Guangdong Sat Technology Co. Ltd., No. 11 Lianbao Rd, Shengfeng District, Xiaolan Town, Zhongshan City, Guangdong, China – 528400",./assets/images/downlights/Castor-White.webp
Castor,DTQ130X,36V DC,350mA,5000K, CRI>97,Φ83*H59mm,24°,15W,AJ/CG,ARFD1575/50/24/B,R-41159492,IS 10322 (PART 5/SEC1):2012,4749,"Guangdong Sat Technology Co. Ltd., No. 11 Lianbao Rd, Shengfeng District, Xiaolan Town, Zhongshan City, Guangdong, China – 528400",./assets/images/downlights/Castor-black.webp
Castor,DTQ130X,36V DC,350mA,2700K, CRI>97,Φ83*H59mm,36°,15W,AJ/CG,ARFD1575/27/36/W,R-41159492,IS 10322 (PART 5/SEC1):2012,4749,"Guangdong Sat Technology Co. Ltd., No. 11 Lianbao Rd, Shengfeng District, Xiaolan Town, Zhongshan City, Guangdong, China – 528400",./assets/images/downlights/Castor-White.webp
Castor,DTQ130X,36V DC,350mA,2700K, CRI>97,Φ83*H59mm,36°,15W,AJ/CG,ARFD1575/27/36/B,R-41159492,IS 10322 (PART 5/SEC1):2012,4749,"Guangdong Sat Technology Co. Ltd., No. 11 Lianbao Rd, Shengfeng District, Xiaolan Town, Zhongshan City, Guangdong, China – 528400",./assets/images/downlights/Castor-black.webp
Castor,DTQ130X,36V DC,350mA,3000K, CRI>97,Φ83*H59mm,36°,15W,AJ/CG,ARFD1575/30/36/W,R-41159492,IS 10322 (PART 5/SEC1):2012,4749,"Guangdong Sat Technology Co. Ltd., No. 11 Lianbao Rd, Shengfeng District, Xiaolan Town, Zhongshan City, Guangdong, China – 528400",./assets/images/downlights/Castor-White.webp
Castor,DTQ130X,36V DC,350mA,3000K, CRI>97,Φ83*H59mm,36°,15W,AJ/CG,ARFD1575/30/36/B,R-41159492,IS 10322 (PART 5/SEC1):2012,4749,"Guangdong Sat Technology Co. Ltd., No. 11 Lianbao Rd, Shengfeng District, Xiaolan Town, Zhongshan City, Guangdong, China – 528400",./assets/images/downlights/Castor-black.webp
Castor,DTQ130X,36V DC,350mA,3500K, CRI>97,Φ83*H59mm,36°,15W,AJ/CG,ARFD1575/35/36/W,R-41159492,IS 10322 (PART 5/SEC1):2012,4749,"Guangdong Sat Technology Co. Ltd., No. 11 Lianbao Rd, Shengfeng District, Xiaolan Town, Zhongshan City, Guangdong, China – 528400",./assets/images/downlights/Castor-White.webp
Castor,DTQ130X,36V DC,350mA,3500K, CRI>97,Φ83*H59mm,36°,15W,AJ/CG,ARFD1575/35/36/B,R-41159492,IS 10322 (PART 5/SEC1):2012,4749,"Guangdong Sat Technology Co. Ltd., No. 11 Lianbao Rd, Shengfeng District, Xiaolan Town, Zhongshan City, Guangdong, China – 528400",./assets/images/downlights/Castor-black.webp
Castor,DTQ130X,36V DC,350mA,4000K, CRI>97,Φ83*H59mm,36°,15W,AJ/CG,ARFD1575/40/36/W,R-41159492,IS 10322 (PART 5/SEC1):2012,4749,"Guangdong Sat Technology Co. Ltd., No. 11 Lianbao Rd, Shengfeng District, Xiaolan Town, Zhongshan City, Guangdong, China – 528400",./assets/images/downlights/Castor-White.webp
Castor,DTQ130X,36V DC,350mA,4000K, CRI>97,Φ83*H59mm,36°,15W,AJ/CG,ARFD1575/40/36/B,R-41159492,IS 10322 (PART 5/SEC1):2012,4749,"Guangdong Sat Technology Co. Ltd., No. 11 Lianbao Rd, Shengfeng District, Xiaolan Town, Zhongshan City, Guangdong, China – 528400",./assets/images/downlights/Castor-black.webp
Castor,DTQ130X,36V DC,350mA,5000K, CRI>97,Φ83*H59mm,36°,15W,AJ/CG,ARFD1575/50/36/W,R-41159492,IS 10322 (PART 5/SEC1):2012,4749,"Guangdong Sat Technology Co. Ltd., No. 11 Lianbao Rd, Shengfeng District, Xiaolan Town, Zhongshan City, Guangdong, China – 528400",./assets/images/downlights/Castor-White.webp
Castor,DTQ130X,36V DC,350mA,5000K, CRI>97,Φ83*H59mm,36°,15W,AJ/CG,ARFD1575/50/36/B,R-41159492,IS 10322 (PART 5/SEC1):2012,4749,"Guangdong Sat Technology Co. Ltd., No. 11 Lianbao Rd, Shengfeng District, Xiaolan Town, Zhongshan City, Guangdong, China – 528400",./assets/images/downlights/Castor-black.webp
Castor,DTQ130X,36V DC,350mA,2700K, CRI>97,Φ83*H59mm,50°,15W,AJ/CG,ARFD1575/27/50/W,R-41159492,IS 10322 (PART 5/SEC1):2012,4749,"Guangdong Sat Technology Co. Ltd., No. 11 Lianbao Rd, Shengfeng District, Xiaolan Town, Zhongshan City, Guangdong, China – 528400",./assets/images/downlights/Castor-White.webp
Castor,DTQ130X,36V DC,350mA,2700K, CRI>97,Φ83*H59mm,50°,15W,AJ/CG,ARFD1575/27/50/B,R-41159492,IS 10322 (PART 5/SEC1):2012,4749,"Guangdong Sat Technology Co. Ltd., No. 11 Lianbao Rd, Shengfeng District, Xiaolan Town, Zhongshan City, Guangdong, China – 528400",./assets/images/downlights/Castor-black.webp
Castor,DTQ130X,36V DC,350mA,3000K, CRI>97,Φ83*H59mm,50°,15W,AJ/CG,ARFD1575/30/50/W,R-41159492,IS 10322 (PART 5/SEC1):2012,4749,"Guangdong Sat Technology Co. Ltd., No. 11 Lianbao Rd, Shengfeng District, Xiaolan Town, Zhongshan City, Guangdong, China – 528400",./assets/images/downlights/Castor-White.webp
Castor,DTQ130X,36V DC,350mA,3000K, CRI>97,Φ83*H59mm,50°,15W,AJ/CG,ARFD1575/30/50/B,R-41159492,IS 10322 (PART 5/SEC1):2012,4749,"Guangdong Sat Technology Co. Ltd., No. 11 Lianbao Rd, Shengfeng District, Xiaolan Town, Zhongshan City, Guangdong, China – 528400",./assets/images/downlights/Castor-black.webp
Castor,DTQ130X,36V DC,350mA,3500K, CRI>97,Φ83*H59mm,50°,15W,AJ/CG,ARFD1575/35/50/W,R-41159492,IS 10322 (PART 5/SEC1):2012,4749,"Guangdong Sat Technology Co. Ltd., No. 11 Lianbao Rd, Shengfeng District, Xiaolan Town, Zhongshan City, Guangdong, China – 528400",./assets/images/downlights/Castor-White.webp
Castor,DTQ130X,36V DC,350mA,3500K, CRI>97,Φ83*H59mm,50°,15W,AJ/CG,ARFD1575/35/50/B,R-41159492,IS 10322 (PART 5/SEC1):2012,4749,"Guangdong Sat Technology Co. Ltd., No. 11 Lianbao Rd, Shengfeng District, Xiaolan Town, Zhongshan City, Guangdong, China – 528400",./assets/images/downlights/Castor-black.webp
Castor,DTQ130X,36V DC,350mA,4000K, CRI>97,Φ83*H59mm,50°,15W,AJ/CG,ARFD1575/40/50/W,R-41159492,IS 10322 (PART 5/SEC1):2012,4749,"Guangdong Sat Technology Co. Ltd., No. 11 Lianbao Rd, Shengfeng District, Xiaolan Town, Zhongshan City, Guangdong, China – 528400",./assets/images/downlights/Castor-White.webp
Castor,DTQ130X,36V DC,350mA,4000K, CRI>97,Φ83*H59mm,50°,15W,AJ/CG,ARFD1575/40/50/B,R-41159492,IS 10322 (PART 5/SEC1):2012,4749,"Guangdong Sat Technology Co. Ltd., No. 11 Lianbao Rd, Shengfeng District, Xiaolan Town, Zhongshan City, Guangdong, China – 528400",./assets/images/downlights/Castor-black.webp
Castor,DTQ130X,36V DC,350mA,5000K, CRI>97,Φ83*H59mm,50°,15W,AJ/CG,ARFD1575/50/50/W,R-41159492,IS 10322 (PART 5/SEC1):2012,4749,"Guangdong Sat Technology Co. Ltd., No. 11 Lianbao Rd, Shengfeng District, Xiaolan Town, Zhongshan City, Guangdong, China – 528400",./assets/images/downlights/Castor-White.webp
Castor,DTQ130X,36V DC,350mA,5000K, CRI>97,Φ83*H59mm,50°,15W,AJ/CG,ARFD1575/50/50/B,R-41159492,IS 10322 (PART 5/SEC1):2012,4749,"Guangdong Sat Technology Co. Ltd., No. 11 Lianbao Rd, Shengfeng District, Xiaolan Town, Zhongshan City, Guangdong, China – 528400",./assets/images/downlights/Castor-black.webp
Castor Tunable,DTQ130X,36V DC,350mA,2700K~6500K, CRI>97,Φ83*H59mm,24°,15W,AJ/CG,ARFD1575/CT/24/W,R-41159492,IS 10322 (PART 5/SEC1):2012,5949,"Guangdong Sat Technology Co. Ltd., No. 11 Lianbao Rd, Shengfeng District, Xiaolan Town, Zhongshan City, Guangdong, China – 528400",./assets/images/downlights/Castor-White.webp
Castor Tunable,DTQ130X,36V DC,350mA,2700K~6500K, CRI>97,Φ83*H59mm,24°,15W,AJ/CG,ARFD1575/CT/24/B,R-41159492,IS 10322 (PART 5/SEC1):2012,5949,"Guangdong Sat Technology Co. Ltd., No. 11 Lianbao Rd, Shengfeng District, Xiaolan Town, Zhongshan City, Guangdong, China – 528400",./assets/images/downlights/Castor-black.webp
Castor Tunable,DTQ130X,36V DC,350mA,2700K~6500K, CRI>97,Φ83*H59mm,36°,15W,AJ/CG,ARFD1575/CT/36/W,R-41159492,IS 10322 (PART 5/SEC1):2012,5949,"Guangdong Sat Technology Co. Ltd., No. 11 Lianbao Rd, Shengfeng District, Xiaolan Town, Zhongshan City, Guangdong, China – 528400",./assets/images/downlights/Castor-White.webp
Castor Tunable,DTQ130X,36V DC,350mA,2700K~6500K, CRI>97,Φ83*H59mm,36°,15W,AJ/CG,ARFD1575/CT/36/B,R-41159492,IS 10322 (PART 5/SEC1):2012,5949,"Guangdong Sat Technology Co. Ltd., No. 11 Lianbao Rd, Shengfeng District, Xiaolan Town, Zhongshan City, Guangdong, China – 528400",./assets/images/downlights/Castor-black.webp
Castor Tunable,DTQ130X,36V DC,350mA,2700K~6500K, CRI>97,Φ83*H59mm,50°,15W,AJ/CG,ARFD1575/CT/50/W,R-41159492,IS 10322 (PART 5/SEC1):2012,5949,"Guangdong Sat Technology Co. Ltd., No. 11 Lianbao Rd, Shengfeng District, Xiaolan Town, Zhongshan City, Guangdong, China – 528400",./assets/images/downlights/Castor-White.webp
Castor Tunable,DTQ130X,36V DC,350mA,2700K~6500K, CRI>97,Φ83*H59mm,50°,15W,AJ/CG,ARFD1575/CT/50/B,R-41159492,IS 10322 (PART 5/SEC1):2012,5949,"Guangdong Sat Technology Co. Ltd., No. 11 Lianbao Rd, Shengfeng District, Xiaolan Town, Zhongshan City, Guangdong, China – 528400",./assets/images/downlights/Castor-black.webp
Step Light,ARAD1501,85-265V,,3000k, CRI>97, L86*W86*H30mm,NA,1W,AJ/CG,AWSL0180/W,R-41159492,IS 10322 (PART 5/SEC1):2012,2149,"Guangdong Sat Technology Co. Ltd., No. 11 Lianbao Rd, Shengfeng District, Xiaolan Town, Zhongshan City, Guangdong, China – 528400",./assets/images/downlights/Step-Light-white.webp
Step Light,ARAD1501,85-265V,,3000k, CRI>97, L86*W86*H30mm,NA,1W,AJ/CG,AWSL0180/B,R-41159492,IS 10322 (PART 5/SEC1):2012,2149,"Guangdong Sat Technology Co. Ltd., No. 11 Lianbao Rd, Shengfeng District, Xiaolan Town, Zhongshan City, Guangdong, China – 528400",./assets/images/downlights/Step-Light-black.webp
Step Light with Sensor,ARAD1501,85-265V,,3000k, CRI>97, L86*W86*H30mm,NA,1W,AJ/CG,AWSL0180/W/S,R-41159492,IS 10322 (PART 5/SEC1):2012,3249,"Guangdong Sat Technology Co. Ltd., No. 11 Lianbao Rd, Shengfeng District, Xiaolan Town, Zhongshan City, Guangdong, China – 528400",./assets/images/downlights/Step-Light-with-Sensor-White.webp
Step Light with Sensor,ARAD1501,85-265V,,3000k, CRI>97, L86*W86*H30mm,NA,1W,AJ/CG,AWSL0180/B/S,R-41159492,IS 10322 (PART 5/SEC1):2012,3249,"Guangdong Sat Technology Co. Ltd., No. 11 Lianbao Rd, Shengfeng District, Xiaolan Town, Zhongshan City, Guangdong, China – 528400",./assets/images/downlights/Step-Light-with-Sensor-S-black.webp
Lumora,DSB120X,36V DC,250mA,2700k, CRI>97,Φ102*H79mm,40°,10W,AJ/CG,ASFD1010/27/40/B,R-41159492,IS 10322 (PART 5/SEC1):2012,10649,"Guangdong Sat Technology Co. Ltd., No. 11 Lianbao Rd, Shengfeng District, Xiaolan Town, Zhongshan City, Guangdong, China – 528400",./assets/images/downlights/Lumora-mat-black-default.webp
Lumora,DSB120X,36V DC,250mA,2700k, CRI>97,Φ102*H79mm,40°,10W,AJ/CG,ASFD1010/27/40/W,R-41159492,IS 10322 (PART 5/SEC1):2012,10649,"Guangdong Sat Technology Co. Ltd., No. 11 Lianbao Rd, Shengfeng District, Xiaolan Town, Zhongshan City, Guangdong, China – 528400",./assets/images/downlights/Lumora-white.webp
Lumora,DSB120X,36V DC,250mA,2700k, CRI>97,Φ102*H79mm,40°,10W,AJ/CG,ASFD1010/27/40/CG,R-41159492,IS 10322 (PART 5/SEC1):2012,11649,"Guangdong Sat Technology Co. Ltd., No. 11 Lianbao Rd, Shengfeng District, Xiaolan Town, Zhongshan City, Guangdong, China – 528400",./assets/images/downlights/Lumora-champeing-gold.webp
Lumora,DSB120X,36V DC,250mA,2700k, CRI>97,Φ102*H79mm,40°,10W,AJ/CG,ASFD1010/27/40/RG,R-41159492,IS 10322 (PART 5/SEC1):2012,11649,"Guangdong Sat Technology Co. Ltd., No. 11 Lianbao Rd, Shengfeng District, Xiaolan Town, Zhongshan City, Guangdong, China – 528400",./assets/images/downlights/Lumora-rose-gold.webp
Lumora,DSB120X,36V DC,250mA,2700k, CRI>97,Φ102*H79mm,40°,10W,AJ/CG,ASFD1010/27/40/BR,R-41159492,IS 10322 (PART 5/SEC1):2012,11649,"Guangdong Sat Technology Co. Ltd., No. 11 Lianbao Rd, Shengfeng District, Xiaolan Town, Zhongshan City, Guangdong, China – 528400",./assets/images/downlights/Lumora-brown.webp
Lumora,DSB120X,36V DC,250mA,2700k, CRI>97,Φ102*H79mm,40°,10W,AJ/CG,ASFD1010/27/40/COF,R-41159492,IS 10322 (PART 5/SEC1):2012,11649,"Guangdong Sat Technology Co. Ltd., No. 11 Lianbao Rd, Shengfeng District, Xiaolan Town, Zhongshan City, Guangdong, China – 528400",./assets/images/downlights/Lumora-coffee.webp
Lumora,DSB120X,36V DC,250mA,2700k, CRI>97,Φ102*H79mm,40°,10W,AJ/CG,ASFD1010/27/40/DGR,R-41159492,IS 10322 (PART 5/SEC1):2012,11649,"Guangdong Sat Technology Co. Ltd., No. 11 Lianbao Rd, Shengfeng District, Xiaolan Town, Zhongshan City, Guangdong, China – 528400",./assets/images/downlights/Lumora-dark-gray-default.webp
Lumora,DSB120X,36V DC,250mA,2700k, CRI>97,Φ102*H79mm,40°,10W,AJ/CG,ASFD1010/27/40/BB,R-41159492,IS 10322 (PART 5/SEC1):2012,11649,"Guangdong Sat Technology Co. Ltd., No. 11 Lianbao Rd, Shengfeng District, Xiaolan Town, Zhongshan City, Guangdong, China – 528400",./assets/images/downlights/Lumora-ballet-blue.webp
Lumora,DSB120X,36V DC,250mA,2700k, CRI>97,Φ102*H79mm,40°,10W,AJ/CG,ASFD1010/27/40/CH,R-41159492,IS 10322 (PART 5/SEC1):2012,11649,"Guangdong Sat Technology Co. Ltd., No. 11 Lianbao Rd, Shengfeng District, Xiaolan Town, Zhongshan City, Guangdong, China – 528400",./assets/images/downlights/Lumora-chrome.webp
Lumora,DSB120X,36V DC,250mA,2700k, CRI>97,Φ102*H79mm,40°,10W,AJ/CG,ASFD1010/27/40/CHB,R-41159492,IS 10322 (PART 5/SEC1):2012,11649,"Guangdong Sat Technology Co. Ltd., No. 11 Lianbao Rd, Shengfeng District, Xiaolan Town, Zhongshan City, Guangdong, China – 528400",./assets/images/downlights/Lumora-chrome-black.webp
Lumora,DSB120X,36V DC,250mA,3000k, CRI>97,Φ102*H79mm,40°,10W,AJ/CG,ASFD1010/30/40/B,R-41159492,IS 10322 (PART 5/SEC1):2012,10649,"Guangdong Sat Technology Co. Ltd., No. 11 Lianbao Rd, Shengfeng District, Xiaolan Town, Zhongshan City, Guangdong, China – 528400",./assets/images/downlights/Lumora-mat-black-default.webp
Lumora,DSB120X,36V DC,250mA,3000k, CRI>97,Φ102*H79mm,40°,10W,AJ/CG,ASFD1010/30/40/W,R-41159492,IS 10322 (PART 5/SEC1):2012,10649,"Guangdong Sat Technology Co. Ltd., No. 11 Lianbao Rd, Shengfeng District, Xiaolan Town, Zhongshan City, Guangdong, China – 528400",./assets/images/downlights/Lumora-white.webp
Lumora,DSB120X,36V DC,250mA,3000k, CRI>97,Φ102*H79mm,40°,10W,AJ/CG,ASFD1010/30/40/CG,R-41159492,IS 10322 (PART 5/SEC1):2012,11649,"Guangdong Sat Technology Co. Ltd., No. 11 Lianbao Rd, Shengfeng District, Xiaolan Town, Zhongshan City, Guangdong, China – 528400",./assets/images/downlights/Lumora-champeing-gold.webp
Lumora,DSB120X,36V DC,250mA,3000k, CRI>97,Φ102*H79mm,40°,10W,AJ/CG,ASFD1010/30/40/RG,R-41159492,IS 10322 (PART 5/SEC1):2012,11649,"Guangdong Sat Technology Co. Ltd., No. 11 Lianbao Rd, Shengfeng District, Xiaolan Town, Zhongshan City, Guangdong, China – 528400",./assets/images/downlights/Lumora-rose-gold.webp
Lumora,DSB120X,36V DC,250mA,3000k, CRI>97,Φ102*H79mm,40°,10W,AJ/CG,ASFD1010/30/40/BR,R-41159492,IS 10322 (PART 5/SEC1):2012,11649,"Guangdong Sat Technology Co. Ltd., No. 11 Lianbao Rd, Shengfeng District, Xiaolan Town, Zhongshan City, Guangdong, China – 528400",./assets/images/downlights/Lumora-brown.webp
Lumora,DSB120X,36V DC,250mA,3000k, CRI>97,Φ102*H79mm,40°,10W,AJ/CG,ASFD1010/30/40/COF,R-41159492,IS 10322 (PART 5/SEC1):2012,11649,"Guangdong Sat Technology Co. Ltd., No. 11 Lianbao Rd, Shengfeng District, Xiaolan Town, Zhongshan City, Guangdong, China – 528400",./assets/images/downlights/Lumora-coffee.webp
Lumora,DSB120X,36V DC,250mA,3000k, CRI>97,Φ102*H79mm,40°,10W,AJ/CG,ASFD1010/30/40/DGR,R-41159492,IS 10322 (PART 5/SEC1):2012,11649,"Guangdong Sat Technology Co. Ltd., No. 11 Lianbao Rd, Shengfeng District, Xiaolan Town, Zhongshan City, Guangdong, China – 528400",./assets/images/downlights/Lumora-dark-gray-default.webp
Lumora,DSB120X,36V DC,250mA,3000k, CRI>97,Φ102*H79mm,40°,10W,AJ/CG,ASFD1010/30/40/BB,R-41159492,IS 10322 (PART 5/SEC1):2012,11649,"Guangdong Sat Technology Co. Ltd., No. 11 Lianbao Rd, Shengfeng District, Xiaolan Town, Zhongshan City, Guangdong, China – 528400",./assets/images/downlights/Lumora-ballet-blue.webp
Lumora,DSB120X,36V DC,250mA,3000k, CRI>97,Φ102*H79mm,40°,10W,AJ/CG,ASFD1010/30/40/CH,R-41159492,IS 10322 (PART 5/SEC1):2012,11649,"Guangdong Sat Technology Co. Ltd., No. 11 Lianbao Rd, Shengfeng District, Xiaolan Town, Zhongshan City, Guangdong, China – 528400",./assets/images/downlights/Lumora-chrome.webp
Lumora,DSB120X,36V DC,250mA,3000k, CRI>97,Φ102*H79mm,40°,10W,AJ/CG,ASFD1010/30/40/CHB,R-41159492,IS 10322 (PART 5/SEC1):2012,11649,"Guangdong Sat Technology Co. Ltd., No. 11 Lianbao Rd, Shengfeng District, Xiaolan Town, Zhongshan City, Guangdong, China – 528400",./assets/images/downlights/Lumora-chrome-black.webp
Lumora,DSB120X,36V DC,250mA,3500k, CRI>97,Φ102*H79mm,40°,10W,AJ/CG,ASFD1010/35/40/B,R-41159492,IS 10322 (PART 5/SEC1):2012,10649,"Guangdong Sat Technology Co. Ltd., No. 11 Lianbao Rd, Shengfeng District, Xiaolan Town, Zhongshan City, Guangdong, China – 528400",./assets/images/downlights/Lumora-mat-black-default.webp
Lumora,DSB120X,36V DC,250mA,3500k, CRI>97,Φ102*H79mm,40°,10W,AJ/CG,ASFD1010/35/40/W,R-41159492,IS 10322 (PART 5/SEC1):2012,10649,"Guangdong Sat Technology Co. Ltd., No. 11 Lianbao Rd, Shengfeng District, Xiaolan Town, Zhongshan City, Guangdong, China – 528400",./assets/images/downlights/Lumora-white.webp
Lumora,DSB120X,36V DC,250mA,3500k, CRI>97,Φ102*H79mm,40°,10W,AJ/CG,ASFD1010/35/40/CG,R-41159492,IS 10322 (PART 5/SEC1):2012,11649,"Guangdong Sat Technology Co. Ltd., No. 11 Lianbao Rd, Shengfeng District, Xiaolan Town, Zhongshan City, Guangdong, China – 528400",./assets/images/downlights/Lumora-champeing-gold.webp
Lumora,DSB120X,36V DC,250mA,3500k, CRI>97,Φ102*H79mm,40°,10W,AJ/CG,ASFD1010/35/40/RG,R-41159492,IS 10322 (PART 5/SEC1):2012,11649,"Guangdong Sat Technology Co. Ltd., No. 11 Lianbao Rd, Shengfeng District, Xiaolan Town, Zhongshan City, Guangdong, China – 528400",./assets/images/downlights/Lumora-rose-gold.webp
Lumora,DSB120X,36V DC,250mA,3500k, CRI>97,Φ102*H79mm,40°,10W,AJ/CG,ASFD1010/35/40/BR,R-41159492,IS 10322 (PART 5/SEC1):2012,11649,"Guangdong Sat Technology Co. Ltd., No. 11 Lianbao Rd, Shengfeng District, Xiaolan Town, Zhongshan City, Guangdong, China – 528400",./assets/images/downlights/Lumora-brown.webp
Lumora,DSB120X,36V DC,250mA,3500k, CRI>97,Φ102*H79mm,40°,10W,AJ/CG,ASFD1010/35/40/COF,R-41159492,IS 10322 (PART 5/SEC1):2012,11649,"Guangdong Sat Technology Co. Ltd., No. 11 Lianbao Rd, Shengfeng District, Xiaolan Town, Zhongshan City, Guangdong, China – 528400",./assets/images/downlights/Lumora-coffee.webp
Lumora,DSB120X,36V DC,250mA,3500k, CRI>97,Φ102*H79mm,40°,10W,AJ/CG,ASFD1010/35/40/DGR,R-41159492,IS 10322 (PART 5/SEC1):2012,11649,"Guangdong Sat Technology Co. Ltd., No. 11 Lianbao Rd, Shengfeng District, Xiaolan Town, Zhongshan City, Guangdong, China – 528400",./assets/images/downlights/Lumora-dark-gray-default.webp
Lumora,DSB120X,36V DC,250mA,3500k, CRI>97,Φ102*H79mm,40°,10W,AJ/CG,ASFD1010/35/40/BB,R-41159492,IS 10322 (PART 5/SEC1):2012,11649,"Guangdong Sat Technology Co. Ltd., No. 11 Lianbao Rd, Shengfeng District, Xiaolan Town, Zhongshan City, Guangdong, China – 528400",./assets/images/downlights/Lumora-ballet-blue.webp
Lumora,DSB120X,36V DC,250mA,3500k, CRI>97,Φ102*H79mm,40°,10W,AJ/CG,ASFD1010/35/40/CH,R-41159492,IS 10322 (PART 5/SEC1):2012,11649,"Guangdong Sat Technology Co. Ltd., No. 11 Lianbao Rd, Shengfeng District, Xiaolan Town, Zhongshan City, Guangdong, China – 528400",./assets/images/downlights/Lumora-chrome.webp
Lumora,DSB120X,36V DC,250mA,3500k, CRI>97,Φ102*H79mm,40°,10W,AJ/CG,ASFD1010/35/40/CHB,R-41159492,IS 10322 (PART 5/SEC1):2012,11649,"Guangdong Sat Technology Co. Ltd., No. 11 Lianbao Rd, Shengfeng District, Xiaolan Town, Zhongshan City, Guangdong, China – 528400",./assets/images/downlights/Lumora-chrome-black.webp
Lumora,DSB120X,36V DC,250mA,4000k, CRI>97,Φ102*H79mm,40°,10W,AJ/CG,ASFD1010/40/40/B,R-41159492,IS 10322 (PART 5/SEC1):2012,10649,"Guangdong Sat Technology Co. Ltd., No. 11 Lianbao Rd, Shengfeng District, Xiaolan Town, Zhongshan City, Guangdong, China – 528400",./assets/images/downlights/Lumora-mat-black-default.webp
Lumora,DSB120X,36V DC,250mA,4000k, CRI>97,Φ102*H79mm,40°,10W,AJ/CG,ASFD1010/40/40/W,R-41159492,IS 10322 (PART 5/SEC1):2012,10649,"Guangdong Sat Technology Co. Ltd., No. 11 Lianbao Rd, Shengfeng District, Xiaolan Town, Zhongshan City, Guangdong, China – 528400",./assets/images/downlights/Lumora-white.webp
Lumora,DSB120X,36V DC,250mA,4000k, CRI>97,Φ102*H79mm,40°,10W,AJ/CG,ASFD1010/40/40/CG,R-41159492,IS 10322 (PART 5/SEC1):2012,11649,"Guangdong Sat Technology Co. Ltd., No. 11 Lianbao Rd, Shengfeng District, Xiaolan Town, Zhongshan City, Guangdong, China – 528400",./assets/images/downlights/Lumora-champeing-gold.webp
Lumora,DSB120X,36V DC,250mA,4000k, CRI>97,Φ102*H79mm,40°,10W,AJ/CG,ASFD1010/40/40/RG,R-41159492,IS 10322 (PART 5/SEC1):2012,11649,"Guangdong Sat Technology Co. Ltd., No. 11 Lianbao Rd, Shengfeng District, Xiaolan Town, Zhongshan City, Guangdong, China – 528400",./assets/images/downlights/Lumora-rose-gold.webp
Lumora,DSB120X,36V DC,250mA,4000k, CRI>97,Φ102*H79mm,40°,10W,AJ/CG,ASFD1010/40/40/BR,R-41159492,IS 10322 (PART 5/SEC1):2012,11649,"Guangdong Sat Technology Co. Ltd., No. 11 Lianbao Rd, Shengfeng District, Xiaolan Town, Zhongshan City, Guangdong, China – 528400",./assets/images/downlights/Lumora-brown.webp
Lumora,DSB120X,36V DC,250mA,4000k, CRI>97,Φ102*H79mm,40°,10W,AJ/CG,ASFD1010/40/40/COF,R-41159492,IS 10322 (PART 5/SEC1):2012,11649,"Guangdong Sat Technology Co. Ltd., No. 11 Lianbao Rd, Shengfeng District, Xiaolan Town, Zhongshan City, Guangdong, China – 528400",./assets/images/downlights/Lumora-coffee.webp
Lumora,DSB120X,36V DC,250mA,4000k, CRI>97,Φ102*H79mm,40°,10W,AJ/CG,ASFD1010/40/40/DGR,R-41159492,IS 10322 (PART 5/SEC1):2012,11649,"Guangdong Sat Technology Co. Ltd., No. 11 Lianbao Rd, Shengfeng District, Xiaolan Town, Zhongshan City, Guangdong, China – 528400",./assets/images/downlights/Lumora-dark-gray-default.webp
Lumora,DSB120X,36V DC,250mA,4000k, CRI>97,Φ102*H79mm,40°,10W,AJ/CG,ASFD1010/40/40/BB,R-41159492,IS 10322 (PART 5/SEC1):2012,11649,"Guangdong Sat Technology Co. Ltd., No. 11 Lianbao Rd, Shengfeng District, Xiaolan Town, Zhongshan City, Guangdong, China – 528400",./assets/images/downlights/Lumora-ballet-blue.webp
Lumora,DSB120X,36V DC,250mA,4000k, CRI>97,Φ102*H79mm,40°,10W,AJ/CG,ASFD1010/40/40/CH,R-41159492,IS 10322 (PART 5/SEC1):2012,11649,"Guangdong Sat Technology Co. Ltd., No. 11 Lianbao Rd, Shengfeng District, Xiaolan Town, Zhongshan City, Guangdong, China – 528400",./assets/images/downlights/Lumora-chrome.webp
Lumora,DSB120X,36V DC,250mA,4000k, CRI>97,Φ102*H79mm,40°,10W,AJ/CG,ASFD1010/40/40/CHB,R-41159492,IS 10322 (PART 5/SEC1):2012,11649,"Guangdong Sat Technology Co. Ltd., No. 11 Lianbao Rd, Shengfeng District, Xiaolan Town, Zhongshan City, Guangdong, China – 528400",./assets/images/downlights/Lumora-chrome-black.webp
Lumora,DSB120X,36V DC,250mA,5000k, CRI>97,Φ102*H79mm,40°,10W,AJ/CG,ASFD1010/50/40/B,R-41159492,IS 10322 (PART 5/SEC1):2012,10649,"Guangdong Sat Technology Co. Ltd., No. 11 Lianbao Rd, Shengfeng District, Xiaolan Town, Zhongshan City, Guangdong, China – 528400",./assets/images/downlights/Lumora-mat-black-default.webp
Lumora,DSB120X,36V DC,250mA,5000k, CRI>97,Φ102*H79mm,40°,10W,AJ/CG,ASFD1010/50/40/W,R-41159492,IS 10322 (PART 5/SEC1):2012,10649,"Guangdong Sat Technology Co. Ltd., No. 11 Lianbao Rd, Shengfeng District, Xiaolan Town, Zhongshan City, Guangdong, China – 528400",./assets/images/downlights/Lumora-white.webp
Lumora,DSB120X,36V DC,250mA,5000k, CRI>97,Φ102*H79mm,40°,10W,AJ/CG,ASFD1010/50/40/CG,R-41159492,IS 10322 (PART 5/SEC1):2012,11649,"Guangdong Sat Technology Co. Ltd., No. 11 Lianbao Rd, Shengfeng District, Xiaolan Town, Zhongshan City, Guangdong, China – 528400",./assets/images/downlights/Lumora-champeing-gold.webp
Lumora,DSB120X,36V DC,250mA,5000k, CRI>97,Φ102*H79mm,40°,10W,AJ/CG,ASFD1010/50/40/RG,R-41159492,IS 10322 (PART 5/SEC1):2012,11649,"Guangdong Sat Technology Co. Ltd., No. 11 Lianbao Rd, Shengfeng District, Xiaolan Town, Zhongshan City, Guangdong, China – 528400",./assets/images/downlights/Lumora-rose-gold.webp
Lumora,DSB120X,36V DC,250mA,5000k, CRI>97,Φ102*H79mm,40°,10W,AJ/CG,ASFD1010/50/40/BR,R-41159492,IS 10322 (PART 5/SEC1):2012,11649,"Guangdong Sat Technology Co. Ltd., No. 11 Lianbao Rd, Shengfeng District, Xiaolan Town, Zhongshan City, Guangdong, China – 528400",./assets/images/downlights/Lumora-brown.webp
Lumora,DSB120X,36V DC,250mA,5000k, CRI>97,Φ102*H79mm,40°,10W,AJ/CG,ASFD1010/50/40/COF,R-41159492,IS 10322 (PART 5/SEC1):2012,11649,"Guangdong Sat Technology Co. Ltd., No. 11 Lianbao Rd, Shengfeng District, Xiaolan Town, Zhongshan City, Guangdong, China – 528400",./assets/images/downlights/Lumora-coffee.webp
Lumora,DSB120X,36V DC,250mA,5000k, CRI>97,Φ102*H79mm,40°,10W,AJ/CG,ASFD1010/50/40/DGR,R-41159492,IS 10322 (PART 5/SEC1):2012,11649,"Guangdong Sat Technology Co. Ltd., No. 11 Lianbao Rd, Shengfeng District, Xiaolan Town, Zhongshan City, Guangdong, China – 528400",./assets/images/downlights/Lumora-dark-gray-default.webp
Lumora,DSB120X,36V DC,250mA,5000k, CRI>97,Φ102*H79mm,40°,10W,AJ/CG,ASFD1010/50/40/BB,R-41159492,IS 10322 (PART 5/SEC1):2012,11649,"Guangdong Sat Technology Co. Ltd., No. 11 Lianbao Rd, Shengfeng District, Xiaolan Town, Zhongshan City, Guangdong, China – 528400",./assets/images/downlights/Lumora-ballet-blue.webp
Lumora,DSB120X,36V DC,250mA,5000k, CRI>97,Φ102*H79mm,40°,10W,AJ/CG,ASFD1010/50/40/CH,R-41159492,IS 10322 (PART 5/SEC1):2012,11649,"Guangdong Sat Technology Co. Ltd., No. 11 Lianbao Rd, Shengfeng District, Xiaolan Town, Zhongshan City, Guangdong, China – 528400",./assets/images/downlights/Lumora-chrome.webp
Lumora,DSB120X,36V DC,250mA,5000k, CRI>97,Φ102*H79mm,40°,10W,AJ/CG,ASFD1010/50/40/CHB,R-41159492,IS 10322 (PART 5/SEC1):2012,11649,"Guangdong Sat Technology Co. Ltd., No. 11 Lianbao Rd, Shengfeng District, Xiaolan Town, Zhongshan City, Guangdong, China – 528400",./assets/images/downlights/Lumora-chrome-black.webp
Lumora Tunable,DSB120X,36V DC,250mA,2700K~6500K, CRI>97,Φ102*H79mm,40°,10W,AJ/CG,ASFD1010/CT/40/B,R-41159492,IS 10322 (PART 5/SEC1):2012,11849,"Guangdong Sat Technology Co. Ltd., No. 11 Lianbao Rd, Shengfeng District, Xiaolan Town, Zhongshan City, Guangdong, China – 528400",./assets/images/downlights/Lumora-mat-black-default.webp
Lumora Tunable,DSB120X,36V DC,250mA,2700K~6500K, CRI>97,Φ102*H79mm,40°,10W,AJ/CG,ASFD1010/CT/40/W,R-41159492,IS 10322 (PART 5/SEC1):2012,11849,"Guangdong Sat Technology Co. Ltd., No. 11 Lianbao Rd, Shengfeng District, Xiaolan Town, Zhongshan City, Guangdong, China – 528400",./assets/images/downlights/Lumora-white.webp
Lumora Tunable,DSB120X,36V DC,250mA,2700K~6500K, CRI>97,Φ102*H79mm,40°,10W,AJ/CG,ASFD1010/CT/40/CG,R-41159492,IS 10322 (PART 5/SEC1):2012,12849,"Guangdong Sat Technology Co. Ltd., No. 11 Lianbao Rd, Shengfeng District, Xiaolan Town, Zhongshan City, Guangdong, China – 528400",./assets/images/downlights/Lumora-champeing-gold.webp
Lumora Tunable,DSB120X,36V DC,250mA,2700K~6500K, CRI>97,Φ102*H79mm,40°,10W,AJ/CG,ASFD1010/CT/40/RG,R-41159492,IS 10322 (PART 5/SEC1):2012,12849,"Guangdong Sat Technology Co. Ltd., No. 11 Lianbao Rd, Shengfeng District, Xiaolan Town, Zhongshan City, Guangdong, China – 528400",./assets/images/downlights/Lumora-rose-gold.webp
Lumora Tunable,DSB120X,36V DC,250mA,2700K~6500K, CRI>97,Φ102*H79mm,40°,10W,AJ/CG,ASFD1010/CT/40/BR,R-41159492,IS 10322 (PART 5/SEC1):2012,12849,"Guangdong Sat Technology Co. Ltd., No. 11 Lianbao Rd, Shengfeng District, Xiaolan Town, Zhongshan City, Guangdong, China – 528400",./assets/images/downlights/Lumora-brown.webp
Lumora Tunable,DSB120X,36V DC,250mA,2700K~6500K, CRI>97,Φ102*H79mm,40°,10W,AJ/CG,ASFD1010/CT/40/COF,R-41159492,IS 10322 (PART 5/SEC1):2012,12849,"Guangdong Sat Technology Co. Ltd., No. 11 Lianbao Rd, Shengfeng District, Xiaolan Town, Zhongshan City, Guangdong, China – 528400",./assets/images/downlights/Lumora-coffee.webp
Lumora Tunable,DSB120X,36V DC,250mA,2700K~6500K, CRI>97,Φ102*H79mm,40°,10W,AJ/CG,ASFD1010/CT/40/DGR,R-41159492,IS 10322 (PART 5/SEC1):2012,12849,"Guangdong Sat Technology Co. Ltd., No. 11 Lianbao Rd, Shengfeng District, Xiaolan Town, Zhongshan City, Guangdong, China – 528400",./assets/images/downlights/Lumora-dark-gray-default.webp
Lumora Tunable,DSB120X,36V DC,250mA,2700K~6500K, CRI>97,Φ102*H79mm,40°,10W,AJ/CG,ASFD1010/CT/40/BB,R-41159492,IS 10322 (PART 5/SEC1):2012,12849,"Guangdong Sat Technology Co. Ltd., No. 11 Lianbao Rd, Shengfeng District, Xiaolan Town, Zhongshan City, Guangdong, China – 528400",./assets/images/downlights/Lumora-ballet-blue.webp
Lumora Tunable,DSB120X,36V DC,250mA,2700K~6500K, CRI>97,Φ102*H79mm,40°,10W,AJ/CG,ASFD1010/CT/40/CH,R-41159492,IS 10322 (PART 5/SEC1):2012,12849,"Guangdong Sat Technology Co. Ltd., No. 11 Lianbao Rd, Shengfeng District, Xiaolan Town, Zhongshan City, Guangdong, China – 528400",./assets/images/downlights/Lumora-chrome.webp
Lumora Tunable,DSB120X,36V DC,250mA,2700K~6500K, CRI>97,Φ102*H79mm,40°,10W,AJ/CG,ASFD1010/CT/40/CHB,R-41159492,IS 10322 (PART 5/SEC1):2012,12849,"Guangdong Sat Technology Co. Ltd., No. 11 Lianbao Rd, Shengfeng District, Xiaolan Town, Zhongshan City, Guangdong, China – 528400",./assets/images/downlights/Lumora-chrome-black.webp
Axion 7,",DSH075X",36V DC,150mA,2700k, CRI>97,Φ63*H53mm,24°,7W,AJ/CG,ARAS0755/27/24/W,R-41159492,IS 10322 (PART 5/SEC1):2012,4849,"Guangdong Sat Technology Co. Ltd., No. 11 Lianbao Rd, Shengfeng District, Xiaolan Town, Zhongshan City, Guangdong, China – 528400",./assets/images/downlights/Axion-12-white.webp
Axion 7,",DSH075X",36V DC,150mA,2700k, CRI>97,Φ63*H53mm,24°,7W,AJ/CG,ARAS0755/27/24/B,R-41159492,IS 10322 (PART 5/SEC1):2012,4849,"Guangdong Sat Technology Co. Ltd., No. 11 Lianbao Rd, Shengfeng District, Xiaolan Town, Zhongshan City, Guangdong, China – 528400",./assets/images/downlights/Axion-12-mat-black-default.webp
Axion 7,",DSH075X",36V DC,150mA,2700k, CRI>97,Φ63*H53mm,24°,7W,AJ/CG,ARAS0755/27/24/CG,R-41159492,IS 10322 (PART 5/SEC1):2012,5849,"Guangdong Sat Technology Co. Ltd., No. 11 Lianbao Rd, Shengfeng District, Xiaolan Town, Zhongshan City, Guangdong, China – 528400",./assets/images/downlights/Axion-12-champeing-gold.webp
Axion 7,",DSH075X",36V DC,150mA,2700k, CRI>97,Φ63*H53mm,24°,7W,AJ/CG,ARAS0755/27/24/RG,R-41159492,IS 10322 (PART 5/SEC1):2012,5849,"Guangdong Sat Technology Co. Ltd., No. 11 Lianbao Rd, Shengfeng District, Xiaolan Town, Zhongshan City, Guangdong, China – 528400",./assets/images/downlights/Axion-12-rose-gold.webp
Axion 7,",DSH075X",36V DC,150mA,2700k, CRI>97,Φ63*H53mm,24°,7W,AJ/CG,ARAS0755/27/24/BR,R-41159492,IS 10322 (PART 5/SEC1):2012,5849,"Guangdong Sat Technology Co. Ltd., No. 11 Lianbao Rd, Shengfeng District, Xiaolan Town, Zhongshan City, Guangdong, China – 528400",./assets/images/downlights/Axion-12-brown.webp
Axion 7,",DSH075X",36V DC,150mA,2700k, CRI>97,Φ63*H53mm,24°,7W,AJ/CG,ARAS0755/27/24/COF,R-41159492,IS 10322 (PART 5/SEC1):2012,5849,"Guangdong Sat Technology Co. Ltd., No. 11 Lianbao Rd, Shengfeng District, Xiaolan Town, Zhongshan City, Guangdong, China – 528400",./assets/images/downlights/Axion-12-coffee.webp
Axion 7,",DSH075X",36V DC,150mA,2700k, CRI>97,Φ63*H53mm,24°,7W,AJ/CG,ARAS0755/27/24/DGR,R-41159492,IS 10322 (PART 5/SEC1):2012,5849,"Guangdong Sat Technology Co. Ltd., No. 11 Lianbao Rd, Shengfeng District, Xiaolan Town, Zhongshan City, Guangdong, China – 528400",./assets/images/downlights/Axion-12-dark-gray-default-001.webp
Axion 7,",DSH075X",36V DC,150mA,2700k, CRI>97,Φ63*H53mm,24°,7W,AJ/CG,ARAS0755/27/24/BB,R-41159492,IS 10322 (PART 5/SEC1):2012,5849,"Guangdong Sat Technology Co. Ltd., No. 11 Lianbao Rd, Shengfeng District, Xiaolan Town, Zhongshan City, Guangdong, China – 528400",./assets/images/downlights/Axion-12-ballet-blue.webp
Axion 7,",DSH075X",36V DC,150mA,2700k, CRI>97,Φ63*H53mm,24°,7W,AJ/CG,ARAS0755/27/24/CH,R-41159492,IS 10322 (PART 5/SEC1):2012,5849,"Guangdong Sat Technology Co. Ltd., No. 11 Lianbao Rd, Shengfeng District, Xiaolan Town, Zhongshan City, Guangdong, China – 528400",./assets/images/downlights/Axion-12-chrome.webp
Axion 7,",DSH075X",36V DC,150mA,2700k, CRI>97,Φ63*H53mm,24°,7W,AJ/CG,ARAS0755/27/24/CHB,R-41159492,IS 10322 (PART 5/SEC1):2012,5849,"Guangdong Sat Technology Co. Ltd., No. 11 Lianbao Rd, Shengfeng District, Xiaolan Town, Zhongshan City, Guangdong, China – 528400",./assets/images/downlights/Axion-12-chrome-black.webp
Axion 7,",DSH075X",36V DC,150mA,3000k, CRI>97,Φ63*H53mm,24°,7W,AJ/CG,ARAS0755/30/24/W,R-41159492,IS 10322 (PART 5/SEC1):2012,4849,"Guangdong Sat Technology Co. Ltd., No. 11 Lianbao Rd, Shengfeng District, Xiaolan Town, Zhongshan City, Guangdong, China – 528400",./assets/images/downlights/Axion-12-white.webp
Axion 7,",DSH075X",36V DC,150mA,3000k, CRI>97,Φ63*H53mm,24°,7W,AJ/CG,ARAS0755/30/24/B,R-41159492,IS 10322 (PART 5/SEC1):2012,4849,"Guangdong Sat Technology Co. Ltd., No. 11 Lianbao Rd, Shengfeng District, Xiaolan Town, Zhongshan City, Guangdong, China – 528400",./assets/images/downlights/Axion-12-mat-black-default.webp
Axion 7,",DSH075X",36V DC,150mA,3000k, CRI>97,Φ63*H53mm,24°,7W,AJ/CG,ARAS0755/30/24/CG,R-41159492,IS 10322 (PART 5/SEC1):2012,5849,"Guangdong Sat Technology Co. Ltd., No. 11 Lianbao Rd, Shengfeng District, Xiaolan Town, Zhongshan City, Guangdong, China – 528400",./assets/images/downlights/Axion-12-champeing-gold.webp
Axion 7,",DSH075X",36V DC,150mA,3000k, CRI>97,Φ63*H53mm,24°,7W,AJ/CG,ARAS0755/30/24/RG,R-41159492,IS 10322 (PART 5/SEC1):2012,5849,"Guangdong Sat Technology Co. Ltd., No. 11 Lianbao Rd, Shengfeng District, Xiaolan Town, Zhongshan City, Guangdong, China – 528400",./assets/images/downlights/Axion-12-rose-gold.webp
Axion 7,",DSH075X",36V DC,150mA,3000k, CRI>97,Φ63*H53mm,24°,7W,AJ/CG,ARAS0755/30/24/BR,R-41159492,IS 10322 (PART 5/SEC1):2012,5849,"Guangdong Sat Technology Co. Ltd., No. 11 Lianbao Rd, Shengfeng District, Xiaolan Town, Zhongshan City, Guangdong, China – 528400",./assets/images/downlights/Axion-12-brown.webp
Axion 7,",DSH075X",36V DC,150mA,3000k, CRI>97,Φ63*H53mm,24°,7W,AJ/CG,ARAS0755/30/24/COF,R-41159492,IS 10322 (PART 5/SEC1):2012,5849,"Guangdong Sat Technology Co. Ltd., No. 11 Lianbao Rd, Shengfeng District, Xiaolan Town, Zhongshan City, Guangdong, China – 528400",./assets/images/downlights/Axion-12-coffee.webp
Axion 7,",DSH075X",36V DC,150mA,3000k, CRI>97,Φ63*H53mm,24°,7W,AJ/CG,ARAS0755/30/24/DGR,R-41159492,IS 10322 (PART 5/SEC1):2012,5849,"Guangdong Sat Technology Co. Ltd., No. 11 Lianbao Rd, Shengfeng District, Xiaolan Town, Zhongshan City, Guangdong, China – 528400",./assets/images/downlights/Axion-12-dark-gray-default-001.webp
Axion 7,",DSH075X",36V DC,150mA,3000k, CRI>97,Φ63*H53mm,24°,7W,AJ/CG,ARAS0755/30/24/BB,R-41159492,IS 10322 (PART 5/SEC1):2012,5849,"Guangdong Sat Technology Co. Ltd., No. 11 Lianbao Rd, Shengfeng District, Xiaolan Town, Zhongshan City, Guangdong, China – 528400",./assets/images/downlights/Axion-12-ballet-blue.webp
Axion 7,",DSH075X",36V DC,150mA,3000k, CRI>97,Φ63*H53mm,24°,7W,AJ/CG,ARAS0755/30/24/CH,R-41159492,IS 10322 (PART 5/SEC1):2012,5849,"Guangdong Sat Technology Co. Ltd., No. 11 Lianbao Rd, Shengfeng District, Xiaolan Town, Zhongshan City, Guangdong, China – 528400",./assets/images/downlights/Axion-12-chrome.webp
Axion 7,",DSH075X",36V DC,150mA,3000k, CRI>97,Φ63*H53mm,24°,7W,AJ/CG,ARAS0755/30/24/CHB,R-41159492,IS 10322 (PART 5/SEC1):2012,5849,"Guangdong Sat Technology Co. Ltd., No. 11 Lianbao Rd, Shengfeng District, Xiaolan Town, Zhongshan City, Guangdong, China – 528400",./assets/images/downlights/Axion-12-chrome-black.webp
Axion 7,",DSH075X",36V DC,150mA,3500k, CRI>97,Φ63*H53mm,24°,7W,AJ/CG,ARAS0755/35/24/W,R-41159492,IS 10322 (PART 5/SEC1):2012,4849,"Guangdong Sat Technology Co. Ltd., No. 11 Lianbao Rd, Shengfeng District, Xiaolan Town, Zhongshan City, Guangdong, China – 528400",./assets/images/downlights/Axion-12-white.webp
Axion 7,",DSH075X",36V DC,150mA,3500k, CRI>97,Φ63*H53mm,24°,7W,AJ/CG,ARAS0755/35/24/B,R-41159492,IS 10322 (PART 5/SEC1):2012,4849,"Guangdong Sat Technology Co. Ltd., No. 11 Lianbao Rd, Shengfeng District, Xiaolan Town, Zhongshan City, Guangdong, China – 528400",./assets/images/downlights/Axion-12-mat-black-default.webp
Axion 7,",DSH075X",36V DC,150mA,3500k, CRI>97,Φ63*H53mm,24°,7W,AJ/CG,ARAS0755/35/24/CG,R-41159492,IS 10322 (PART 5/SEC1):2012,5849,"Guangdong Sat Technology Co. Ltd., No. 11 Lianbao Rd, Shengfeng District, Xiaolan Town, Zhongshan City, Guangdong, China – 528400",./assets/images/downlights/Axion-12-champeing-gold.webp
Axion 7,",DSH075X",36V DC,150mA,3500k, CRI>97,Φ63*H53mm,24°,7W,AJ/CG,ARAS0755/35/24/RG,R-41159492,IS 10322 (PART 5/SEC1):2012,5849,"Guangdong Sat Technology Co. Ltd., No. 11 Lianbao Rd, Shengfeng District, Xiaolan Town, Zhongshan City, Guangdong, China – 528400",./assets/images/downlights/Axion-12-rose-gold.webp
Axion 7,",DSH075X",36V DC,150mA,3500k, CRI>97,Φ63*H53mm,24°,7W,AJ/CG,ARAS0755/35/24/BR,R-41159492,IS 10322 (PART 5/SEC1):2012,5849,"Guangdong Sat Technology Co. Ltd., No. 11 Lianbao Rd, Shengfeng District, Xiaolan Town, Zhongshan City, Guangdong, China – 528400",./assets/images/downlights/Axion-12-brown.webp
Axion 7,",DSH075X",36V DC,150mA,3500k, CRI>97,Φ63*H53mm,24°,7W,AJ/CG,ARAS0755/35/24/COF,R-41159492,IS 10322 (PART 5/SEC1):2012,5849,"Guangdong Sat Technology Co. Ltd., No. 11 Lianbao Rd, Shengfeng District, Xiaolan Town, Zhongshan City, Guangdong, China – 528400",./assets/images/downlights/Axion-12-coffee.webp
Axion 7,",DSH075X",36V DC,150mA,3500k, CRI>97,Φ63*H53mm,24°,7W,AJ/CG,ARAS0755/35/24/DGR,R-41159492,IS 10322 (PART 5/SEC1):2012,5849,"Guangdong Sat Technology Co. Ltd., No. 11 Lianbao Rd, Shengfeng District, Xiaolan Town, Zhongshan City, Guangdong, China – 528400",./assets/images/downlights/Axion-12-dark-gray-default-001.webp
Axion 7,",DSH075X",36V DC,150mA,3500k, CRI>97,Φ63*H53mm,24°,7W,AJ/CG,ARAS0755/35/24/BB,R-41159492,IS 10322 (PART 5/SEC1):2012,5849,"Guangdong Sat Technology Co. Ltd., No. 11 Lianbao Rd, Shengfeng District, Xiaolan Town, Zhongshan City, Guangdong, China – 528400",./assets/images/downlights/Axion-12-ballet-blue.webp
Axion 7,",DSH075X",36V DC,150mA,3500k, CRI>97,Φ63*H53mm,24°,7W,AJ/CG,ARAS0755/35/24/CH,R-41159492,IS 10322 (PART 5/SEC1):2012,5849,"Guangdong Sat Technology Co. Ltd., No. 11 Lianbao Rd, Shengfeng District, Xiaolan Town, Zhongshan City, Guangdong, China – 528400",./assets/images/downlights/Axion-12-chrome.webp
Axion 7,",DSH075X",36V DC,150mA,3500k, CRI>97,Φ63*H53mm,24°,7W,AJ/CG,ARAS0755/35/24/CHB,R-41159492,IS 10322 (PART 5/SEC1):2012,5849,"Guangdong Sat Technology Co. Ltd., No. 11 Lianbao Rd, Shengfeng District, Xiaolan Town, Zhongshan City, Guangdong, China – 528400",./assets/images/downlights/Axion-12-chrome-black.webp
Axion 7,",DSH075X",36V DC,150mA,4000k, CRI>97,Φ63*H53mm,24°,7W,AJ/CG,ARAS0755/40/24/W,R-41159492,IS 10322 (PART 5/SEC1):2012,4849,"Guangdong Sat Technology Co. Ltd., No. 11 Lianbao Rd, Shengfeng District, Xiaolan Town, Zhongshan City, Guangdong, China – 528400",./assets/images/downlights/Axion-12-white.webp
Axion 7,",DSH075X",36V DC,150mA,4000k, CRI>97,Φ63*H53mm,24°,7W,AJ/CG,ARAS0755/40/24/B,R-41159492,IS 10322 (PART 5/SEC1):2012,4849,"Guangdong Sat Technology Co. Ltd., No. 11 Lianbao Rd, Shengfeng District, Xiaolan Town, Zhongshan City, Guangdong, China – 528400",./assets/images/downlights/Axion-12-mat-black-default.webp
Axion 7,",DSH075X",36V DC,150mA,4000k, CRI>97,Φ63*H53mm,24°,7W,AJ/CG,ARAS0755/40/24/CG,R-41159492,IS 10322 (PART 5/SEC1):2012,5849,"Guangdong Sat Technology Co. Ltd., No. 11 Lianbao Rd, Shengfeng District, Xiaolan Town, Zhongshan City, Guangdong, China – 528400",./assets/images/downlights/Axion-12-champeing-gold.webp
Axion 7,",DSH075X",36V DC,150mA,4000k, CRI>97,Φ63*H53mm,24°,7W,AJ/CG,ARAS0755/40/24/RG,R-41159492,IS 10322 (PART 5/SEC1):2012,5849,"Guangdong Sat Technology Co. Ltd., No. 11 Lianbao Rd, Shengfeng District, Xiaolan Town, Zhongshan City, Guangdong, China – 528400",./assets/images/downlights/Axion-12-rose-gold.webp
Axion 7,",DSH075X",36V DC,150mA,4000k, CRI>97,Φ63*H53mm,24°,7W,AJ/CG,ARAS0755/40/24/BR,R-41159492,IS 10322 (PART 5/SEC1):2012,5849,"Guangdong Sat Technology Co. Ltd., No. 11 Lianbao Rd, Shengfeng District, Xiaolan Town, Zhongshan City, Guangdong, China – 528400",./assets/images/downlights/Axion-12-brown.webp
Axion 7,",DSH075X",36V DC,150mA,4000k, CRI>97,Φ63*H53mm,24°,7W,AJ/CG,ARAS0755/40/24/COF,R-41159492,IS 10322 (PART 5/SEC1):2012,5849,"Guangdong Sat Technology Co. Ltd., No. 11 Lianbao Rd, Shengfeng District, Xiaolan Town, Zhongshan City, Guangdong, China – 528400",./assets/images/downlights/Axion-12-coffee.webp
Axion 7,",DSH075X",36V DC,150mA,4000k, CRI>97,Φ63*H53mm,24°,7W,AJ/CG,ARAS0755/40/24/DGR,R-41159492,IS 10322 (PART 5/SEC1):2012,5849,"Guangdong Sat Technology Co. Ltd., No. 11 Lianbao Rd, Shengfeng District, Xiaolan Town, Zhongshan City, Guangdong, China – 528400",./assets/images/downlights/Axion-12-dark-gray-default-001.webp
Axion 7,",DSH075X",36V DC,150mA,4000k, CRI>97,Φ63*H53mm,24°,7W,AJ/CG,ARAS0755/40/24/BB,R-41159492,IS 10322 (PART 5/SEC1):2012,5849,"Guangdong Sat Technology Co. Ltd., No. 11 Lianbao Rd, Shengfeng District, Xiaolan Town, Zhongshan City, Guangdong, China – 528400",./assets/images/downlights/Axion-12-ballet-blue.webp
Axion 7,",DSH075X",36V DC,150mA,4000k, CRI>97,Φ63*H53mm,24°,7W,AJ/CG,ARAS0755/40/24/CH,R-41159492,IS 10322 (PART 5/SEC1):2012,5849,"Guangdong Sat Technology Co. Ltd., No. 11 Lianbao Rd, Shengfeng District, Xiaolan Town, Zhongshan City, Guangdong, China – 528400",./assets/images/downlights/Axion-12-chrome.webp
Axion 7,",DSH075X",36V DC,150mA,4000k, CRI>97,Φ63*H53mm,24°,7W,AJ/CG,ARAS0755/40/24/CHB,R-41159492,IS 10322 (PART 5/SEC1):2012,5849,"Guangdong Sat Technology Co. Ltd., No. 11 Lianbao Rd, Shengfeng District, Xiaolan Town, Zhongshan City, Guangdong, China – 528400",./assets/images/downlights/Axion-12-chrome-black.webp
Axion 7,",DSH075X",36V DC,150mA,5000k, CRI>97,Φ63*H53mm,24°,7W,AJ/CG,ARAS0755/50/24/W,R-41159492,IS 10322 (PART 5/SEC1):2012,4849,"Guangdong Sat Technology Co. Ltd., No. 11 Lianbao Rd, Shengfeng District, Xiaolan Town, Zhongshan City, Guangdong, China – 528400",./assets/images/downlights/Axion-12-white.webp
Axion 7,",DSH075X",36V DC,150mA,5000k, CRI>97,Φ63*H53mm,24°,7W,AJ/CG,ARAS0755/50/24/B,R-41159492,IS 10322 (PART 5/SEC1):2012,4849,"Guangdong Sat Technology Co. Ltd., No. 11 Lianbao Rd, Shengfeng District, Xiaolan Town, Zhongshan City, Guangdong, China – 528400",./assets/images/downlights/Axion-12-mat-black-default.webp
Axion 7,",DSH075X",36V DC,150mA,5000k, CRI>97,Φ63*H53mm,24°,7W,AJ/CG,ARAS0755/50/24/CG,R-41159492,IS 10322 (PART 5/SEC1):2012,5849,"Guangdong Sat Technology Co. Ltd., No. 11 Lianbao Rd, Shengfeng District, Xiaolan Town, Zhongshan City, Guangdong, China – 528400",./assets/images/downlights/Axion-12-champeing-gold.webp
Axion 7,",DSH075X",36V DC,150mA,5000k, CRI>97,Φ63*H53mm,24°,7W,AJ/CG,ARAS0755/50/24/RG,R-41159492,IS 10322 (PART 5/SEC1):2012,5849,"Guangdong Sat Technology Co. Ltd., No. 11 Lianbao Rd, Shengfeng District, Xiaolan Town, Zhongshan City, Guangdong, China – 528400",./assets/images/downlights/Axion-12-rose-gold.webp
Axion 7,",DSH075X",36V DC,150mA,5000k, CRI>97,Φ63*H53mm,24°,7W,AJ/CG,ARAS0755/50/24/BR,R-41159492,IS 10322 (PART 5/SEC1):2012,5849,"Guangdong Sat Technology Co. Ltd., No. 11 Lianbao Rd, Shengfeng District, Xiaolan Town, Zhongshan City, Guangdong, China – 528400",./assets/images/downlights/Axion-12-brown.webp
Axion 7,",DSH075X",36V DC,150mA,5000k, CRI>97,Φ63*H53mm,24°,7W,AJ/CG,ARAS0755/50/24/COF,R-41159492,IS 10322 (PART 5/SEC1):2012,5849,"Guangdong Sat Technology Co. Ltd., No. 11 Lianbao Rd, Shengfeng District, Xiaolan Town, Zhongshan City, Guangdong, China – 528400",./assets/images/downlights/Axion-12-coffee.webp
Axion 7,",DSH075X",36V DC,150mA,5000k, CRI>97,Φ63*H53mm,24°,7W,AJ/CG,ARAS0755/50/24/DGR,R-41159492,IS 10322 (PART 5/SEC1):2012,5849,"Guangdong Sat Technology Co. Ltd., No. 11 Lianbao Rd, Shengfeng District, Xiaolan Town, Zhongshan City, Guangdong, China – 528400",./assets/images/downlights/Axion-12-dark-gray-default-001.webp
Axion 7,",DSH075X",36V DC,150mA,5000k, CRI>97,Φ63*H53mm,24°,7W,AJ/CG,ARAS0755/50/24/BB,R-41159492,IS 10322 (PART 5/SEC1):2012,5849,"Guangdong Sat Technology Co. Ltd., No. 11 Lianbao Rd, Shengfeng District, Xiaolan Town, Zhongshan City, Guangdong, China – 528400",./assets/images/downlights/Axion-12-ballet-blue.webp
Axion 7,",DSH075X",36V DC,150mA,5000k, CRI>97,Φ63*H53mm,24°,7W,AJ/CG,ARAS0755/50/24/CH,R-41159492,IS 10322 (PART 5/SEC1):2012,5849,"Guangdong Sat Technology Co. Ltd., No. 11 Lianbao Rd, Shengfeng District, Xiaolan Town, Zhongshan City, Guangdong, China – 528400",./assets/images/downlights/Axion-12-chrome.webp
Axion 7,",DSH075X",36V DC,150mA,5000k, CRI>97,Φ63*H53mm,24°,7W,AJ/CG,ARAS0755/50/24/CHB,R-41159492,IS 10322 (PART 5/SEC1):2012,5849,"Guangdong Sat Technology Co. Ltd., No. 11 Lianbao Rd, Shengfeng District, Xiaolan Town, Zhongshan City, Guangdong, China – 528400",./assets/images/downlights/Axion-12-chrome-black.webp
Axion 7,",DSH075X",36V DC,150mA,2700k, CRI>97,Φ63*H53mm,36°,7W,AJ/CG,ARAS0755/27/36/W,R-41159492,IS 10322 (PART 5/SEC1):2012,4849,"Guangdong Sat Technology Co. Ltd., No. 11 Lianbao Rd, Shengfeng District, Xiaolan Town, Zhongshan City, Guangdong, China – 528400",./assets/images/downlights/Axion-12-white.webp
Axion 7,",DSH075X",36V DC,150mA,2700k, CRI>97,Φ63*H53mm,36°,7W,AJ/CG,ARAS0755/27/36/B,R-41159492,IS 10322 (PART 5/SEC1):2012,4849,"Guangdong Sat Technology Co. Ltd., No. 11 Lianbao Rd, Shengfeng District, Xiaolan Town, Zhongshan City, Guangdong, China – 528400",./assets/images/downlights/Axion-12-mat-black-default.webp
Axion 7,",DSH075X",36V DC,150mA,2700k, CRI>97,Φ63*H53mm,36°,7W,AJ/CG,ARAS0755/27/36/CG,R-41159492,IS 10322 (PART 5/SEC1):2012,5849,"Guangdong Sat Technology Co. Ltd., No. 11 Lianbao Rd, Shengfeng District, Xiaolan Town, Zhongshan City, Guangdong, China – 528400",./assets/images/downlights/Axion-12-champeing-gold.webp
Axion 7,",DSH075X",36V DC,150mA,2700k, CRI>97,Φ63*H53mm,36°,7W,AJ/CG,ARAS0755/27/36/RG,R-41159492,IS 10322 (PART 5/SEC1):2012,5849,"Guangdong Sat Technology Co. Ltd., No. 11 Lianbao Rd, Shengfeng District, Xiaolan Town, Zhongshan City, Guangdong, China – 528400",./assets/images/downlights/Axion-12-rose-gold.webp
Axion 7,",DSH075X",36V DC,150mA,2700k, CRI>97,Φ63*H53mm,36°,7W,AJ/CG,ARAS0755/27/36/BR,R-41159492,IS 10322 (PART 5/SEC1):2012,5849,"Guangdong Sat Technology Co. Ltd., No. 11 Lianbao Rd, Shengfeng District, Xiaolan Town, Zhongshan City, Guangdong, China – 528400",./assets/images/downlights/Axion-12-brown.webp
Axion 7,",DSH075X",36V DC,150mA,2700k, CRI>97,Φ63*H53mm,36°,7W,AJ/CG,ARAS0755/27/36/COF,R-41159492,IS 10322 (PART 5/SEC1):2012,5849,"Guangdong Sat Technology Co. Ltd., No. 11 Lianbao Rd, Shengfeng District, Xiaolan Town, Zhongshan City, Guangdong, China – 528400",./assets/images/downlights/Axion-12-coffee.webp
Axion 7,",DSH075X",36V DC,150mA,2700k, CRI>97,Φ63*H53mm,36°,7W,AJ/CG,ARAS0755/27/36/DGR,R-41159492,IS 10322 (PART 5/SEC1):2012,5849,"Guangdong Sat Technology Co. Ltd., No. 11 Lianbao Rd, Shengfeng District, Xiaolan Town, Zhongshan City, Guangdong, China – 528400",./assets/images/downlights/Axion-12-dark-gray-default-001.webp
Axion 7,",DSH075X",36V DC,150mA,2700k, CRI>97,Φ63*H53mm,36°,7W,AJ/CG,ARAS0755/27/36/BB,R-41159492,IS 10322 (PART 5/SEC1):2012,5849,"Guangdong Sat Technology Co. Ltd., No. 11 Lianbao Rd, Shengfeng District, Xiaolan Town, Zhongshan City, Guangdong, China – 528400",./assets/images/downlights/Axion-12-ballet-blue.webp
Axion 7,",DSH075X",36V DC,150mA,2700k, CRI>97,Φ63*H53mm,36°,7W,AJ/CG,ARAS0755/27/36/CH,R-41159492,IS 10322 (PART 5/SEC1):2012,5849,"Guangdong Sat Technology Co. Ltd., No. 11 Lianbao Rd, Shengfeng District, Xiaolan Town, Zhongshan City, Guangdong, China – 528400",./assets/images/downlights/Axion-12-chrome.webp
Axion 7,",DSH075X",36V DC,150mA,2700k, CRI>97,Φ63*H53mm,36°,7W,AJ/CG,ARAS0755/27/36/CHB,R-41159492,IS 10322 (PART 5/SEC1):2012,5849,"Guangdong Sat Technology Co. Ltd., No. 11 Lianbao Rd, Shengfeng District, Xiaolan Town, Zhongshan City, Guangdong, China – 528400",./assets/images/downlights/Axion-12-chrome-black.webp
Axion 7,",DSH075X",36V DC,150mA,3000k, CRI>97,Φ63*H53mm,36°,7W,AJ/CG,ARAS0755/30/36/W,R-41159492,IS 10322 (PART 5/SEC1):2012,4849,"Guangdong Sat Technology Co. Ltd., No. 11 Lianbao Rd, Shengfeng District, Xiaolan Town, Zhongshan City, Guangdong, China – 528400",./assets/images/downlights/Axion-12-white.webp
Axion 7,",DSH075X",36V DC,150mA,3000k, CRI>97,Φ63*H53mm,36°,7W,AJ/CG,ARAS0755/30/36/B,R-41159492,IS 10322 (PART 5/SEC1):2012,4849,"Guangdong Sat Technology Co. Ltd., No. 11 Lianbao Rd, Shengfeng District, Xiaolan Town, Zhongshan City, Guangdong, China – 528400",./assets/images/downlights/Axion-12-mat-black-default.webp
Axion 7,",DSH075X",36V DC,150mA,3000k, CRI>97,Φ63*H53mm,36°,7W,AJ/CG,ARAS0755/30/36/CG,R-41159492,IS 10322 (PART 5/SEC1):2012,5849,"Guangdong Sat Technology Co. Ltd., No. 11 Lianbao Rd, Shengfeng District, Xiaolan Town, Zhongshan City, Guangdong, China – 528400",./assets/images/downlights/Axion-12-champeing-gold.webp
Axion 7,",DSH075X",36V DC,150mA,3000k, CRI>97,Φ63*H53mm,36°,7W,AJ/CG,ARAS0755/30/36/RG,R-41159492,IS 10322 (PART 5/SEC1):2012,5849,"Guangdong Sat Technology Co. Ltd., No. 11 Lianbao Rd, Shengfeng District, Xiaolan Town, Zhongshan City, Guangdong, China – 528400",./assets/images/downlights/Axion-12-rose-gold.webp
Axion 7,",DSH075X",36V DC,150mA,3000k, CRI>97,Φ63*H53mm,36°,7W,AJ/CG,ARAS0755/30/36/BR,R-41159492,IS 10322 (PART 5/SEC1):2012,5849,"Guangdong Sat Technology Co. Ltd., No. 11 Lianbao Rd, Shengfeng District, Xiaolan Town, Zhongshan City, Guangdong, China – 528400",./assets/images/downlights/Axion-12-brown.webp
Axion 7,",DSH075X",36V DC,150mA,3000k, CRI>97,Φ63*H53mm,36°,7W,AJ/CG,ARAS0755/30/36/COF,R-41159492,IS 10322 (PART 5/SEC1):2012,5849,"Guangdong Sat Technology Co. Ltd., No. 11 Lianbao Rd, Shengfeng District, Xiaolan Town, Zhongshan City, Guangdong, China – 528400",./assets/images/downlights/Axion-12-coffee.webp
Axion 7,",DSH075X",36V DC,150mA,3000k, CRI>97,Φ63*H53mm,36°,7W,AJ/CG,ARAS0755/30/36/DGR,R-41159492,IS 10322 (PART 5/SEC1):2012,5849,"Guangdong Sat Technology Co. Ltd., No. 11 Lianbao Rd, Shengfeng District, Xiaolan Town, Zhongshan City, Guangdong, China – 528400",./assets/images/downlights/Axion-12-dark-gray-default-001.webp
Axion 7,",DSH075X",36V DC,150mA,3000k, CRI>97,Φ63*H53mm,36°,7W,AJ/CG,ARAS0755/30/36/BB,R-41159492,IS 10322 (PART 5/SEC1):2012,5849,"Guangdong Sat Technology Co. Ltd., No. 11 Lianbao Rd, Shengfeng District, Xiaolan Town, Zhongshan City, Guangdong, China – 528400",./assets/images/downlights/Axion-12-ballet-blue.webp
Axion 7,",DSH075X",36V DC,150mA,3000k, CRI>97,Φ63*H53mm,36°,7W,AJ/CG,ARAS0755/30/36/CH,R-41159492,IS 10322 (PART 5/SEC1):2012,5849,"Guangdong Sat Technology Co. Ltd., No. 11 Lianbao Rd, Shengfeng District, Xiaolan Town, Zhongshan City, Guangdong, China – 528400",./assets/images/downlights/Axion-12-chrome.webp
Axion 7,",DSH075X",36V DC,150mA,3000k, CRI>97,Φ63*H53mm,36°,7W,AJ/CG,ARAS0755/30/36/CHB,R-41159492,IS 10322 (PART 5/SEC1):2012,5849,"Guangdong Sat Technology Co. Ltd., No. 11 Lianbao Rd, Shengfeng District, Xiaolan Town, Zhongshan City, Guangdong, China – 528400",./assets/images/downlights/Axion-12-chrome-black.webp
Axion 7,",DSH075X",36V DC,150mA,3500k, CRI>97,Φ63*H53mm,36°,7W,AJ/CG,ARAS0755/35/36/W,R-41159492,IS 10322 (PART 5/SEC1):2012,4849,"Guangdong Sat Technology Co. Ltd., No. 11 Lianbao Rd, Shengfeng District, Xiaolan Town, Zhongshan City, Guangdong, China – 528400",./assets/images/downlights/Axion-12-white.webp
Axion 7,",DSH075X",36V DC,150mA,3500k, CRI>97,Φ63*H53mm,36°,7W,AJ/CG,ARAS0755/35/36/B,R-41159492,IS 10322 (PART 5/SEC1):2012,4849,"Guangdong Sat Technology Co. Ltd., No. 11 Lianbao Rd, Shengfeng District, Xiaolan Town, Zhongshan City, Guangdong, China – 528400",./assets/images/downlights/Axion-12-mat-black-default.webp
Axion 7,",DSH075X",36V DC,150mA,3500k, CRI>97,Φ63*H53mm,36°,7W,AJ/CG,ARAS0755/35/36/CG,R-41159492,IS 10322 (PART 5/SEC1):2012,5849,"Guangdong Sat Technology Co. Ltd., No. 11 Lianbao Rd, Shengfeng District, Xiaolan Town, Zhongshan City, Guangdong, China – 528400",./assets/images/downlights/Axion-12-champeing-gold.webp
Axion 7,",DSH075X",36V DC,150mA,3500k, CRI>97,Φ63*H53mm,36°,7W,AJ/CG,ARAS0755/35/36/RG,R-41159492,IS 10322 (PART 5/SEC1):2012,5849,"Guangdong Sat Technology Co. Ltd., No. 11 Lianbao Rd, Shengfeng District, Xiaolan Town, Zhongshan City, Guangdong, China – 528400",./assets/images/downlights/Axion-12-rose-gold.webp
Axion 7,",DSH075X",36V DC,150mA,3500k, CRI>97,Φ63*H53mm,36°,7W,AJ/CG,ARAS0755/35/36/BR,R-41159492,IS 10322 (PART 5/SEC1):2012,5849,"Guangdong Sat Technology Co. Ltd., No. 11 Lianbao Rd, Shengfeng District, Xiaolan Town, Zhongshan City, Guangdong, China – 528400",./assets/images/downlights/Axion-12-brown.webp
Axion 7,",DSH075X",36V DC,150mA,3500k, CRI>97,Φ63*H53mm,36°,7W,AJ/CG,ARAS0755/35/36/COF,R-41159492,IS 10322 (PART 5/SEC1):2012,5849,"Guangdong Sat Technology Co. Ltd., No. 11 Lianbao Rd, Shengfeng District, Xiaolan Town, Zhongshan City, Guangdong, China – 528400",./assets/images/downlights/Axion-12-coffee.webp
Axion 7,",DSH075X",36V DC,150mA,3500k, CRI>97,Φ63*H53mm,36°,7W,AJ/CG,ARAS0755/35/36/DGR,R-41159492,IS 10322 (PART 5/SEC1):2012,5849,"Guangdong Sat Technology Co. Ltd., No. 11 Lianbao Rd, Shengfeng District, Xiaolan Town, Zhongshan City, Guangdong, China – 528400",./assets/images/downlights/Axion-12-dark-gray-default-001.webp
Axion 7,",DSH075X",36V DC,150mA,3500k, CRI>97,Φ63*H53mm,36°,7W,AJ/CG,ARAS0755/35/36/BB,R-41159492,IS 10322 (PART 5/SEC1):2012,5849,"Guangdong Sat Technology Co. Ltd., No. 11 Lianbao Rd, Shengfeng District, Xiaolan Town, Zhongshan City, Guangdong, China – 528400",./assets/images/downlights/Axion-12-ballet-blue.webp
Axion 7,",DSH075X",36V DC,150mA,3500k, CRI>97,Φ63*H53mm,36°,7W,AJ/CG,ARAS0755/35/36/CH,R-41159492,IS 10322 (PART 5/SEC1):2012,5849,"Guangdong Sat Technology Co. Ltd., No. 11 Lianbao Rd, Shengfeng District, Xiaolan Town, Zhongshan City, Guangdong, China – 528400",./assets/images/downlights/Axion-12-chrome.webp
Axion 7,",DSH075X",36V DC,150mA,3500k, CRI>97,Φ63*H53mm,36°,7W,AJ/CG,ARAS0755/35/36/CHB,R-41159492,IS 10322 (PART 5/SEC1):2012,5849,"Guangdong Sat Technology Co. Ltd., No. 11 Lianbao Rd, Shengfeng District, Xiaolan Town, Zhongshan City, Guangdong, China – 528400",./assets/images/downlights/Axion-12-chrome-black.webp
Axion 7,",DSH075X",36V DC,150mA,4000k, CRI>97,Φ63*H53mm,36°,7W,AJ/CG,ARAS0755/40/36/W,R-41159492,IS 10322 (PART 5/SEC1):2012,4849,"Guangdong Sat Technology Co. Ltd., No. 11 Lianbao Rd, Shengfeng District, Xiaolan Town, Zhongshan City, Guangdong, China – 528400",./assets/images/downlights/Axion-12-white.webp
Axion 7,",DSH075X",36V DC,150mA,4000k, CRI>97,Φ63*H53mm,36°,7W,AJ/CG,ARAS0755/40/36/B,R-41159492,IS 10322 (PART 5/SEC1):2012,4849,"Guangdong Sat Technology Co. Ltd., No. 11 Lianbao Rd, Shengfeng District, Xiaolan Town, Zhongshan City, Guangdong, China – 528400",./assets/images/downlights/Axion-12-mat-black-default.webp
Axion 7,",DSH075X",36V DC,150mA,4000k, CRI>97,Φ63*H53mm,36°,7W,AJ/CG,ARAS0755/40/36/CG,R-41159492,IS 10322 (PART 5/SEC1):2012,5849,"Guangdong Sat Technology Co. Ltd., No. 11 Lianbao Rd, Shengfeng District, Xiaolan Town, Zhongshan City, Guangdong, China – 528400",./assets/images/downlights/Axion-12-champeing-gold.webp
Axion 7,",DSH075X",36V DC,150mA,4000k, CRI>97,Φ63*H53mm,36°,7W,AJ/CG,ARAS0755/40/36/RG,R-41159492,IS 10322 (PART 5/SEC1):2012,5849,"Guangdong Sat Technology Co. Ltd., No. 11 Lianbao Rd, Shengfeng District, Xiaolan Town, Zhongshan City, Guangdong, China – 528400",./assets/images/downlights/Axion-12-rose-gold.webp
Axion 7,",DSH075X",36V DC,150mA,4000k, CRI>97,Φ63*H53mm,36°,7W,AJ/CG,ARAS0755/40/36/BR,R-41159492,IS 10322 (PART 5/SEC1):2012,5849,"Guangdong Sat Technology Co. Ltd., No. 11 Lianbao Rd, Shengfeng District, Xiaolan Town, Zhongshan City, Guangdong, China – 528400",./assets/images/downlights/Axion-12-brown.webp
Axion 7,",DSH075X",36V DC,150mA,4000k, CRI>97,Φ63*H53mm,36°,7W,AJ/CG,ARAS0755/40/36/COF,R-41159492,IS 10322 (PART 5/SEC1):2012,5849,"Guangdong Sat Technology Co. Ltd., No. 11 Lianbao Rd, Shengfeng District, Xiaolan Town, Zhongshan City, Guangdong, China – 528400",./assets/images/downlights/Axion-12-coffee.webp
Axion 7,",DSH075X",36V DC,150mA,4000k, CRI>97,Φ63*H53mm,36°,7W,AJ/CG,ARAS0755/40/36/DGR,R-41159492,IS 10322 (PART 5/SEC1):2012,5849,"Guangdong Sat Technology Co. Ltd., No. 11 Lianbao Rd, Shengfeng District, Xiaolan Town, Zhongshan City, Guangdong, China – 528400",./assets/images/downlights/Axion-12-dark-gray-default-001.webp
Axion 7,",DSH075X",36V DC,150mA,4000k, CRI>97,Φ63*H53mm,36°,7W,AJ/CG,ARAS0755/40/36/BB,R-41159492,IS 10322 (PART 5/SEC1):2012,5849,"Guangdong Sat Technology Co. Ltd., No. 11 Lianbao Rd, Shengfeng District, Xiaolan Town, Zhongshan City, Guangdong, China – 528400",./assets/images/downlights/Axion-12-ballet-blue.webp
Axion 7,",DSH075X",36V DC,150mA,4000k, CRI>97,Φ63*H53mm,36°,7W,AJ/CG,ARAS0755/40/36/CH,R-41159492,IS 10322 (PART 5/SEC1):2012,5849,"Guangdong Sat Technology Co. Ltd., No. 11 Lianbao Rd, Shengfeng District, Xiaolan Town, Zhongshan City, Guangdong, China – 528400",./assets/images/downlights/Axion-12-chrome.webp
Axion 7,",DSH075X",36V DC,150mA,4000k, CRI>97,Φ63*H53mm,36°,7W,AJ/CG,ARAS0755/40/36/CHB,R-41159492,IS 10322 (PART 5/SEC1):2012,5849,"Guangdong Sat Technology Co. Ltd., No. 11 Lianbao Rd, Shengfeng District, Xiaolan Town, Zhongshan City, Guangdong, China – 528400",./assets/images/downlights/Axion-12-chrome-black.webp
Axion 7,",DSH075X",36V DC,150mA,5000k, CRI>97,Φ63*H53mm,36°,7W,AJ/CG,ARAS0755/50/36/W,R-41159492,IS 10322 (PART 5/SEC1):2012,4849,"Guangdong Sat Technology Co. Ltd., No. 11 Lianbao Rd, Shengfeng District, Xiaolan Town, Zhongshan City, Guangdong, China – 528400",./assets/images/downlights/Axion-12-white.webp
Axion 7,",DSH075X",36V DC,150mA,5000k, CRI>97,Φ63*H53mm,36°,7W,AJ/CG,ARAS0755/50/36/B,R-41159492,IS 10322 (PART 5/SEC1):2012,4849,"Guangdong Sat Technology Co. Ltd., No. 11 Lianbao Rd, Shengfeng District, Xiaolan Town, Zhongshan City, Guangdong, China – 528400",./assets/images/downlights/Axion-12-mat-black-default.webp
Axion 7,",DSH075X",36V DC,150mA,5000k, CRI>97,Φ63*H53mm,36°,7W,AJ/CG,ARAS0755/50/36/CG,R-41159492,IS 10322 (PART 5/SEC1):2012,5849,"Guangdong Sat Technology Co. Ltd., No. 11 Lianbao Rd, Shengfeng District, Xiaolan Town, Zhongshan City, Guangdong, China – 528400",./assets/images/downlights/Axion-12-champeing-gold.webp
Axion 7,",DSH075X",36V DC,150mA,5000k, CRI>97,Φ63*H53mm,36°,7W,AJ/CG,ARAS0755/50/36/RG,R-41159492,IS 10322 (PART 5/SEC1):2012,5849,"Guangdong Sat Technology Co. Ltd., No. 11 Lianbao Rd, Shengfeng District, Xiaolan Town, Zhongshan City, Guangdong, China – 528400",./assets/images/downlights/Axion-12-rose-gold.webp
Axion 7,",DSH075X",36V DC,150mA,5000k, CRI>97,Φ63*H53mm,36°,7W,AJ/CG,ARAS0755/50/36/BR,R-41159492,IS 10322 (PART 5/SEC1):2012,5849,"Guangdong Sat Technology Co. Ltd., No. 11 Lianbao Rd, Shengfeng District, Xiaolan Town, Zhongshan City, Guangdong, China – 528400",./assets/images/downlights/Axion-12-brown.webp
Axion 7,",DSH075X",36V DC,150mA,5000k, CRI>97,Φ63*H53mm,36°,7W,AJ/CG,ARAS0755/50/36/COF,R-41159492,IS 10322 (PART 5/SEC1):2012,5849,"Guangdong Sat Technology Co. Ltd., No. 11 Lianbao Rd, Shengfeng District, Xiaolan Town, Zhongshan City, Guangdong, China – 528400",./assets/images/downlights/Axion-12-coffee.webp
Axion 7,",DSH075X",36V DC,150mA,5000k, CRI>97,Φ63*H53mm,36°,7W,AJ/CG,ARAS0755/50/36/DGR,R-41159492,IS 10322 (PART 5/SEC1):2012,5849,"Guangdong Sat Technology Co. Ltd., No. 11 Lianbao Rd, Shengfeng District, Xiaolan Town, Zhongshan City, Guangdong, China – 528400",./assets/images/downlights/Axion-12-dark-gray-default-001.webp
Axion 7,",DSH075X",36V DC,150mA,5000k, CRI>97,Φ63*H53mm,36°,7W,AJ/CG,ARAS0755/50/36/BB,R-41159492,IS 10322 (PART 5/SEC1):2012,5849,"Guangdong Sat Technology Co. Ltd., No. 11 Lianbao Rd, Shengfeng District, Xiaolan Town, Zhongshan City, Guangdong, China – 528400",./assets/images/downlights/Axion-12-ballet-blue.webp
Axion 7,",DSH075X",36V DC,150mA,5000k, CRI>97,Φ63*H53mm,36°,7W,AJ/CG,ARAS0755/50/36/CH,R-41159492,IS 10322 (PART 5/SEC1):2012,5849,"Guangdong Sat Technology Co. Ltd., No. 11 Lianbao Rd, Shengfeng District, Xiaolan Town, Zhongshan City, Guangdong, China – 528400",./assets/images/downlights/Axion-12-chrome.webp
Axion 7,",DSH075X",36V DC,150mA,5000k, CRI>97,Φ63*H53mm,36°,7W,AJ/CG,ARAS0755/50/36/CHB,R-41159492,IS 10322 (PART 5/SEC1):2012,5849,"Guangdong Sat Technology Co. Ltd., No. 11 Lianbao Rd, Shengfeng District, Xiaolan Town, Zhongshan City, Guangdong, China – 528400",./assets/images/downlights/Axion-12-chrome-black.webp
Axion 7 Tunable,",DSH075X",36V DC,150mA,2700K~6500K, CRI>97,Φ63*H53mm,24°,7W,AJ/CG,ARAS0755/CT/24/W,R-41159492,IS 10322 (PART 5/SEC1):2012,6049,"Guangdong Sat Technology Co. Ltd., No. 11 Lianbao Rd, Shengfeng District, Xiaolan Town, Zhongshan City, Guangdong, China – 528400",./assets/images/downlights/Axion-12-white.webp
Axion 7 Tunable,",DSH075X",36V DC,150mA,2700K~6500K, CRI>97,Φ63*H53mm,24°,7W,AJ/CG,ARAS0755/CT/24/B,R-41159492,IS 10322 (PART 5/SEC1):2012,6049,"Guangdong Sat Technology Co. Ltd., No. 11 Lianbao Rd, Shengfeng District, Xiaolan Town, Zhongshan City, Guangdong, China – 528400",./assets/images/downlights/Axion-12-mat-black-default.webp
Axion 7 Tunable,",DSH075X",36V DC,150mA,2700K~6500K, CRI>97,Φ63*H53mm,24°,7W,AJ/CG,ARAS0755/CT/24/CG,R-41159492,IS 10322 (PART 5/SEC1):2012,7049,"Guangdong Sat Technology Co. Ltd., No. 11 Lianbao Rd, Shengfeng District, Xiaolan Town, Zhongshan City, Guangdong, China – 528400",./assets/images/downlights/Axion-12-champeing-gold.webp
Axion 7 Tunable,",DSH075X",36V DC,150mA,2700K~6500K, CRI>97,Φ63*H53mm,24°,7W,AJ/CG,ARAS0755/CT/24/RG,R-41159492,IS 10322 (PART 5/SEC1):2012,7049,"Guangdong Sat Technology Co. Ltd., No. 11 Lianbao Rd, Shengfeng District, Xiaolan Town, Zhongshan City, Guangdong, China – 528400",./assets/images/downlights/Axion-12-rose-gold.webp
Axion 7 Tunable,",DSH075X",36V DC,150mA,2700K~6500K, CRI>97,Φ63*H53mm,24°,7W,AJ/CG,ARAS0755/CT/24/BR,R-41159492,IS 10322 (PART 5/SEC1):2012,7049,"Guangdong Sat Technology Co. Ltd., No. 11 Lianbao Rd, Shengfeng District, Xiaolan Town, Zhongshan City, Guangdong, China – 528400",./assets/images/downlights/Axion-12-brown.webp
Axion 7 Tunable,",DSH075X",36V DC,150mA,2700K~6500K, CRI>97,Φ63*H53mm,24°,7W,AJ/CG,ARAS0755/CT/24/COF,R-41159492,IS 10322 (PART 5/SEC1):2012,7049,"Guangdong Sat Technology Co. Ltd., No. 11 Lianbao Rd, Shengfeng District, Xiaolan Town, Zhongshan City, Guangdong, China – 528400",./assets/images/downlights/Axion-12-coffee.webp
Axion 7 Tunable,",DSH075X",36V DC,150mA,2700K~6500K, CRI>97,Φ63*H53mm,24°,7W,AJ/CG,ARAS0755/CT/24/DGR,R-41159492,IS 10322 (PART 5/SEC1):2012,7049,"Guangdong Sat Technology Co. Ltd., No. 11 Lianbao Rd, Shengfeng District, Xiaolan Town, Zhongshan City, Guangdong, China – 528400",./assets/images/downlights/Axion-12-dark-gray-default-001.webp
Axion 7 Tunable,",DSH075X",36V DC,150mA,2700K~6500K, CRI>97,Φ63*H53mm,24°,7W,AJ/CG,ARAS0755/CT/24/BB,R-41159492,IS 10322 (PART 5/SEC1):2012,7049,"Guangdong Sat Technology Co. Ltd., No. 11 Lianbao Rd, Shengfeng District, Xiaolan Town, Zhongshan City, Guangdong, China – 528400",./assets/images/downlights/Axion-12-ballet-blue.webp
Axion 7 Tunable,",DSH075X",36V DC,150mA,2700K~6500K, CRI>97,Φ63*H53mm,24°,7W,AJ/CG,ARAS0755/CT/24/CH,R-41159492,IS 10322 (PART 5/SEC1):2012,7049,"Guangdong Sat Technology Co. Ltd., No. 11 Lianbao Rd, Shengfeng District, Xiaolan Town, Zhongshan City, Guangdong, China – 528400",./assets/images/downlights/Axion-12-chrome.webp
Axion 7 Tunable,",DSH075X",36V DC,150mA,2700K~6500K, CRI>97,Φ63*H53mm,24°,7W,AJ/CG,ARAS0755/CT/24/CHB,R-41159492,IS 10322 (PART 5/SEC1):2012,7049,"Guangdong Sat Technology Co. Ltd., No. 11 Lianbao Rd, Shengfeng District, Xiaolan Town, Zhongshan City, Guangdong, China – 528400",./assets/images/downlights/Axion-12-chrome-black.webp
Axion 7 Tunable,",DSH075X",36V DC,150mA,2700K~6500K, CRI>97,Φ63*H53mm,36°,7W,AJ/CG,ARAS0755/CT/36/W,R-41159492,IS 10322 (PART 5/SEC1):2012,6049,"Guangdong Sat Technology Co. Ltd., No. 11 Lianbao Rd, Shengfeng District, Xiaolan Town, Zhongshan City, Guangdong, China – 528400",./assets/images/downlights/Axion-12-white.webp
Axion 7 Tunable,",DSH075X",36V DC,150mA,2700K~6500K, CRI>97,Φ63*H53mm,36°,7W,AJ/CG,ARAS0755/CT/36/B,R-41159492,IS 10322 (PART 5/SEC1):2012,6049,"Guangdong Sat Technology Co. Ltd., No. 11 Lianbao Rd, Shengfeng District, Xiaolan Town, Zhongshan City, Guangdong, China – 528400",./assets/images/downlights/Axion-12-mat-black-default.webp
Axion 7 Tunable,",DSH075X",36V DC,150mA,2700K~6500K, CRI>97,Φ63*H53mm,36°,7W,AJ/CG,ARAS0755/CT/36/CG,R-41159492,IS 10322 (PART 5/SEC1):2012,7049,"Guangdong Sat Technology Co. Ltd., No. 11 Lianbao Rd, Shengfeng District, Xiaolan Town, Zhongshan City, Guangdong, China – 528400",./assets/images/downlights/Axion-12-champeing-gold.webp
Axion 7 Tunable,",DSH075X",36V DC,150mA,2700K~6500K, CRI>97,Φ63*H53mm,36°,7W,AJ/CG,ARAS0755/CT/36/RG,R-41159492,IS 10322 (PART 5/SEC1):2012,7049,"Guangdong Sat Technology Co. Ltd., No. 11 Lianbao Rd, Shengfeng District, Xiaolan Town, Zhongshan City, Guangdong, China – 528400",./assets/images/downlights/Axion-12-rose-gold.webp
Axion 7 Tunable,",DSH075X",36V DC,150mA,2700K~6500K, CRI>97,Φ63*H53mm,36°,7W,AJ/CG,ARAS0755/CT/36/BR,R-41159492,IS 10322 (PART 5/SEC1):2012,7049,"Guangdong Sat Technology Co. Ltd., No. 11 Lianbao Rd, Shengfeng District, Xiaolan Town, Zhongshan City, Guangdong, China – 528400",./assets/images/downlights/Axion-12-brown.webp
Axion 7 Tunable,",DSH075X",36V DC,150mA,2700K~6500K, CRI>97,Φ63*H53mm,36°,7W,AJ/CG,ARAS0755/CT/36/COF,R-41159492,IS 10322 (PART 5/SEC1):2012,7049,"Guangdong Sat Technology Co. Ltd., No. 11 Lianbao Rd, Shengfeng District, Xiaolan Town, Zhongshan City, Guangdong, China – 528400",./assets/images/downlights/Axion-12-coffee.webp
Axion 7 Tunable,",DSH075X",36V DC,150mA,2700K~6500K, CRI>97,Φ63*H53mm,36°,7W,AJ/CG,ARAS0755/CT/36/DGR,R-41159492,IS 10322 (PART 5/SEC1):2012,7049,"Guangdong Sat Technology Co. Ltd., No. 11 Lianbao Rd, Shengfeng District, Xiaolan Town, Zhongshan City, Guangdong, China – 528400",./assets/images/downlights/Axion-12-dark-gray-default-001.webp
Axion 7 Tunable,",DSH075X",36V DC,150mA,2700K~6500K, CRI>97,Φ63*H53mm,36°,7W,AJ/CG,ARAS0755/CT/36/BB,R-41159492,IS 10322 (PART 5/SEC1):2012,7049,"Guangdong Sat Technology Co. Ltd., No. 11 Lianbao Rd, Shengfeng District, Xiaolan Town, Zhongshan City, Guangdong, China – 528400",./assets/images/downlights/Axion-12-ballet-blue.webp
Axion 7 Tunable,",DSH075X",36V DC,150mA,2700K~6500K, CRI>97,Φ63*H53mm,36°,7W,AJ/CG,ARAS0755/CT/36/CH,R-41159492,IS 10322 (PART 5/SEC1):2012,7049,"Guangdong Sat Technology Co. Ltd., No. 11 Lianbao Rd, Shengfeng District, Xiaolan Town, Zhongshan City, Guangdong, China – 528400",./assets/images/downlights/Axion-12-chrome.webp
Axion 7 Tunable,",DSH075X",36V DC,150mA,2700K~6500K, CRI>97,Φ63*H53mm,36°,7W,AJ/CG,ARAS0755/CT/36/CHB,R-41159492,IS 10322 (PART 5/SEC1):2012,7049,"Guangdong Sat Technology Co. Ltd., No. 11 Lianbao Rd, Shengfeng District, Xiaolan Town, Zhongshan City, Guangdong, China – 528400",./assets/images/downlights/Axion-12-chrome-black.webp
Axion 12,DTZ085X,36V DC,300mA,2700k, CRI>97,Φ83*H71mm,24°,12W,AJ/CG,ARAS1275/27/24/W,R-41159492,IS 10322 (PART 5/SEC1):2012,6499,"Guangdong Sat Technology Co. Ltd., No. 11 Lianbao Rd, Shengfeng District, Xiaolan Town, Zhongshan City, Guangdong, China – 528400",./assets/images/downlights/Axion-12-white.webp
Axion 12,DTZ085X,36V DC,300mA,2700k, CRI>97,Φ83*H71mm,24°,12W,AJ/CG,ARAS1275/27/24/B,R-41159492,IS 10322 (PART 5/SEC1):2012,6499,"Guangdong Sat Technology Co. Ltd., No. 11 Lianbao Rd, Shengfeng District, Xiaolan Town, Zhongshan City, Guangdong, China – 528400",./assets/images/downlights/Axion-12-mat-black-default.webp
Axion 12,DTZ085X,36V DC,300mA,2700k, CRI>97,Φ83*H71mm,24°,12W,AJ/CG,ARAS1275/27/24/CG,R-41159492,IS 10322 (PART 5/SEC1):2012,7499,"Guangdong Sat Technology Co. Ltd., No. 11 Lianbao Rd, Shengfeng District, Xiaolan Town, Zhongshan City, Guangdong, China – 528400",./assets/images/downlights/Axion-12-champeing-gold.webp
Axion 12,DTZ085X,36V DC,300mA,2700k, CRI>97,Φ83*H71mm,24°,12W,AJ/CG,ARAS1275/27/24/RG,R-41159492,IS 10322 (PART 5/SEC1):2012,7499,"Guangdong Sat Technology Co. Ltd., No. 11 Lianbao Rd, Shengfeng District, Xiaolan Town, Zhongshan City, Guangdong, China – 528400",./assets/images/downlights/Axion-12-rose-gold.webp
Axion 12,DTZ085X,36V DC,300mA,2700k, CRI>97,Φ83*H71mm,24°,12W,AJ/CG,ARAS1275/27/24/BR,R-41159492,IS 10322 (PART 5/SEC1):2012,7499,"Guangdong Sat Technology Co. Ltd., No. 11 Lianbao Rd, Shengfeng District, Xiaolan Town, Zhongshan City, Guangdong, China – 528400",./assets/images/downlights/Axion-12-brown.webp
Axion 12,DTZ085X,36V DC,300mA,2700k, CRI>97,Φ83*H71mm,24°,12W,AJ/CG,ARAS1275/27/24/COF,R-41159492,IS 10322 (PART 5/SEC1):2012,7499,"Guangdong Sat Technology Co. Ltd., No. 11 Lianbao Rd, Shengfeng District, Xiaolan Town, Zhongshan City, Guangdong, China – 528400",./assets/images/downlights/Axion-12-coffee.webp
Axion 12,DTZ085X,36V DC,300mA,2700k, CRI>97,Φ83*H71mm,24°,12W,AJ/CG,ARAS1275/27/24/DGR,R-41159492,IS 10322 (PART 5/SEC1):2012,7499,"Guangdong Sat Technology Co. Ltd., No. 11 Lianbao Rd, Shengfeng District, Xiaolan Town, Zhongshan City, Guangdong, China – 528400",./assets/images/downlights/Axion-12-dark-gray-default-001.webp
Axion 12,DTZ085X,36V DC,300mA,2700k, CRI>97,Φ83*H71mm,24°,12W,AJ/CG,ARAS1275/27/24/BB,R-41159492,IS 10322 (PART 5/SEC1):2012,7499,"Guangdong Sat Technology Co. Ltd., No. 11 Lianbao Rd, Shengfeng District, Xiaolan Town, Zhongshan City, Guangdong, China – 528400",./assets/images/downlights/Axion-12-ballet-blue.webp
Axion 12,DTZ085X,36V DC,300mA,2700k, CRI>97,Φ83*H71mm,24°,12W,AJ/CG,ARAS1275/27/24/CH,R-41159492,IS 10322 (PART 5/SEC1):2012,7499,"Guangdong Sat Technology Co. Ltd., No. 11 Lianbao Rd, Shengfeng District, Xiaolan Town, Zhongshan City, Guangdong, China – 528400",./assets/images/downlights/Axion-12-chrome.webp
Axion 12,DTZ085X,36V DC,300mA,2700k, CRI>97,Φ83*H71mm,24°,12W,AJ/CG,ARAS1275/27/24/CHB,R-41159492,IS 10322 (PART 5/SEC1):2012,7499,"Guangdong Sat Technology Co. Ltd., No. 11 Lianbao Rd, Shengfeng District, Xiaolan Town, Zhongshan City, Guangdong, China – 528400",./assets/images/downlights/Axion-12-chrome-black.webp
Axion 12,DTZ085X,36V DC,300mA,3000k, CRI>97,Φ83*H71mm,24°,12W,AJ/CG,ARAS1275/30/24/W,R-41159492,IS 10322 (PART 5/SEC1):2012,6499,"Guangdong Sat Technology Co. Ltd., No. 11 Lianbao Rd, Shengfeng District, Xiaolan Town, Zhongshan City, Guangdong, China – 528400",./assets/images/downlights/Axion-12-white.webp
Axion 12,DTZ085X,36V DC,300mA,3000k, CRI>97,Φ83*H71mm,24°,12W,AJ/CG,ARAS1275/30/24/B,R-41159492,IS 10322 (PART 5/SEC1):2012,6499,"Guangdong Sat Technology Co. Ltd., No. 11 Lianbao Rd, Shengfeng District, Xiaolan Town, Zhongshan City, Guangdong, China – 528400",./assets/images/downlights/Axion-12-mat-black-default.webp
Axion 12,DTZ085X,36V DC,300mA,3000k, CRI>97,Φ83*H71mm,24°,12W,AJ/CG,ARAS1275/30/24/CG,R-41159492,IS 10322 (PART 5/SEC1):2012,7499,"Guangdong Sat Technology Co. Ltd., No. 11 Lianbao Rd, Shengfeng District, Xiaolan Town, Zhongshan City, Guangdong, China – 528400",./assets/images/downlights/Axion-12-champeing-gold.webp
Axion 12,DTZ085X,36V DC,300mA,3000k, CRI>97,Φ83*H71mm,24°,12W,AJ/CG,ARAS1275/30/24/RG,R-41159492,IS 10322 (PART 5/SEC1):2012,7499,"Guangdong Sat Technology Co. Ltd., No. 11 Lianbao Rd, Shengfeng District, Xiaolan Town, Zhongshan City, Guangdong, China – 528400",./assets/images/downlights/Axion-12-rose-gold.webp
Axion 12,DTZ085X,36V DC,300mA,3000k, CRI>97,Φ83*H71mm,24°,12W,AJ/CG,ARAS1275/30/24/BR,R-41159492,IS 10322 (PART 5/SEC1):2012,7499,"Guangdong Sat Technology Co. Ltd., No. 11 Lianbao Rd, Shengfeng District, Xiaolan Town, Zhongshan City, Guangdong, China – 528400",./assets/images/downlights/Axion-12-brown.webp
Axion 12,DTZ085X,36V DC,300mA,3000k, CRI>97,Φ83*H71mm,24°,12W,AJ/CG,ARAS1275/30/24/COF,R-41159492,IS 10322 (PART 5/SEC1):2012,7499,"Guangdong Sat Technology Co. Ltd., No. 11 Lianbao Rd, Shengfeng District, Xiaolan Town, Zhongshan City, Guangdong, China – 528400",./assets/images/downlights/Axion-12-coffee.webp
Axion 12,DTZ085X,36V DC,300mA,3000k, CRI>97,Φ83*H71mm,24°,12W,AJ/CG,ARAS1275/30/24/DGR,R-41159492,IS 10322 (PART 5/SEC1):2012,7499,"Guangdong Sat Technology Co. Ltd., No. 11 Lianbao Rd, Shengfeng District, Xiaolan Town, Zhongshan City, Guangdong, China – 528400",./assets/images/downlights/Axion-12-dark-gray-default-001.webp
Axion 12,DTZ085X,36V DC,300mA,3000k, CRI>97,Φ83*H71mm,24°,12W,AJ/CG,ARAS1275/30/24/BB,R-41159492,IS 10322 (PART 5/SEC1):2012,7499,"Guangdong Sat Technology Co. Ltd., No. 11 Lianbao Rd, Shengfeng District, Xiaolan Town, Zhongshan City, Guangdong, China – 528400",./assets/images/downlights/Axion-12-ballet-blue.webp
Axion 12,DTZ085X,36V DC,300mA,3000k, CRI>97,Φ83*H71mm,24°,12W,AJ/CG,ARAS1275/30/24/CH,R-41159492,IS 10322 (PART 5/SEC1):2012,7499,"Guangdong Sat Technology Co. Ltd., No. 11 Lianbao Rd, Shengfeng District, Xiaolan Town, Zhongshan City, Guangdong, China – 528400",./assets/images/downlights/Axion-12-chrome.webp
Axion 12,DTZ085X,36V DC,300mA,3000k, CRI>97,Φ83*H71mm,24°,12W,AJ/CG,ARAS1275/30/24/CHB,R-41159492,IS 10322 (PART 5/SEC1):2012,7499,"Guangdong Sat Technology Co. Ltd., No. 11 Lianbao Rd, Shengfeng District, Xiaolan Town, Zhongshan City, Guangdong, China – 528400",./assets/images/downlights/Axion-12-chrome-black.webp
Axion 12,DTZ085X,36V DC,300mA,3500k, CRI>97,Φ83*H71mm,24°,12W,AJ/CG,ARAS1275/35/24/W,R-41159492,IS 10322 (PART 5/SEC1):2012,6499,"Guangdong Sat Technology Co. Ltd., No. 11 Lianbao Rd, Shengfeng District, Xiaolan Town, Zhongshan City, Guangdong, China – 528400",./assets/images/downlights/Axion-12-white.webp
Axion 12,DTZ085X,36V DC,300mA,3500k, CRI>97,Φ83*H71mm,24°,12W,AJ/CG,ARAS1275/35/24/B,R-41159492,IS 10322 (PART 5/SEC1):2012,6499,"Guangdong Sat Technology Co. Ltd., No. 11 Lianbao Rd, Shengfeng District, Xiaolan Town, Zhongshan City, Guangdong, China – 528400",./assets/images/downlights/Axion-12-mat-black-default.webp
Axion 12,DTZ085X,36V DC,300mA,3500k, CRI>97,Φ83*H71mm,24°,12W,AJ/CG,ARAS1275/35/24/CG,R-41159492,IS 10322 (PART 5/SEC1):2012,7499,"Guangdong Sat Technology Co. Ltd., No. 11 Lianbao Rd, Shengfeng District, Xiaolan Town, Zhongshan City, Guangdong, China – 528400",./assets/images/downlights/Axion-12-champeing-gold.webp
Axion 12,DTZ085X,36V DC,300mA,3500k, CRI>97,Φ83*H71mm,24°,12W,AJ/CG,ARAS1275/35/24/RG,R-41159492,IS 10322 (PART 5/SEC1):2012,7499,"Guangdong Sat Technology Co. Ltd., No. 11 Lianbao Rd, Shengfeng District, Xiaolan Town, Zhongshan City, Guangdong, China – 528400",./assets/images/downlights/Axion-12-rose-gold.webp
Axion 12,DTZ085X,36V DC,300mA,3500k, CRI>97,Φ83*H71mm,24°,12W,AJ/CG,ARAS1275/35/24/BR,R-41159492,IS 10322 (PART 5/SEC1):2012,7499,"Guangdong Sat Technology Co. Ltd., No. 11 Lianbao Rd, Shengfeng District, Xiaolan Town, Zhongshan City, Guangdong, China – 528400",./assets/images/downlights/Axion-12-brown.webp
Axion 12,DTZ085X,36V DC,300mA,3500k, CRI>97,Φ83*H71mm,24°,12W,AJ/CG,ARAS1275/35/24/COF,R-41159492,IS 10322 (PART 5/SEC1):2012,7499,"Guangdong Sat Technology Co. Ltd., No. 11 Lianbao Rd, Shengfeng District, Xiaolan Town, Zhongshan City, Guangdong, China – 528400",./assets/images/downlights/Axion-12-coffee.webp
Axion 12,DTZ085X,36V DC,300mA,3500k, CRI>97,Φ83*H71mm,24°,12W,AJ/CG,ARAS1275/35/24/DGR,R-41159492,IS 10322 (PART 5/SEC1):2012,7499,"Guangdong Sat Technology Co. Ltd., No. 11 Lianbao Rd, Shengfeng District, Xiaolan Town, Zhongshan City, Guangdong, China – 528400",./assets/images/downlights/Axion-12-dark-gray-default-001.webp
Axion 12,DTZ085X,36V DC,300mA,3500k, CRI>97,Φ83*H71mm,24°,12W,AJ/CG,ARAS1275/35/24/BB,R-41159492,IS 10322 (PART 5/SEC1):2012,7499,"Guangdong Sat Technology Co. Ltd., No. 11 Lianbao Rd, Shengfeng District, Xiaolan Town, Zhongshan City, Guangdong, China – 528400",./assets/images/downlights/Axion-12-ballet-blue.webp
Axion 12,DTZ085X,36V DC,300mA,3500k, CRI>97,Φ83*H71mm,24°,12W,AJ/CG,ARAS1275/35/24/CH,R-41159492,IS 10322 (PART 5/SEC1):2012,7499,"Guangdong Sat Technology Co. Ltd., No. 11 Lianbao Rd, Shengfeng District, Xiaolan Town, Zhongshan City, Guangdong, China – 528400",./assets/images/downlights/Axion-12-chrome.webp
Axion 12,DTZ085X,36V DC,300mA,3500k, CRI>97,Φ83*H71mm,24°,12W,AJ/CG,ARAS1275/35/24/CHB,R-41159492,IS 10322 (PART 5/SEC1):2012,7499,"Guangdong Sat Technology Co. Ltd., No. 11 Lianbao Rd, Shengfeng District, Xiaolan Town, Zhongshan City, Guangdong, China – 528400",./assets/images/downlights/Axion-12-chrome-black.webp
Axion 12,DTZ085X,36V DC,300mA,4000k, CRI>97,Φ83*H71mm,24°,12W,AJ/CG,ARAS1275/40/24/W,R-41159492,IS 10322 (PART 5/SEC1):2012,6499,"Guangdong Sat Technology Co. Ltd., No. 11 Lianbao Rd, Shengfeng District, Xiaolan Town, Zhongshan City, Guangdong, China – 528400",./assets/images/downlights/Axion-12-white.webp
Axion 12,DTZ085X,36V DC,300mA,4000k, CRI>97,Φ83*H71mm,24°,12W,AJ/CG,ARAS1275/40/24/B,R-41159492,IS 10322 (PART 5/SEC1):2012,6499,"Guangdong Sat Technology Co. Ltd., No. 11 Lianbao Rd, Shengfeng District, Xiaolan Town, Zhongshan City, Guangdong, China – 528400",./assets/images/downlights/Axion-12-mat-black-default.webp
Axion 12,DTZ085X,36V DC,300mA,4000k, CRI>97,Φ83*H71mm,24°,12W,AJ/CG,ARAS1275/40/24/CG,R-41159492,IS 10322 (PART 5/SEC1):2012,7499,"Guangdong Sat Technology Co. Ltd., No. 11 Lianbao Rd, Shengfeng District, Xiaolan Town, Zhongshan City, Guangdong, China – 528400",./assets/images/downlights/Axion-12-champeing-gold.webp
Axion 12,DTZ085X,36V DC,300mA,4000k, CRI>97,Φ83*H71mm,24°,12W,AJ/CG,ARAS1275/40/24/RG,R-41159492,IS 10322 (PART 5/SEC1):2012,7499,"Guangdong Sat Technology Co. Ltd., No. 11 Lianbao Rd, Shengfeng District, Xiaolan Town, Zhongshan City, Guangdong, China – 528400",./assets/images/downlights/Axion-12-rose-gold.webp
Axion 12,DTZ085X,36V DC,300mA,4000k, CRI>97,Φ83*H71mm,24°,12W,AJ/CG,ARAS1275/40/24/BR,R-41159492,IS 10322 (PART 5/SEC1):2012,7499,"Guangdong Sat Technology Co. Ltd., No. 11 Lianbao Rd, Shengfeng District, Xiaolan Town, Zhongshan City, Guangdong, China – 528400",./assets/images/downlights/Axion-12-brown.webp
Axion 12,DTZ085X,36V DC,300mA,4000k, CRI>97,Φ83*H71mm,24°,12W,AJ/CG,ARAS1275/40/24/COF,R-41159492,IS 10322 (PART 5/SEC1):2012,7499,"Guangdong Sat Technology Co. Ltd., No. 11 Lianbao Rd, Shengfeng District, Xiaolan Town, Zhongshan City, Guangdong, China – 528400",./assets/images/downlights/Axion-12-coffee.webp
Axion 12,DTZ085X,36V DC,300mA,4000k, CRI>97,Φ83*H71mm,24°,12W,AJ/CG,ARAS1275/40/24/DGR,R-41159492,IS 10322 (PART 5/SEC1):2012,7499,"Guangdong Sat Technology Co. Ltd., No. 11 Lianbao Rd, Shengfeng District, Xiaolan Town, Zhongshan City, Guangdong, China – 528400",./assets/images/downlights/Axion-12-dark-gray-default-001.webp
Axion 12,DTZ085X,36V DC,300mA,4000k, CRI>97,Φ83*H71mm,24°,12W,AJ/CG,ARAS1275/40/24/BB,R-41159492,IS 10322 (PART 5/SEC1):2012,7499,"Guangdong Sat Technology Co. Ltd., No. 11 Lianbao Rd, Shengfeng District, Xiaolan Town, Zhongshan City, Guangdong, China – 528400",./assets/images/downlights/Axion-12-ballet-blue.webp
Axion 12,DTZ085X,36V DC,300mA,4000k, CRI>97,Φ83*H71mm,24°,12W,AJ/CG,ARAS1275/40/24/CH,R-41159492,IS 10322 (PART 5/SEC1):2012,7499,"Guangdong Sat Technology Co. Ltd., No. 11 Lianbao Rd, Shengfeng District, Xiaolan Town, Zhongshan City, Guangdong, China – 528400",./assets/images/downlights/Axion-12-chrome.webp
Axion 12,DTZ085X,36V DC,300mA,4000k, CRI>97,Φ83*H71mm,24°,12W,AJ/CG,ARAS1275/40/24/CHB,R-41159492,IS 10322 (PART 5/SEC1):2012,7499,"Guangdong Sat Technology Co. Ltd., No. 11 Lianbao Rd, Shengfeng District, Xiaolan Town, Zhongshan City, Guangdong, China – 528400",./assets/images/downlights/Axion-12-chrome-black.webp
Axion 12,DTZ085X,36V DC,300mA,5000k, CRI>97,Φ83*H71mm,24°,12W,AJ/CG,ARAS1275/50/24/W,R-41159492,IS 10322 (PART 5/SEC1):2012,6499,"Guangdong Sat Technology Co. Ltd., No. 11 Lianbao Rd, Shengfeng District, Xiaolan Town, Zhongshan City, Guangdong, China – 528400",./assets/images/downlights/Axion-12-white.webp
Axion 12,DTZ085X,36V DC,300mA,5000k, CRI>97,Φ83*H71mm,24°,12W,AJ/CG,ARAS1275/50/24/B,R-41159492,IS 10322 (PART 5/SEC1):2012,6499,"Guangdong Sat Technology Co. Ltd., No. 11 Lianbao Rd, Shengfeng District, Xiaolan Town, Zhongshan City, Guangdong, China – 528400",./assets/images/downlights/Axion-12-mat-black-default.webp
Axion 12,DTZ085X,36V DC,300mA,5000k, CRI>97,Φ83*H71mm,24°,12W,AJ/CG,ARAS1275/50/24/CG,R-41159492,IS 10322 (PART 5/SEC1):2012,7499,"Guangdong Sat Technology Co. Ltd., No. 11 Lianbao Rd, Shengfeng District, Xiaolan Town, Zhongshan City, Guangdong, China – 528400",./assets/images/downlights/Axion-12-champeing-gold.webp
Axion 12,DTZ085X,36V DC,300mA,5000k, CRI>97,Φ83*H71mm,24°,12W,AJ/CG,ARAS1275/50/24/RG,R-41159492,IS 10322 (PART 5/SEC1):2012,7499,"Guangdong Sat Technology Co. Ltd., No. 11 Lianbao Rd, Shengfeng District, Xiaolan Town, Zhongshan City, Guangdong, China – 528400",./assets/images/downlights/Axion-12-rose-gold.webp
Axion 12,DTZ085X,36V DC,300mA,5000k, CRI>97,Φ83*H71mm,24°,12W,AJ/CG,ARAS1275/50/24/BR,R-41159492,IS 10322 (PART 5/SEC1):2012,7499,"Guangdong Sat Technology Co. Ltd., No. 11 Lianbao Rd, Shengfeng District, Xiaolan Town, Zhongshan City, Guangdong, China – 528400",./assets/images/downlights/Axion-12-brown.webp
Axion 12,DTZ085X,36V DC,300mA,5000k, CRI>97,Φ83*H71mm,24°,12W,AJ/CG,ARAS1275/50/24/COF,R-41159492,IS 10322 (PART 5/SEC1):2012,7499,"Guangdong Sat Technology Co. Ltd., No. 11 Lianbao Rd, Shengfeng District, Xiaolan Town, Zhongshan City, Guangdong, China – 528400",./assets/images/downlights/Axion-12-coffee.webp
Axion 12,DTZ085X,36V DC,300mA,5000k, CRI>97,Φ83*H71mm,24°,12W,AJ/CG,ARAS1275/50/24/DGR,R-41159492,IS 10322 (PART 5/SEC1):2012,7499,"Guangdong Sat Technology Co. Ltd., No. 11 Lianbao Rd, Shengfeng District, Xiaolan Town, Zhongshan City, Guangdong, China – 528400",./assets/images/downlights/Axion-12-dark-gray-default-001.webp
Axion 12,DTZ085X,36V DC,300mA,5000k, CRI>97,Φ83*H71mm,24°,12W,AJ/CG,ARAS1275/50/24/BB,R-41159492,IS 10322 (PART 5/SEC1):2012,7499,"Guangdong Sat Technology Co. Ltd., No. 11 Lianbao Rd, Shengfeng District, Xiaolan Town, Zhongshan City, Guangdong, China – 528400",./assets/images/downlights/Axion-12-ballet-blue.webp
Axion 12,DTZ085X,36V DC,300mA,5000k, CRI>97,Φ83*H71mm,24°,12W,AJ/CG,ARAS1275/50/24/CH,R-41159492,IS 10322 (PART 5/SEC1):2012,7499,"Guangdong Sat Technology Co. Ltd., No. 11 Lianbao Rd, Shengfeng District, Xiaolan Town, Zhongshan City, Guangdong, China – 528400",./assets/images/downlights/Axion-12-chrome.webp
Axion 12,DTZ085X,36V DC,300mA,5000k, CRI>97,Φ83*H71mm,24°,12W,AJ/CG,ARAS1275/50/24/CHB,R-41159492,IS 10322 (PART 5/SEC1):2012,7499,"Guangdong Sat Technology Co. Ltd., No. 11 Lianbao Rd, Shengfeng District, Xiaolan Town, Zhongshan City, Guangdong, China – 528400",./assets/images/downlights/Axion-12-chrome-black.webp
Axion 12,DTZ085X,36V DC,300mA,2700k, CRI>97,Φ83*H71mm,36°,12W,AJ/CG,ARAS1275/27/36/W,R-41159492,IS 10322 (PART 5/SEC1):2012,6499,"Guangdong Sat Technology Co. Ltd., No. 11 Lianbao Rd, Shengfeng District, Xiaolan Town, Zhongshan City, Guangdong, China – 528400",./assets/images/downlights/Axion-12-white.webp
Axion 12,DTZ085X,36V DC,300mA,2700k, CRI>97,Φ83*H71mm,36°,12W,AJ/CG,ARAS1275/27/36/B,R-41159492,IS 10322 (PART 5/SEC1):2012,6499,"Guangdong Sat Technology Co. Ltd., No. 11 Lianbao Rd, Shengfeng District, Xiaolan Town, Zhongshan City, Guangdong, China – 528400",./assets/images/downlights/Axion-12-mat-black-default.webp
Axion 12,DTZ085X,36V DC,300mA,2700k, CRI>97,Φ83*H71mm,36°,12W,AJ/CG,ARAS1275/27/36/CG,R-41159492,IS 10322 (PART 5/SEC1):2012,7499,"Guangdong Sat Technology Co. Ltd., No. 11 Lianbao Rd, Shengfeng District, Xiaolan Town, Zhongshan City, Guangdong, China – 528400",./assets/images/downlights/Axion-12-champeing-gold.webp
Axion 12,DTZ085X,36V DC,300mA,2700k, CRI>97,Φ83*H71mm,36°,12W,AJ/CG,ARAS1275/27/36/RG,R-41159492,IS 10322 (PART 5/SEC1):2012,7499,"Guangdong Sat Technology Co. Ltd., No. 11 Lianbao Rd, Shengfeng District, Xiaolan Town, Zhongshan City, Guangdong, China – 528400",./assets/images/downlights/Axion-12-rose-gold.webp
Axion 12,DTZ085X,36V DC,300mA,2700k, CRI>97,Φ83*H71mm,36°,12W,AJ/CG,ARAS1275/27/36/BR,R-41159492,IS 10322 (PART 5/SEC1):2012,7499,"Guangdong Sat Technology Co. Ltd., No. 11 Lianbao Rd, Shengfeng District, Xiaolan Town, Zhongshan City, Guangdong, China – 528400",./assets/images/downlights/Axion-12-brown.webp
Axion 12,DTZ085X,36V DC,300mA,2700k, CRI>97,Φ83*H71mm,36°,12W,AJ/CG,ARAS1275/27/36/COF,R-41159492,IS 10322 (PART 5/SEC1):2012,7499,"Guangdong Sat Technology Co. Ltd., No. 11 Lianbao Rd, Shengfeng District, Xiaolan Town, Zhongshan City, Guangdong, China – 528400",./assets/images/downlights/Axion-12-coffee.webp
Axion 12,DTZ085X,36V DC,300mA,2700k, CRI>97,Φ83*H71mm,36°,12W,AJ/CG,ARAS1275/27/36/DGR,R-41159492,IS 10322 (PART 5/SEC1):2012,7499,"Guangdong Sat Technology Co. Ltd., No. 11 Lianbao Rd, Shengfeng District, Xiaolan Town, Zhongshan City, Guangdong, China – 528400",./assets/images/downlights/Axion-12-dark-gray-default-001.webp
Axion 12,DTZ085X,36V DC,300mA,2700k, CRI>97,Φ83*H71mm,36°,12W,AJ/CG,ARAS1275/27/36/BB,R-41159492,IS 10322 (PART 5/SEC1):2012,7499,"Guangdong Sat Technology Co. Ltd., No. 11 Lianbao Rd, Shengfeng District, Xiaolan Town, Zhongshan City, Guangdong, China – 528400",./assets/images/downlights/Axion-12-ballet-blue.webp
Axion 12,DTZ085X,36V DC,300mA,2700k, CRI>97,Φ83*H71mm,36°,12W,AJ/CG,ARAS1275/27/36/CH,R-41159492,IS 10322 (PART 5/SEC1):2012,7499,"Guangdong Sat Technology Co. Ltd., No. 11 Lianbao Rd, Shengfeng District, Xiaolan Town, Zhongshan City, Guangdong, China – 528400",./assets/images/downlights/Axion-12-chrome.webp
Axion 12,DTZ085X,36V DC,300mA,2700k, CRI>97,Φ83*H71mm,36°,12W,AJ/CG,ARAS1275/27/36/CHB,R-41159492,IS 10322 (PART 5/SEC1):2012,7499,"Guangdong Sat Technology Co. Ltd., No. 11 Lianbao Rd, Shengfeng District, Xiaolan Town, Zhongshan City, Guangdong, China – 528400",./assets/images/downlights/Axion-12-chrome-black.webp
Axion 12,DTZ085X,36V DC,300mA,3000k, CRI>97,Φ83*H71mm,36°,12W,AJ/CG,ARAS1275/30/36/W,R-41159492,IS 10322 (PART 5/SEC1):2012,6499,"Guangdong Sat Technology Co. Ltd., No. 11 Lianbao Rd, Shengfeng District, Xiaolan Town, Zhongshan City, Guangdong, China – 528400",./assets/images/downlights/Axion-12-white.webp
Axion 12,DTZ085X,36V DC,300mA,3000k, CRI>97,Φ83*H71mm,36°,12W,AJ/CG,ARAS1275/30/36/B,R-41159492,IS 10322 (PART 5/SEC1):2012,6499,"Guangdong Sat Technology Co. Ltd., No. 11 Lianbao Rd, Shengfeng District, Xiaolan Town, Zhongshan City, Guangdong, China – 528400",./assets/images/downlights/Axion-12-mat-black-default.webp
Axion 12,DTZ085X,36V DC,300mA,3000k, CRI>97,Φ83*H71mm,36°,12W,AJ/CG,ARAS1275/30/36/CG,R-41159492,IS 10322 (PART 5/SEC1):2012,7499,"Guangdong Sat Technology Co. Ltd., No. 11 Lianbao Rd, Shengfeng District, Xiaolan Town, Zhongshan City, Guangdong, China – 528400",./assets/images/downlights/Axion-12-champeing-gold.webp
Axion 12,DTZ085X,36V DC,300mA,3000k, CRI>97,Φ83*H71mm,36°,12W,AJ/CG,ARAS1275/30/36/RG,R-41159492,IS 10322 (PART 5/SEC1):2012,7499,"Guangdong Sat Technology Co. Ltd., No. 11 Lianbao Rd, Shengfeng District, Xiaolan Town, Zhongshan City, Guangdong, China – 528400",./assets/images/downlights/Axion-12-rose-gold.webp
Axion 12,DTZ085X,36V DC,300mA,3000k, CRI>97,Φ83*H71mm,36°,12W,AJ/CG,ARAS1275/30/36/BR,R-41159492,IS 10322 (PART 5/SEC1):2012,7499,"Guangdong Sat Technology Co. Ltd., No. 11 Lianbao Rd, Shengfeng District, Xiaolan Town, Zhongshan City, Guangdong, China – 528400",./assets/images/downlights/Axion-12-brown.webp
Axion 12,DTZ085X,36V DC,300mA,3000k, CRI>97,Φ83*H71mm,36°,12W,AJ/CG,ARAS1275/30/36/COF,R-41159492,IS 10322 (PART 5/SEC1):2012,7499,"Guangdong Sat Technology Co. Ltd., No. 11 Lianbao Rd, Shengfeng District, Xiaolan Town, Zhongshan City, Guangdong, China – 528400",./assets/images/downlights/Axion-12-coffee.webp
Axion 12,DTZ085X,36V DC,300mA,3000k, CRI>97,Φ83*H71mm,36°,12W,AJ/CG,ARAS1275/30/36/DGR,R-41159492,IS 10322 (PART 5/SEC1):2012,7499,"Guangdong Sat Technology Co. Ltd., No. 11 Lianbao Rd, Shengfeng District, Xiaolan Town, Zhongshan City, Guangdong, China – 528400",./assets/images/downlights/Axion-12-dark-gray-default-001.webp
Axion 12,DTZ085X,36V DC,300mA,3000k, CRI>97,Φ83*H71mm,36°,12W,AJ/CG,ARAS1275/30/36/BB,R-41159492,IS 10322 (PART 5/SEC1):2012,7499,"Guangdong Sat Technology Co. Ltd., No. 11 Lianbao Rd, Shengfeng District, Xiaolan Town, Zhongshan City, Guangdong, China – 528400",./assets/images/downlights/Axion-12-ballet-blue.webp
Axion 12,DTZ085X,36V DC,300mA,3000k, CRI>97,Φ83*H71mm,36°,12W,AJ/CG,ARAS1275/30/36/CH,R-41159492,IS 10322 (PART 5/SEC1):2012,7499,"Guangdong Sat Technology Co. Ltd., No. 11 Lianbao Rd, Shengfeng District, Xiaolan Town, Zhongshan City, Guangdong, China – 528400",./assets/images/downlights/Axion-12-chrome.webp
Axion 12,DTZ085X,36V DC,300mA,3000k, CRI>97,Φ83*H71mm,36°,12W,AJ/CG,ARAS1275/30/36/CHB,R-41159492,IS 10322 (PART 5/SEC1):2012,7499,"Guangdong Sat Technology Co. Ltd., No. 11 Lianbao Rd, Shengfeng District, Xiaolan Town, Zhongshan City, Guangdong, China – 528400",./assets/images/downlights/Axion-12-chrome-black.webp
Axion 12,DTZ085X,36V DC,300mA,3500k, CRI>97,Φ83*H71mm,36°,12W,AJ/CG,ARAS1275/35/36/W,R-41159492,IS 10322 (PART 5/SEC1):2012,6499,"Guangdong Sat Technology Co. Ltd., No. 11 Lianbao Rd, Shengfeng District, Xiaolan Town, Zhongshan City, Guangdong, China – 528400",./assets/images/downlights/Axion-12-white.webp
Axion 12,DTZ085X,36V DC,300mA,3500k, CRI>97,Φ83*H71mm,36°,12W,AJ/CG,ARAS1275/35/36/B,R-41159492,IS 10322 (PART 5/SEC1):2012,6499,"Guangdong Sat Technology Co. Ltd., No. 11 Lianbao Rd, Shengfeng District, Xiaolan Town, Zhongshan City, Guangdong, China – 528400",./assets/images/downlights/Axion-12-mat-black-default.webp
Axion 12,DTZ085X,36V DC,300mA,3500k, CRI>97,Φ83*H71mm,36°,12W,AJ/CG,ARAS1275/35/36/CG,R-41159492,IS 10322 (PART 5/SEC1):2012,7499,"Guangdong Sat Technology Co. Ltd., No. 11 Lianbao Rd, Shengfeng District, Xiaolan Town, Zhongshan City, Guangdong, China – 528400",./assets/images/downlights/Axion-12-champeing-gold.webp
Axion 12,DTZ085X,36V DC,300mA,3500k, CRI>97,Φ83*H71mm,36°,12W,AJ/CG,ARAS1275/35/36/RG,R-41159492,IS 10322 (PART 5/SEC1):2012,7499,"Guangdong Sat Technology Co. Ltd., No. 11 Lianbao Rd, Shengfeng District, Xiaolan Town, Zhongshan City, Guangdong, China – 528400",./assets/images/downlights/Axion-12-rose-gold.webp
Axion 12,DTZ085X,36V DC,300mA,3500k, CRI>97,Φ83*H71mm,36°,12W,AJ/CG,ARAS1275/35/36/BR,R-41159492,IS 10322 (PART 5/SEC1):2012,7499,"Guangdong Sat Technology Co. Ltd., No. 11 Lianbao Rd, Shengfeng District, Xiaolan Town, Zhongshan City, Guangdong, China – 528400",./assets/images/downlights/Axion-12-brown.webp
Axion 12,DTZ085X,36V DC,300mA,3500k, CRI>97,Φ83*H71mm,36°,12W,AJ/CG,ARAS1275/35/36/COF,R-41159492,IS 10322 (PART 5/SEC1):2012,7499,"Guangdong Sat Technology Co. Ltd., No. 11 Lianbao Rd, Shengfeng District, Xiaolan Town, Zhongshan City, Guangdong, China – 528400",./assets/images/downlights/Axion-12-coffee.webp
Axion 12,DTZ085X,36V DC,300mA,3500k, CRI>97,Φ83*H71mm,36°,12W,AJ/CG,ARAS1275/35/36/DGR,R-41159492,IS 10322 (PART 5/SEC1):2012,7499,"Guangdong Sat Technology Co. Ltd., No. 11 Lianbao Rd, Shengfeng District, Xiaolan Town, Zhongshan City, Guangdong, China – 528400",./assets/images/downlights/Axion-12-dark-gray-default-001.webp
Axion 12,DTZ085X,36V DC,300mA,3500k, CRI>97,Φ83*H71mm,36°,12W,AJ/CG,ARAS1275/35/36/BB,R-41159492,IS 10322 (PART 5/SEC1):2012,7499,"Guangdong Sat Technology Co. Ltd., No. 11 Lianbao Rd, Shengfeng District, Xiaolan Town, Zhongshan City, Guangdong, China – 528400",./assets/images/downlights/Axion-12-ballet-blue.webp
Axion 12,DTZ085X,36V DC,300mA,3500k, CRI>97,Φ83*H71mm,36°,12W,AJ/CG,ARAS1275/35/36/CH,R-41159492,IS 10322 (PART 5/SEC1):2012,7499,"Guangdong Sat Technology Co. Ltd., No. 11 Lianbao Rd, Shengfeng District, Xiaolan Town, Zhongshan City, Guangdong, China – 528400",./assets/images/downlights/Axion-12-chrome.webp
Axion 12,DTZ085X,36V DC,300mA,3500k, CRI>97,Φ83*H71mm,36°,12W,AJ/CG,ARAS1275/35/36/CHB,R-41159492,IS 10322 (PART 5/SEC1):2012,7499,"Guangdong Sat Technology Co. Ltd., No. 11 Lianbao Rd, Shengfeng District, Xiaolan Town, Zhongshan City, Guangdong, China – 528400",./assets/images/downlights/Axion-12-chrome-black.webp
Axion 12,DTZ085X,36V DC,300mA,4000k, CRI>97,Φ83*H71mm,36°,12W,AJ/CG,ARAS1275/40/36/W,R-41159492,IS 10322 (PART 5/SEC1):2012,6499,"Guangdong Sat Technology Co. Ltd., No. 11 Lianbao Rd, Shengfeng District, Xiaolan Town, Zhongshan City, Guangdong, China – 528400",./assets/images/downlights/Axion-12-white.webp
Axion 12,DTZ085X,36V DC,300mA,4000k, CRI>97,Φ83*H71mm,36°,12W,AJ/CG,ARAS1275/40/36/B,R-41159492,IS 10322 (PART 5/SEC1):2012,6499,"Guangdong Sat Technology Co. Ltd., No. 11 Lianbao Rd, Shengfeng District, Xiaolan Town, Zhongshan City, Guangdong, China – 528400",./assets/images/downlights/Axion-12-mat-black-default.webp
Axion 12,DTZ085X,36V DC,300mA,4000k, CRI>97,Φ83*H71mm,36°,12W,AJ/CG,ARAS1275/40/36/CG,R-41159492,IS 10322 (PART 5/SEC1):2012,7499,"Guangdong Sat Technology Co. Ltd., No. 11 Lianbao Rd, Shengfeng District, Xiaolan Town, Zhongshan City, Guangdong, China – 528400",./assets/images/downlights/Axion-12-champeing-gold.webp
Axion 12,DTZ085X,36V DC,300mA,4000k, CRI>97,Φ83*H71mm,36°,12W,AJ/CG,ARAS1275/40/36/RG,R-41159492,IS 10322 (PART 5/SEC1):2012,7499,"Guangdong Sat Technology Co. Ltd., No. 11 Lianbao Rd, Shengfeng District, Xiaolan Town, Zhongshan City, Guangdong, China – 528400",./assets/images/downlights/Axion-12-rose-gold.webp
Axion 12,DTZ085X,36V DC,300mA,4000k, CRI>97,Φ83*H71mm,36°,12W,AJ/CG,ARAS1275/40/36/BR,R-41159492,IS 10322 (PART 5/SEC1):2012,7499,"Guangdong Sat Technology Co. Ltd., No. 11 Lianbao Rd, Shengfeng District, Xiaolan Town, Zhongshan City, Guangdong, China – 528400",./assets/images/downlights/Axion-12-brown.webp
Axion 12,DTZ085X,36V DC,300mA,4000k, CRI>97,Φ83*H71mm,36°,12W,AJ/CG,ARAS1275/40/36/COF,R-41159492,IS 10322 (PART 5/SEC1):2012,7499,"Guangdong Sat Technology Co. Ltd., No. 11 Lianbao Rd, Shengfeng District, Xiaolan Town, Zhongshan City, Guangdong, China – 528400",./assets/images/downlights/Axion-12-coffee.webp
Axion 12,DTZ085X,36V DC,300mA,4000k, CRI>97,Φ83*H71mm,36°,12W,AJ/CG,ARAS1275/40/36/DGR,R-41159492,IS 10322 (PART 5/SEC1):2012,7499,"Guangdong Sat Technology Co. Ltd., No. 11 Lianbao Rd, Shengfeng District, Xiaolan Town, Zhongshan City, Guangdong, China – 528400",./assets/images/downlights/Axion-12-dark-gray-default-001.webp
Axion 12,DTZ085X,36V DC,300mA,4000k, CRI>97,Φ83*H71mm,36°,12W,AJ/CG,ARAS1275/40/36/BB,R-41159492,IS 10322 (PART 5/SEC1):2012,7499,"Guangdong Sat Technology Co. Ltd., No. 11 Lianbao Rd, Shengfeng District, Xiaolan Town, Zhongshan City, Guangdong, China – 528400",./assets/images/downlights/Axion-12-ballet-blue.webp
Axion 12,DTZ085X,36V DC,300mA,4000k, CRI>97,Φ83*H71mm,36°,12W,AJ/CG,ARAS1275/40/36/CH,R-41159492,IS 10322 (PART 5/SEC1):2012,7499,"Guangdong Sat Technology Co. Ltd., No. 11 Lianbao Rd, Shengfeng District, Xiaolan Town, Zhongshan City, Guangdong, China – 528400",./assets/images/downlights/Axion-12-chrome.webp
Axion 12,DTZ085X,36V DC,300mA,4000k, CRI>97,Φ83*H71mm,36°,12W,AJ/CG,ARAS1275/40/36/CHB,R-41159492,IS 10322 (PART 5/SEC1):2012,7499,"Guangdong Sat Technology Co. Ltd., No. 11 Lianbao Rd, Shengfeng District, Xiaolan Town, Zhongshan City, Guangdong, China – 528400",./assets/images/downlights/Axion-12-chrome-black.webp
Axion 12,DTZ085X,36V DC,300mA,5000k, CRI>97,Φ83*H71mm,36°,12W,AJ/CG,ARAS1275/50/36/W,R-41159492,IS 10322 (PART 5/SEC1):2012,6499,"Guangdong Sat Technology Co. Ltd., No. 11 Lianbao Rd, Shengfeng District, Xiaolan Town, Zhongshan City, Guangdong, China – 528400",./assets/images/downlights/Axion-12-white.webp
Axion 12,DTZ085X,36V DC,300mA,5000k, CRI>97,Φ83*H71mm,36°,12W,AJ/CG,ARAS1275/50/36/B,R-41159492,IS 10322 (PART 5/SEC1):2012,6499,"Guangdong Sat Technology Co. Ltd., No. 11 Lianbao Rd, Shengfeng District, Xiaolan Town, Zhongshan City, Guangdong, China – 528400",./assets/images/downlights/Axion-12-mat-black-default.webp
Axion 12,DTZ085X,36V DC,300mA,5000k, CRI>97,Φ83*H71mm,36°,12W,AJ/CG,ARAS1275/50/36/CG,R-41159492,IS 10322 (PART 5/SEC1):2012,7499,"Guangdong Sat Technology Co. Ltd., No. 11 Lianbao Rd, Shengfeng District, Xiaolan Town, Zhongshan City, Guangdong, China – 528400",./assets/images/downlights/Axion-12-champeing-gold.webp
Axion 12,DTZ085X,36V DC,300mA,5000k, CRI>97,Φ83*H71mm,36°,12W,AJ/CG,ARAS1275/50/36/RG,R-41159492,IS 10322 (PART 5/SEC1):2012,7499,"Guangdong Sat Technology Co. Ltd., No. 11 Lianbao Rd, Shengfeng District, Xiaolan Town, Zhongshan City, Guangdong, China – 528400",./assets/images/downlights/Axion-12-rose-gold.webp
Axion 12,DTZ085X,36V DC,300mA,5000k, CRI>97,Φ83*H71mm,36°,12W,AJ/CG,ARAS1275/50/36/BR,R-41159492,IS 10322 (PART 5/SEC1):2012,7499,"Guangdong Sat Technology Co. Ltd., No. 11 Lianbao Rd, Shengfeng District, Xiaolan Town, Zhongshan City, Guangdong, China – 528400",./assets/images/downlights/Axion-12-brown.webp
Axion 12,DTZ085X,36V DC,300mA,5000k, CRI>97,Φ83*H71mm,36°,12W,AJ/CG,ARAS1275/50/36/COF,R-41159492,IS 10322 (PART 5/SEC1):2012,7499,"Guangdong Sat Technology Co. Ltd., No. 11 Lianbao Rd, Shengfeng District, Xiaolan Town, Zhongshan City, Guangdong, China – 528400",./assets/images/downlights/Axion-12-coffee.webp
Axion 12,DTZ085X,36V DC,300mA,5000k, CRI>97,Φ83*H71mm,36°,12W,AJ/CG,ARAS1275/50/36/DGR,R-41159492,IS 10322 (PART 5/SEC1):2012,7499,"Guangdong Sat Technology Co. Ltd., No. 11 Lianbao Rd, Shengfeng District, Xiaolan Town, Zhongshan City, Guangdong, China – 528400",./assets/images/downlights/Axion-12-dark-gray-default-001.webp
Axion 12,DTZ085X,36V DC,300mA,5000k, CRI>97,Φ83*H71mm,36°,12W,AJ/CG,ARAS1275/50/36/BB,R-41159492,IS 10322 (PART 5/SEC1):2012,7499,"Guangdong Sat Technology Co. Ltd., No. 11 Lianbao Rd, Shengfeng District, Xiaolan Town, Zhongshan City, Guangdong, China – 528400",./assets/images/downlights/Axion-12-ballet-blue.webp
Axion 12,DTZ085X,36V DC,300mA,5000k, CRI>97,Φ83*H71mm,36°,12W,AJ/CG,ARAS1275/50/36/CH,R-41159492,IS 10322 (PART 5/SEC1):2012,7499,"Guangdong Sat Technology Co. Ltd., No. 11 Lianbao Rd, Shengfeng District, Xiaolan Town, Zhongshan City, Guangdong, China – 528400",./assets/images/downlights/Axion-12-chrome.webp
Axion 12,DTZ085X,36V DC,300mA,5000k, CRI>97,Φ83*H71mm,36°,12W,AJ/CG,ARAS1275/50/36/CHB,R-41159492,IS 10322 (PART 5/SEC1):2012,7499,"Guangdong Sat Technology Co. Ltd., No. 11 Lianbao Rd, Shengfeng District, Xiaolan Town, Zhongshan City, Guangdong, China – 528400",./assets/images/downlights/Axion-12-chrome-black.webp
Axion 12 Tunable,DTZ085X,36V DC,300mA,2700K~6500K, CRI>97,Φ83*H71mm,24°,12W,AJ/CG,ARAS1275/CT/24/W,R-41159492,IS 10322 (PART 5/SEC1):2012,7699,"Guangdong Sat Technology Co. Ltd., No. 11 Lianbao Rd, Shengfeng District, Xiaolan Town, Zhongshan City, Guangdong, China – 528400",./assets/images/downlights/Axion-12-white.webp
Axion 12 Tunable,DTZ085X,36V DC,300mA,2700K~6500K, CRI>97,Φ83*H71mm,24°,12W,AJ/CG,ARAS1275/CT/24/B,R-41159492,IS 10322 (PART 5/SEC1):2012,7699,"Guangdong Sat Technology Co. Ltd., No. 11 Lianbao Rd, Shengfeng District, Xiaolan Town, Zhongshan City, Guangdong, China – 528400",./assets/images/downlights/Axion-12-mat-black-default.webp
Axion 12 Tunable,DTZ085X,36V DC,300mA,2700K~6500K, CRI>97,Φ83*H71mm,24°,12W,AJ/CG,ARAS1275/CT/24/CG,R-41159492,IS 10322 (PART 5/SEC1):2012,8699,"Guangdong Sat Technology Co. Ltd., No. 11 Lianbao Rd, Shengfeng District, Xiaolan Town, Zhongshan City, Guangdong, China – 528400",./assets/images/downlights/Axion-12-champeing-gold.webp
Axion 12 Tunable,DTZ085X,36V DC,300mA,2700K~6500K, CRI>97,Φ83*H71mm,24°,12W,AJ/CG,ARAS1275/CT/24/RG,R-41159492,IS 10322 (PART 5/SEC1):2012,8699,"Guangdong Sat Technology Co. Ltd., No. 11 Lianbao Rd, Shengfeng District, Xiaolan Town, Zhongshan City, Guangdong, China – 528400",./assets/images/downlights/Axion-12-rose-gold.webp
Axion 12 Tunable,DTZ085X,36V DC,300mA,2700K~6500K, CRI>97,Φ83*H71mm,24°,12W,AJ/CG,ARAS1275/CT/24/BR,R-41159492,IS 10322 (PART 5/SEC1):2012,8699,"Guangdong Sat Technology Co. Ltd., No. 11 Lianbao Rd, Shengfeng District, Xiaolan Town, Zhongshan City, Guangdong, China – 528400",./assets/images/downlights/Axion-12-brown.webp
Axion 12 Tunable,DTZ085X,36V DC,300mA,2700K~6500K, CRI>97,Φ83*H71mm,24°,12W,AJ/CG,ARAS1275/CT/24/COF,R-41159492,IS 10322 (PART 5/SEC1):2012,8699,"Guangdong Sat Technology Co. Ltd., No. 11 Lianbao Rd, Shengfeng District, Xiaolan Town, Zhongshan City, Guangdong, China – 528400",./assets/images/downlights/Axion-12-coffee.webp
Axion 12 Tunable,DTZ085X,36V DC,300mA,2700K~6500K, CRI>97,Φ83*H71mm,24°,12W,AJ/CG,ARAS1275/CT/24/DGR,R-41159492,IS 10322 (PART 5/SEC1):2012,8699,"Guangdong Sat Technology Co. Ltd., No. 11 Lianbao Rd, Shengfeng District, Xiaolan Town, Zhongshan City, Guangdong, China – 528400",./assets/images/downlights/Axion-12-dark-gray-default-001.webp
Axion 12 Tunable,DTZ085X,36V DC,300mA,2700K~6500K, CRI>97,Φ83*H71mm,24°,12W,AJ/CG,ARAS1275/CT/24/BB,R-41159492,IS 10322 (PART 5/SEC1):2012,8699,"Guangdong Sat Technology Co. Ltd., No. 11 Lianbao Rd, Shengfeng District, Xiaolan Town, Zhongshan City, Guangdong, China – 528400",./assets/images/downlights/Axion-12-ballet-blue.webp
Axion 12 Tunable,DTZ085X,36V DC,300mA,2700K~6500K, CRI>97,Φ83*H71mm,24°,12W,AJ/CG,ARAS1275/CT/24/CH,R-41159492,IS 10322 (PART 5/SEC1):2012,8699,"Guangdong Sat Technology Co. Ltd., No. 11 Lianbao Rd, Shengfeng District, Xiaolan Town, Zhongshan City, Guangdong, China – 528400",./assets/images/downlights/Axion-12-chrome.webp
Axion 12 Tunable,DTZ085X,36V DC,300mA,2700K~6500K, CRI>97,Φ83*H71mm,24°,12W,AJ/CG,ARAS1275/CT/24/CHB,R-41159492,IS 10322 (PART 5/SEC1):2012,8699,"Guangdong Sat Technology Co. Ltd., No. 11 Lianbao Rd, Shengfeng District, Xiaolan Town, Zhongshan City, Guangdong, China – 528400",./assets/images/downlights/Axion-12-chrome-black.webp
Axion 12 Tunable,DTZ085X,36V DC,300mA,2700K~6500K, CRI>97,Φ83*H71mm,36°,12W,AJ/CG,ARAS1275/CT/36/W,R-41159492,IS 10322 (PART 5/SEC1):2012,7699,"Guangdong Sat Technology Co. Ltd., No. 11 Lianbao Rd, Shengfeng District, Xiaolan Town, Zhongshan City, Guangdong, China – 528400",./assets/images/downlights/Axion-12-white.webp
Axion 12 Tunable,DTZ085X,36V DC,300mA,2700K~6500K, CRI>97,Φ83*H71mm,36°,12W,AJ/CG,ARAS1275/CT/36/B,R-41159492,IS 10322 (PART 5/SEC1):2012,7699,"Guangdong Sat Technology Co. Ltd., No. 11 Lianbao Rd, Shengfeng District, Xiaolan Town, Zhongshan City, Guangdong, China – 528400",./assets/images/downlights/Axion-12-mat-black-default.webp
Axion 12 Tunable,DTZ085X,36V DC,300mA,2700K~6500K, CRI>97,Φ83*H71mm,36°,12W,AJ/CG,ARAS1275/CT/36/CG,R-41159492,IS 10322 (PART 5/SEC1):2012,8699,"Guangdong Sat Technology Co. Ltd., No. 11 Lianbao Rd, Shengfeng District, Xiaolan Town, Zhongshan City, Guangdong, China – 528400",./assets/images/downlights/Axion-12-champeing-gold.webp
Axion 12 Tunable,DTZ085X,36V DC,300mA,2700K~6500K, CRI>97,Φ83*H71mm,36°,12W,AJ/CG,ARAS1275/CT/36/RG,R-41159492,IS 10322 (PART 5/SEC1):2012,8699,"Guangdong Sat Technology Co. Ltd., No. 11 Lianbao Rd, Shengfeng District, Xiaolan Town, Zhongshan City, Guangdong, China – 528400",./assets/images/downlights/Axion-12-rose-gold.webp
Axion 12 Tunable,DTZ085X,36V DC,300mA,2700K~6500K, CRI>97,Φ83*H71mm,36°,12W,AJ/CG,ARAS1275/CT/36/BR,R-41159492,IS 10322 (PART 5/SEC1):2012,8699,"Guangdong Sat Technology Co. Ltd., No. 11 Lianbao Rd, Shengfeng District, Xiaolan Town, Zhongshan City, Guangdong, China – 528400",./assets/images/downlights/Axion-12-brown.webp
Axion 12 Tunable,DTZ085X,36V DC,300mA,2700K~6500K, CRI>97,Φ83*H71mm,36°,12W,AJ/CG,ARAS1275/CT/36/COF,R-41159492,IS 10322 (PART 5/SEC1):2012,8699,"Guangdong Sat Technology Co. Ltd., No. 11 Lianbao Rd, Shengfeng District, Xiaolan Town, Zhongshan City, Guangdong, China – 528400",./assets/images/downlights/Axion-12-coffee.webp
Axion 12 Tunable,DTZ085X,36V DC,300mA,2700K~6500K, CRI>97,Φ83*H71mm,36°,12W,AJ/CG,ARAS1275/CT/36/DGR,R-41159492,IS 10322 (PART 5/SEC1):2012,8699,"Guangdong Sat Technology Co. Ltd., No. 11 Lianbao Rd, Shengfeng District, Xiaolan Town, Zhongshan City, Guangdong, China – 528400",./assets/images/downlights/Axion-12-dark-gray-default-001.webp
Axion 12 Tunable,DTZ085X,36V DC,300mA,2700K~6500K, CRI>97,Φ83*H71mm,36°,12W,AJ/CG,ARAS1275/CT/36/BB,R-41159492,IS 10322 (PART 5/SEC1):2012,8699,"Guangdong Sat Technology Co. Ltd., No. 11 Lianbao Rd, Shengfeng District, Xiaolan Town, Zhongshan City, Guangdong, China – 528400",./assets/images/downlights/Axion-12-ballet-blue.webp
Axion 12 Tunable,DTZ085X,36V DC,300mA,2700K~6500K, CRI>97,Φ83*H71mm,36°,12W,AJ/CG,ARAS1275/CT/36/CH,R-41159492,IS 10322 (PART 5/SEC1):2012,8699,"Guangdong Sat Technology Co. Ltd., No. 11 Lianbao Rd, Shengfeng District, Xiaolan Town, Zhongshan City, Guangdong, China – 528400",./assets/images/downlights/Axion-12-chrome.webp
Axion 12 Tunable,DTZ085X,36V DC,300mA,2700K~6500K, CRI>97,Φ83*H71mm,36°,12W,AJ/CG,ARAS1275/CT/36/CHB,R-41159492,IS 10322 (PART 5/SEC1):2012,8699,"Guangdong Sat Technology Co. Ltd., No. 11 Lianbao Rd, Shengfeng District, Xiaolan Town, Zhongshan City, Guangdong, China – 528400",./assets/images/downlights/Axion-12-chrome-black.webp
