Name,Item No,Vf,Imax,CCT,CRI,Cutout,Beam Angle,Wattage,Batch Code,Stock Code,BIS No,BIS SEC,MRP,MFG BY,IMAGE
Kappa 10,ATFL1030,48V DC,NA,2700K, CRI>97, L300*W21.5*H47mm,110°,9W,AJ/CG,ATFL1030/27,R-41231258,IS 10322 (PART 5/SEC 1) : 2012,11699,"Guangdong Sat Technology Co. Ltd., No. 11 Lianbao Rd, Shengfeng District, Xiaolan Town, Zhongshan City, Guangdong, China – 528400",./assets/images/tracklights/kappa-10-black.webp
Kappa 10,ATFL1030,48V DC,NA,3000K, CRI>97, L300*W21.5*H47mm,110°,9W,AJ/CG,ATFL1030/30,R-41231258,IS 10322 (PART 5/SEC 1) : 2012,11699,"Guangdong Sat Technology Co. Ltd., No. 11 Lianbao Rd, Shengfeng District, Xiaolan Town, Zhongshan City, Guangdong, China – 528400",./assets/images/tracklights/kappa-10-black.webp
Kappa 10,ATFL1030,48V DC,NA,3500K, CRI>97, L300*W21.5*H47mm,110°,9W,AJ/CG,ATFL1030/35,R-41231258,IS 10322 (PART 5/SEC 1) : 2012,11699,"Guangdong Sat Technology Co. Ltd., No. 11 Lianbao Rd, Shengfeng District, Xiaolan Town, Zhongshan City, Guangdong, China – 528400",./assets/images/tracklights/kappa-10-black.webp
Kappa 10,ATFL1030,48V DC,NA,40000K, CRI>97, L300*W21.5*H47mm,110°,9W,AJ/CG,ATFL1030/40,R-41231258,IS 10322 (PART 5/SEC 1) : 2012,11699,"Guangdong Sat Technology Co. Ltd., No. 11 Lianbao Rd, Shengfeng District, Xiaolan Town, Zhongshan City, Guangdong, China – 528400",./assets/images/tracklights/kappa-10-black.webp
Kappa 10,ATFL1030,48V DC,NA,5000K, CRI>97, L300*W21.5*H47mm,110°,9W,AJ/CG,ATFL1030/50,R-41231258,IS 10322 (PART 5/SEC 1) : 2012,11699,"Guangdong Sat Technology Co. Ltd., No. 11 Lianbao Rd, Shengfeng District, Xiaolan Town, Zhongshan City, Guangdong, China – 528400",./assets/images/tracklights/kappa-10-black.webp
Kappa 10,ATFL1030,48V DC,NA,2700K, CRI>97, L300*W21.5*H47mm,110°,9W,AJ/CG,ATFL1030/27/W,R-41231258,IS 10322 (PART 5/SEC 1) : 2012,11699,"Guangdong Sat Technology Co. Ltd., No. 11 Lianbao Rd, Shengfeng District, Xiaolan Town, Zhongshan City, Guangdong, China – 528400",./assets/images/tracklights/kappa-10-white.webp
Kappa 10,ATFL1030,48V DC,NA,3000K, CRI>97, L300*W21.5*H47mm,110°,9W,AJ/CG,ATFL1030/30/W,R-41231258,IS 10322 (PART 5/SEC 1) : 2012,11699,"Guangdong Sat Technology Co. Ltd., No. 11 Lianbao Rd, Shengfeng District, Xiaolan Town, Zhongshan City, Guangdong, China – 528400",./assets/images/tracklights/kappa-10-white.webp
Kappa 10,ATFL1030,48V DC,NA,3500K, CRI>97, L300*W21.5*H47mm,110°,9W,AJ/CG,ATFL1030/35/W,R-41231258,IS 10322 (PART 5/SEC 1) : 2012,11699,"Guangdong Sat Technology Co. Ltd., No. 11 Lianbao Rd, Shengfeng District, Xiaolan Town, Zhongshan City, Guangdong, China – 528400",./assets/images/tracklights/kappa-10-white.webp
Kappa 10,ATFL1030,48V DC,NA,40000K, CRI>97, L300*W21.5*H47mm,110°,9W,AJ/CG,ATFL1030/40/W,R-41231258,IS 10322 (PART 5/SEC 1) : 2012,11699,"Guangdong Sat Technology Co. Ltd., No. 11 Lianbao Rd, Shengfeng District, Xiaolan Town, Zhongshan City, Guangdong, China – 528400",./assets/images/tracklights/kappa-10-white.webp
Kappa 10,ATFL1030,48V DC,NA,5000K, CRI>97, L300*W21.5*H47mm,110°,9W,AJ/CG,ATFL1030/50/W,R-41231258,IS 10322 (PART 5/SEC 1) : 2012,11699,"Guangdong Sat Technology Co. Ltd., No. 11 Lianbao Rd, Shengfeng District, Xiaolan Town, Zhongshan City, Guangdong, China – 528400",./assets/images/tracklights/kappa-10-white.webp
Kappa 10 Tunable,ATFL1030,48V DC,NA,2700K~6500K, CRI>97, L300*W21.5*H47mm,110°,9W,AJ/CG,ATFL1030/CT,R-41231258,IS 10322 (PART 5/SEC 1) : 2012,12899,"Guangdong Sat Technology Co. Ltd., No. 11 Lianbao Rd, Shengfeng District, Xiaolan Town, Zhongshan City, Guangdong, China – 528400",./assets/images/tracklights/kappa-10-black.webp
Kappa 10 Tunable,ATFL1030,48V DC,NA,2700K~6500K, CRI>97, L300*W21.5*H47mm,110°,9W,AJ/CG,ATFL1030/CT/W,R-41231258,IS 10322 (PART 5/SEC 1) : 2012,12899,"Guangdong Sat Technology Co. Ltd., No. 11 Lianbao Rd, Shengfeng District, Xiaolan Town, Zhongshan City, Guangdong, China – 528400",./assets/images/tracklights/kappa-10-black.webp
Kappa 20,ATFL2060,48V DC,NA,2700K, CRI>97,L600*W22.2*H47.8mm,110°,20W,AJ/CG,ATFL2060/27,R-41231258,IS 10322 (PART 5/SEC 1) : 2012,14099,"Guangdong Sat Technology Co. Ltd., No. 11 Lianbao Rd, Shengfeng District, Xiaolan Town, Zhongshan City, Guangdong, China – 528400",./assets/images/tracklights/Kappa-20.webp
Kappa 20,ATFL2060,48V DC,NA,3000K, CRI>97,L600*W22.2*H47.8mm,110°,20W,AJ/CG,ATFL2060/30,R-41231258,IS 10322 (PART 5/SEC 1) : 2012,14099,"Guangdong Sat Technology Co. Ltd., No. 11 Lianbao Rd, Shengfeng District, Xiaolan Town, Zhongshan City, Guangdong, China – 528400",./assets/images/tracklights/Kappa-20.webp
Kappa 20,ATFL2060,48V DC,NA,3500K, CRI>97,L600*W22.2*H47.8mm,110°,20W,AJ/CG,ATFL2060/35,R-41231258,IS 10322 (PART 5/SEC 1) : 2012,14099,"Guangdong Sat Technology Co. Ltd., No. 11 Lianbao Rd, Shengfeng District, Xiaolan Town, Zhongshan City, Guangdong, China – 528400",./assets/images/tracklights/Kappa-20.webp
Kappa 20,ATFL2060,48V DC,NA,40000K, CRI>97,L600*W22.2*H47.8mm,110°,20W,AJ/CG,ATFL2060/40,R-41231258,IS 10322 (PART 5/SEC 1) : 2012,14099,"Guangdong Sat Technology Co. Ltd., No. 11 Lianbao Rd, Shengfeng District, Xiaolan Town, Zhongshan City, Guangdong, China – 528400",./assets/images/tracklights/Kappa-20.webp
Kappa 20,ATFL2060,48V DC,NA,5000K, CRI>97,L600*W22.2*H47.8mm,110°,20W,AJ/CG,ATFL2060/50,R-41231258,IS 10322 (PART 5/SEC 1) : 2012,14099,"Guangdong Sat Technology Co. Ltd., No. 11 Lianbao Rd, Shengfeng District, Xiaolan Town, Zhongshan City, Guangdong, China – 528400",./assets/images/tracklights/Kappa-20.webp
Kappa 20,ATFL2060,48V DC,NA,2700K, CRI>97,L600*W22.2*H47.8mm,110°,20W,AJ/CG,ATFL2060/27/W,R-41231258,IS 10322 (PART 5/SEC 1) : 2012,14099,"Guangdong Sat Technology Co. Ltd., No. 11 Lianbao Rd, Shengfeng District, Xiaolan Town, Zhongshan City, Guangdong, China – 528400",./assets/images/tracklights/Kappa-white-20.webp
Kappa 20,ATFL2060,48V DC,NA,3000K, CRI>97,L600*W22.2*H47.8mm,110°,20W,AJ/CG,ATFL2060/30/W,R-41231258,IS 10322 (PART 5/SEC 1) : 2012,14099,"Guangdong Sat Technology Co. Ltd., No. 11 Lianbao Rd, Shengfeng District, Xiaolan Town, Zhongshan City, Guangdong, China – 528400",./assets/images/tracklights/Kappa-white-20.webp
Kappa 20,ATFL2060,48V DC,NA,3500K, CRI>97,L600*W22.2*H47.8mm,110°,20W,AJ/CG,ATFL2060/35/W,R-41231258,IS 10322 (PART 5/SEC 1) : 2012,14099,"Guangdong Sat Technology Co. Ltd., No. 11 Lianbao Rd, Shengfeng District, Xiaolan Town, Zhongshan City, Guangdong, China – 528400",./assets/images/tracklights/Kappa-white-20.webp
Kappa 20,ATFL2060,48V DC,NA,40000K, CRI>97,L600*W22.2*H47.8mm,110°,20W,AJ/CG,ATFL2060/40/W,R-41231258,IS 10322 (PART 5/SEC 1) : 2012,14099,"Guangdong Sat Technology Co. Ltd., No. 11 Lianbao Rd, Shengfeng District, Xiaolan Town, Zhongshan City, Guangdong, China – 528400",./assets/images/tracklights/Kappa-white-20.webp
Kappa 20,ATFL2060,48V DC,NA,5000K, CRI>97,L600*W22.2*H47.8mm,110°,20W,AJ/CG,ATFL2060/50/W,R-41231258,IS 10322 (PART 5/SEC 1) : 2012,14099,"Guangdong Sat Technology Co. Ltd., No. 11 Lianbao Rd, Shengfeng District, Xiaolan Town, Zhongshan City, Guangdong, China – 528400",./assets/images/tracklights/Kappa-white-20.webp
Kappa 20 Tunable,ATFL2060,48V DC,NA,2700K~6500K, CRI>97,L600*W22.2*H47.8mm,110°,20W,AJ/CG,ATFL2060/CT,R-41231258,IS 10322 (PART 5/SEC 1) : 2012,15299,"Guangdong Sat Technology Co. Ltd., No. 11 Lianbao Rd, Shengfeng District, Xiaolan Town, Zhongshan City, Guangdong, China – 528400",./assets/images/tracklights/Kappa-20.webp
Kappa 20 Tunable,ATFL2060,48V DC,NA,2700K~6500K, CRI>97,L600*W22.2*H47.8mm,110°,20W,AJ/CG,ATFL2060/CT/W,R-41231258,IS 10322 (PART 5/SEC 1) : 2012,15299,"Guangdong Sat Technology Co. Ltd., No. 11 Lianbao Rd, Shengfeng District, Xiaolan Town, Zhongshan City, Guangdong, China – 528400",./assets/images/tracklights/Kappa-white-20.webp
Mirach 6,ATFS0711,48V DC,NA,2700K, CRI>97, L118*W22.2*H46.8mm,30°,6W,AJ/CG,ATFS0711/27,R-41231258,IS 10322 (PART 5/SEC 1) : 2012,11999,"Guangdong Sat Technology Co. Ltd., No. 11 Lianbao Rd, Shengfeng District, Xiaolan Town, Zhongshan City, Guangdong, China – 528400",./assets/images/tracklights/Mirach-6-black.webp
Mirach 6,ATFS0711,48V DC,NA,3000K, CRI>97, L118*W22.2*H46.8mm,30°,6W,AJ/CG,ATFS0711/30,R-41231258,IS 10322 (PART 5/SEC 1) : 2012,11999,"Guangdong Sat Technology Co. Ltd., No. 11 Lianbao Rd, Shengfeng District, Xiaolan Town, Zhongshan City, Guangdong, China – 528400",./assets/images/tracklights/Mirach-6-black.webp
Mirach 6,ATFS0711,48V DC,NA,3500K, CRI>97, L118*W22.2*H46.8mm,30°,6W,AJ/CG,ATFS0711/35,R-41231258,IS 10322 (PART 5/SEC 1) : 2012,11999,"Guangdong Sat Technology Co. Ltd., No. 11 Lianbao Rd, Shengfeng District, Xiaolan Town, Zhongshan City, Guangdong, China – 528400",./assets/images/tracklights/Mirach-6-black.webp
Mirach 6,ATFS0711,48V DC,NA,40000K, CRI>97, L118*W22.2*H46.8mm,30°,6W,AJ/CG,ATFS0711/40,R-41231258,IS 10322 (PART 5/SEC 1) : 2012,11999,"Guangdong Sat Technology Co. Ltd., No. 11 Lianbao Rd, Shengfeng District, Xiaolan Town, Zhongshan City, Guangdong, China – 528400",./assets/images/tracklights/Mirach-6-black.webp
Mirach 6,ATFS0711,48V DC,NA,5000K, CRI>97, L118*W22.2*H46.8mm,30°,6W,AJ/CG,ATFS0711/50,R-41231258,IS 10322 (PART 5/SEC 1) : 2012,11999,"Guangdong Sat Technology Co. Ltd., No. 11 Lianbao Rd, Shengfeng District, Xiaolan Town, Zhongshan City, Guangdong, China – 528400",./assets/images/tracklights/Mirach-6-black.webp
Mirach 6,ATFS0711,48V DC,NA,2700K, CRI>97, L118*W22.2*H46.8mm,30°,6W,AJ/CG,ATFS0711/27/W,R-41231258,IS 10322 (PART 5/SEC 1) : 2012,11999,"Guangdong Sat Technology Co. Ltd., No. 11 Lianbao Rd, Shengfeng District, Xiaolan Town, Zhongshan City, Guangdong, China – 528400",./assets/images/tracklights/Mirach-6-White.webp
Mirach 6,ATFS0711,48V DC,NA,3000K, CRI>97, L118*W22.2*H46.8mm,30°,6W,AJ/CG,ATFS0711/30/W,R-41231258,IS 10322 (PART 5/SEC 1) : 2012,11999,"Guangdong Sat Technology Co. Ltd., No. 11 Lianbao Rd, Shengfeng District, Xiaolan Town, Zhongshan City, Guangdong, China – 528400",./assets/images/tracklights/Mirach-6-White.webp
Mirach 6,ATFS0711,48V DC,NA,3500K, CRI>97, L118*W22.2*H46.8mm,30°,6W,AJ/CG,ATFS0711/35/W,R-41231258,IS 10322 (PART 5/SEC 1) : 2012,11999,"Guangdong Sat Technology Co. Ltd., No. 11 Lianbao Rd, Shengfeng District, Xiaolan Town, Zhongshan City, Guangdong, China – 528400",./assets/images/tracklights/Mirach-6-White.webp
Mirach 6,ATFS0711,48V DC,NA,40000K, CRI>97, L118*W22.2*H46.8mm,30°,6W,AJ/CG,ATFS0711/40/W,R-41231258,IS 10322 (PART 5/SEC 1) : 2012,11999,"Guangdong Sat Technology Co. Ltd., No. 11 Lianbao Rd, Shengfeng District, Xiaolan Town, Zhongshan City, Guangdong, China – 528400",./assets/images/tracklights/Mirach-6-White.webp
Mirach 6,ATFS0711,48V DC,NA,5000K, CRI>97, L118*W22.2*H46.8mm,30°,6W,AJ/CG,ATFS0711/50/W,R-41231258,IS 10322 (PART 5/SEC 1) : 2012,11999,"Guangdong Sat Technology Co. Ltd., No. 11 Lianbao Rd, Shengfeng District, Xiaolan Town, Zhongshan City, Guangdong, China – 528400",./assets/images/tracklights/Mirach-6-White.webp
Mirach 6 Tunable,ATFS0711,48V DC,NA,2700K~6500K, CRI>97, L118*W22.2*H46.8mm,30°,6W,AJ/CG,ATFS0711/CT,R-41231258,IS 10322 (PART 5/SEC 1) : 2012,13199,"Guangdong Sat Technology Co. Ltd., No. 11 Lianbao Rd, Shengfeng District, Xiaolan Town, Zhongshan City, Guangdong, China – 528400",./assets/images/tracklights/Mirach-6-black.webp
Mirach 6 Tunable,ATFS0711,48V DC,NA,2700K~6500K, CRI>97, L118*W22.2*H46.8mm,30°,6W,AJ/CG,ATFS0711/CT/W,R-41231258,IS 10322 (PART 5/SEC 1) : 2012,13199,"Guangdong Sat Technology Co. Ltd., No. 11 Lianbao Rd, Shengfeng District, Xiaolan Town, Zhongshan City, Guangdong, China – 528400",./assets/images/tracklights/Mirach-6-White.webp
Mirach 12,ATFS1523,48V DC,NA,2700K, CRI>97,L 222*W21.5*H47mm,30°,12W,AJ/CG,ATFS1523/27,R-41231258,IS 10322 (PART 5/SEC 1) : 2012,12899,"Guangdong Sat Technology Co. Ltd., No. 11 Lianbao Rd, Shengfeng District, Xiaolan Town, Zhongshan City, Guangdong, China – 528400",./assets/images/tracklights/mirach-12-black.webp
Mirach 12,ATFS1523,48V DC,NA,3000K, CRI>97,L 222*W21.5*H47mm,30°,12W,AJ/CG,ATFS1523/30,R-41231258,IS 10322 (PART 5/SEC 1) : 2012,12899,"Guangdong Sat Technology Co. Ltd., No. 11 Lianbao Rd, Shengfeng District, Xiaolan Town, Zhongshan City, Guangdong, China – 528400",./assets/images/tracklights/mirach-12-black.webp
Mirach 12,ATFS1523,48V DC,NA,3500K, CRI>97,L 222*W21.5*H47mm,30°,12W,AJ/CG,ATFS1523/35,R-41231258,IS 10322 (PART 5/SEC 1) : 2012,12899,"Guangdong Sat Technology Co. Ltd., No. 11 Lianbao Rd, Shengfeng District, Xiaolan Town, Zhongshan City, Guangdong, China – 528400",./assets/images/tracklights/mirach-12-black.webp
Mirach 12,ATFS1523,48V DC,NA,40000K, CRI>97,L 222*W21.5*H47mm,30°,12W,AJ/CG,ATFS1523/40,R-41231258,IS 10322 (PART 5/SEC 1) : 2012,12899,"Guangdong Sat Technology Co. Ltd., No. 11 Lianbao Rd, Shengfeng District, Xiaolan Town, Zhongshan City, Guangdong, China – 528400",./assets/images/tracklights/mirach-12-black.webp
Mirach 12,ATFS1523,48V DC,NA,5000K, CRI>97,L 222*W21.5*H47mm,30°,12W,AJ/CG,ATFS1523/50,R-41231258,IS 10322 (PART 5/SEC 1) : 2012,12899,"Guangdong Sat Technology Co. Ltd., No. 11 Lianbao Rd, Shengfeng District, Xiaolan Town, Zhongshan City, Guangdong, China – 528400",./assets/images/tracklights/mirach-12-black.webp
Mirach 12,ATFS1523,48V DC,NA,2700K, CRI>97,L 222*W21.5*H47mm,30°,12W,AJ/CG,ATFS1523/27/W,R-41231258,IS 10322 (PART 5/SEC 1) : 2012,12899,"Guangdong Sat Technology Co. Ltd., No. 11 Lianbao Rd, Shengfeng District, Xiaolan Town, Zhongshan City, Guangdong, China – 528400",./assets/images/tracklights/mirach-12-white.webp
Mirach 12,ATFS1523,48V DC,NA,3000K, CRI>97,L 222*W21.5*H47mm,30°,12W,AJ/CG,ATFS1523/30/W,R-41231258,IS 10322 (PART 5/SEC 1) : 2012,12899,"Guangdong Sat Technology Co. Ltd., No. 11 Lianbao Rd, Shengfeng District, Xiaolan Town, Zhongshan City, Guangdong, China – 528400",./assets/images/tracklights/mirach-12-white.webp
Mirach 12,ATFS1523,48V DC,NA,3500K, CRI>97,L 222*W21.5*H47mm,30°,12W,AJ/CG,ATFS1523/35/W,R-41231258,IS 10322 (PART 5/SEC 1) : 2012,12899,"Guangdong Sat Technology Co. Ltd., No. 11 Lianbao Rd, Shengfeng District, Xiaolan Town, Zhongshan City, Guangdong, China – 528400",./assets/images/tracklights/mirach-12-white.webp
Mirach 12,ATFS1523,48V DC,NA,40000K, CRI>97,L 222*W21.5*H47mm,30°,12W,AJ/CG,ATFS1523/40/W,R-41231258,IS 10322 (PART 5/SEC 1) : 2012,12899,"Guangdong Sat Technology Co. Ltd., No. 11 Lianbao Rd, Shengfeng District, Xiaolan Town, Zhongshan City, Guangdong, China – 528400",./assets/images/tracklights/mirach-12-white.webp
Mirach 12,ATFS1523,48V DC,NA,5000K, CRI>97,L 222*W21.5*H47mm,30°,12W,AJ/CG,ATFS1523/50/W,R-41231258,IS 10322 (PART 5/SEC 1) : 2012,12899,"Guangdong Sat Technology Co. Ltd., No. 11 Lianbao Rd, Shengfeng District, Xiaolan Town, Zhongshan City, Guangdong, China – 528400",./assets/images/tracklights/mirach-12-white.webp
Mirach 12 Tunable,ATFS1523,48V DC,NA,2700K~6500K, CRI>97,L 222*W21.5*H47mm,30°,12W,AJ/CG,ATFS1523/CT,R-41231258,IS 10322 (PART 5/SEC 1) : 2012,14099,"Guangdong Sat Technology Co. Ltd., No. 11 Lianbao Rd, Shengfeng District, Xiaolan Town, Zhongshan City, Guangdong, China – 528400",./assets/images/tracklights/mirach-12-black.webp
Mirach 12 Tunable,ATFS1523,48V DC,NA,2700K~6500K, CRI>97,L 222*W21.5*H47mm,30°,12W,AJ/CG,ATFS1523/CT/W,R-41231258,IS 10322 (PART 5/SEC 1) : 2012,14099,"Guangdong Sat Technology Co. Ltd., No. 11 Lianbao Rd, Shengfeng District, Xiaolan Town, Zhongshan City, Guangdong, China – 528400",./assets/images/tracklights/mirach-12-white.webp
Almach 6,ATAS0711,48V DC,NA,2700K, CRI>97,L131*W21.5*H99mm,30°,6W,AJ/CG,ATAS0711/27,R-41231258,IS 10322 (PART 5/SEC 1) : 2012,13649,"Guangdong Sat Technology Co. Ltd., No. 11 Lianbao Rd, Shengfeng District, Xiaolan Town, Zhongshan City, Guangdong, China – 528400",./assets/images/tracklights/almach-6-03-mat-black-default.webp
Almach 6,ATAS0711,48V DC,NA,3000K, CRI>97,L131*W21.5*H99mm,30°,6W,AJ/CG,ATAS0711/30,R-41231258,IS 10322 (PART 5/SEC 1) : 2012,13649,"Guangdong Sat Technology Co. Ltd., No. 11 Lianbao Rd, Shengfeng District, Xiaolan Town, Zhongshan City, Guangdong, China – 528400",./assets/images/tracklights/almach-6-03-mat-black-default.webp
Almach 6,ATAS0711,48V DC,NA,3500K, CRI>97,L131*W21.5*H99mm,30°,6W,AJ/CG,ATAS0711/35,R-41231258,IS 10322 (PART 5/SEC 1) : 2012,13649,"Guangdong Sat Technology Co. Ltd., No. 11 Lianbao Rd, Shengfeng District, Xiaolan Town, Zhongshan City, Guangdong, China – 528400",./assets/images/tracklights/almach-6-03-mat-black-default.webp
Almach 6,ATAS0711,48V DC,NA,40000K, CRI>97,L131*W21.5*H99mm,30°,6W,AJ/CG,ATAS0711/40,R-41231258,IS 10322 (PART 5/SEC 1) : 2012,13649,"Guangdong Sat Technology Co. Ltd., No. 11 Lianbao Rd, Shengfeng District, Xiaolan Town, Zhongshan City, Guangdong, China – 528400",./assets/images/tracklights/almach-6-03-mat-black-default.webp
Almach 6,ATAS0711,48V DC,NA,5000K, CRI>97,L131*W21.5*H99mm,30°,6W,AJ/CG,ATAS0711/50,R-41231258,IS 10322 (PART 5/SEC 1) : 2012,13649,"Guangdong Sat Technology Co. Ltd., No. 11 Lianbao Rd, Shengfeng District, Xiaolan Town, Zhongshan City, Guangdong, China – 528400",./assets/images/tracklights/almach-6-03-mat-black-default.webp
Almach 6,ATAS0711,48V DC,NA,2700K, CRI>97,L131*W21.5*H99mm,30°,6W,AJ/CG,ATAS0711/27/W,R-41231258,IS 10322 (PART 5/SEC 1) : 2012,13649,"Guangdong Sat Technology Co. Ltd., No. 11 Lianbao Rd, Shengfeng District, Xiaolan Town, Zhongshan City, Guangdong, China – 528400",./assets/images/tracklights/almach-6-06-white.webp
Almach 6,ATAS0711,48V DC,NA,3000K, CRI>97,L131*W21.5*H99mm,30°,6W,AJ/CG,ATAS0711/30/W,R-41231258,IS 10322 (PART 5/SEC 1) : 2012,13649,"Guangdong Sat Technology Co. Ltd., No. 11 Lianbao Rd, Shengfeng District, Xiaolan Town, Zhongshan City, Guangdong, China – 528400",./assets/images/tracklights/almach-6-06-white.webp
Almach 6,ATAS0711,48V DC,NA,3500K, CRI>97,L131*W21.5*H99mm,30°,6W,AJ/CG,ATAS0711/35/W,R-41231258,IS 10322 (PART 5/SEC 1) : 2012,13649,"Guangdong Sat Technology Co. Ltd., No. 11 Lianbao Rd, Shengfeng District, Xiaolan Town, Zhongshan City, Guangdong, China – 528400",./assets/images/tracklights/almach-6-06-white.webp
Almach 6,ATAS0711,48V DC,NA,40000K, CRI>97,L131*W21.5*H99mm,30°,6W,AJ/CG,ATAS0711/40/W,R-41231258,IS 10322 (PART 5/SEC 1) : 2012,13649,"Guangdong Sat Technology Co. Ltd., No. 11 Lianbao Rd, Shengfeng District, Xiaolan Town, Zhongshan City, Guangdong, China – 528400",./assets/images/tracklights/almach-6-06-white.webp
Almach 6,ATAS0711,48V DC,NA,5000K, CRI>97,L131*W21.5*H99mm,30°,6W,AJ/CG,ATAS0711/50/W,R-41231258,IS 10322 (PART 5/SEC 1) : 2012,13649,"Guangdong Sat Technology Co. Ltd., No. 11 Lianbao Rd, Shengfeng District, Xiaolan Town, Zhongshan City, Guangdong, China – 528400",./assets/images/tracklights/almach-6-06-white.webp
Almach 6,ATAS0711,48V DC,NA,2700K, CRI>97,L131*W21.5*H99mm,30°,6W,AJ/CG,ATAS0711/27/CG,R-41231258,IS 10322 (PART 5/SEC 1) : 2012,14649,"Guangdong Sat Technology Co. Ltd., No. 11 Lianbao Rd, Shengfeng District, Xiaolan Town, Zhongshan City, Guangdong, China – 528400",./assets/images/tracklights/almach-6-04-champeing-gold.webp
Almach 6,ATAS0711,48V DC,NA,3000K, CRI>97,L131*W21.5*H99mm,30°,6W,AJ/CG,ATAS0711/30/CG,R-41231258,IS 10322 (PART 5/SEC 1) : 2012,14649,"Guangdong Sat Technology Co. Ltd., No. 11 Lianbao Rd, Shengfeng District, Xiaolan Town, Zhongshan City, Guangdong, China – 528400",./assets/images/tracklights/almach-6-04-champeing-gold.webp
Almach 6,ATAS0711,48V DC,NA,3500K, CRI>97,L131*W21.5*H99mm,30°,6W,AJ/CG,ATAS0711/35/CG,R-41231258,IS 10322 (PART 5/SEC 1) : 2012,14649,"Guangdong Sat Technology Co. Ltd., No. 11 Lianbao Rd, Shengfeng District, Xiaolan Town, Zhongshan City, Guangdong, China – 528400",./assets/images/tracklights/almach-6-04-champeing-gold.webp
Almach 6,ATAS0711,48V DC,NA,40000K, CRI>97,L131*W21.5*H99mm,30°,6W,AJ/CG,ATAS0711/40/CG,R-41231258,IS 10322 (PART 5/SEC 1) : 2012,14649,"Guangdong Sat Technology Co. Ltd., No. 11 Lianbao Rd, Shengfeng District, Xiaolan Town, Zhongshan City, Guangdong, China – 528400",./assets/images/tracklights/almach-6-04-champeing-gold.webp
Almach 6,ATAS0711,48V DC,NA,5000K, CRI>97,L131*W21.5*H99mm,30°,6W,AJ/CG,ATAS0711/50/CG,R-41231258,IS 10322 (PART 5/SEC 1) : 2012,14649,"Guangdong Sat Technology Co. Ltd., No. 11 Lianbao Rd, Shengfeng District, Xiaolan Town, Zhongshan City, Guangdong, China – 528400",./assets/images/tracklights/almach-6-04-champeing-gold.webp
Almach 6,ATAS0711,48V DC,NA,2700K, CRI>97,L131*W21.5*H99mm,30°,6W,AJ/CG,ATAS0711/27/RG,R-41231258,IS 10322 (PART 5/SEC 1) : 2012,14649,"Guangdong Sat Technology Co. Ltd., No. 11 Lianbao Rd, Shengfeng District, Xiaolan Town, Zhongshan City, Guangdong, China – 528400",./assets/images/tracklights/almach-6-08-rose-gold.webp
Almach 6,ATAS0711,48V DC,NA,3000K, CRI>97,L131*W21.5*H99mm,30°,6W,AJ/CG,ATAS0711/30/RG,R-41231258,IS 10322 (PART 5/SEC 1) : 2012,14649,"Guangdong Sat Technology Co. Ltd., No. 11 Lianbao Rd, Shengfeng District, Xiaolan Town, Zhongshan City, Guangdong, China – 528400",./assets/images/tracklights/almach-6-08-rose-gold.webp
Almach 6,ATAS0711,48V DC,NA,3500K, CRI>97,L131*W21.5*H99mm,30°,6W,AJ/CG,ATAS0711/35/RG,R-41231258,IS 10322 (PART 5/SEC 1) : 2012,14649,"Guangdong Sat Technology Co. Ltd., No. 11 Lianbao Rd, Shengfeng District, Xiaolan Town, Zhongshan City, Guangdong, China – 528400",./assets/images/tracklights/almach-6-08-rose-gold.webp
Almach 6,ATAS0711,48V DC,NA,40000K, CRI>97,L131*W21.5*H99mm,30°,6W,AJ/CG,ATAS0711/40/RG,R-41231258,IS 10322 (PART 5/SEC 1) : 2012,14649,"Guangdong Sat Technology Co. Ltd., No. 11 Lianbao Rd, Shengfeng District, Xiaolan Town, Zhongshan City, Guangdong, China – 528400",./assets/images/tracklights/almach-6-08-rose-gold.webp
Almach 6,ATAS0711,48V DC,NA,5000K, CRI>97,L131*W21.5*H99mm,30°,6W,AJ/CG,ATAS0711/50/RG,R-41231258,IS 10322 (PART 5/SEC 1) : 2012,14649,"Guangdong Sat Technology Co. Ltd., No. 11 Lianbao Rd, Shengfeng District, Xiaolan Town, Zhongshan City, Guangdong, China – 528400",./assets/images/tracklights/almach-6-08-rose-gold.webp
Almach 6,ATAS0711,48V DC,NA,2700K, CRI>97,L131*W21.5*H99mm,30°,6W,AJ/CG,ATAS0711/27/BR,R-41231258,IS 10322 (PART 5/SEC 1) : 2012,14649,"Guangdong Sat Technology Co. Ltd., No. 11 Lianbao Rd, Shengfeng District, Xiaolan Town, Zhongshan City, Guangdong, China – 528400",./assets/images/tracklights/almach-6-10-brown.webp
Almach 6,ATAS0711,48V DC,NA,3000K, CRI>97,L131*W21.5*H99mm,30°,6W,AJ/CG,ATAS0711/30/BR,R-41231258,IS 10322 (PART 5/SEC 1) : 2012,14649,"Guangdong Sat Technology Co. Ltd., No. 11 Lianbao Rd, Shengfeng District, Xiaolan Town, Zhongshan City, Guangdong, China – 528400",./assets/images/tracklights/almach-6-10-brown.webp
Almach 6,ATAS0711,48V DC,NA,3500K, CRI>97,L131*W21.5*H99mm,30°,6W,AJ/CG,ATAS0711/35/BR,R-41231258,IS 10322 (PART 5/SEC 1) : 2012,14649,"Guangdong Sat Technology Co. Ltd., No. 11 Lianbao Rd, Shengfeng District, Xiaolan Town, Zhongshan City, Guangdong, China – 528400",./assets/images/tracklights/almach-6-10-brown.webp
Almach 6,ATAS0711,48V DC,NA,40000K, CRI>97,L131*W21.5*H99mm,30°,6W,AJ/CG,ATAS0711/40/BR,R-41231258,IS 10322 (PART 5/SEC 1) : 2012,14649,"Guangdong Sat Technology Co. Ltd., No. 11 Lianbao Rd, Shengfeng District, Xiaolan Town, Zhongshan City, Guangdong, China – 528400",./assets/images/tracklights/almach-6-10-brown.webp
Almach 6,ATAS0711,48V DC,NA,5000K, CRI>97,L131*W21.5*H99mm,30°,6W,AJ/CG,ATAS0711/50/BR,R-41231258,IS 10322 (PART 5/SEC 1) : 2012,14649,"Guangdong Sat Technology Co. Ltd., No. 11 Lianbao Rd, Shengfeng District, Xiaolan Town, Zhongshan City, Guangdong, China – 528400",./assets/images/tracklights/almach-6-10-brown.webp
Almach 6,ATAS0711,48V DC,NA,2700K, CRI>97,L131*W21.5*H99mm,30°,6W,AJ/CG,ATAS0711/27/COF,R-41231258,IS 10322 (PART 5/SEC 1) : 2012,14649,"Guangdong Sat Technology Co. Ltd., No. 11 Lianbao Rd, Shengfeng District, Xiaolan Town, Zhongshan City, Guangdong, China – 528400",./assets/images/tracklights/almach-6-07-coffee.webp
Almach 6,ATAS0711,48V DC,NA,3000K, CRI>97,L131*W21.5*H99mm,30°,6W,AJ/CG,ATAS0711/30/COF,R-41231258,IS 10322 (PART 5/SEC 1) : 2012,14649,"Guangdong Sat Technology Co. Ltd., No. 11 Lianbao Rd, Shengfeng District, Xiaolan Town, Zhongshan City, Guangdong, China – 528400",./assets/images/tracklights/almach-6-07-coffee.webp
Almach 6,ATAS0711,48V DC,NA,3500K, CRI>97,L131*W21.5*H99mm,30°,6W,AJ/CG,ATAS0711/35/COF,R-41231258,IS 10322 (PART 5/SEC 1) : 2012,14649,"Guangdong Sat Technology Co. Ltd., No. 11 Lianbao Rd, Shengfeng District, Xiaolan Town, Zhongshan City, Guangdong, China – 528400",./assets/images/tracklights/almach-6-07-coffee.webp
Almach 6,ATAS0711,48V DC,NA,40000K, CRI>97,L131*W21.5*H99mm,30°,6W,AJ/CG,ATAS0711/40/COF,R-41231258,IS 10322 (PART 5/SEC 1) : 2012,14649,"Guangdong Sat Technology Co. Ltd., No. 11 Lianbao Rd, Shengfeng District, Xiaolan Town, Zhongshan City, Guangdong, China – 528400",./assets/images/tracklights/almach-6-07-coffee.webp
Almach 6,ATAS0711,48V DC,NA,5000K, CRI>97,L131*W21.5*H99mm,30°,6W,AJ/CG,ATAS0711/50/COF,R-41231258,IS 10322 (PART 5/SEC 1) : 2012,14649,"Guangdong Sat Technology Co. Ltd., No. 11 Lianbao Rd, Shengfeng District, Xiaolan Town, Zhongshan City, Guangdong, China – 528400",./assets/images/tracklights/almach-6-07-coffee.webp
Almach 6,ATAS0711,48V DC,NA,2700K, CRI>97,L131*W21.5*H99mm,30°,6W,AJ/CG,ATAS0711/27/DGR,R-41231258,IS 10322 (PART 5/SEC 1) : 2012,14649,"Guangdong Sat Technology Co. Ltd., No. 11 Lianbao Rd, Shengfeng District, Xiaolan Town, Zhongshan City, Guangdong, China – 528400",./assets/images/tracklights/almach-6-09-dark-gray-default.webp
Almach 6,ATAS0711,48V DC,NA,3000K, CRI>97,L131*W21.5*H99mm,30°,6W,AJ/CG,ATAS0711/30/DGR,R-41231258,IS 10322 (PART 5/SEC 1) : 2012,14649,"Guangdong Sat Technology Co. Ltd., No. 11 Lianbao Rd, Shengfeng District, Xiaolan Town, Zhongshan City, Guangdong, China – 528400",./assets/images/tracklights/almach-6-09-dark-gray-default.webp
Almach 6,ATAS0711,48V DC,NA,3500K, CRI>97,L131*W21.5*H99mm,30°,6W,AJ/CG,ATAS0711/35/DGR,R-41231258,IS 10322 (PART 5/SEC 1) : 2012,14649,"Guangdong Sat Technology Co. Ltd., No. 11 Lianbao Rd, Shengfeng District, Xiaolan Town, Zhongshan City, Guangdong, China – 528400",./assets/images/tracklights/almach-6-09-dark-gray-default.webp
Almach 6,ATAS0711,48V DC,NA,40000K, CRI>97,L131*W21.5*H99mm,30°,6W,AJ/CG,ATAS0711/40/DGR,R-41231258,IS 10322 (PART 5/SEC 1) : 2012,14649,"Guangdong Sat Technology Co. Ltd., No. 11 Lianbao Rd, Shengfeng District, Xiaolan Town, Zhongshan City, Guangdong, China – 528400",./assets/images/tracklights/almach-6-09-dark-gray-default.webp
Almach 6,ATAS0711,48V DC,NA,5000K, CRI>97,L131*W21.5*H99mm,30°,6W,AJ/CG,ATAS0711/50/DGR,R-41231258,IS 10322 (PART 5/SEC 1) : 2012,14649,"Guangdong Sat Technology Co. Ltd., No. 11 Lianbao Rd, Shengfeng District, Xiaolan Town, Zhongshan City, Guangdong, China – 528400",./assets/images/tracklights/almach-6-09-dark-gray-default.webp
Almach 6,ATAS0711,48V DC,NA,2700K, CRI>97,L131*W21.5*H99mm,30°,6W,AJ/CG,ATAS0711/27/BB,R-41231258,IS 10322 (PART 5/SEC 1) : 2012,14649,"Guangdong Sat Technology Co. Ltd., No. 11 Lianbao Rd, Shengfeng District, Xiaolan Town, Zhongshan City, Guangdong, China – 528400",./assets/images/tracklights/almach-6-06-ballet-blue.webp
Almach 6,ATAS0711,48V DC,NA,3000K, CRI>97,L131*W21.5*H99mm,30°,6W,AJ/CG,ATAS0711/30/BB,R-41231258,IS 10322 (PART 5/SEC 1) : 2012,14649,"Guangdong Sat Technology Co. Ltd., No. 11 Lianbao Rd, Shengfeng District, Xiaolan Town, Zhongshan City, Guangdong, China – 528400",./assets/images/tracklights/almach-6-06-ballet-blue.webp
Almach 6,ATAS0711,48V DC,NA,3500K, CRI>97,L131*W21.5*H99mm,30°,6W,AJ/CG,ATAS0711/35/BB,R-41231258,IS 10322 (PART 5/SEC 1) : 2012,14649,"Guangdong Sat Technology Co. Ltd., No. 11 Lianbao Rd, Shengfeng District, Xiaolan Town, Zhongshan City, Guangdong, China – 528400",./assets/images/tracklights/almach-6-06-ballet-blue.webp
Almach 6,ATAS0711,48V DC,NA,40000K, CRI>97,L131*W21.5*H99mm,30°,6W,AJ/CG,ATAS0711/40/BB,R-41231258,IS 10322 (PART 5/SEC 1) : 2012,14649,"Guangdong Sat Technology Co. Ltd., No. 11 Lianbao Rd, Shengfeng District, Xiaolan Town, Zhongshan City, Guangdong, China – 528400",./assets/images/tracklights/almach-6-06-ballet-blue.webp
Almach 6,ATAS0711,48V DC,NA,5000K, CRI>97,L131*W21.5*H99mm,30°,6W,AJ/CG,ATAS0711/50/BB,R-41231258,IS 10322 (PART 5/SEC 1) : 2012,14649,"Guangdong Sat Technology Co. Ltd., No. 11 Lianbao Rd, Shengfeng District, Xiaolan Town, Zhongshan City, Guangdong, China – 528400",./assets/images/tracklights/almach-6-06-ballet-blue.webp
Almach 6,ATAS0711,48V DC,NA,2700K, CRI>97,L131*W21.5*H99mm,30°,6W,AJ/CG,ATAS0711/27/CH,R-41231258,IS 10322 (PART 5/SEC 1) : 2012,14649,"Guangdong Sat Technology Co. Ltd., No. 11 Lianbao Rd, Shengfeng District, Xiaolan Town, Zhongshan City, Guangdong, China – 528400",./assets/images/tracklights/almach-6-01-chrome.webp
Almach 6,ATAS0711,48V DC,NA,3000K, CRI>97,L131*W21.5*H99mm,30°,6W,AJ/CG,ATAS0711/30/CH,R-41231258,IS 10322 (PART 5/SEC 1) : 2012,14649,"Guangdong Sat Technology Co. Ltd., No. 11 Lianbao Rd, Shengfeng District, Xiaolan Town, Zhongshan City, Guangdong, China – 528400",./assets/images/tracklights/almach-6-01-chrome.webp
Almach 6,ATAS0711,48V DC,NA,3500K, CRI>97,L131*W21.5*H99mm,30°,6W,AJ/CG,ATAS0711/35/CH,R-41231258,IS 10322 (PART 5/SEC 1) : 2012,14649,"Guangdong Sat Technology Co. Ltd., No. 11 Lianbao Rd, Shengfeng District, Xiaolan Town, Zhongshan City, Guangdong, China – 528400",./assets/images/tracklights/almach-6-01-chrome.webp
Almach 6,ATAS0711,48V DC,NA,40000K, CRI>97,L131*W21.5*H99mm,30°,6W,AJ/CG,ATAS0711/40/CH,R-41231258,IS 10322 (PART 5/SEC 1) : 2012,14649,"Guangdong Sat Technology Co. Ltd., No. 11 Lianbao Rd, Shengfeng District, Xiaolan Town, Zhongshan City, Guangdong, China – 528400",./assets/images/tracklights/almach-6-01-chrome.webp
Almach 6,ATAS0711,48V DC,NA,5000K, CRI>97,L131*W21.5*H99mm,30°,6W,AJ/CG,ATAS0711/50/CH,R-41231258,IS 10322 (PART 5/SEC 1) : 2012,14649,"Guangdong Sat Technology Co. Ltd., No. 11 Lianbao Rd, Shengfeng District, Xiaolan Town, Zhongshan City, Guangdong, China – 528400",./assets/images/tracklights/almach-6-01-chrome.webp
Almach 6,ATAS0711,48V DC,NA,2700K, CRI>97,L131*W21.5*H99mm,30°,6W,AJ/CG,ATAS0711/27/CHB,R-41231258,IS 10322 (PART 5/SEC 1) : 2012,14649,"Guangdong Sat Technology Co. Ltd., No. 11 Lianbao Rd, Shengfeng District, Xiaolan Town, Zhongshan City, Guangdong, China – 528400",./assets/images/tracklights/almach-6-02-chrome-black.webp
Almach 6,ATAS0711,48V DC,NA,3000K, CRI>97,L131*W21.5*H99mm,30°,6W,AJ/CG,ATAS0711/30/CHB,R-41231258,IS 10322 (PART 5/SEC 1) : 2012,14649,"Guangdong Sat Technology Co. Ltd., No. 11 Lianbao Rd, Shengfeng District, Xiaolan Town, Zhongshan City, Guangdong, China – 528400",./assets/images/tracklights/almach-6-02-chrome-black.webp
Almach 6,ATAS0711,48V DC,NA,3500K, CRI>97,L131*W21.5*H99mm,30°,6W,AJ/CG,ATAS0711/35/CHB,R-41231258,IS 10322 (PART 5/SEC 1) : 2012,14649,"Guangdong Sat Technology Co. Ltd., No. 11 Lianbao Rd, Shengfeng District, Xiaolan Town, Zhongshan City, Guangdong, China – 528400",./assets/images/tracklights/almach-6-02-chrome-black.webp
Almach 6,ATAS0711,48V DC,NA,40000K, CRI>97,L131*W21.5*H99mm,30°,6W,AJ/CG,ATAS0711/40/CHB,R-41231258,IS 10322 (PART 5/SEC 1) : 2012,14649,"Guangdong Sat Technology Co. Ltd., No. 11 Lianbao Rd, Shengfeng District, Xiaolan Town, Zhongshan City, Guangdong, China – 528400",./assets/images/tracklights/almach-6-02-chrome-black.webp
Almach 6,ATAS0711,48V DC,NA,5000K, CRI>97,L131*W21.5*H99mm,30°,6W,AJ/CG,ATAS0711/50/CHB,R-41231258,IS 10322 (PART 5/SEC 1) : 2012,14649,"Guangdong Sat Technology Co. Ltd., No. 11 Lianbao Rd, Shengfeng District, Xiaolan Town, Zhongshan City, Guangdong, China – 528400",./assets/images/tracklights/almach-6-02-chrome-black.webp
Almach 6 Tunable,ATAS0711,48V DC,NA,2700K~6500K, CRI>97,L131*W21.5*H99mm,30°,6W,AJ/CG,ATAS0711/CT,R-41231258,IS 10322 (PART 5/SEC 1) : 2012,14849,"Guangdong Sat Technology Co. Ltd., No. 11 Lianbao Rd, Shengfeng District, Xiaolan Town, Zhongshan City, Guangdong, China – 528400",./assets/images/tracklights/almach-6-03-mat-black-default.webp
Almach 6 Tunable,ATAS0711,48V DC,NA,2700K~6500K, CRI>97,L131*W21.5*H99mm,30°,6W,AJ/CG,ATAS0711/CT/W,R-41231258,IS 10322 (PART 5/SEC 1) : 2012,14849,"Guangdong Sat Technology Co. Ltd., No. 11 Lianbao Rd, Shengfeng District, Xiaolan Town, Zhongshan City, Guangdong, China – 528400",./assets/images/tracklights/almach-6-06-white.webp
Almach 6 Tunable,ATAS0711,48V DC,NA,2700K~6500K, CRI>97,L131*W21.5*H99mm,30°,6W,AJ/CG,ATAS0711/CT/CG,R-41231258,IS 10322 (PART 5/SEC 1) : 2012,15849,"Guangdong Sat Technology Co. Ltd., No. 11 Lianbao Rd, Shengfeng District, Xiaolan Town, Zhongshan City, Guangdong, China – 528400",./assets/images/tracklights/almach-6-04-champeing-gold.webp
Almach 6 Tunable,ATAS0711,48V DC,NA,2700K~6500K, CRI>97,L131*W21.5*H99mm,30°,6W,AJ/CG,ATAS0711/CT/RG,R-41231258,IS 10322 (PART 5/SEC 1) : 2012,15849,"Guangdong Sat Technology Co. Ltd., No. 11 Lianbao Rd, Shengfeng District, Xiaolan Town, Zhongshan City, Guangdong, China – 528400",./assets/images/tracklights/almach-6-08-rose-gold.webp
Almach 6 Tunable,ATAS0711,48V DC,NA,2700K~6500K, CRI>97,L131*W21.5*H99mm,30°,6W,AJ/CG,ATAS0711/CT/BR,R-41231258,IS 10322 (PART 5/SEC 1) : 2012,15849,"Guangdong Sat Technology Co. Ltd., No. 11 Lianbao Rd, Shengfeng District, Xiaolan Town, Zhongshan City, Guangdong, China – 528400",./assets/images/tracklights/almach-6-10-brown.webp
Almach 6 Tunable,ATAS0711,48V DC,NA,2700K~6500K, CRI>97,L131*W21.5*H99mm,30°,6W,AJ/CG,ATAS0711/CT/COF,R-41231258,IS 10322 (PART 5/SEC 1) : 2012,15849,"Guangdong Sat Technology Co. Ltd., No. 11 Lianbao Rd, Shengfeng District, Xiaolan Town, Zhongshan City, Guangdong, China – 528400",./assets/images/tracklights/almach-6-07-coffee.webp
Almach 6 Tunable,ATAS0711,48V DC,NA,2700K~6500K, CRI>97,L131*W21.5*H99mm,30°,6W,AJ/CG,ATAS0711/CT/DGR,R-41231258,IS 10322 (PART 5/SEC 1) : 2012,15849,"Guangdong Sat Technology Co. Ltd., No. 11 Lianbao Rd, Shengfeng District, Xiaolan Town, Zhongshan City, Guangdong, China – 528400",./assets/images/tracklights/almach-6-09-dark-gray-default.webp
Almach 6 Tunable,ATAS0711,48V DC,NA,2700K~6500K, CRI>97,L131*W21.5*H99mm,30°,6W,AJ/CG,ATAS0711/CT/BB,R-41231258,IS 10322 (PART 5/SEC 1) : 2012,15849,"Guangdong Sat Technology Co. Ltd., No. 11 Lianbao Rd, Shengfeng District, Xiaolan Town, Zhongshan City, Guangdong, China – 528400",./assets/images/tracklights/almach-6-06-ballet-blue.webp
Almach 6 Tunable,ATAS0711,48V DC,NA,2700K~6500K, CRI>97,L131*W21.5*H99mm,30°,6W,AJ/CG,ATAS0711/CT/CH,R-41231258,IS 10322 (PART 5/SEC 1) : 2012,15849,"Guangdong Sat Technology Co. Ltd., No. 11 Lianbao Rd, Shengfeng District, Xiaolan Town, Zhongshan City, Guangdong, China – 528400",./assets/images/tracklights/almach-6-01-chrome.webp
Almach 6 Tunable,ATAS0711,48V DC,NA,2700K~6500K, CRI>97,L131*W21.5*H99mm,30°,6W,AJ/CG,ATAS0711/CT/CHB,R-41231258,IS 10322 (PART 5/SEC 1) : 2012,15849,"Guangdong Sat Technology Co. Ltd., No. 11 Lianbao Rd, Shengfeng District, Xiaolan Town, Zhongshan City, Guangdong, China – 528400",./assets/images/tracklights/almach-6-02-chrome-black.webp
Almach 12,ATAS1523,48V DC,NA,2700K, CRI>97,L219*W21.5*H99mm,30°,12W,AJ/CG,ATAS1523/27,R-41231258,IS 10322 (PART 5/SEC 1) : 2012,14799,"Guangdong Sat Technology Co. Ltd., No. 11 Lianbao Rd, Shengfeng District, Xiaolan Town, Zhongshan City, Guangdong, China – 528400",./assets/images/tracklights/almach-12-03-mat-black-default.webp
Almach 12,ATAS1523,48V DC,NA,3000K, CRI>97,L219*W21.5*H99mm,30°,12W,AJ/CG,ATAS1523/30,R-41231258,IS 10322 (PART 5/SEC 1) : 2012,14799,"Guangdong Sat Technology Co. Ltd., No. 11 Lianbao Rd, Shengfeng District, Xiaolan Town, Zhongshan City, Guangdong, China – 528400",./assets/images/tracklights/almach-12-03-mat-black-default.webp
Almach 12,ATAS1523,48V DC,NA,3500K, CRI>97,L219*W21.5*H99mm,30°,12W,AJ/CG,ATAS1523/35,R-41231258,IS 10322 (PART 5/SEC 1) : 2012,14799,"Guangdong Sat Technology Co. Ltd., No. 11 Lianbao Rd, Shengfeng District, Xiaolan Town, Zhongshan City, Guangdong, China – 528400",./assets/images/tracklights/almach-12-03-mat-black-default.webp
Almach 12,ATAS1523,48V DC,NA,40000K, CRI>97,L219*W21.5*H99mm,30°,12W,AJ/CG,ATAS1523/40,R-41231258,IS 10322 (PART 5/SEC 1) : 2012,14799,"Guangdong Sat Technology Co. Ltd., No. 11 Lianbao Rd, Shengfeng District, Xiaolan Town, Zhongshan City, Guangdong, China – 528400",./assets/images/tracklights/almach-12-03-mat-black-default.webp
Almach 12,ATAS1523,48V DC,NA,5000K, CRI>97,L219*W21.5*H99mm,30°,12W,AJ/CG,ATAS1523/50,R-41231258,IS 10322 (PART 5/SEC 1) : 2012,14799,"Guangdong Sat Technology Co. Ltd., No. 11 Lianbao Rd, Shengfeng District, Xiaolan Town, Zhongshan City, Guangdong, China – 528400",./assets/images/tracklights/almach-12-03-mat-black-default.webp
Almach 12,ATAS1523,48V DC,NA,2700K, CRI>97,L219*W21.5*H99mm,30°,12W,AJ/CG,ATAS1523/27/W,R-41231258,IS 10322 (PART 5/SEC 1) : 2012,14799,"Guangdong Sat Technology Co. Ltd., No. 11 Lianbao Rd, Shengfeng District, Xiaolan Town, Zhongshan City, Guangdong, China – 528400",./assets/images/tracklights/Almach-12-05-white-2nd.webp
Almach 12,ATAS1523,48V DC,NA,3000K, CRI>97,L219*W21.5*H99mm,30°,12W,AJ/CG,ATAS1523/30/W,R-41231258,IS 10322 (PART 5/SEC 1) : 2012,14799,"Guangdong Sat Technology Co. Ltd., No. 11 Lianbao Rd, Shengfeng District, Xiaolan Town, Zhongshan City, Guangdong, China – 528400",./assets/images/tracklights/Almach-12-05-white-2nd.webp
Almach 12,ATAS1523,48V DC,NA,3500K, CRI>97,L219*W21.5*H99mm,30°,12W,AJ/CG,ATAS1523/35/W,R-41231258,IS 10322 (PART 5/SEC 1) : 2012,14799,"Guangdong Sat Technology Co. Ltd., No. 11 Lianbao Rd, Shengfeng District, Xiaolan Town, Zhongshan City, Guangdong, China – 528400",./assets/images/tracklights/Almach-12-05-white-2nd.webp
Almach 12,ATAS1523,48V DC,NA,40000K, CRI>97,L219*W21.5*H99mm,30°,12W,AJ/CG,ATAS1523/40/W,R-41231258,IS 10322 (PART 5/SEC 1) : 2012,14799,"Guangdong Sat Technology Co. Ltd., No. 11 Lianbao Rd, Shengfeng District, Xiaolan Town, Zhongshan City, Guangdong, China – 528400",./assets/images/tracklights/Almach-12-05-white-2nd.webp
Almach 12,ATAS1523,48V DC,NA,5000K, CRI>97,L219*W21.5*H99mm,30°,12W,AJ/CG,ATAS1523/50/W,R-41231258,IS 10322 (PART 5/SEC 1) : 2012,14799,"Guangdong Sat Technology Co. Ltd., No. 11 Lianbao Rd, Shengfeng District, Xiaolan Town, Zhongshan City, Guangdong, China – 528400",./assets/images/tracklights/Almach-12-05-white-2nd.webp
Almach 12,ATAS1523,48V DC,NA,2700K, CRI>97,L219*W21.5*H99mm,30°,12W,AJ/CG,ATAS1523/27/CG,R-41231258,IS 10322 (PART 5/SEC 1) : 2012,15799,"Guangdong Sat Technology Co. Ltd., No. 11 Lianbao Rd, Shengfeng District, Xiaolan Town, Zhongshan City, Guangdong, China – 528400",./assets/images/tracklights/almach-12-04-champeing-gold.webp
Almach 12,ATAS1523,48V DC,NA,3000K, CRI>97,L219*W21.5*H99mm,30°,12W,AJ/CG,ATAS1523/30/CG,R-41231258,IS 10322 (PART 5/SEC 1) : 2012,15799,"Guangdong Sat Technology Co. Ltd., No. 11 Lianbao Rd, Shengfeng District, Xiaolan Town, Zhongshan City, Guangdong, China – 528400",./assets/images/tracklights/almach-12-04-champeing-gold.webp
Almach 12,ATAS1523,48V DC,NA,3500K, CRI>97,L219*W21.5*H99mm,30°,12W,AJ/CG,ATAS1523/35/CG,R-41231258,IS 10322 (PART 5/SEC 1) : 2012,15799,"Guangdong Sat Technology Co. Ltd., No. 11 Lianbao Rd, Shengfeng District, Xiaolan Town, Zhongshan City, Guangdong, China – 528400",./assets/images/tracklights/almach-12-04-champeing-gold.webp
Almach 12,ATAS1523,48V DC,NA,40000K, CRI>97,L219*W21.5*H99mm,30°,12W,AJ/CG,ATAS1523/40/CG,R-41231258,IS 10322 (PART 5/SEC 1) : 2012,15799,"Guangdong Sat Technology Co. Ltd., No. 11 Lianbao Rd, Shengfeng District, Xiaolan Town, Zhongshan City, Guangdong, China – 528400",./assets/images/tracklights/almach-12-04-champeing-gold.webp
Almach 12,ATAS1523,48V DC,NA,5000K, CRI>97,L219*W21.5*H99mm,30°,12W,AJ/CG,ATAS1523/50/CG,R-41231258,IS 10322 (PART 5/SEC 1) : 2012,15799,"Guangdong Sat Technology Co. Ltd., No. 11 Lianbao Rd, Shengfeng District, Xiaolan Town, Zhongshan City, Guangdong, China – 528400",./assets/images/tracklights/almach-12-04-champeing-gold.webp
Almach 12,ATAS1523,48V DC,NA,2700K, CRI>97,L219*W21.5*H99mm,30°,12W,AJ/CG,ATAS1523/27/RG,R-41231258,IS 10322 (PART 5/SEC 1) : 2012,15799,"Guangdong Sat Technology Co. Ltd., No. 11 Lianbao Rd, Shengfeng District, Xiaolan Town, Zhongshan City, Guangdong, China – 528400",./assets/images/tracklights/almach-12-08-rose-gold.webp
Almach 12,ATAS1523,48V DC,NA,3000K, CRI>97,L219*W21.5*H99mm,30°,12W,AJ/CG,ATAS1523/30/RG,R-41231258,IS 10322 (PART 5/SEC 1) : 2012,15799,"Guangdong Sat Technology Co. Ltd., No. 11 Lianbao Rd, Shengfeng District, Xiaolan Town, Zhongshan City, Guangdong, China – 528400",./assets/images/tracklights/almach-12-08-rose-gold.webp
Almach 12,ATAS1523,48V DC,NA,3500K, CRI>97,L219*W21.5*H99mm,30°,12W,AJ/CG,ATAS1523/35/RG,R-41231258,IS 10322 (PART 5/SEC 1) : 2012,15799,"Guangdong Sat Technology Co. Ltd., No. 11 Lianbao Rd, Shengfeng District, Xiaolan Town, Zhongshan City, Guangdong, China – 528400",./assets/images/tracklights/almach-12-08-rose-gold.webp
Almach 12,ATAS1523,48V DC,NA,40000K, CRI>97,L219*W21.5*H99mm,30°,12W,AJ/CG,ATAS1523/40/RG,R-41231258,IS 10322 (PART 5/SEC 1) : 2012,15799,"Guangdong Sat Technology Co. Ltd., No. 11 Lianbao Rd, Shengfeng District, Xiaolan Town, Zhongshan City, Guangdong, China – 528400",./assets/images/tracklights/almach-12-08-rose-gold.webp
Almach 12,ATAS1523,48V DC,NA,5000K, CRI>97,L219*W21.5*H99mm,30°,12W,AJ/CG,ATAS1523/50/RG,R-41231258,IS 10322 (PART 5/SEC 1) : 2012,15799,"Guangdong Sat Technology Co. Ltd., No. 11 Lianbao Rd, Shengfeng District, Xiaolan Town, Zhongshan City, Guangdong, China – 528400",./assets/images/tracklights/almach-12-08-rose-gold.webp
Almach 12,ATAS1523,48V DC,NA,2700K, CRI>97,L219*W21.5*H99mm,30°,12W,AJ/CG,ATAS1523/27/BR,R-41231258,IS 10322 (PART 5/SEC 1) : 2012,15799,"Guangdong Sat Technology Co. Ltd., No. 11 Lianbao Rd, Shengfeng District, Xiaolan Town, Zhongshan City, Guangdong, China – 528400",./assets/images/tracklights/Almach-12-10-brown.webp
Almach 12,ATAS1523,48V DC,NA,3000K, CRI>97,L219*W21.5*H99mm,30°,12W,AJ/CG,ATAS1523/30/BR,R-41231258,IS 10322 (PART 5/SEC 1) : 2012,15799,"Guangdong Sat Technology Co. Ltd., No. 11 Lianbao Rd, Shengfeng District, Xiaolan Town, Zhongshan City, Guangdong, China – 528400",./assets/images/tracklights/Almach-12-10-brown.webp
Almach 12,ATAS1523,48V DC,NA,3500K, CRI>97,L219*W21.5*H99mm,30°,12W,AJ/CG,ATAS1523/35/BR,R-41231258,IS 10322 (PART 5/SEC 1) : 2012,15799,"Guangdong Sat Technology Co. Ltd., No. 11 Lianbao Rd, Shengfeng District, Xiaolan Town, Zhongshan City, Guangdong, China – 528400",./assets/images/tracklights/Almach-12-10-brown.webp
Almach 12,ATAS1523,48V DC,NA,40000K, CRI>97,L219*W21.5*H99mm,30°,12W,AJ/CG,ATAS1523/40/BR,R-41231258,IS 10322 (PART 5/SEC 1) : 2012,15799,"Guangdong Sat Technology Co. Ltd., No. 11 Lianbao Rd, Shengfeng District, Xiaolan Town, Zhongshan City, Guangdong, China – 528400",./assets/images/tracklights/Almach-12-10-brown.webp
Almach 12,ATAS1523,48V DC,NA,5000K, CRI>97,L219*W21.5*H99mm,30°,12W,AJ/CG,ATAS1523/50/BR,R-41231258,IS 10322 (PART 5/SEC 1) : 2012,15799,"Guangdong Sat Technology Co. Ltd., No. 11 Lianbao Rd, Shengfeng District, Xiaolan Town, Zhongshan City, Guangdong, China – 528400",./assets/images/tracklights/Almach-12-10-brown.webp
Almach 12,ATAS1523,48V DC,NA,2700K, CRI>97,L219*W21.5*H99mm,30°,12W,AJ/CG,ATAS1523/27/COF,R-41231258,IS 10322 (PART 5/SEC 1) : 2012,15799,"Guangdong Sat Technology Co. Ltd., No. 11 Lianbao Rd, Shengfeng District, Xiaolan Town, Zhongshan City, Guangdong, China – 528400",./assets/images/tracklights/almach-12-07-coffee.webp
Almach 12,ATAS1523,48V DC,NA,3000K, CRI>97,L219*W21.5*H99mm,30°,12W,AJ/CG,ATAS1523/30/COF,R-41231258,IS 10322 (PART 5/SEC 1) : 2012,15799,"Guangdong Sat Technology Co. Ltd., No. 11 Lianbao Rd, Shengfeng District, Xiaolan Town, Zhongshan City, Guangdong, China – 528400",./assets/images/tracklights/almach-12-07-coffee.webp
Almach 12,ATAS1523,48V DC,NA,3500K, CRI>97,L219*W21.5*H99mm,30°,12W,AJ/CG,ATAS1523/35/COF,R-41231258,IS 10322 (PART 5/SEC 1) : 2012,15799,"Guangdong Sat Technology Co. Ltd., No. 11 Lianbao Rd, Shengfeng District, Xiaolan Town, Zhongshan City, Guangdong, China – 528400",./assets/images/tracklights/almach-12-07-coffee.webp
Almach 12,ATAS1523,48V DC,NA,40000K, CRI>97,L219*W21.5*H99mm,30°,12W,AJ/CG,ATAS1523/40/COF,R-41231258,IS 10322 (PART 5/SEC 1) : 2012,15799,"Guangdong Sat Technology Co. Ltd., No. 11 Lianbao Rd, Shengfeng District, Xiaolan Town, Zhongshan City, Guangdong, China – 528400",./assets/images/tracklights/almach-12-07-coffee.webp
Almach 12,ATAS1523,48V DC,NA,5000K, CRI>97,L219*W21.5*H99mm,30°,12W,AJ/CG,ATAS1523/50/COF,R-41231258,IS 10322 (PART 5/SEC 1) : 2012,15799,"Guangdong Sat Technology Co. Ltd., No. 11 Lianbao Rd, Shengfeng District, Xiaolan Town, Zhongshan City, Guangdong, China – 528400",./assets/images/tracklights/almach-12-07-coffee.webp
Almach 12,ATAS1523,48V DC,NA,2700K, CRI>97,L219*W21.5*H99mm,30°,12W,AJ/CG,ATAS1523/27/DGR,R-41231258,IS 10322 (PART 5/SEC 1) : 2012,15799,"Guangdong Sat Technology Co. Ltd., No. 11 Lianbao Rd, Shengfeng District, Xiaolan Town, Zhongshan City, Guangdong, China – 528400",./assets/images/tracklights/almach-12-09-dark-gray-default.webp
Almach 12,ATAS1523,48V DC,NA,3000K, CRI>97,L219*W21.5*H99mm,30°,12W,AJ/CG,ATAS1523/30/DGR,R-41231258,IS 10322 (PART 5/SEC 1) : 2012,15799,"Guangdong Sat Technology Co. Ltd., No. 11 Lianbao Rd, Shengfeng District, Xiaolan Town, Zhongshan City, Guangdong, China – 528400",./assets/images/tracklights/almach-12-09-dark-gray-default.webp
Almach 12,ATAS1523,48V DC,NA,3500K, CRI>97,L219*W21.5*H99mm,30°,12W,AJ/CG,ATAS1523/35/DGR,R-41231258,IS 10322 (PART 5/SEC 1) : 2012,15799,"Guangdong Sat Technology Co. Ltd., No. 11 Lianbao Rd, Shengfeng District, Xiaolan Town, Zhongshan City, Guangdong, China – 528400",./assets/images/tracklights/almach-12-09-dark-gray-default.webp
Almach 12,ATAS1523,48V DC,NA,40000K, CRI>97,L219*W21.5*H99mm,30°,12W,AJ/CG,ATAS1523/40/DGR,R-41231258,IS 10322 (PART 5/SEC 1) : 2012,15799,"Guangdong Sat Technology Co. Ltd., No. 11 Lianbao Rd, Shengfeng District, Xiaolan Town, Zhongshan City, Guangdong, China – 528400",./assets/images/tracklights/almach-12-09-dark-gray-default.webp
Almach 12,ATAS1523,48V DC,NA,5000K, CRI>97,L219*W21.5*H99mm,30°,12W,AJ/CG,ATAS1523/50/DGR,R-41231258,IS 10322 (PART 5/SEC 1) : 2012,15799,"Guangdong Sat Technology Co. Ltd., No. 11 Lianbao Rd, Shengfeng District, Xiaolan Town, Zhongshan City, Guangdong, China – 528400",./assets/images/tracklights/almach-12-09-dark-gray-default.webp
Almach 12,ATAS1523,48V DC,NA,2700K, CRI>97,L219*W21.5*H99mm,30°,12W,AJ/CG,ATAS1523/27/BB,R-41231258,IS 10322 (PART 5/SEC 1) : 2012,15799,"Guangdong Sat Technology Co. Ltd., No. 11 Lianbao Rd, Shengfeng District, Xiaolan Town, Zhongshan City, Guangdong, China – 528400",./assets/images/tracklights/almach-12-06-ballet-blue.webp
Almach 12,ATAS1523,48V DC,NA,3000K, CRI>97,L219*W21.5*H99mm,30°,12W,AJ/CG,ATAS1523/30/BB,R-41231258,IS 10322 (PART 5/SEC 1) : 2012,15799,"Guangdong Sat Technology Co. Ltd., No. 11 Lianbao Rd, Shengfeng District, Xiaolan Town, Zhongshan City, Guangdong, China – 528400",./assets/images/tracklights/almach-12-06-ballet-blue.webp
Almach 12,ATAS1523,48V DC,NA,3500K, CRI>97,L219*W21.5*H99mm,30°,12W,AJ/CG,ATAS1523/35/BB,R-41231258,IS 10322 (PART 5/SEC 1) : 2012,15799,"Guangdong Sat Technology Co. Ltd., No. 11 Lianbao Rd, Shengfeng District, Xiaolan Town, Zhongshan City, Guangdong, China – 528400",./assets/images/tracklights/almach-12-06-ballet-blue.webp
Almach 12,ATAS1523,48V DC,NA,40000K, CRI>97,L219*W21.5*H99mm,30°,12W,AJ/CG,ATAS1523/40/BB,R-41231258,IS 10322 (PART 5/SEC 1) : 2012,15799,"Guangdong Sat Technology Co. Ltd., No. 11 Lianbao Rd, Shengfeng District, Xiaolan Town, Zhongshan City, Guangdong, China – 528400",./assets/images/tracklights/almach-12-06-ballet-blue.webp
Almach 12,ATAS1523,48V DC,NA,5000K, CRI>97,L219*W21.5*H99mm,30°,12W,AJ/CG,ATAS1523/50/BB,R-41231258,IS 10322 (PART 5/SEC 1) : 2012,15799,"Guangdong Sat Technology Co. Ltd., No. 11 Lianbao Rd, Shengfeng District, Xiaolan Town, Zhongshan City, Guangdong, China – 528400",./assets/images/tracklights/almach-12-06-ballet-blue.webp
Almach 12,ATAS1523,48V DC,NA,2700K, CRI>97,L219*W21.5*H99mm,30°,12W,AJ/CG,ATAS1523/27/CH,R-41231258,IS 10322 (PART 5/SEC 1) : 2012,15799,"Guangdong Sat Technology Co. Ltd., No. 11 Lianbao Rd, Shengfeng District, Xiaolan Town, Zhongshan City, Guangdong, China – 528400",./assets/images/tracklights/almach-12-01-chrome.webp
Almach 12,ATAS1523,48V DC,NA,3000K, CRI>97,L219*W21.5*H99mm,30°,12W,AJ/CG,ATAS1523/30/CH,R-41231258,IS 10322 (PART 5/SEC 1) : 2012,15799,"Guangdong Sat Technology Co. Ltd., No. 11 Lianbao Rd, Shengfeng District, Xiaolan Town, Zhongshan City, Guangdong, China – 528400",./assets/images/tracklights/almach-12-01-chrome.webp
Almach 12,ATAS1523,48V DC,NA,3500K, CRI>97,L219*W21.5*H99mm,30°,12W,AJ/CG,ATAS1523/35/CH,R-41231258,IS 10322 (PART 5/SEC 1) : 2012,15799,"Guangdong Sat Technology Co. Ltd., No. 11 Lianbao Rd, Shengfeng District, Xiaolan Town, Zhongshan City, Guangdong, China – 528400",./assets/images/tracklights/almach-12-01-chrome.webp
Almach 12,ATAS1523,48V DC,NA,40000K, CRI>97,L219*W21.5*H99mm,30°,12W,AJ/CG,ATAS1523/40/CH,R-41231258,IS 10322 (PART 5/SEC 1) : 2012,15799,"Guangdong Sat Technology Co. Ltd., No. 11 Lianbao Rd, Shengfeng District, Xiaolan Town, Zhongshan City, Guangdong, China – 528400",./assets/images/tracklights/almach-12-01-chrome.webp
Almach 12,ATAS1523,48V DC,NA,5000K, CRI>97,L219*W21.5*H99mm,30°,12W,AJ/CG,ATAS1523/50/CH,R-41231258,IS 10322 (PART 5/SEC 1) : 2012,15799,"Guangdong Sat Technology Co. Ltd., No. 11 Lianbao Rd, Shengfeng District, Xiaolan Town, Zhongshan City, Guangdong, China – 528400",./assets/images/tracklights/almach-12-01-chrome.webp
Almach 12,ATAS1523,48V DC,NA,2700K, CRI>97,L219*W21.5*H99mm,30°,12W,AJ/CG,ATAS1523/27/CHB,R-41231258,IS 10322 (PART 5/SEC 1) : 2012,15799,"Guangdong Sat Technology Co. Ltd., No. 11 Lianbao Rd, Shengfeng District, Xiaolan Town, Zhongshan City, Guangdong, China – 528400",./assets/images/tracklights/almach-12-02-chrome-black.webp
Almach 12,ATAS1523,48V DC,NA,3000K, CRI>97,L219*W21.5*H99mm,30°,12W,AJ/CG,ATAS1523/30/CHB,R-41231258,IS 10322 (PART 5/SEC 1) : 2012,15799,"Guangdong Sat Technology Co. Ltd., No. 11 Lianbao Rd, Shengfeng District, Xiaolan Town, Zhongshan City, Guangdong, China – 528400",./assets/images/tracklights/almach-12-02-chrome-black.webp
Almach 12,ATAS1523,48V DC,NA,3500K, CRI>97,L219*W21.5*H99mm,30°,12W,AJ/CG,ATAS1523/35/CHB,R-41231258,IS 10322 (PART 5/SEC 1) : 2012,15799,"Guangdong Sat Technology Co. Ltd., No. 11 Lianbao Rd, Shengfeng District, Xiaolan Town, Zhongshan City, Guangdong, China – 528400",./assets/images/tracklights/almach-12-02-chrome-black.webp
Almach 12,ATAS1523,48V DC,NA,40000K, CRI>97,L219*W21.5*H99mm,30°,12W,AJ/CG,ATAS1523/40/CHB,R-41231258,IS 10322 (PART 5/SEC 1) : 2012,15799,"Guangdong Sat Technology Co. Ltd., No. 11 Lianbao Rd, Shengfeng District, Xiaolan Town, Zhongshan City, Guangdong, China – 528400",./assets/images/tracklights/almach-12-02-chrome-black.webp
Almach 12,ATAS1523,48V DC,NA,5000K, CRI>97,L219*W21.5*H99mm,30°,12W,AJ/CG,ATAS1523/50/CHB,R-41231258,IS 10322 (PART 5/SEC 1) : 2012,15799,"Guangdong Sat Technology Co. Ltd., No. 11 Lianbao Rd, Shengfeng District, Xiaolan Town, Zhongshan City, Guangdong, China – 528400",./assets/images/tracklights/almach-12-02-chrome-black.webp
Almach 12 Tunable,ATAS1523,48V DC,NA,2700K~6500K, CRI>97,L219*W21.5*H99mm,30°,12W,AJ/CG,ATAS1523/CT,R-41231258,IS 10322 (PART 5/SEC 1) : 2012,15999,"Guangdong Sat Technology Co. Ltd., No. 11 Lianbao Rd, Shengfeng District, Xiaolan Town, Zhongshan City, Guangdong, China – 528400",./assets/images/tracklights/almach-12-03-mat-black-default.webp
Almach 12 Tunable,ATAS1523,48V DC,NA,2700K~6500K, CRI>97,L219*W21.5*H99mm,30°,12W,AJ/CG,ATAS1523/CT/W,R-41231258,IS 10322 (PART 5/SEC 1) : 2012,15999,"Guangdong Sat Technology Co. Ltd., No. 11 Lianbao Rd, Shengfeng District, Xiaolan Town, Zhongshan City, Guangdong, China – 528400",./assets/images/tracklights/Almach-12-05-white-2nd.webp
Almach 12 Tunable,ATAS1523,48V DC,NA,2700K~6500K, CRI>97,L219*W21.5*H99mm,30°,12W,AJ/CG,ATAS1523/CT/CG,R-41231258,IS 10322 (PART 5/SEC 1) : 2012,16999,"Guangdong Sat Technology Co. Ltd., No. 11 Lianbao Rd, Shengfeng District, Xiaolan Town, Zhongshan City, Guangdong, China – 528400",./assets/images/tracklights/almach-12-04-champeing-gold.webp
Almach 12 Tunable,ATAS1523,48V DC,NA,2700K~6500K, CRI>97,L219*W21.5*H99mm,30°,12W,AJ/CG,ATAS1523/CT/RG,R-41231258,IS 10322 (PART 5/SEC 1) : 2012,16999,"Guangdong Sat Technology Co. Ltd., No. 11 Lianbao Rd, Shengfeng District, Xiaolan Town, Zhongshan City, Guangdong, China – 528400",./assets/images/tracklights/almach-12-08-rose-gold.webp
Almach 12 Tunable,ATAS1523,48V DC,NA,2700K~6500K, CRI>97,L219*W21.5*H99mm,30°,12W,AJ/CG,ATAS1523/CT/BR,R-41231258,IS 10322 (PART 5/SEC 1) : 2012,16999,"Guangdong Sat Technology Co. Ltd., No. 11 Lianbao Rd, Shengfeng District, Xiaolan Town, Zhongshan City, Guangdong, China – 528400",./assets/images/tracklights/Almach-12-10-brown.webp
Almach 12 Tunable,ATAS1523,48V DC,NA,2700K~6500K, CRI>97,L219*W21.5*H99mm,30°,12W,AJ/CG,ATAS1523/CT/COF,R-41231258,IS 10322 (PART 5/SEC 1) : 2012,16999,"Guangdong Sat Technology Co. Ltd., No. 11 Lianbao Rd, Shengfeng District, Xiaolan Town, Zhongshan City, Guangdong, China – 528400",./assets/images/tracklights/almach-12-07-coffee.webp
Almach 12 Tunable,ATAS1523,48V DC,NA,2700K~6500K, CRI>97,L219*W21.5*H99mm,30°,12W,AJ/CG,ATAS1523/CT/DGR,R-41231258,IS 10322 (PART 5/SEC 1) : 2012,16999,"Guangdong Sat Technology Co. Ltd., No. 11 Lianbao Rd, Shengfeng District, Xiaolan Town, Zhongshan City, Guangdong, China – 528400",./assets/images/tracklights/almach-12-09-dark-gray-default.webp
Almach 12 Tunable,ATAS1523,48V DC,NA,2700K~6500K, CRI>97,L219*W21.5*H99mm,30°,12W,AJ/CG,ATAS1523/CT/BB,R-41231258,IS 10322 (PART 5/SEC 1) : 2012,16999,"Guangdong Sat Technology Co. Ltd., No. 11 Lianbao Rd, Shengfeng District, Xiaolan Town, Zhongshan City, Guangdong, China – 528400",./assets/images/tracklights/almach-12-06-ballet-blue.webp
Almach 12 Tunable,ATAS1523,48V DC,NA,2700K~6500K, CRI>97,L219*W21.5*H99mm,30°,12W,AJ/CG,ATAS1523/CT/CH,R-41231258,IS 10322 (PART 5/SEC 1) : 2012,16999,"Guangdong Sat Technology Co. Ltd., No. 11 Lianbao Rd, Shengfeng District, Xiaolan Town, Zhongshan City, Guangdong, China – 528400",./assets/images/tracklights/almach-12-01-chrome.webp
Almach 12 Tunable,ATAS1523,48V DC,NA,2700K~6500K, CRI>97,L219*W21.5*H99mm,30°,12W,AJ/CG,ATAS1523/CT/CHB,R-41231258,IS 10322 (PART 5/SEC 1) : 2012,16999,"Guangdong Sat Technology Co. Ltd., No. 11 Lianbao Rd, Shengfeng District, Xiaolan Town, Zhongshan City, Guangdong, China – 528400",./assets/images/tracklights/almach-12-02-chrome-black.webp
Adhil 5,ATAS0535,48V DC,NA,2700K, CRI>97, φ36*75mm,15°,5W,AJ/CG,ATAS0535/27/15,R-41231258,IS 10322 (PART 5/SEC 1) : 2012,12299,"Guangdong Sat Technology Co. Ltd., No. 11 Lianbao Rd, Shengfeng District, Xiaolan Town, Zhongshan City, Guangdong, China – 528400",./assets/images/tracklights/adhil-5-03-mat-black-default.webp
Adhil 5,ATAS0535,48V DC,NA,3000K, CRI>97, φ36*75mm,15°,5W,AJ/CG,ATAS0535/30/15,R-41231258,IS 10322 (PART 5/SEC 1) : 2012,12299,"Guangdong Sat Technology Co. Ltd., No. 11 Lianbao Rd, Shengfeng District, Xiaolan Town, Zhongshan City, Guangdong, China – 528400",./assets/images/tracklights/adhil-5-03-mat-black-default.webp
Adhil 5,ATAS0535,48V DC,NA,3500K, CRI>97, φ36*75mm,15°,5W,AJ/CG,ATAS0535/35/15,R-41231258,IS 10322 (PART 5/SEC 1) : 2012,12299,"Guangdong Sat Technology Co. Ltd., No. 11 Lianbao Rd, Shengfeng District, Xiaolan Town, Zhongshan City, Guangdong, China – 528400",./assets/images/tracklights/adhil-5-03-mat-black-default.webp
Adhil 5,ATAS0535,48V DC,NA,40000K, CRI>97, φ36*75mm,15°,5W,AJ/CG,ATAS0535/40/15,R-41231258,IS 10322 (PART 5/SEC 1) : 2012,12299,"Guangdong Sat Technology Co. Ltd., No. 11 Lianbao Rd, Shengfeng District, Xiaolan Town, Zhongshan City, Guangdong, China – 528400",./assets/images/tracklights/adhil-5-03-mat-black-default.webp
Adhil 5,ATAS0535,48V DC,NA,5000K, CRI>97, φ36*75mm,15°,5W,AJ/CG,ATAS0535/50/15,R-41231258,IS 10322 (PART 5/SEC 1) : 2012,12299,"Guangdong Sat Technology Co. Ltd., No. 11 Lianbao Rd, Shengfeng District, Xiaolan Town, Zhongshan City, Guangdong, China – 528400",./assets/images/tracklights/adhil-5-03-mat-black-default.webp
Adhil 5,ATAS0535,48V DC,NA,2700K, CRI>97, φ36*75mm,24°,5W,AJ/CG,ATAS0535/27/24,R-41231258,IS 10322 (PART 5/SEC 1) : 2012,12299,"Guangdong Sat Technology Co. Ltd., No. 11 Lianbao Rd, Shengfeng District, Xiaolan Town, Zhongshan City, Guangdong, China – 528400",./assets/images/tracklights/adhil-5-03-mat-black-default.webp
Adhil 5,ATAS0535,48V DC,NA,3000K, CRI>97, φ36*75mm,24°,5W,AJ/CG,ATAS0535/30/24,R-41231258,IS 10322 (PART 5/SEC 1) : 2012,12299,"Guangdong Sat Technology Co. Ltd., No. 11 Lianbao Rd, Shengfeng District, Xiaolan Town, Zhongshan City, Guangdong, China – 528400",./assets/images/tracklights/adhil-5-03-mat-black-default.webp
Adhil 5,ATAS0535,48V DC,NA,3500K, CRI>97, φ36*75mm,24°,5W,AJ/CG,ATAS0535/35/24,R-41231258,IS 10322 (PART 5/SEC 1) : 2012,12299,"Guangdong Sat Technology Co. Ltd., No. 11 Lianbao Rd, Shengfeng District, Xiaolan Town, Zhongshan City, Guangdong, China – 528400",./assets/images/tracklights/adhil-5-03-mat-black-default.webp
Adhil 5,ATAS0535,48V DC,NA,40000K, CRI>97, φ36*75mm,24°,5W,AJ/CG,ATAS0535/40/24,R-41231258,IS 10322 (PART 5/SEC 1) : 2012,12299,"Guangdong Sat Technology Co. Ltd., No. 11 Lianbao Rd, Shengfeng District, Xiaolan Town, Zhongshan City, Guangdong, China – 528400",./assets/images/tracklights/adhil-5-03-mat-black-default.webp
Adhil 5,ATAS0535,48V DC,NA,5000K, CRI>97, φ36*75mm,24°,5W,AJ/CG,ATAS0535/50/24,R-41231258,IS 10322 (PART 5/SEC 1) : 2012,12299,"Guangdong Sat Technology Co. Ltd., No. 11 Lianbao Rd, Shengfeng District, Xiaolan Town, Zhongshan City, Guangdong, China – 528400",./assets/images/tracklights/adhil-5-03-mat-black-default.webp
Adhil 5,ATAS0535,48V DC,NA,2700K, CRI>97, φ36*75mm,36°,5W,AJ/CG,ATAS0535/27/36,R-41231258,IS 10322 (PART 5/SEC 1) : 2012,12299,"Guangdong Sat Technology Co. Ltd., No. 11 Lianbao Rd, Shengfeng District, Xiaolan Town, Zhongshan City, Guangdong, China – 528400",./assets/images/tracklights/adhil-5-03-mat-black-default.webp
Adhil 5,ATAS0535,48V DC,NA,, CRI>97, φ36*75mm,36°,5W,AJ/CG,ATAS0535/30/36,R-41231258,IS 10322 (PART 5/SEC 1) : 2012,12299,"Guangdong Sat Technology Co. Ltd., No. 11 Lianbao Rd, Shengfeng District, Xiaolan Town, Zhongshan City, Guangdong, China – 528400",./assets/images/tracklights/adhil-5-03-mat-black-default.webp
Adhil 5,ATAS0535,48V DC,NA,3500K, CRI>97, φ36*75mm,36°,5W,AJ/CG,ATAS0535/35/36,R-41231258,IS 10322 (PART 5/SEC 1) : 2012,12299,"Guangdong Sat Technology Co. Ltd., No. 11 Lianbao Rd, Shengfeng District, Xiaolan Town, Zhongshan City, Guangdong, China – 528400",./assets/images/tracklights/adhil-5-03-mat-black-default.webp
Adhil 5,ATAS0535,48V DC,NA,40000K, CRI>97, φ36*75mm,36°,5W,AJ/CG,ATAS0535/40/36,R-41231258,IS 10322 (PART 5/SEC 1) : 2012,12299,"Guangdong Sat Technology Co. Ltd., No. 11 Lianbao Rd, Shengfeng District, Xiaolan Town, Zhongshan City, Guangdong, China – 528400",./assets/images/tracklights/adhil-5-03-mat-black-default.webp
Adhil 5,ATAS0535,48V DC,NA,5000K, CRI>97, φ36*75mm,36°,5W,AJ/CG,ATAS0535/50/36,R-41231258,IS 10322 (PART 5/SEC 1) : 2012,12299,"Guangdong Sat Technology Co. Ltd., No. 11 Lianbao Rd, Shengfeng District, Xiaolan Town, Zhongshan City, Guangdong, China – 528400",./assets/images/tracklights/adhil-5-03-mat-black-default.webp
Adhil 5,ATAS0535,48V DC,NA,2700K, CRI>97, φ36*75mm,15°,5W,AJ/CG,ATAS0535/27/15/W,R-41231258,IS 10322 (PART 5/SEC 1) : 2012,12299,"Guangdong Sat Technology Co. Ltd., No. 11 Lianbao Rd, Shengfeng District, Xiaolan Town, Zhongshan City, Guangdong, China – 528400",./assets/images/tracklights/adhil-5-05-white-2.webp
Adhil 5,ATAS0535,48V DC,NA,3000K, CRI>97, φ36*75mm,15°,5W,AJ/CG,ATAS0535/30/15/W,R-41231258,IS 10322 (PART 5/SEC 1) : 2012,12299,"Guangdong Sat Technology Co. Ltd., No. 11 Lianbao Rd, Shengfeng District, Xiaolan Town, Zhongshan City, Guangdong, China – 528400",./assets/images/tracklights/adhil-5-05-white-2.webp
Adhil 5,ATAS0535,48V DC,NA,3500K, CRI>97, φ36*75mm,15°,5W,AJ/CG,ATAS0535/35/15/W,R-41231258,IS 10322 (PART 5/SEC 1) : 2012,12299,"Guangdong Sat Technology Co. Ltd., No. 11 Lianbao Rd, Shengfeng District, Xiaolan Town, Zhongshan City, Guangdong, China – 528400",./assets/images/tracklights/adhil-5-05-white-2.webp
Adhil 5,ATAS0535,48V DC,NA,40000K, CRI>97, φ36*75mm,15°,5W,AJ/CG,ATAS0535/40/15/W,R-41231258,IS 10322 (PART 5/SEC 1) : 2012,12299,"Guangdong Sat Technology Co. Ltd., No. 11 Lianbao Rd, Shengfeng District, Xiaolan Town, Zhongshan City, Guangdong, China – 528400",./assets/images/tracklights/adhil-5-05-white-2.webp
Adhil 5,ATAS0535,48V DC,NA,5000K, CRI>97, φ36*75mm,15°,5W,AJ/CG,ATAS0535/50/15/W,R-41231258,IS 10322 (PART 5/SEC 1) : 2012,12299,"Guangdong Sat Technology Co. Ltd., No. 11 Lianbao Rd, Shengfeng District, Xiaolan Town, Zhongshan City, Guangdong, China – 528400",./assets/images/tracklights/adhil-5-05-white-2.webp
Adhil 5,ATAS0535,48V DC,NA,2700K, CRI>97, φ36*75mm,24°,5W,AJ/CG,ATAS0535/27/24/W,R-41231258,IS 10322 (PART 5/SEC 1) : 2012,12299,"Guangdong Sat Technology Co. Ltd., No. 11 Lianbao Rd, Shengfeng District, Xiaolan Town, Zhongshan City, Guangdong, China – 528400",./assets/images/tracklights/adhil-5-05-white-2.webp
Adhil 5,ATAS0535,48V DC,NA,3000K, CRI>97, φ36*75mm,24°,5W,AJ/CG,ATAS0535/30/24/W,R-41231258,IS 10322 (PART 5/SEC 1) : 2012,12299,"Guangdong Sat Technology Co. Ltd., No. 11 Lianbao Rd, Shengfeng District, Xiaolan Town, Zhongshan City, Guangdong, China – 528400",./assets/images/tracklights/adhil-5-05-white-2.webp
Adhil 5,ATAS0535,48V DC,NA,3500K, CRI>97, φ36*75mm,24°,5W,AJ/CG,ATAS0535/35/24/W,R-41231258,IS 10322 (PART 5/SEC 1) : 2012,12299,"Guangdong Sat Technology Co. Ltd., No. 11 Lianbao Rd, Shengfeng District, Xiaolan Town, Zhongshan City, Guangdong, China – 528400",./assets/images/tracklights/adhil-5-05-white-2.webp
Adhil 5,ATAS0535,48V DC,NA,40000K, CRI>97, φ36*75mm,24°,5W,AJ/CG,ATAS0535/40/24/W,R-41231258,IS 10322 (PART 5/SEC 1) : 2012,12299,"Guangdong Sat Technology Co. Ltd., No. 11 Lianbao Rd, Shengfeng District, Xiaolan Town, Zhongshan City, Guangdong, China – 528400",./assets/images/tracklights/adhil-5-05-white-2.webp
Adhil 5,ATAS0535,48V DC,NA,5000K, CRI>97, φ36*75mm,24°,5W,AJ/CG,ATAS0535/50/24/W,R-41231258,IS 10322 (PART 5/SEC 1) : 2012,12299,"Guangdong Sat Technology Co. Ltd., No. 11 Lianbao Rd, Shengfeng District, Xiaolan Town, Zhongshan City, Guangdong, China – 528400",./assets/images/tracklights/adhil-5-05-white-2.webp
Adhil 5,ATAS0535,48V DC,NA,2700K, CRI>97, φ36*75mm,36°,5W,AJ/CG,ATAS0535/27/36/W,R-41231258,IS 10322 (PART 5/SEC 1) : 2012,12299,"Guangdong Sat Technology Co. Ltd., No. 11 Lianbao Rd, Shengfeng District, Xiaolan Town, Zhongshan City, Guangdong, China – 528400",./assets/images/tracklights/adhil-5-05-white-2.webp
Adhil 5,ATAS0535,48V DC,NA,3000K, CRI>97, φ36*75mm,36°,5W,AJ/CG,ATAS0535/30/36/W,R-41231258,IS 10322 (PART 5/SEC 1) : 2012,12299,"Guangdong Sat Technology Co. Ltd., No. 11 Lianbao Rd, Shengfeng District, Xiaolan Town, Zhongshan City, Guangdong, China – 528400",./assets/images/tracklights/adhil-5-05-white-2.webp
Adhil 5,ATAS0535,48V DC,NA,3500K, CRI>97, φ36*75mm,36°,5W,AJ/CG,ATAS0535/35/36/W,R-41231258,IS 10322 (PART 5/SEC 1) : 2012,12299,"Guangdong Sat Technology Co. Ltd., No. 11 Lianbao Rd, Shengfeng District, Xiaolan Town, Zhongshan City, Guangdong, China – 528400",./assets/images/tracklights/adhil-5-05-white-2.webp
Adhil 5,ATAS0535,48V DC,NA,40000K, CRI>97, φ36*75mm,36°,5W,AJ/CG,ATAS0535/40/36/W,R-41231258,IS 10322 (PART 5/SEC 1) : 2012,12299,"Guangdong Sat Technology Co. Ltd., No. 11 Lianbao Rd, Shengfeng District, Xiaolan Town, Zhongshan City, Guangdong, China – 528400",./assets/images/tracklights/adhil-5-05-white-2.webp
Adhil 5,ATAS0535,48V DC,NA,5000K, CRI>97, φ36*75mm,36°,5W,AJ/CG,ATAS0535/50/36/W,R-41231258,IS 10322 (PART 5/SEC 1) : 2012,12299,"Guangdong Sat Technology Co. Ltd., No. 11 Lianbao Rd, Shengfeng District, Xiaolan Town, Zhongshan City, Guangdong, China – 528400",./assets/images/tracklights/adhil-5-05-white-2.webp
Adhil 5,ATAS0535,48V DC,NA,2700K, CRI>97, φ36*75mm,15°,5W,AJ/CG,ATAS0535/27/15/CG,R-41231258,IS 10322 (PART 5/SEC 1) : 2012,13299,"Guangdong Sat Technology Co. Ltd., No. 11 Lianbao Rd, Shengfeng District, Xiaolan Town, Zhongshan City, Guangdong, China – 528400",./assets/images/tracklights/adhil-5-04-champeing-gold.webp
Adhil 5,ATAS0535,48V DC,NA,3000K, CRI>97, φ36*75mm,15°,5W,AJ/CG,ATAS0535/30/15/CG,R-41231258,IS 10322 (PART 5/SEC 1) : 2012,13299,"Guangdong Sat Technology Co. Ltd., No. 11 Lianbao Rd, Shengfeng District, Xiaolan Town, Zhongshan City, Guangdong, China – 528400",./assets/images/tracklights/adhil-5-04-champeing-gold.webp
Adhil 5,ATAS0535,48V DC,NA,3500K, CRI>97, φ36*75mm,15°,5W,AJ/CG,ATAS0535/35/15/CG,R-41231258,IS 10322 (PART 5/SEC 1) : 2012,13299,"Guangdong Sat Technology Co. Ltd., No. 11 Lianbao Rd, Shengfeng District, Xiaolan Town, Zhongshan City, Guangdong, China – 528400",./assets/images/tracklights/adhil-5-04-champeing-gold.webp
Adhil 5,ATAS0535,48V DC,NA,40000K, CRI>97, φ36*75mm,15°,5W,AJ/CG,ATAS0535/40/15/CG,R-41231258,IS 10322 (PART 5/SEC 1) : 2012,13299,"Guangdong Sat Technology Co. Ltd., No. 11 Lianbao Rd, Shengfeng District, Xiaolan Town, Zhongshan City, Guangdong, China – 528400",./assets/images/tracklights/adhil-5-04-champeing-gold.webp
Adhil 5,ATAS0535,48V DC,NA,5000K, CRI>97, φ36*75mm,15°,5W,AJ/CG,ATAS0535/50/15/CG,R-41231258,IS 10322 (PART 5/SEC 1) : 2012,13299,"Guangdong Sat Technology Co. Ltd., No. 11 Lianbao Rd, Shengfeng District, Xiaolan Town, Zhongshan City, Guangdong, China – 528400",./assets/images/tracklights/adhil-5-04-champeing-gold.webp
Adhil 5,ATAS0535,48V DC,NA,2700K, CRI>97, φ36*75mm,24°,5W,AJ/CG,ATAS0535/27/24/CG,R-41231258,IS 10322 (PART 5/SEC 1) : 2012,13299,"Guangdong Sat Technology Co. Ltd., No. 11 Lianbao Rd, Shengfeng District, Xiaolan Town, Zhongshan City, Guangdong, China – 528400",./assets/images/tracklights/adhil-5-04-champeing-gold.webp
Adhil 5,ATAS0535,48V DC,NA,3000K, CRI>97, φ36*75mm,24°,5W,AJ/CG,ATAS0535/30/24/CG,R-41231258,IS 10322 (PART 5/SEC 1) : 2012,13299,"Guangdong Sat Technology Co. Ltd., No. 11 Lianbao Rd, Shengfeng District, Xiaolan Town, Zhongshan City, Guangdong, China – 528400",./assets/images/tracklights/adhil-5-04-champeing-gold.webp
Adhil 5,ATAS0535,48V DC,NA,3500K, CRI>97, φ36*75mm,24°,5W,AJ/CG,ATAS0535/35/24/CG,R-41231258,IS 10322 (PART 5/SEC 1) : 2012,13299,"Guangdong Sat Technology Co. Ltd., No. 11 Lianbao Rd, Shengfeng District, Xiaolan Town, Zhongshan City, Guangdong, China – 528400",./assets/images/tracklights/adhil-5-04-champeing-gold.webp
Adhil 5,ATAS0535,48V DC,NA,40000K, CRI>97, φ36*75mm,24°,5W,AJ/CG,ATAS0535/40/24/CG,R-41231258,IS 10322 (PART 5/SEC 1) : 2012,13299,"Guangdong Sat Technology Co. Ltd., No. 11 Lianbao Rd, Shengfeng District, Xiaolan Town, Zhongshan City, Guangdong, China – 528400",./assets/images/tracklights/adhil-5-04-champeing-gold.webp
Adhil 5,ATAS0535,48V DC,NA,5000K, CRI>97, φ36*75mm,24°,5W,AJ/CG,ATAS0535/50/24/CG,R-41231258,IS 10322 (PART 5/SEC 1) : 2012,13299,"Guangdong Sat Technology Co. Ltd., No. 11 Lianbao Rd, Shengfeng District, Xiaolan Town, Zhongshan City, Guangdong, China – 528400",./assets/images/tracklights/adhil-5-04-champeing-gold.webp
Adhil 5,ATAS0535,48V DC,NA,2700K, CRI>97, φ36*75mm,36°,5W,AJ/CG,ATAS0535/27/36/CG,R-41231258,IS 10322 (PART 5/SEC 1) : 2012,13299,"Guangdong Sat Technology Co. Ltd., No. 11 Lianbao Rd, Shengfeng District, Xiaolan Town, Zhongshan City, Guangdong, China – 528400",./assets/images/tracklights/adhil-5-04-champeing-gold.webp
Adhil 5,ATAS0535,48V DC,NA,3000K, CRI>97, φ36*75mm,36°,5W,AJ/CG,ATAS0535/30/36/CG,R-41231258,IS 10322 (PART 5/SEC 1) : 2012,13299,"Guangdong Sat Technology Co. Ltd., No. 11 Lianbao Rd, Shengfeng District, Xiaolan Town, Zhongshan City, Guangdong, China – 528400",./assets/images/tracklights/adhil-5-04-champeing-gold.webp
Adhil 5,ATAS0535,48V DC,NA,3500K, CRI>97, φ36*75mm,36°,5W,AJ/CG,ATAS0535/35/36/CG,R-41231258,IS 10322 (PART 5/SEC 1) : 2012,13299,"Guangdong Sat Technology Co. Ltd., No. 11 Lianbao Rd, Shengfeng District, Xiaolan Town, Zhongshan City, Guangdong, China – 528400",./assets/images/tracklights/adhil-5-04-champeing-gold.webp
Adhil 5,ATAS0535,48V DC,NA,40000K, CRI>97, φ36*75mm,36°,5W,AJ/CG,ATAS0535/40/36/CG,R-41231258,IS 10322 (PART 5/SEC 1) : 2012,13299,"Guangdong Sat Technology Co. Ltd., No. 11 Lianbao Rd, Shengfeng District, Xiaolan Town, Zhongshan City, Guangdong, China – 528400",./assets/images/tracklights/adhil-5-04-champeing-gold.webp
Adhil 5,ATAS0535,48V DC,NA,5000K, CRI>97, φ36*75mm,36°,5W,AJ/CG,ATAS0535/50/36/CG,R-41231258,IS 10322 (PART 5/SEC 1) : 2012,13299,"Guangdong Sat Technology Co. Ltd., No. 11 Lianbao Rd, Shengfeng District, Xiaolan Town, Zhongshan City, Guangdong, China – 528400",./assets/images/tracklights/adhil-5-04-champeing-gold.webp
Adhil 5,ATAS0535,48V DC,NA,2700K, CRI>97, φ36*75mm,15°,5W,AJ/CG,ATAS0535/27/15/RG,R-41231258,IS 10322 (PART 5/SEC 1) : 2012,13299,"Guangdong Sat Technology Co. Ltd., No. 11 Lianbao Rd, Shengfeng District, Xiaolan Town, Zhongshan City, Guangdong, China – 528400",./assets/images/tracklights/adhil-5-08-rose-gold.webp
Adhil 5,ATAS0535,48V DC,NA,3000K, CRI>97, φ36*75mm,15°,5W,AJ/CG,ATAS0535/30/15/RG,R-41231258,IS 10322 (PART 5/SEC 1) : 2012,13299,"Guangdong Sat Technology Co. Ltd., No. 11 Lianbao Rd, Shengfeng District, Xiaolan Town, Zhongshan City, Guangdong, China – 528400",./assets/images/tracklights/adhil-5-08-rose-gold.webp
Adhil 5,ATAS0535,48V DC,NA,3500K, CRI>97, φ36*75mm,15°,5W,AJ/CG,ATAS0535/35/15/RG,R-41231258,IS 10322 (PART 5/SEC 1) : 2012,13299,"Guangdong Sat Technology Co. Ltd., No. 11 Lianbao Rd, Shengfeng District, Xiaolan Town, Zhongshan City, Guangdong, China – 528400",./assets/images/tracklights/adhil-5-08-rose-gold.webp
Adhil 5,ATAS0535,48V DC,NA,40000K, CRI>97, φ36*75mm,15°,5W,AJ/CG,ATAS0535/40/15/RG,R-41231258,IS 10322 (PART 5/SEC 1) : 2012,13299,"Guangdong Sat Technology Co. Ltd., No. 11 Lianbao Rd, Shengfeng District, Xiaolan Town, Zhongshan City, Guangdong, China – 528400",./assets/images/tracklights/adhil-5-08-rose-gold.webp
Adhil 5,ATAS0535,48V DC,NA,5000K, CRI>97, φ36*75mm,15°,5W,AJ/CG,ATAS0535/50/15/RG,R-41231258,IS 10322 (PART 5/SEC 1) : 2012,13299,"Guangdong Sat Technology Co. Ltd., No. 11 Lianbao Rd, Shengfeng District, Xiaolan Town, Zhongshan City, Guangdong, China – 528400",./assets/images/tracklights/adhil-5-08-rose-gold.webp
Adhil 5,ATAS0535,48V DC,NA,2700K, CRI>97, φ36*75mm,24°,5W,AJ/CG,ATAS0535/27/24/RG,R-41231258,IS 10322 (PART 5/SEC 1) : 2012,13299,"Guangdong Sat Technology Co. Ltd., No. 11 Lianbao Rd, Shengfeng District, Xiaolan Town, Zhongshan City, Guangdong, China – 528400",./assets/images/tracklights/adhil-5-08-rose-gold.webp
Adhil 5,ATAS0535,48V DC,NA,3000K, CRI>97, φ36*75mm,24°,5W,AJ/CG,ATAS0535/30/24/RG,R-41231258,IS 10322 (PART 5/SEC 1) : 2012,13299,"Guangdong Sat Technology Co. Ltd., No. 11 Lianbao Rd, Shengfeng District, Xiaolan Town, Zhongshan City, Guangdong, China – 528400",./assets/images/tracklights/adhil-5-08-rose-gold.webp
Adhil 5,ATAS0535,48V DC,NA,3500K, CRI>97, φ36*75mm,24°,5W,AJ/CG,ATAS0535/35/24/RG,R-41231258,IS 10322 (PART 5/SEC 1) : 2012,13299,"Guangdong Sat Technology Co. Ltd., No. 11 Lianbao Rd, Shengfeng District, Xiaolan Town, Zhongshan City, Guangdong, China – 528400",./assets/images/tracklights/adhil-5-08-rose-gold.webp
Adhil 5,ATAS0535,48V DC,NA,40000K, CRI>97, φ36*75mm,24°,5W,AJ/CG,ATAS0535/40/24/RG,R-41231258,IS 10322 (PART 5/SEC 1) : 2012,13299,"Guangdong Sat Technology Co. Ltd., No. 11 Lianbao Rd, Shengfeng District, Xiaolan Town, Zhongshan City, Guangdong, China – 528400",./assets/images/tracklights/adhil-5-08-rose-gold.webp
Adhil 5,ATAS0535,48V DC,NA,5000K, CRI>97, φ36*75mm,24°,5W,AJ/CG,ATAS0535/50/24/RG,R-41231258,IS 10322 (PART 5/SEC 1) : 2012,13299,"Guangdong Sat Technology Co. Ltd., No. 11 Lianbao Rd, Shengfeng District, Xiaolan Town, Zhongshan City, Guangdong, China – 528400",./assets/images/tracklights/adhil-5-08-rose-gold.webp
Adhil 5,ATAS0535,48V DC,NA,2700K, CRI>97, φ36*75mm,36°,5W,AJ/CG,ATAS0535/27/36/RG,R-41231258,IS 10322 (PART 5/SEC 1) : 2012,13299,"Guangdong Sat Technology Co. Ltd., No. 11 Lianbao Rd, Shengfeng District, Xiaolan Town, Zhongshan City, Guangdong, China – 528400",./assets/images/tracklights/adhil-5-08-rose-gold.webp
Adhil 5,ATAS0535,48V DC,NA,3000K, CRI>97, φ36*75mm,36°,5W,AJ/CG,ATAS0535/30/36/RG,R-41231258,IS 10322 (PART 5/SEC 1) : 2012,13299,"Guangdong Sat Technology Co. Ltd., No. 11 Lianbao Rd, Shengfeng District, Xiaolan Town, Zhongshan City, Guangdong, China – 528400",./assets/images/tracklights/adhil-5-08-rose-gold.webp
Adhil 5,ATAS0535,48V DC,NA,3500K, CRI>97, φ36*75mm,36°,5W,AJ/CG,ATAS0535/35/36/RG,R-41231258,IS 10322 (PART 5/SEC 1) : 2012,13299,"Guangdong Sat Technology Co. Ltd., No. 11 Lianbao Rd, Shengfeng District, Xiaolan Town, Zhongshan City, Guangdong, China – 528400",./assets/images/tracklights/adhil-5-08-rose-gold.webp
Adhil 5,ATAS0535,48V DC,NA,40000K, CRI>97, φ36*75mm,36°,5W,AJ/CG,ATAS0535/40/36/RG,R-41231258,IS 10322 (PART 5/SEC 1) : 2012,13299,"Guangdong Sat Technology Co. Ltd., No. 11 Lianbao Rd, Shengfeng District, Xiaolan Town, Zhongshan City, Guangdong, China – 528400",./assets/images/tracklights/adhil-5-08-rose-gold.webp
Adhil 5,ATAS0535,48V DC,NA,5000K, CRI>97, φ36*75mm,36°,5W,AJ/CG,ATAS0535/50/36/RG,R-41231258,IS 10322 (PART 5/SEC 1) : 2012,13299,"Guangdong Sat Technology Co. Ltd., No. 11 Lianbao Rd, Shengfeng District, Xiaolan Town, Zhongshan City, Guangdong, China – 528400",./assets/images/tracklights/adhil-5-08-rose-gold.webp
Adhil 5,ATAS0535,48V DC,NA,2700K, CRI>97, φ36*75mm,15°,5W,AJ/CG,ATAS0535/27/15/BR,R-41231258,IS 10322 (PART 5/SEC 1) : 2012,13299,"Guangdong Sat Technology Co. Ltd., No. 11 Lianbao Rd, Shengfeng District, Xiaolan Town, Zhongshan City, Guangdong, China – 528400",./assets/images/tracklights/adhil-5-10-brown.webp
Adhil 5,ATAS0535,48V DC,NA,3000K, CRI>97, φ36*75mm,15°,5W,AJ/CG,ATAS0535/30/15/BR,R-41231258,IS 10322 (PART 5/SEC 1) : 2012,13299,"Guangdong Sat Technology Co. Ltd., No. 11 Lianbao Rd, Shengfeng District, Xiaolan Town, Zhongshan City, Guangdong, China – 528400",./assets/images/tracklights/adhil-5-10-brown.webp
Adhil 5,ATAS0535,48V DC,NA,3500K, CRI>97, φ36*75mm,15°,5W,AJ/CG,ATAS0535/35/15/BR,R-41231258,IS 10322 (PART 5/SEC 1) : 2012,13299,"Guangdong Sat Technology Co. Ltd., No. 11 Lianbao Rd, Shengfeng District, Xiaolan Town, Zhongshan City, Guangdong, China – 528400",./assets/images/tracklights/adhil-5-10-brown.webp
Adhil 5,ATAS0535,48V DC,NA,40000K, CRI>97, φ36*75mm,15°,5W,AJ/CG,ATAS0535/40/15/BR,R-41231258,IS 10322 (PART 5/SEC 1) : 2012,13299,"Guangdong Sat Technology Co. Ltd., No. 11 Lianbao Rd, Shengfeng District, Xiaolan Town, Zhongshan City, Guangdong, China – 528400",./assets/images/tracklights/adhil-5-10-brown.webp
Adhil 5,ATAS0535,48V DC,NA,5000K, CRI>97, φ36*75mm,15°,5W,AJ/CG,ATAS0535/50/15/BR,R-41231258,IS 10322 (PART 5/SEC 1) : 2012,13299,"Guangdong Sat Technology Co. Ltd., No. 11 Lianbao Rd, Shengfeng District, Xiaolan Town, Zhongshan City, Guangdong, China – 528400",./assets/images/tracklights/adhil-5-10-brown.webp
Adhil 5,ATAS0535,48V DC,NA,2700K, CRI>97, φ36*75mm,24°,5W,AJ/CG,ATAS0535/27/24/BR,R-41231258,IS 10322 (PART 5/SEC 1) : 2012,13299,"Guangdong Sat Technology Co. Ltd., No. 11 Lianbao Rd, Shengfeng District, Xiaolan Town, Zhongshan City, Guangdong, China – 528400",./assets/images/tracklights/adhil-5-10-brown.webp
Adhil 5,ATAS0535,48V DC,NA,3000K, CRI>97, φ36*75mm,24°,5W,AJ/CG,ATAS0535/30/24/BR,R-41231258,IS 10322 (PART 5/SEC 1) : 2012,13299,"Guangdong Sat Technology Co. Ltd., No. 11 Lianbao Rd, Shengfeng District, Xiaolan Town, Zhongshan City, Guangdong, China – 528400",./assets/images/tracklights/adhil-5-10-brown.webp
Adhil 5,ATAS0535,48V DC,NA,3500K, CRI>97, φ36*75mm,24°,5W,AJ/CG,ATAS0535/35/24/BR,R-41231258,IS 10322 (PART 5/SEC 1) : 2012,13299,"Guangdong Sat Technology Co. Ltd., No. 11 Lianbao Rd, Shengfeng District, Xiaolan Town, Zhongshan City, Guangdong, China – 528400",./assets/images/tracklights/adhil-5-10-brown.webp
Adhil 5,ATAS0535,48V DC,NA,40000K, CRI>97, φ36*75mm,24°,5W,AJ/CG,ATAS0535/40/24/BR,R-41231258,IS 10322 (PART 5/SEC 1) : 2012,13299,"Guangdong Sat Technology Co. Ltd., No. 11 Lianbao Rd, Shengfeng District, Xiaolan Town, Zhongshan City, Guangdong, China – 528400",./assets/images/tracklights/adhil-5-10-brown.webp
Adhil 5,ATAS0535,48V DC,NA,5000K, CRI>97, φ36*75mm,24°,5W,AJ/CG,ATAS0535/50/24/BR,R-41231258,IS 10322 (PART 5/SEC 1) : 2012,13299,"Guangdong Sat Technology Co. Ltd., No. 11 Lianbao Rd, Shengfeng District, Xiaolan Town, Zhongshan City, Guangdong, China – 528400",./assets/images/tracklights/adhil-5-10-brown.webp
Adhil 5,ATAS0535,48V DC,NA,2700K, CRI>97, φ36*75mm,36°,5W,AJ/CG,ATAS0535/27/36/BR,R-41231258,IS 10322 (PART 5/SEC 1) : 2012,13299,"Guangdong Sat Technology Co. Ltd., No. 11 Lianbao Rd, Shengfeng District, Xiaolan Town, Zhongshan City, Guangdong, China – 528400",./assets/images/tracklights/adhil-5-10-brown.webp
Adhil 5,ATAS0535,48V DC,NA,3000K, CRI>97, φ36*75mm,36°,5W,AJ/CG,ATAS0535/30/36/BR,R-41231258,IS 10322 (PART 5/SEC 1) : 2012,13299,"Guangdong Sat Technology Co. Ltd., No. 11 Lianbao Rd, Shengfeng District, Xiaolan Town, Zhongshan City, Guangdong, China – 528400",./assets/images/tracklights/adhil-5-10-brown.webp
Adhil 5,ATAS0535,48V DC,NA,3500K, CRI>97, φ36*75mm,36°,5W,AJ/CG,ATAS0535/35/36/BR,R-41231258,IS 10322 (PART 5/SEC 1) : 2012,13299,"Guangdong Sat Technology Co. Ltd., No. 11 Lianbao Rd, Shengfeng District, Xiaolan Town, Zhongshan City, Guangdong, China – 528400",./assets/images/tracklights/adhil-5-10-brown.webp
Adhil 5,ATAS0535,48V DC,NA,40000K, CRI>97, φ36*75mm,36°,5W,AJ/CG,ATAS0535/40/36/BR,R-41231258,IS 10322 (PART 5/SEC 1) : 2012,13299,"Guangdong Sat Technology Co. Ltd., No. 11 Lianbao Rd, Shengfeng District, Xiaolan Town, Zhongshan City, Guangdong, China – 528400",./assets/images/tracklights/adhil-5-10-brown.webp
Adhil 5,ATAS0535,48V DC,NA,5000K, CRI>97, φ36*75mm,36°,5W,AJ/CG,ATAS0535/50/36/BR,R-41231258,IS 10322 (PART 5/SEC 1) : 2012,13299,"Guangdong Sat Technology Co. Ltd., No. 11 Lianbao Rd, Shengfeng District, Xiaolan Town, Zhongshan City, Guangdong, China – 528400",./assets/images/tracklights/adhil-5-10-brown.webp
Adhil 5,ATAS0535,48V DC,NA,2700K, CRI>97, φ36*75mm,15°,5W,AJ/CG,ATAS0535/27/15/COF,R-41231258,IS 10322 (PART 5/SEC 1) : 2012,13299,"Guangdong Sat Technology Co. Ltd., No. 11 Lianbao Rd, Shengfeng District, Xiaolan Town, Zhongshan City, Guangdong, China – 528400",./assets/images/tracklights/adhil-5-07-coffee.webp
Adhil 5,ATAS0535,48V DC,NA,3000K, CRI>97, φ36*75mm,15°,5W,AJ/CG,ATAS0535/30/15/COF,R-41231258,IS 10322 (PART 5/SEC 1) : 2012,13299,"Guangdong Sat Technology Co. Ltd., No. 11 Lianbao Rd, Shengfeng District, Xiaolan Town, Zhongshan City, Guangdong, China – 528400",./assets/images/tracklights/adhil-5-07-coffee.webp
Adhil 5,ATAS0535,48V DC,NA,3500K, CRI>97, φ36*75mm,15°,5W,AJ/CG,ATAS0535/35/15/COF,R-41231258,IS 10322 (PART 5/SEC 1) : 2012,13299,"Guangdong Sat Technology Co. Ltd., No. 11 Lianbao Rd, Shengfeng District, Xiaolan Town, Zhongshan City, Guangdong, China – 528400",./assets/images/tracklights/adhil-5-07-coffee.webp
Adhil 5,ATAS0535,48V DC,NA,40000K, CRI>97, φ36*75mm,15°,5W,AJ/CG,ATAS0535/40/15/COF,R-41231258,IS 10322 (PART 5/SEC 1) : 2012,13299,"Guangdong Sat Technology Co. Ltd., No. 11 Lianbao Rd, Shengfeng District, Xiaolan Town, Zhongshan City, Guangdong, China – 528400",./assets/images/tracklights/adhil-5-07-coffee.webp
Adhil 5,ATAS0535,48V DC,NA,5000K, CRI>97, φ36*75mm,15°,5W,AJ/CG,ATAS0535/50/15/COF,R-41231258,IS 10322 (PART 5/SEC 1) : 2012,13299,"Guangdong Sat Technology Co. Ltd., No. 11 Lianbao Rd, Shengfeng District, Xiaolan Town, Zhongshan City, Guangdong, China – 528400",./assets/images/tracklights/adhil-5-07-coffee.webp
Adhil 5,ATAS0535,48V DC,NA,2700K, CRI>97, φ36*75mm,24°,5W,AJ/CG,ATAS0535/27/24/COF,R-41231258,IS 10322 (PART 5/SEC 1) : 2012,13299,"Guangdong Sat Technology Co. Ltd., No. 11 Lianbao Rd, Shengfeng District, Xiaolan Town, Zhongshan City, Guangdong, China – 528400",./assets/images/tracklights/adhil-5-07-coffee.webp
Adhil 5,ATAS0535,48V DC,NA,3000K, CRI>97, φ36*75mm,24°,5W,AJ/CG,ATAS0535/30/24/COF,R-41231258,IS 10322 (PART 5/SEC 1) : 2012,13299,"Guangdong Sat Technology Co. Ltd., No. 11 Lianbao Rd, Shengfeng District, Xiaolan Town, Zhongshan City, Guangdong, China – 528400",./assets/images/tracklights/adhil-5-07-coffee.webp
Adhil 5,ATAS0535,48V DC,NA,3500K, CRI>97, φ36*75mm,24°,5W,AJ/CG,ATAS0535/35/24/COF,R-41231258,IS 10322 (PART 5/SEC 1) : 2012,13299,"Guangdong Sat Technology Co. Ltd., No. 11 Lianbao Rd, Shengfeng District, Xiaolan Town, Zhongshan City, Guangdong, China – 528400",./assets/images/tracklights/adhil-5-07-coffee.webp
Adhil 5,ATAS0535,48V DC,NA,40000K, CRI>97, φ36*75mm,24°,5W,AJ/CG,ATAS0535/40/24/COF,R-41231258,IS 10322 (PART 5/SEC 1) : 2012,13299,"Guangdong Sat Technology Co. Ltd., No. 11 Lianbao Rd, Shengfeng District, Xiaolan Town, Zhongshan City, Guangdong, China – 528400",./assets/images/tracklights/adhil-5-07-coffee.webp
Adhil 5,ATAS0535,48V DC,NA,5000K, CRI>97, φ36*75mm,24°,5W,AJ/CG,ATAS0535/50/24/COF,R-41231258,IS 10322 (PART 5/SEC 1) : 2012,13299,"Guangdong Sat Technology Co. Ltd., No. 11 Lianbao Rd, Shengfeng District, Xiaolan Town, Zhongshan City, Guangdong, China – 528400",./assets/images/tracklights/adhil-5-07-coffee.webp
Adhil 5,ATAS0535,48V DC,NA,2700K, CRI>97, φ36*75mm,36°,5W,AJ/CG,ATAS0535/27/36/COF,R-41231258,IS 10322 (PART 5/SEC 1) : 2012,13299,"Guangdong Sat Technology Co. Ltd., No. 11 Lianbao Rd, Shengfeng District, Xiaolan Town, Zhongshan City, Guangdong, China – 528400",./assets/images/tracklights/adhil-5-07-coffee.webp
Adhil 5,ATAS0535,48V DC,NA,3000K, CRI>97, φ36*75mm,36°,5W,AJ/CG,ATAS0535/30/36/COF,R-41231258,IS 10322 (PART 5/SEC 1) : 2012,13299,"Guangdong Sat Technology Co. Ltd., No. 11 Lianbao Rd, Shengfeng District, Xiaolan Town, Zhongshan City, Guangdong, China – 528400",./assets/images/tracklights/adhil-5-07-coffee.webp
Adhil 5,ATAS0535,48V DC,NA,3500K, CRI>97, φ36*75mm,36°,5W,AJ/CG,ATAS0535/35/36/COF,R-41231258,IS 10322 (PART 5/SEC 1) : 2012,13299,"Guangdong Sat Technology Co. Ltd., No. 11 Lianbao Rd, Shengfeng District, Xiaolan Town, Zhongshan City, Guangdong, China – 528400",./assets/images/tracklights/adhil-5-07-coffee.webp
Adhil 5,ATAS0535,48V DC,NA,40000K, CRI>97, φ36*75mm,36°,5W,AJ/CG,ATAS0535/40/36/COF,R-41231258,IS 10322 (PART 5/SEC 1) : 2012,13299,"Guangdong Sat Technology Co. Ltd., No. 11 Lianbao Rd, Shengfeng District, Xiaolan Town, Zhongshan City, Guangdong, China – 528400",./assets/images/tracklights/adhil-5-07-coffee.webp
Adhil 5,ATAS0535,48V DC,NA,5000K, CRI>97, φ36*75mm,36°,5W,AJ/CG,ATAS0535/50/36/COF,R-41231258,IS 10322 (PART 5/SEC 1) : 2012,13299,"Guangdong Sat Technology Co. Ltd., No. 11 Lianbao Rd, Shengfeng District, Xiaolan Town, Zhongshan City, Guangdong, China – 528400",./assets/images/tracklights/adhil-5-07-coffee.webp
Adhil 5,ATAS0535,48V DC,NA,2700K, CRI>97, φ36*75mm,15°,5W,AJ/CG,ATAS0535/27/15/DGR,R-41231258,IS 10322 (PART 5/SEC 1) : 2012,13299,"Guangdong Sat Technology Co. Ltd., No. 11 Lianbao Rd, Shengfeng District, Xiaolan Town, Zhongshan City, Guangdong, China – 528400",./assets/images/tracklights/adhil-5-09-dark-gray-default.webp
Adhil 5,ATAS0535,48V DC,NA,3000K, CRI>97, φ36*75mm,15°,5W,AJ/CG,ATAS0535/30/15/DGR,R-41231258,IS 10322 (PART 5/SEC 1) : 2012,13299,"Guangdong Sat Technology Co. Ltd., No. 11 Lianbao Rd, Shengfeng District, Xiaolan Town, Zhongshan City, Guangdong, China – 528400",./assets/images/tracklights/adhil-5-09-dark-gray-default.webp
Adhil 5,ATAS0535,48V DC,NA,3500K, CRI>97, φ36*75mm,15°,5W,AJ/CG,ATAS0535/35/15/DGR,R-41231258,IS 10322 (PART 5/SEC 1) : 2012,13299,"Guangdong Sat Technology Co. Ltd., No. 11 Lianbao Rd, Shengfeng District, Xiaolan Town, Zhongshan City, Guangdong, China – 528400",./assets/images/tracklights/adhil-5-09-dark-gray-default.webp
Adhil 5,ATAS0535,48V DC,NA,40000K, CRI>97, φ36*75mm,15°,5W,AJ/CG,ATAS0535/40/15/DGR,R-41231258,IS 10322 (PART 5/SEC 1) : 2012,13299,"Guangdong Sat Technology Co. Ltd., No. 11 Lianbao Rd, Shengfeng District, Xiaolan Town, Zhongshan City, Guangdong, China – 528400",./assets/images/tracklights/adhil-5-09-dark-gray-default.webp
Adhil 5,ATAS0535,48V DC,NA,5000K, CRI>97, φ36*75mm,15°,5W,AJ/CG,ATAS0535/50/15/DGR,R-41231258,IS 10322 (PART 5/SEC 1) : 2012,13299,"Guangdong Sat Technology Co. Ltd., No. 11 Lianbao Rd, Shengfeng District, Xiaolan Town, Zhongshan City, Guangdong, China – 528400",./assets/images/tracklights/adhil-5-09-dark-gray-default.webp
Adhil 5,ATAS0535,48V DC,NA,2700K, CRI>97, φ36*75mm,24°,5W,AJ/CG,ATAS0535/27/24/DGR,R-41231258,IS 10322 (PART 5/SEC 1) : 2012,13299,"Guangdong Sat Technology Co. Ltd., No. 11 Lianbao Rd, Shengfeng District, Xiaolan Town, Zhongshan City, Guangdong, China – 528400",./assets/images/tracklights/adhil-5-09-dark-gray-default.webp
Adhil 5,ATAS0535,48V DC,NA,3000K, CRI>97, φ36*75mm,24°,5W,AJ/CG,ATAS0535/30/24/DGR,R-41231258,IS 10322 (PART 5/SEC 1) : 2012,13299,"Guangdong Sat Technology Co. Ltd., No. 11 Lianbao Rd, Shengfeng District, Xiaolan Town, Zhongshan City, Guangdong, China – 528400",./assets/images/tracklights/adhil-5-09-dark-gray-default.webp
Adhil 5,ATAS0535,48V DC,NA,3500K, CRI>97, φ36*75mm,24°,5W,AJ/CG,ATAS0535/35/24/DGR,R-41231258,IS 10322 (PART 5/SEC 1) : 2012,13299,"Guangdong Sat Technology Co. Ltd., No. 11 Lianbao Rd, Shengfeng District, Xiaolan Town, Zhongshan City, Guangdong, China – 528400",./assets/images/tracklights/adhil-5-09-dark-gray-default.webp
Adhil 5,ATAS0535,48V DC,NA,40000K, CRI>97, φ36*75mm,24°,5W,AJ/CG,ATAS0535/40/24/DGR,R-41231258,IS 10322 (PART 5/SEC 1) : 2012,13299,"Guangdong Sat Technology Co. Ltd., No. 11 Lianbao Rd, Shengfeng District, Xiaolan Town, Zhongshan City, Guangdong, China – 528400",./assets/images/tracklights/adhil-5-09-dark-gray-default.webp
Adhil 5,ATAS0535,48V DC,NA,5000K, CRI>97, φ36*75mm,24°,5W,AJ/CG,ATAS0535/50/24/DGR,R-41231258,IS 10322 (PART 5/SEC 1) : 2012,13299,"Guangdong Sat Technology Co. Ltd., No. 11 Lianbao Rd, Shengfeng District, Xiaolan Town, Zhongshan City, Guangdong, China – 528400",./assets/images/tracklights/adhil-5-09-dark-gray-default.webp
Adhil 5,ATAS0535,48V DC,NA,2700K, CRI>97, φ36*75mm,36°,5W,AJ/CG,ATAS0535/27/36/DGR,R-41231258,IS 10322 (PART 5/SEC 1) : 2012,13299,"Guangdong Sat Technology Co. Ltd., No. 11 Lianbao Rd, Shengfeng District, Xiaolan Town, Zhongshan City, Guangdong, China – 528400",./assets/images/tracklights/adhil-5-09-dark-gray-default.webp
Adhil 5,ATAS0535,48V DC,NA,3000K, CRI>97, φ36*75mm,36°,5W,AJ/CG,ATAS0535/30/36/DGR,R-41231258,IS 10322 (PART 5/SEC 1) : 2012,13299,"Guangdong Sat Technology Co. Ltd., No. 11 Lianbao Rd, Shengfeng District, Xiaolan Town, Zhongshan City, Guangdong, China – 528400",./assets/images/tracklights/adhil-5-09-dark-gray-default.webp
Adhil 5,ATAS0535,48V DC,NA,3500K, CRI>97, φ36*75mm,36°,5W,AJ/CG,ATAS0535/35/36/DGR,R-41231258,IS 10322 (PART 5/SEC 1) : 2012,13299,"Guangdong Sat Technology Co. Ltd., No. 11 Lianbao Rd, Shengfeng District, Xiaolan Town, Zhongshan City, Guangdong, China – 528400",./assets/images/tracklights/adhil-5-09-dark-gray-default.webp
Adhil 5,ATAS0535,48V DC,NA,40000K, CRI>97, φ36*75mm,36°,5W,AJ/CG,ATAS0535/40/36/DGR,R-41231258,IS 10322 (PART 5/SEC 1) : 2012,13299,"Guangdong Sat Technology Co. Ltd., No. 11 Lianbao Rd, Shengfeng District, Xiaolan Town, Zhongshan City, Guangdong, China – 528400",./assets/images/tracklights/adhil-5-09-dark-gray-default.webp
Adhil 5,ATAS0535,48V DC,NA,5000K, CRI>97, φ36*75mm,36°,5W,AJ/CG,ATAS0535/50/36/DGR,R-41231258,IS 10322 (PART 5/SEC 1) : 2012,13299,"Guangdong Sat Technology Co. Ltd., No. 11 Lianbao Rd, Shengfeng District, Xiaolan Town, Zhongshan City, Guangdong, China – 528400",./assets/images/tracklights/adhil-5-09-dark-gray-default.webp
Adhil 5,ATAS0535,48V DC,NA,2700K, CRI>97, φ36*75mm,15°,5W,AJ/CG,ATAS0535/27/15/BB,R-41231258,IS 10322 (PART 5/SEC 1) : 2012,13299,"Guangdong Sat Technology Co. Ltd., No. 11 Lianbao Rd, Shengfeng District, Xiaolan Town, Zhongshan City, Guangdong, China – 528400",./assets/images/tracklights/adhil-5-06-ballet-blue.webp
Adhil 5,ATAS0535,48V DC,NA,3000K, CRI>97, φ36*75mm,15°,5W,AJ/CG,ATAS0535/30/15/BB,R-41231258,IS 10322 (PART 5/SEC 1) : 2012,13299,"Guangdong Sat Technology Co. Ltd., No. 11 Lianbao Rd, Shengfeng District, Xiaolan Town, Zhongshan City, Guangdong, China – 528400",./assets/images/tracklights/adhil-5-06-ballet-blue.webp
Adhil 5,ATAS0535,48V DC,NA,3500K, CRI>97, φ36*75mm,15°,5W,AJ/CG,ATAS0535/35/15/BB,R-41231258,IS 10322 (PART 5/SEC 1) : 2012,13299,"Guangdong Sat Technology Co. Ltd., No. 11 Lianbao Rd, Shengfeng District, Xiaolan Town, Zhongshan City, Guangdong, China – 528400",./assets/images/tracklights/adhil-5-06-ballet-blue.webp
Adhil 5,ATAS0535,48V DC,NA,40000K, CRI>97, φ36*75mm,15°,5W,AJ/CG,ATAS0535/40/15/BB,R-41231258,IS 10322 (PART 5/SEC 1) : 2012,13299,"Guangdong Sat Technology Co. Ltd., No. 11 Lianbao Rd, Shengfeng District, Xiaolan Town, Zhongshan City, Guangdong, China – 528400",./assets/images/tracklights/adhil-5-06-ballet-blue.webp
Adhil 5,ATAS0535,48V DC,NA,5000K, CRI>97, φ36*75mm,15°,5W,AJ/CG,ATAS0535/50/15/BB,R-41231258,IS 10322 (PART 5/SEC 1) : 2012,13299,"Guangdong Sat Technology Co. Ltd., No. 11 Lianbao Rd, Shengfeng District, Xiaolan Town, Zhongshan City, Guangdong, China – 528400",./assets/images/tracklights/adhil-5-06-ballet-blue.webp
Adhil 5,ATAS0535,48V DC,NA,2700K, CRI>97, φ36*75mm,24°,5W,AJ/CG,ATAS0535/27/24/BB,R-41231258,IS 10322 (PART 5/SEC 1) : 2012,13299,"Guangdong Sat Technology Co. Ltd., No. 11 Lianbao Rd, Shengfeng District, Xiaolan Town, Zhongshan City, Guangdong, China – 528400",./assets/images/tracklights/adhil-5-06-ballet-blue.webp
Adhil 5,ATAS0535,48V DC,NA,3000K, CRI>97, φ36*75mm,24°,5W,AJ/CG,ATAS0535/30/24/BB,R-41231258,IS 10322 (PART 5/SEC 1) : 2012,13299,"Guangdong Sat Technology Co. Ltd., No. 11 Lianbao Rd, Shengfeng District, Xiaolan Town, Zhongshan City, Guangdong, China – 528400",./assets/images/tracklights/adhil-5-06-ballet-blue.webp
Adhil 5,ATAS0535,48V DC,NA,3500K, CRI>97, φ36*75mm,24°,5W,AJ/CG,ATAS0535/35/24/BB,R-41231258,IS 10322 (PART 5/SEC 1) : 2012,13299,"Guangdong Sat Technology Co. Ltd., No. 11 Lianbao Rd, Shengfeng District, Xiaolan Town, Zhongshan City, Guangdong, China – 528400",./assets/images/tracklights/adhil-5-06-ballet-blue.webp
Adhil 5,ATAS0535,48V DC,NA,40000K, CRI>97, φ36*75mm,24°,5W,AJ/CG,ATAS0535/40/24/BB,R-41231258,IS 10322 (PART 5/SEC 1) : 2012,13299,"Guangdong Sat Technology Co. Ltd., No. 11 Lianbao Rd, Shengfeng District, Xiaolan Town, Zhongshan City, Guangdong, China – 528400",./assets/images/tracklights/adhil-5-06-ballet-blue.webp
Adhil 5,ATAS0535,48V DC,NA,5000K, CRI>97, φ36*75mm,24°,5W,AJ/CG,ATAS0535/50/24/BB,R-41231258,IS 10322 (PART 5/SEC 1) : 2012,13299,"Guangdong Sat Technology Co. Ltd., No. 11 Lianbao Rd, Shengfeng District, Xiaolan Town, Zhongshan City, Guangdong, China – 528400",./assets/images/tracklights/adhil-5-06-ballet-blue.webp
Adhil 5,ATAS0535,48V DC,NA,2700K, CRI>97, φ36*75mm,36°,5W,AJ/CG,ATAS0535/27/36/BB,R-41231258,IS 10322 (PART 5/SEC 1) : 2012,13299,"Guangdong Sat Technology Co. Ltd., No. 11 Lianbao Rd, Shengfeng District, Xiaolan Town, Zhongshan City, Guangdong, China – 528400",./assets/images/tracklights/adhil-5-06-ballet-blue.webp
Adhil 5,ATAS0535,48V DC,NA,3000K, CRI>97, φ36*75mm,36°,5W,AJ/CG,ATAS0535/30/36/BB,R-41231258,IS 10322 (PART 5/SEC 1) : 2012,13299,"Guangdong Sat Technology Co. Ltd., No. 11 Lianbao Rd, Shengfeng District, Xiaolan Town, Zhongshan City, Guangdong, China – 528400",./assets/images/tracklights/adhil-5-06-ballet-blue.webp
Adhil 5,ATAS0535,48V DC,NA,3500K, CRI>97, φ36*75mm,36°,5W,AJ/CG,ATAS0535/35/36/BB,R-41231258,IS 10322 (PART 5/SEC 1) : 2012,13299,"Guangdong Sat Technology Co. Ltd., No. 11 Lianbao Rd, Shengfeng District, Xiaolan Town, Zhongshan City, Guangdong, China – 528400",./assets/images/tracklights/adhil-5-06-ballet-blue.webp
Adhil 5,ATAS0535,48V DC,NA,40000K, CRI>97, φ36*75mm,36°,5W,AJ/CG,ATAS0535/40/36/BB,R-41231258,IS 10322 (PART 5/SEC 1) : 2012,13299,"Guangdong Sat Technology Co. Ltd., No. 11 Lianbao Rd, Shengfeng District, Xiaolan Town, Zhongshan City, Guangdong, China – 528400",./assets/images/tracklights/adhil-5-06-ballet-blue.webp
Adhil 5,ATAS0535,48V DC,NA,5000K, CRI>97, φ36*75mm,36°,5W,AJ/CG,ATAS0535/50/36/BB,R-41231258,IS 10322 (PART 5/SEC 1) : 2012,13299,"Guangdong Sat Technology Co. Ltd., No. 11 Lianbao Rd, Shengfeng District, Xiaolan Town, Zhongshan City, Guangdong, China – 528400",./assets/images/tracklights/adhil-5-06-ballet-blue.webp
Adhil 5,ATAS0535,48V DC,NA,2700K, CRI>97, φ36*75mm,15°,5W,AJ/CG,ATAS0535/27/15/CH,R-41231258,IS 10322 (PART 5/SEC 1) : 2012,13299,"Guangdong Sat Technology Co. Ltd., No. 11 Lianbao Rd, Shengfeng District, Xiaolan Town, Zhongshan City, Guangdong, China – 528400",./assets/images/tracklights/adhil-5-01-chrome.webp
Adhil 5,ATAS0535,48V DC,NA,3000K, CRI>97, φ36*75mm,15°,5W,AJ/CG,ATAS0535/30/15/CH,R-41231258,IS 10322 (PART 5/SEC 1) : 2012,13299,"Guangdong Sat Technology Co. Ltd., No. 11 Lianbao Rd, Shengfeng District, Xiaolan Town, Zhongshan City, Guangdong, China – 528400",./assets/images/tracklights/adhil-5-01-chrome.webp
Adhil 5,ATAS0535,48V DC,NA,3500K, CRI>97, φ36*75mm,15°,5W,AJ/CG,ATAS0535/35/15/CH,R-41231258,IS 10322 (PART 5/SEC 1) : 2012,13299,"Guangdong Sat Technology Co. Ltd., No. 11 Lianbao Rd, Shengfeng District, Xiaolan Town, Zhongshan City, Guangdong, China – 528400",./assets/images/tracklights/adhil-5-01-chrome.webp
Adhil 5,ATAS0535,48V DC,NA,40000K, CRI>97, φ36*75mm,15°,5W,AJ/CG,ATAS0535/40/15/CH,R-41231258,IS 10322 (PART 5/SEC 1) : 2012,13299,"Guangdong Sat Technology Co. Ltd., No. 11 Lianbao Rd, Shengfeng District, Xiaolan Town, Zhongshan City, Guangdong, China – 528400",./assets/images/tracklights/adhil-5-01-chrome.webp
Adhil 5,ATAS0535,48V DC,NA,5000K, CRI>97, φ36*75mm,15°,5W,AJ/CG,ATAS0535/50/15/CH,R-41231258,IS 10322 (PART 5/SEC 1) : 2012,13299,"Guangdong Sat Technology Co. Ltd., No. 11 Lianbao Rd, Shengfeng District, Xiaolan Town, Zhongshan City, Guangdong, China – 528400",./assets/images/tracklights/adhil-5-01-chrome.webp
Adhil 5,ATAS0535,48V DC,NA,2700K, CRI>97, φ36*75mm,24°,5W,AJ/CG,ATAS0535/27/24/CH,R-41231258,IS 10322 (PART 5/SEC 1) : 2012,13299,"Guangdong Sat Technology Co. Ltd., No. 11 Lianbao Rd, Shengfeng District, Xiaolan Town, Zhongshan City, Guangdong, China – 528400",./assets/images/tracklights/adhil-5-01-chrome.webp
Adhil 5,ATAS0535,48V DC,NA,3000K, CRI>97, φ36*75mm,24°,5W,AJ/CG,ATAS0535/30/24/CH,R-41231258,IS 10322 (PART 5/SEC 1) : 2012,13299,"Guangdong Sat Technology Co. Ltd., No. 11 Lianbao Rd, Shengfeng District, Xiaolan Town, Zhongshan City, Guangdong, China – 528400",./assets/images/tracklights/adhil-5-01-chrome.webp
Adhil 5,ATAS0535,48V DC,NA,3500K, CRI>97, φ36*75mm,24°,5W,AJ/CG,ATAS0535/35/24/CH,R-41231258,IS 10322 (PART 5/SEC 1) : 2012,13299,"Guangdong Sat Technology Co. Ltd., No. 11 Lianbao Rd, Shengfeng District, Xiaolan Town, Zhongshan City, Guangdong, China – 528400",./assets/images/tracklights/adhil-5-01-chrome.webp
Adhil 5,ATAS0535,48V DC,NA,40000K, CRI>97, φ36*75mm,24°,5W,AJ/CG,ATAS0535/40/24/CH,R-41231258,IS 10322 (PART 5/SEC 1) : 2012,13299,"Guangdong Sat Technology Co. Ltd., No. 11 Lianbao Rd, Shengfeng District, Xiaolan Town, Zhongshan City, Guangdong, China – 528400",./assets/images/tracklights/adhil-5-01-chrome.webp
Adhil 5,ATAS0535,48V DC,NA,5000K, CRI>97, φ36*75mm,24°,5W,AJ/CG,ATAS0535/50/24/CH,R-41231258,IS 10322 (PART 5/SEC 1) : 2012,13299,"Guangdong Sat Technology Co. Ltd., No. 11 Lianbao Rd, Shengfeng District, Xiaolan Town, Zhongshan City, Guangdong, China – 528400",./assets/images/tracklights/adhil-5-01-chrome.webp
Adhil 5,ATAS0535,48V DC,NA,2700K, CRI>97, φ36*75mm,36°,5W,AJ/CG,ATAS0535/27/36/CH,R-41231258,IS 10322 (PART 5/SEC 1) : 2012,13299,"Guangdong Sat Technology Co. Ltd., No. 11 Lianbao Rd, Shengfeng District, Xiaolan Town, Zhongshan City, Guangdong, China – 528400",./assets/images/tracklights/adhil-5-01-chrome.webp
Adhil 5,ATAS0535,48V DC,NA,3000K, CRI>97, φ36*75mm,36°,5W,AJ/CG,ATAS0535/30/36/CH,R-41231258,IS 10322 (PART 5/SEC 1) : 2012,13299,"Guangdong Sat Technology Co. Ltd., No. 11 Lianbao Rd, Shengfeng District, Xiaolan Town, Zhongshan City, Guangdong, China – 528400",./assets/images/tracklights/adhil-5-01-chrome.webp
Adhil 5,ATAS0535,48V DC,NA,3500K, CRI>97, φ36*75mm,36°,5W,AJ/CG,ATAS0535/35/36/CH,R-41231258,IS 10322 (PART 5/SEC 1) : 2012,13299,"Guangdong Sat Technology Co. Ltd., No. 11 Lianbao Rd, Shengfeng District, Xiaolan Town, Zhongshan City, Guangdong, China – 528400",./assets/images/tracklights/adhil-5-01-chrome.webp
Adhil 5,ATAS0535,48V DC,NA,40000K, CRI>97, φ36*75mm,36°,5W,AJ/CG,ATAS0535/40/36/CH,R-41231258,IS 10322 (PART 5/SEC 1) : 2012,13299,"Guangdong Sat Technology Co. Ltd., No. 11 Lianbao Rd, Shengfeng District, Xiaolan Town, Zhongshan City, Guangdong, China – 528400",./assets/images/tracklights/adhil-5-01-chrome.webp
Adhil 5,ATAS0535,48V DC,NA,5000K, CRI>97, φ36*75mm,36°,5W,AJ/CG,ATAS0535/50/36/CH,R-41231258,IS 10322 (PART 5/SEC 1) : 2012,13299,"Guangdong Sat Technology Co. Ltd., No. 11 Lianbao Rd, Shengfeng District, Xiaolan Town, Zhongshan City, Guangdong, China – 528400",./assets/images/tracklights/adhil-5-01-chrome.webp
Adhil 5,ATAS0535,48V DC,NA,2700K, CRI>97, φ36*75mm,15°,5W,AJ/CG,ATAS0535/27/15/CHB,R-41231258,IS 10322 (PART 5/SEC 1) : 2012,13299,"Guangdong Sat Technology Co. Ltd., No. 11 Lianbao Rd, Shengfeng District, Xiaolan Town, Zhongshan City, Guangdong, China – 528400",./assets/images/tracklights/adhil-5-02-chrome-black.webp
Adhil 5,ATAS0535,48V DC,NA,3000K, CRI>97, φ36*75mm,15°,5W,AJ/CG,ATAS0535/30/15/CHB,R-41231258,IS 10322 (PART 5/SEC 1) : 2012,13299,"Guangdong Sat Technology Co. Ltd., No. 11 Lianbao Rd, Shengfeng District, Xiaolan Town, Zhongshan City, Guangdong, China – 528400",./assets/images/tracklights/adhil-5-02-chrome-black.webp
Adhil 5,ATAS0535,48V DC,NA,3500K, CRI>97, φ36*75mm,15°,5W,AJ/CG,ATAS0535/35/15/CHB,R-41231258,IS 10322 (PART 5/SEC 1) : 2012,13299,"Guangdong Sat Technology Co. Ltd., No. 11 Lianbao Rd, Shengfeng District, Xiaolan Town, Zhongshan City, Guangdong, China – 528400",./assets/images/tracklights/adhil-5-02-chrome-black.webp
Adhil 5,ATAS0535,48V DC,NA,40000K, CRI>97, φ36*75mm,15°,5W,AJ/CG,ATAS0535/40/15/CHB,R-41231258,IS 10322 (PART 5/SEC 1) : 2012,13299,"Guangdong Sat Technology Co. Ltd., No. 11 Lianbao Rd, Shengfeng District, Xiaolan Town, Zhongshan City, Guangdong, China – 528400",./assets/images/tracklights/adhil-5-02-chrome-black.webp
Adhil 5,ATAS0535,48V DC,NA,5000K, CRI>97, φ36*75mm,15°,5W,AJ/CG,ATAS0535/50/15/CHB,R-41231258,IS 10322 (PART 5/SEC 1) : 2012,13299,"Guangdong Sat Technology Co. Ltd., No. 11 Lianbao Rd, Shengfeng District, Xiaolan Town, Zhongshan City, Guangdong, China – 528400",./assets/images/tracklights/adhil-5-02-chrome-black.webp
Adhil 5,ATAS0535,48V DC,NA,2700K, CRI>97, φ36*75mm,24°,5W,AJ/CG,ATAS0535/27/24/CHB,R-41231258,IS 10322 (PART 5/SEC 1) : 2012,13299,"Guangdong Sat Technology Co. Ltd., No. 11 Lianbao Rd, Shengfeng District, Xiaolan Town, Zhongshan City, Guangdong, China – 528400",./assets/images/tracklights/adhil-5-02-chrome-black.webp
Adhil 5,ATAS0535,48V DC,NA,3000K, CRI>97, φ36*75mm,24°,5W,AJ/CG,ATAS0535/30/24/CHB,R-41231258,IS 10322 (PART 5/SEC 1) : 2012,13299,"Guangdong Sat Technology Co. Ltd., No. 11 Lianbao Rd, Shengfeng District, Xiaolan Town, Zhongshan City, Guangdong, China – 528400",./assets/images/tracklights/adhil-5-02-chrome-black.webp
Adhil 5,ATAS0535,48V DC,NA,3500K, CRI>97, φ36*75mm,24°,5W,AJ/CG,ATAS0535/35/24/CHB,R-41231258,IS 10322 (PART 5/SEC 1) : 2012,13299,"Guangdong Sat Technology Co. Ltd., No. 11 Lianbao Rd, Shengfeng District, Xiaolan Town, Zhongshan City, Guangdong, China – 528400",./assets/images/tracklights/adhil-5-02-chrome-black.webp
Adhil 5,ATAS0535,48V DC,NA,40000K, CRI>97, φ36*75mm,24°,5W,AJ/CG,ATAS0535/40/24/CHB,R-41231258,IS 10322 (PART 5/SEC 1) : 2012,13299,"Guangdong Sat Technology Co. Ltd., No. 11 Lianbao Rd, Shengfeng District, Xiaolan Town, Zhongshan City, Guangdong, China – 528400",./assets/images/tracklights/adhil-5-02-chrome-black.webp
Adhil 5,ATAS0535,48V DC,NA,5000K, CRI>97, φ36*75mm,24°,5W,AJ/CG,ATAS0535/50/24/CHB,R-41231258,IS 10322 (PART 5/SEC 1) : 2012,13299,"Guangdong Sat Technology Co. Ltd., No. 11 Lianbao Rd, Shengfeng District, Xiaolan Town, Zhongshan City, Guangdong, China – 528400",./assets/images/tracklights/adhil-5-02-chrome-black.webp
Adhil 5,ATAS0535,48V DC,NA,2700K, CRI>97, φ36*75mm,36°,5W,AJ/CG,ATAS0535/27/36/CHB,R-41231258,IS 10322 (PART 5/SEC 1) : 2012,13299,"Guangdong Sat Technology Co. Ltd., No. 11 Lianbao Rd, Shengfeng District, Xiaolan Town, Zhongshan City, Guangdong, China – 528400",./assets/images/tracklights/adhil-5-02-chrome-black.webp
Adhil 5,ATAS0535,48V DC,NA,3000K, CRI>97, φ36*75mm,36°,5W,AJ/CG,ATAS0535/30/36/CHB,R-41231258,IS 10322 (PART 5/SEC 1) : 2012,13299,"Guangdong Sat Technology Co. Ltd., No. 11 Lianbao Rd, Shengfeng District, Xiaolan Town, Zhongshan City, Guangdong, China – 528400",./assets/images/tracklights/adhil-5-02-chrome-black.webp
Adhil 5,ATAS0535,48V DC,NA,3500K, CRI>97, φ36*75mm,36°,5W,AJ/CG,ATAS0535/35/36/CHB,R-41231258,IS 10322 (PART 5/SEC 1) : 2012,13299,"Guangdong Sat Technology Co. Ltd., No. 11 Lianbao Rd, Shengfeng District, Xiaolan Town, Zhongshan City, Guangdong, China – 528400",./assets/images/tracklights/adhil-5-02-chrome-black.webp
Adhil 5,ATAS0535,48V DC,NA,40000K, CRI>97, φ36*75mm,36°,5W,AJ/CG,ATAS0535/40/36/CHB,R-41231258,IS 10322 (PART 5/SEC 1) : 2012,13299,"Guangdong Sat Technology Co. Ltd., No. 11 Lianbao Rd, Shengfeng District, Xiaolan Town, Zhongshan City, Guangdong, China – 528400",./assets/images/tracklights/adhil-5-02-chrome-black.webp
Adhil 5,ATAS0535,48V DC,NA,5000K, CRI>97, φ36*75mm,36°,5W,AJ/CG,ATAS0535/50/36/CHB,R-41231258,IS 10322 (PART 5/SEC 1) : 2012,13299,"Guangdong Sat Technology Co. Ltd., No. 11 Lianbao Rd, Shengfeng District, Xiaolan Town, Zhongshan City, Guangdong, China – 528400",./assets/images/tracklights/adhil-5-02-chrome-black.webp
Adhil 5 Tunable,ATAS0535,48V DC,NA,2700K~6500K, CRI>97, φ36*75mm,15°,5W,AJ/CG,ATAS0535/CT/15,R-41231258,IS 10322 (PART 5/SEC 1) : 2012,13499,"Guangdong Sat Technology Co. Ltd., No. 11 Lianbao Rd, Shengfeng District, Xiaolan Town, Zhongshan City, Guangdong, China – 528400",./assets/images/tracklights/adhil-5-03-mat-black-default.webp
Adhil 5 Tunable,ATAS0535,48V DC,NA,2700K~6500K, CRI>97, φ36*75mm,15°,5W,AJ/CG,ATAS0535/CT/15/W,R-41231258,IS 10322 (PART 5/SEC 1) : 2012,13499,"Guangdong Sat Technology Co. Ltd., No. 11 Lianbao Rd, Shengfeng District, Xiaolan Town, Zhongshan City, Guangdong, China – 528400",./assets/images/tracklights/adhil-5-05-white-2.webp
Adhil 5 Tunable,ATAS0535,48V DC,NA,2700K~6500K, CRI>97, φ36*75mm,24°,5W,AJ/CG,ATAS0535/CT/24,R-41231258,IS 10322 (PART 5/SEC 1) : 2012,13499,"Guangdong Sat Technology Co. Ltd., No. 11 Lianbao Rd, Shengfeng District, Xiaolan Town, Zhongshan City, Guangdong, China – 528400",./assets/images/tracklights/adhil-5-03-mat-black-default.webp
Adhil 5 Tunable,ATAS0535,48V DC,NA,2700K~6500K, CRI>97, φ36*75mm,24°,5W,AJ/CG,ATAS0535/CT/24/W,R-41231258,IS 10322 (PART 5/SEC 1) : 2012,13499,"Guangdong Sat Technology Co. Ltd., No. 11 Lianbao Rd, Shengfeng District, Xiaolan Town, Zhongshan City, Guangdong, China – 528400",./assets/images/tracklights/adhil-5-05-white-2.webp
Adhil 5 Tunable,ATAS0535,48V DC,NA,2700K~6500K, CRI>97, φ36*75mm,36°,5W,AJ/CG,ATAS0535/CT/36,R-41231258,IS 10322 (PART 5/SEC 1) : 2012,13499,"Guangdong Sat Technology Co. Ltd., No. 11 Lianbao Rd, Shengfeng District, Xiaolan Town, Zhongshan City, Guangdong, China – 528400",./assets/images/tracklights/adhil-5-03-mat-black-default.webp
Adhil 5 Tunable,ATAS0535,48V DC,NA,2700K~6500K, CRI>97, φ36*75mm,36°,5W,AJ/CG,ATAS0535/CT/36/W,R-41231258,IS 10322 (PART 5/SEC 1) : 2012,13499,"Guangdong Sat Technology Co. Ltd., No. 11 Lianbao Rd, Shengfeng District, Xiaolan Town, Zhongshan City, Guangdong, China – 528400",./assets/images/tracklights/adhil-5-05-white-2.webp
Adhil 5 Tunable,ATAS0535,48V DC,NA,2700K~6500K, CRI>97, φ36*75mm,15°,5W,AJ/CG,ATAS0535/CT/15/CG,R-41231258,IS 10322 (PART 5/SEC 1) : 2012,14499,"Guangdong Sat Technology Co. Ltd., No. 11 Lianbao Rd, Shengfeng District, Xiaolan Town, Zhongshan City, Guangdong, China – 528400",./assets/images/tracklights/adhil-5-04-champeing-gold.webp
Adhil 5 Tunable,ATAS0535,48V DC,NA,2700K~6500K, CRI>97, φ36*75mm,24°,5W,AJ/CG,ATAS0535/CT/24/CG,R-41231258,IS 10322 (PART 5/SEC 1) : 2012,14499,"Guangdong Sat Technology Co. Ltd., No. 11 Lianbao Rd, Shengfeng District, Xiaolan Town, Zhongshan City, Guangdong, China – 528400",./assets/images/tracklights/adhil-5-04-champeing-gold.webp
Adhil 5 Tunable,ATAS0535,48V DC,NA,2700K~6500K, CRI>97, φ36*75mm,36°,5W,AJ/CG,ATAS0535/CT/36/CG,R-41231258,IS 10322 (PART 5/SEC 1) : 2012,14499,"Guangdong Sat Technology Co. Ltd., No. 11 Lianbao Rd, Shengfeng District, Xiaolan Town, Zhongshan City, Guangdong, China – 528400",./assets/images/tracklights/adhil-5-04-champeing-gold.webp
Adhil 5 Tunable,ATAS0535,48V DC,NA,2700K~6500K, CRI>97, φ36*75mm,15°,5W,AJ/CG,ATAS0535/CT/15/RG,R-41231258,IS 10322 (PART 5/SEC 1) : 2012,14499,"Guangdong Sat Technology Co. Ltd., No. 11 Lianbao Rd, Shengfeng District, Xiaolan Town, Zhongshan City, Guangdong, China – 528400",./assets/images/tracklights/adhil-5-08-rose-gold.webp
Adhil 5 Tunable,ATAS0535,48V DC,NA,2700K~6500K, CRI>97, φ36*75mm,24°,5W,AJ/CG,ATAS0535/CT/24/RG,R-41231258,IS 10322 (PART 5/SEC 1) : 2012,14499,"Guangdong Sat Technology Co. Ltd., No. 11 Lianbao Rd, Shengfeng District, Xiaolan Town, Zhongshan City, Guangdong, China – 528400",./assets/images/tracklights/adhil-5-08-rose-gold.webp
Adhil 5 Tunable,ATAS0535,48V DC,NA,2700K~6500K, CRI>97, φ36*75mm,36°,5W,AJ/CG,ATAS0535/CT/36/RG,R-41231258,IS 10322 (PART 5/SEC 1) : 2012,14499,"Guangdong Sat Technology Co. Ltd., No. 11 Lianbao Rd, Shengfeng District, Xiaolan Town, Zhongshan City, Guangdong, China – 528400",./assets/images/tracklights/adhil-5-08-rose-gold.webp
Adhil 5 Tunable,ATAS0535,48V DC,NA,2700K~6500K, CRI>97, φ36*75mm,15°,5W,AJ/CG,ATAS0535/CT/15/BR,R-41231258,IS 10322 (PART 5/SEC 1) : 2012,14499,"Guangdong Sat Technology Co. Ltd., No. 11 Lianbao Rd, Shengfeng District, Xiaolan Town, Zhongshan City, Guangdong, China – 528400",./assets/images/tracklights/adhil-5-10-brown.webp
Adhil 5 Tunable,ATAS0535,48V DC,NA,2700K~6500K, CRI>97, φ36*75mm,24°,5W,AJ/CG,ATAS0535/CT/24/BR,R-41231258,IS 10322 (PART 5/SEC 1) : 2012,14499,"Guangdong Sat Technology Co. Ltd., No. 11 Lianbao Rd, Shengfeng District, Xiaolan Town, Zhongshan City, Guangdong, China – 528400",./assets/images/tracklights/adhil-5-10-brown.webp
Adhil 5 Tunable,ATAS0535,48V DC,NA,2700K~6500K, CRI>97, φ36*75mm,36°,5W,AJ/CG,ATAS0535/CT/36/BR,R-41231258,IS 10322 (PART 5/SEC 1) : 2012,14499,"Guangdong Sat Technology Co. Ltd., No. 11 Lianbao Rd, Shengfeng District, Xiaolan Town, Zhongshan City, Guangdong, China – 528400",./assets/images/tracklights/adhil-5-10-brown.webp
Adhil 5 Tunable,ATAS0535,48V DC,NA,2700K~6500K, CRI>97, φ36*75mm,15°,5W,AJ/CG,ATAS0535/CT/15/COF,R-41231258,IS 10322 (PART 5/SEC 1) : 2012,14499,"Guangdong Sat Technology Co. Ltd., No. 11 Lianbao Rd, Shengfeng District, Xiaolan Town, Zhongshan City, Guangdong, China – 528400",./assets/images/tracklights/adhil-5-07-coffee.webp
Adhil 5 Tunable,ATAS0535,48V DC,NA,2700K~6500K, CRI>97, φ36*75mm,24°,5W,AJ/CG,ATAS0535/CT/24/COF,R-41231258,IS 10322 (PART 5/SEC 1) : 2012,14499,"Guangdong Sat Technology Co. Ltd., No. 11 Lianbao Rd, Shengfeng District, Xiaolan Town, Zhongshan City, Guangdong, China – 528400",./assets/images/tracklights/adhil-5-07-coffee.webp
Adhil 5 Tunable,ATAS0535,48V DC,NA,2700K~6500K, CRI>97, φ36*75mm,36°,5W,AJ/CG,ATAS0535/CT/36/COF,R-41231258,IS 10322 (PART 5/SEC 1) : 2012,14499,"Guangdong Sat Technology Co. Ltd., No. 11 Lianbao Rd, Shengfeng District, Xiaolan Town, Zhongshan City, Guangdong, China – 528400",./assets/images/tracklights/adhil-5-07-coffee.webp
Adhil 5 Tunable,ATAS0535,48V DC,NA,2700K~6500K, CRI>97, φ36*75mm,15°,5W,AJ/CG,ATAS0535/CT/15/DGR,R-41231258,IS 10322 (PART 5/SEC 1) : 2012,14499,"Guangdong Sat Technology Co. Ltd., No. 11 Lianbao Rd, Shengfeng District, Xiaolan Town, Zhongshan City, Guangdong, China – 528400",./assets/images/tracklights/adhil-5-09-dark-gray-default.webp
Adhil 5 Tunable,ATAS0535,48V DC,NA,2700K~6500K, CRI>97, φ36*75mm,24°,5W,AJ/CG,ATAS0535/CT/24/DGR,R-41231258,IS 10322 (PART 5/SEC 1) : 2012,14499,"Guangdong Sat Technology Co. Ltd., No. 11 Lianbao Rd, Shengfeng District, Xiaolan Town, Zhongshan City, Guangdong, China – 528400",./assets/images/tracklights/adhil-5-09-dark-gray-default.webp
Adhil 5 Tunable,ATAS0535,48V DC,NA,2700K~6500K, CRI>97, φ36*75mm,36°,5W,AJ/CG,ATAS0535/CT/36/DGR,R-41231258,IS 10322 (PART 5/SEC 1) : 2012,14499,"Guangdong Sat Technology Co. Ltd., No. 11 Lianbao Rd, Shengfeng District, Xiaolan Town, Zhongshan City, Guangdong, China – 528400",./assets/images/tracklights/adhil-5-09-dark-gray-default.webp
Adhil 5 Tunable,ATAS0535,48V DC,NA,2700K~6500K, CRI>97, φ36*75mm,15°,5W,AJ/CG,ATAS0535/CT/15/BB,R-41231258,IS 10322 (PART 5/SEC 1) : 2012,14499,"Guangdong Sat Technology Co. Ltd., No. 11 Lianbao Rd, Shengfeng District, Xiaolan Town, Zhongshan City, Guangdong, China – 528400",./assets/images/tracklights/adhil-5-06-ballet-blue.webp
Adhil 5 Tunable,ATAS0535,48V DC,NA,2700K~6500K, CRI>97, φ36*75mm,24°,5W,AJ/CG,ATAS0535/CT/24/BB,R-41231258,IS 10322 (PART 5/SEC 1) : 2012,14499,"Guangdong Sat Technology Co. Ltd., No. 11 Lianbao Rd, Shengfeng District, Xiaolan Town, Zhongshan City, Guangdong, China – 528400",./assets/images/tracklights/adhil-5-06-ballet-blue.webp
Adhil 5 Tunable,ATAS0535,48V DC,NA,2700K~6500K, CRI>97, φ36*75mm,36°,5W,AJ/CG,ATAS0535/CT/36/BB,R-41231258,IS 10322 (PART 5/SEC 1) : 2012,14499,"Guangdong Sat Technology Co. Ltd., No. 11 Lianbao Rd, Shengfeng District, Xiaolan Town, Zhongshan City, Guangdong, China – 528400",./assets/images/tracklights/adhil-5-06-ballet-blue.webp
Adhil 5 Tunable,ATAS0535,48V DC,NA,2700K~6500K, CRI>97, φ36*75mm,15°,5W,AJ/CG,ATAS0535/CT/15/CH,R-41231258,IS 10322 (PART 5/SEC 1) : 2012,14499,"Guangdong Sat Technology Co. Ltd., No. 11 Lianbao Rd, Shengfeng District, Xiaolan Town, Zhongshan City, Guangdong, China – 528400",./assets/images/tracklights/adhil-5-01-chrome.webp
Adhil 5 Tunable,ATAS0535,48V DC,NA,2700K~6500K, CRI>97, φ36*75mm,24°,5W,AJ/CG,ATAS0535/CT/24/CH,R-41231258,IS 10322 (PART 5/SEC 1) : 2012,14499,"Guangdong Sat Technology Co. Ltd., No. 11 Lianbao Rd, Shengfeng District, Xiaolan Town, Zhongshan City, Guangdong, China – 528400",./assets/images/tracklights/adhil-5-01-chrome.webp
Adhil 5 Tunable,ATAS0535,48V DC,NA,2700K~6500K, CRI>97, φ36*75mm,36°,5W,AJ/CG,ATAS0535/CT/36/CH,R-41231258,IS 10322 (PART 5/SEC 1) : 2012,14499,"Guangdong Sat Technology Co. Ltd., No. 11 Lianbao Rd, Shengfeng District, Xiaolan Town, Zhongshan City, Guangdong, China – 528400",./assets/images/tracklights/adhil-5-01-chrome.webp
Adhil 5 Tunable,ATAS0535,48V DC,NA,2700K~6500K, CRI>97, φ36*75mm,15°,5W,AJ/CG,ATAS0535/CT/15/CHB,R-41231258,IS 10322 (PART 5/SEC 1) : 2012,14499,"Guangdong Sat Technology Co. Ltd., No. 11 Lianbao Rd, Shengfeng District, Xiaolan Town, Zhongshan City, Guangdong, China – 528400",./assets/images/tracklights/adhil-5-02-chrome-black.webp
Adhil 5 Tunable,ATAS0535,48V DC,NA,2700K~6500K, CRI>97, φ36*75mm,24°,5W,AJ/CG,ATAS0535/CT/24/CHB,R-41231258,IS 10322 (PART 5/SEC 1) : 2012,14499,"Guangdong Sat Technology Co. Ltd., No. 11 Lianbao Rd, Shengfeng District, Xiaolan Town, Zhongshan City, Guangdong, China – 528400",./assets/images/tracklights/adhil-5-02-chrome-black.webp
Adhil 5 Tunable,ATAS0535,48V DC,NA,2700K~6500K, CRI>97, φ36*75mm,36°,5W,AJ/CG,ATAS0535/CT/36/CHB,R-41231258,IS 10322 (PART 5/SEC 1) : 2012,14499,"Guangdong Sat Technology Co. Ltd., No. 11 Lianbao Rd, Shengfeng District, Xiaolan Town, Zhongshan City, Guangdong, China – 528400",./assets/images/tracklights/adhil-5-02-chrome-black.webp
Adhil 15,ATAS1250,48V DC,NA,2700K, CRI>97,φ45*90mm,15°,15W,AJ/CG,ATAS1250/27/15,R-41231258,IS 10322 (PART 5/SEC 1) : 2012,13499,"Guangdong Sat Technology Co. Ltd., No. 11 Lianbao Rd, Shengfeng District, Xiaolan Town, Zhongshan City, Guangdong, China – 528400",./assets/images/tracklights/adhil-15-03-mat-black-default.webp
Adhil 15,ATAS1250,48V DC,NA,3000K, CRI>97,φ45*90mm,15°,15W,AJ/CG,ATAS1250/30/15,R-41231258,IS 10322 (PART 5/SEC 1) : 2012,13499,"Guangdong Sat Technology Co. Ltd., No. 11 Lianbao Rd, Shengfeng District, Xiaolan Town, Zhongshan City, Guangdong, China – 528400",./assets/images/tracklights/adhil-15-03-mat-black-default.webp
Adhil 15,ATAS1250,48V DC,NA,3500K, CRI>97,φ45*90mm,15°,15W,AJ/CG,ATAS1250/35/15,R-41231258,IS 10322 (PART 5/SEC 1) : 2012,13499,"Guangdong Sat Technology Co. Ltd., No. 11 Lianbao Rd, Shengfeng District, Xiaolan Town, Zhongshan City, Guangdong, China – 528400",./assets/images/tracklights/adhil-15-03-mat-black-default.webp
Adhil 15,ATAS1250,48V DC,NA,40000K, CRI>97,φ45*90mm,15°,15W,AJ/CG,ATAS1250/40/15,R-41231258,IS 10322 (PART 5/SEC 1) : 2012,13499,"Guangdong Sat Technology Co. Ltd., No. 11 Lianbao Rd, Shengfeng District, Xiaolan Town, Zhongshan City, Guangdong, China – 528400",./assets/images/tracklights/adhil-15-03-mat-black-default.webp
Adhil 15,ATAS1250,48V DC,NA,5000K, CRI>97,φ45*90mm,15°,15W,AJ/CG,ATAS1250/50/15,R-41231258,IS 10322 (PART 5/SEC 1) : 2012,13499,"Guangdong Sat Technology Co. Ltd., No. 11 Lianbao Rd, Shengfeng District, Xiaolan Town, Zhongshan City, Guangdong, China – 528400",./assets/images/tracklights/adhil-15-03-mat-black-default.webp
Adhil 15,ATAS1250,48V DC,NA,2700K, CRI>97,φ45*90mm,24°,15W,AJ/CG,ATAS1250/27/24,R-41231258,IS 10322 (PART 5/SEC 1) : 2012,13499,"Guangdong Sat Technology Co. Ltd., No. 11 Lianbao Rd, Shengfeng District, Xiaolan Town, Zhongshan City, Guangdong, China – 528400",./assets/images/tracklights/adhil-15-03-mat-black-default.webp
Adhil 15,ATAS1250,48V DC,NA,3000K, CRI>97,φ45*90mm,24°,15W,AJ/CG,ATAS1250/30/24,R-41231258,IS 10322 (PART 5/SEC 1) : 2012,13499,"Guangdong Sat Technology Co. Ltd., No. 11 Lianbao Rd, Shengfeng District, Xiaolan Town, Zhongshan City, Guangdong, China – 528400",./assets/images/tracklights/adhil-15-03-mat-black-default.webp
Adhil 15,ATAS1250,48V DC,NA,3500K, CRI>97,φ45*90mm,24°,15W,AJ/CG,ATAS1250/35/24,R-41231258,IS 10322 (PART 5/SEC 1) : 2012,13499,"Guangdong Sat Technology Co. Ltd., No. 11 Lianbao Rd, Shengfeng District, Xiaolan Town, Zhongshan City, Guangdong, China – 528400",./assets/images/tracklights/adhil-15-03-mat-black-default.webp
Adhil 15,ATAS1250,48V DC,NA,40000K, CRI>97,φ45*90mm,24°,15W,AJ/CG,ATAS1250/40/24,R-41231258,IS 10322 (PART 5/SEC 1) : 2012,13499,"Guangdong Sat Technology Co. Ltd., No. 11 Lianbao Rd, Shengfeng District, Xiaolan Town, Zhongshan City, Guangdong, China – 528400",./assets/images/tracklights/adhil-15-03-mat-black-default.webp
Adhil 15,ATAS1250,48V DC,NA,5000K, CRI>97,φ45*90mm,24°,15W,AJ/CG,ATAS1250/50/24,R-41231258,IS 10322 (PART 5/SEC 1) : 2012,13499,"Guangdong Sat Technology Co. Ltd., No. 11 Lianbao Rd, Shengfeng District, Xiaolan Town, Zhongshan City, Guangdong, China – 528400",./assets/images/tracklights/adhil-15-03-mat-black-default.webp
Adhil 15,ATAS1250,48V DC,NA,2700K, CRI>97,φ45*90mm,36°,15W,AJ/CG,ATAS1250/27/36,R-41231258,IS 10322 (PART 5/SEC 1) : 2012,13499,"Guangdong Sat Technology Co. Ltd., No. 11 Lianbao Rd, Shengfeng District, Xiaolan Town, Zhongshan City, Guangdong, China – 528400",./assets/images/tracklights/adhil-15-03-mat-black-default.webp
Adhil 15,ATAS1250,48V DC,NA,3000K, CRI>97,φ45*90mm,36°,15W,AJ/CG,ATAS1250/30/36,R-41231258,IS 10322 (PART 5/SEC 1) : 2012,13499,"Guangdong Sat Technology Co. Ltd., No. 11 Lianbao Rd, Shengfeng District, Xiaolan Town, Zhongshan City, Guangdong, China – 528400",./assets/images/tracklights/adhil-15-03-mat-black-default.webp
Adhil 15,ATAS1250,48V DC,NA,3500K, CRI>97,φ45*90mm,36°,15W,AJ/CG,ATAS1250/35/36,R-41231258,IS 10322 (PART 5/SEC 1) : 2012,13499,"Guangdong Sat Technology Co. Ltd., No. 11 Lianbao Rd, Shengfeng District, Xiaolan Town, Zhongshan City, Guangdong, China – 528400",./assets/images/tracklights/adhil-15-03-mat-black-default.webp
Adhil 15,ATAS1250,48V DC,NA,40000K, CRI>97,φ45*90mm,36°,15W,AJ/CG,ATAS1250/40/36,R-41231258,IS 10322 (PART 5/SEC 1) : 2012,13499,"Guangdong Sat Technology Co. Ltd., No. 11 Lianbao Rd, Shengfeng District, Xiaolan Town, Zhongshan City, Guangdong, China – 528400",./assets/images/tracklights/adhil-15-03-mat-black-default.webp
Adhil 15,ATAS1250,48V DC,NA,5000K, CRI>97,φ45*90mm,36°,15W,AJ/CG,ATAS1250/50/36,R-41231258,IS 10322 (PART 5/SEC 1) : 2012,13499,"Guangdong Sat Technology Co. Ltd., No. 11 Lianbao Rd, Shengfeng District, Xiaolan Town, Zhongshan City, Guangdong, China – 528400",./assets/images/tracklights/adhil-15-03-mat-black-default.webp
Adhil 15,ATAS1250,48V DC,NA,2700K, CRI>97,φ45*90mm,15°,15W,AJ/CG,ATAS1250/27/15/W,R-41231258,IS 10322 (PART 5/SEC 1) : 2012,13499,"Guangdong Sat Technology Co. Ltd., No. 11 Lianbao Rd, Shengfeng District, Xiaolan Town, Zhongshan City, Guangdong, China – 528400",./assets/images/tracklights/adhil-15-05-white-2.webp
Adhil 15,ATAS1250,48V DC,NA,3000K, CRI>97,φ45*90mm,15°,15W,AJ/CG,ATAS1250/30/15/W,R-41231258,IS 10322 (PART 5/SEC 1) : 2012,13499,"Guangdong Sat Technology Co. Ltd., No. 11 Lianbao Rd, Shengfeng District, Xiaolan Town, Zhongshan City, Guangdong, China – 528400",./assets/images/tracklights/adhil-15-05-white-2.webp
Adhil 15,ATAS1250,48V DC,NA,3500K, CRI>97,φ45*90mm,15°,15W,AJ/CG,ATAS1250/35/15/W,R-41231258,IS 10322 (PART 5/SEC 1) : 2012,13499,"Guangdong Sat Technology Co. Ltd., No. 11 Lianbao Rd, Shengfeng District, Xiaolan Town, Zhongshan City, Guangdong, China – 528400",./assets/images/tracklights/adhil-15-05-white-2.webp
Adhil 15,ATAS1250,48V DC,NA,40000K, CRI>97,φ45*90mm,15°,15W,AJ/CG,ATAS1250/40/15/W,R-41231258,IS 10322 (PART 5/SEC 1) : 2012,13499,"Guangdong Sat Technology Co. Ltd., No. 11 Lianbao Rd, Shengfeng District, Xiaolan Town, Zhongshan City, Guangdong, China – 528400",./assets/images/tracklights/adhil-15-05-white-2.webp
Adhil 15,ATAS1250,48V DC,NA,5000K, CRI>97,φ45*90mm,15°,15W,AJ/CG,ATAS1250/50/15/W,R-41231258,IS 10322 (PART 5/SEC 1) : 2012,13499,"Guangdong Sat Technology Co. Ltd., No. 11 Lianbao Rd, Shengfeng District, Xiaolan Town, Zhongshan City, Guangdong, China – 528400",./assets/images/tracklights/adhil-15-05-white-2.webp
Adhil 15,ATAS1250,48V DC,NA,2700K, CRI>97,φ45*90mm,24°,15W,AJ/CG,ATAS1250/27/24/W,R-41231258,IS 10322 (PART 5/SEC 1) : 2012,13499,"Guangdong Sat Technology Co. Ltd., No. 11 Lianbao Rd, Shengfeng District, Xiaolan Town, Zhongshan City, Guangdong, China – 528400",./assets/images/tracklights/adhil-15-05-white-2.webp
Adhil 15,ATAS1250,48V DC,NA,3000K, CRI>97,φ45*90mm,24°,15W,AJ/CG,ATAS1250/30/24/W,R-41231258,IS 10322 (PART 5/SEC 1) : 2012,13499,"Guangdong Sat Technology Co. Ltd., No. 11 Lianbao Rd, Shengfeng District, Xiaolan Town, Zhongshan City, Guangdong, China – 528400",./assets/images/tracklights/adhil-15-05-white-2.webp
Adhil 15,ATAS1250,48V DC,NA,3500K, CRI>97,φ45*90mm,24°,15W,AJ/CG,ATAS1250/35/24/W,R-41231258,IS 10322 (PART 5/SEC 1) : 2012,13499,"Guangdong Sat Technology Co. Ltd., No. 11 Lianbao Rd, Shengfeng District, Xiaolan Town, Zhongshan City, Guangdong, China – 528400",./assets/images/tracklights/adhil-15-05-white-2.webp
Adhil 15,ATAS1250,48V DC,NA,40000K, CRI>97,φ45*90mm,24°,15W,AJ/CG,ATAS1250/40/24/W,R-41231258,IS 10322 (PART 5/SEC 1) : 2012,13499,"Guangdong Sat Technology Co. Ltd., No. 11 Lianbao Rd, Shengfeng District, Xiaolan Town, Zhongshan City, Guangdong, China – 528400",./assets/images/tracklights/adhil-15-05-white-2.webp
Adhil 15,ATAS1250,48V DC,NA,5000K, CRI>97,φ45*90mm,24°,15W,AJ/CG,ATAS1250/50/24/W,R-41231258,IS 10322 (PART 5/SEC 1) : 2012,13499,"Guangdong Sat Technology Co. Ltd., No. 11 Lianbao Rd, Shengfeng District, Xiaolan Town, Zhongshan City, Guangdong, China – 528400",./assets/images/tracklights/adhil-15-05-white-2.webp
Adhil 15,ATAS1250,48V DC,NA,2700K, CRI>97,φ45*90mm,36°,15W,AJ/CG,ATAS1250/27/36/W,R-41231258,IS 10322 (PART 5/SEC 1) : 2012,13499,"Guangdong Sat Technology Co. Ltd., No. 11 Lianbao Rd, Shengfeng District, Xiaolan Town, Zhongshan City, Guangdong, China – 528400",./assets/images/tracklights/adhil-15-05-white-2.webp
Adhil 15,ATAS1250,48V DC,NA,3000K, CRI>97,φ45*90mm,36°,15W,AJ/CG,ATAS1250/30/36/W,R-41231258,IS 10322 (PART 5/SEC 1) : 2012,13499,"Guangdong Sat Technology Co. Ltd., No. 11 Lianbao Rd, Shengfeng District, Xiaolan Town, Zhongshan City, Guangdong, China – 528400",./assets/images/tracklights/adhil-15-05-white-2.webp
Adhil 15,ATAS1250,48V DC,NA,3500K, CRI>97,φ45*90mm,36°,15W,AJ/CG,ATAS1250/35/36/W,R-41231258,IS 10322 (PART 5/SEC 1) : 2012,13499,"Guangdong Sat Technology Co. Ltd., No. 11 Lianbao Rd, Shengfeng District, Xiaolan Town, Zhongshan City, Guangdong, China – 528400",./assets/images/tracklights/adhil-15-05-white-2.webp
Adhil 15,ATAS1250,48V DC,NA,40000K, CRI>97,φ45*90mm,36°,15W,AJ/CG,ATAS1250/40/36/W,R-41231258,IS 10322 (PART 5/SEC 1) : 2012,13499,"Guangdong Sat Technology Co. Ltd., No. 11 Lianbao Rd, Shengfeng District, Xiaolan Town, Zhongshan City, Guangdong, China – 528400",./assets/images/tracklights/adhil-15-05-white-2.webp
Adhil 15,ATAS1250,48V DC,NA,5000K, CRI>97,φ45*90mm,36°,15W,AJ/CG,ATAS1250/50/36/W,R-41231258,IS 10322 (PART 5/SEC 1) : 2012,13499,"Guangdong Sat Technology Co. Ltd., No. 11 Lianbao Rd, Shengfeng District, Xiaolan Town, Zhongshan City, Guangdong, China – 528400",./assets/images/tracklights/adhil-15-05-white-2.webp
Adhil 15,ATAS1250,48V DC,NA,2700K, CRI>97,φ45*90mm,15°,15W,AJ/CG,ATAS1250/27/15/CG,R-41231258,IS 10322 (PART 5/SEC 1) : 2012,14499,"Guangdong Sat Technology Co. Ltd., No. 11 Lianbao Rd, Shengfeng District, Xiaolan Town, Zhongshan City, Guangdong, China – 528400",./assets/images/tracklights/adhil-15-04-champeing-gold.webp
Adhil 15,ATAS1250,48V DC,NA,3000K, CRI>97,φ45*90mm,15°,15W,AJ/CG,ATAS1250/30/15/CG,R-41231258,IS 10322 (PART 5/SEC 1) : 2012,14499,"Guangdong Sat Technology Co. Ltd., No. 11 Lianbao Rd, Shengfeng District, Xiaolan Town, Zhongshan City, Guangdong, China – 528400",./assets/images/tracklights/adhil-15-04-champeing-gold.webp
Adhil 15,ATAS1250,48V DC,NA,3500K, CRI>97,φ45*90mm,15°,15W,AJ/CG,ATAS1250/35/15/CG,R-41231258,IS 10322 (PART 5/SEC 1) : 2012,14499,"Guangdong Sat Technology Co. Ltd., No. 11 Lianbao Rd, Shengfeng District, Xiaolan Town, Zhongshan City, Guangdong, China – 528400",./assets/images/tracklights/adhil-15-04-champeing-gold.webp
Adhil 15,ATAS1250,48V DC,NA,40000K, CRI>97,φ45*90mm,15°,15W,AJ/CG,ATAS1250/40/15/CG,R-41231258,IS 10322 (PART 5/SEC 1) : 2012,14499,"Guangdong Sat Technology Co. Ltd., No. 11 Lianbao Rd, Shengfeng District, Xiaolan Town, Zhongshan City, Guangdong, China – 528400",./assets/images/tracklights/adhil-15-04-champeing-gold.webp
Adhil 15,ATAS1250,48V DC,NA,5000K, CRI>97,φ45*90mm,15°,15W,AJ/CG,ATAS1250/50/15/CG,R-41231258,IS 10322 (PART 5/SEC 1) : 2012,14499,"Guangdong Sat Technology Co. Ltd., No. 11 Lianbao Rd, Shengfeng District, Xiaolan Town, Zhongshan City, Guangdong, China – 528400",./assets/images/tracklights/adhil-15-04-champeing-gold.webp
Adhil 15,ATAS1250,48V DC,NA,2700K, CRI>97,φ45*90mm,24°,15W,AJ/CG,ATAS1250/27/24/CG,R-41231258,IS 10322 (PART 5/SEC 1) : 2012,14499,"Guangdong Sat Technology Co. Ltd., No. 11 Lianbao Rd, Shengfeng District, Xiaolan Town, Zhongshan City, Guangdong, China – 528400",./assets/images/tracklights/adhil-15-04-champeing-gold.webp
Adhil 15,ATAS1250,48V DC,NA,3000K, CRI>97,φ45*90mm,24°,15W,AJ/CG,ATAS1250/30/24/CG,R-41231258,IS 10322 (PART 5/SEC 1) : 2012,14499,"Guangdong Sat Technology Co. Ltd., No. 11 Lianbao Rd, Shengfeng District, Xiaolan Town, Zhongshan City, Guangdong, China – 528400",./assets/images/tracklights/adhil-15-04-champeing-gold.webp
Adhil 15,ATAS1250,48V DC,NA,3500K, CRI>97,φ45*90mm,24°,15W,AJ/CG,ATAS1250/35/24/CG,R-41231258,IS 10322 (PART 5/SEC 1) : 2012,14499,"Guangdong Sat Technology Co. Ltd., No. 11 Lianbao Rd, Shengfeng District, Xiaolan Town, Zhongshan City, Guangdong, China – 528400",./assets/images/tracklights/adhil-15-04-champeing-gold.webp
Adhil 15,ATAS1250,48V DC,NA,40000K, CRI>97,φ45*90mm,24°,15W,AJ/CG,ATAS1250/40/24/CG,R-41231258,IS 10322 (PART 5/SEC 1) : 2012,14499,"Guangdong Sat Technology Co. Ltd., No. 11 Lianbao Rd, Shengfeng District, Xiaolan Town, Zhongshan City, Guangdong, China – 528400",./assets/images/tracklights/adhil-15-04-champeing-gold.webp
Adhil 15,ATAS1250,48V DC,NA,5000K, CRI>97,φ45*90mm,24°,15W,AJ/CG,ATAS1250/50/24/CG,R-41231258,IS 10322 (PART 5/SEC 1) : 2012,14499,"Guangdong Sat Technology Co. Ltd., No. 11 Lianbao Rd, Shengfeng District, Xiaolan Town, Zhongshan City, Guangdong, China – 528400",./assets/images/tracklights/adhil-15-04-champeing-gold.webp
Adhil 15,ATAS1250,48V DC,NA,2700K, CRI>97,φ45*90mm,36°,15W,AJ/CG,ATAS1250/27/36/CG,R-41231258,IS 10322 (PART 5/SEC 1) : 2012,14499,"Guangdong Sat Technology Co. Ltd., No. 11 Lianbao Rd, Shengfeng District, Xiaolan Town, Zhongshan City, Guangdong, China – 528400",./assets/images/tracklights/adhil-15-04-champeing-gold.webp
Adhil 15,ATAS1250,48V DC,NA,3000K, CRI>97,φ45*90mm,36°,15W,AJ/CG,ATAS1250/30/36/CG,R-41231258,IS 10322 (PART 5/SEC 1) : 2012,14499,"Guangdong Sat Technology Co. Ltd., No. 11 Lianbao Rd, Shengfeng District, Xiaolan Town, Zhongshan City, Guangdong, China – 528400",./assets/images/tracklights/adhil-15-04-champeing-gold.webp
Adhil 15,ATAS1250,48V DC,NA,3500K, CRI>97,φ45*90mm,36°,15W,AJ/CG,ATAS1250/35/36/CG,R-41231258,IS 10322 (PART 5/SEC 1) : 2012,14499,"Guangdong Sat Technology Co. Ltd., No. 11 Lianbao Rd, Shengfeng District, Xiaolan Town, Zhongshan City, Guangdong, China – 528400",./assets/images/tracklights/adhil-15-04-champeing-gold.webp
Adhil 15,ATAS1250,48V DC,NA,40000K, CRI>97,φ45*90mm,36°,15W,AJ/CG,ATAS1250/40/36/CG,R-41231258,IS 10322 (PART 5/SEC 1) : 2012,14499,"Guangdong Sat Technology Co. Ltd., No. 11 Lianbao Rd, Shengfeng District, Xiaolan Town, Zhongshan City, Guangdong, China – 528400",./assets/images/tracklights/adhil-15-04-champeing-gold.webp
Adhil 15,ATAS1250,48V DC,NA,5000K, CRI>97,φ45*90mm,36°,15W,AJ/CG,ATAS1250/50/36/CG,R-41231258,IS 10322 (PART 5/SEC 1) : 2012,14499,"Guangdong Sat Technology Co. Ltd., No. 11 Lianbao Rd, Shengfeng District, Xiaolan Town, Zhongshan City, Guangdong, China – 528400",./assets/images/tracklights/adhil-15-04-champeing-gold.webp
Adhil 15,ATAS1250,48V DC,NA,2700K, CRI>97,φ45*90mm,15°,15W,AJ/CG,ATAS1250/27/15/RG,R-41231258,IS 10322 (PART 5/SEC 1) : 2012,14499,"Guangdong Sat Technology Co. Ltd., No. 11 Lianbao Rd, Shengfeng District, Xiaolan Town, Zhongshan City, Guangdong, China – 528400",./assets/images/tracklights/adhil-15-08-rose-gold.webp
Adhil 15,ATAS1250,48V DC,NA,3000K, CRI>97,φ45*90mm,15°,15W,AJ/CG,ATAS1250/30/15/RG,R-41231258,IS 10322 (PART 5/SEC 1) : 2012,14499,"Guangdong Sat Technology Co. Ltd., No. 11 Lianbao Rd, Shengfeng District, Xiaolan Town, Zhongshan City, Guangdong, China – 528400",./assets/images/tracklights/adhil-15-08-rose-gold.webp
Adhil 15,ATAS1250,48V DC,NA,3500K, CRI>97,φ45*90mm,15°,15W,AJ/CG,ATAS1250/35/15/RG,R-41231258,IS 10322 (PART 5/SEC 1) : 2012,14499,"Guangdong Sat Technology Co. Ltd., No. 11 Lianbao Rd, Shengfeng District, Xiaolan Town, Zhongshan City, Guangdong, China – 528400",./assets/images/tracklights/adhil-15-08-rose-gold.webp
Adhil 15,ATAS1250,48V DC,NA,40000K, CRI>97,φ45*90mm,15°,15W,AJ/CG,ATAS1250/40/15/RG,R-41231258,IS 10322 (PART 5/SEC 1) : 2012,14499,"Guangdong Sat Technology Co. Ltd., No. 11 Lianbao Rd, Shengfeng District, Xiaolan Town, Zhongshan City, Guangdong, China – 528400",./assets/images/tracklights/adhil-15-08-rose-gold.webp
Adhil 15,ATAS1250,48V DC,NA,5000K, CRI>97,φ45*90mm,15°,15W,AJ/CG,ATAS1250/50/15/RG,R-41231258,IS 10322 (PART 5/SEC 1) : 2012,14499,"Guangdong Sat Technology Co. Ltd., No. 11 Lianbao Rd, Shengfeng District, Xiaolan Town, Zhongshan City, Guangdong, China – 528400",./assets/images/tracklights/adhil-15-08-rose-gold.webp
Adhil 15,ATAS1250,48V DC,NA,2700K, CRI>97,φ45*90mm,24°,15W,AJ/CG,ATAS1250/27/24/RG,R-41231258,IS 10322 (PART 5/SEC 1) : 2012,14499,"Guangdong Sat Technology Co. Ltd., No. 11 Lianbao Rd, Shengfeng District, Xiaolan Town, Zhongshan City, Guangdong, China – 528400",./assets/images/tracklights/adhil-15-08-rose-gold.webp
Adhil 15,ATAS1250,48V DC,NA,3000K, CRI>97,φ45*90mm,24°,15W,AJ/CG,ATAS1250/30/24/RG,R-41231258,IS 10322 (PART 5/SEC 1) : 2012,14499,"Guangdong Sat Technology Co. Ltd., No. 11 Lianbao Rd, Shengfeng District, Xiaolan Town, Zhongshan City, Guangdong, China – 528400",./assets/images/tracklights/adhil-15-08-rose-gold.webp
Adhil 15,ATAS1250,48V DC,NA,3500K, CRI>97,φ45*90mm,24°,15W,AJ/CG,ATAS1250/35/24/RG,R-41231258,IS 10322 (PART 5/SEC 1) : 2012,14499,"Guangdong Sat Technology Co. Ltd., No. 11 Lianbao Rd, Shengfeng District, Xiaolan Town, Zhongshan City, Guangdong, China – 528400",./assets/images/tracklights/adhil-15-08-rose-gold.webp
Adhil 15,ATAS1250,48V DC,NA,40000K, CRI>97,φ45*90mm,24°,15W,AJ/CG,ATAS1250/40/24/RG,R-41231258,IS 10322 (PART 5/SEC 1) : 2012,14499,"Guangdong Sat Technology Co. Ltd., No. 11 Lianbao Rd, Shengfeng District, Xiaolan Town, Zhongshan City, Guangdong, China – 528400",./assets/images/tracklights/adhil-15-08-rose-gold.webp
Adhil 15,ATAS1250,48V DC,NA,5000K, CRI>97,φ45*90mm,24°,15W,AJ/CG,ATAS1250/50/24/RG,R-41231258,IS 10322 (PART 5/SEC 1) : 2012,14499,"Guangdong Sat Technology Co. Ltd., No. 11 Lianbao Rd, Shengfeng District, Xiaolan Town, Zhongshan City, Guangdong, China – 528400",./assets/images/tracklights/adhil-15-08-rose-gold.webp
Adhil 15,ATAS1250,48V DC,NA,2700K, CRI>97,φ45*90mm,36°,15W,AJ/CG,ATAS1250/27/36/RG,R-41231258,IS 10322 (PART 5/SEC 1) : 2012,14499,"Guangdong Sat Technology Co. Ltd., No. 11 Lianbao Rd, Shengfeng District, Xiaolan Town, Zhongshan City, Guangdong, China – 528400",./assets/images/tracklights/adhil-15-08-rose-gold.webp
Adhil 15,ATAS1250,48V DC,NA,3000K, CRI>97,φ45*90mm,36°,15W,AJ/CG,ATAS1250/30/36/RG,R-41231258,IS 10322 (PART 5/SEC 1) : 2012,14499,"Guangdong Sat Technology Co. Ltd., No. 11 Lianbao Rd, Shengfeng District, Xiaolan Town, Zhongshan City, Guangdong, China – 528400",./assets/images/tracklights/adhil-15-08-rose-gold.webp
Adhil 15,ATAS1250,48V DC,NA,3500K, CRI>97,φ45*90mm,36°,15W,AJ/CG,ATAS1250/35/36/RG,R-41231258,IS 10322 (PART 5/SEC 1) : 2012,14499,"Guangdong Sat Technology Co. Ltd., No. 11 Lianbao Rd, Shengfeng District, Xiaolan Town, Zhongshan City, Guangdong, China – 528400",./assets/images/tracklights/adhil-15-08-rose-gold.webp
Adhil 15,ATAS1250,48V DC,NA,40000K, CRI>97,φ45*90mm,36°,15W,AJ/CG,ATAS1250/40/36/RG,R-41231258,IS 10322 (PART 5/SEC 1) : 2012,14499,"Guangdong Sat Technology Co. Ltd., No. 11 Lianbao Rd, Shengfeng District, Xiaolan Town, Zhongshan City, Guangdong, China – 528400",./assets/images/tracklights/adhil-15-08-rose-gold.webp
Adhil 15,ATAS1250,48V DC,NA,5000K, CRI>97,φ45*90mm,36°,15W,AJ/CG,ATAS1250/50/36/RG,R-41231258,IS 10322 (PART 5/SEC 1) : 2012,14499,"Guangdong Sat Technology Co. Ltd., No. 11 Lianbao Rd, Shengfeng District, Xiaolan Town, Zhongshan City, Guangdong, China – 528400",./assets/images/tracklights/adhil-15-08-rose-gold.webp
Adhil 15,ATAS1250,48V DC,NA,2700K, CRI>97,φ45*90mm,15°,15W,AJ/CG,ATAS1250/27/15/BR,R-41231258,IS 10322 (PART 5/SEC 1) : 2012,14499,"Guangdong Sat Technology Co. Ltd., No. 11 Lianbao Rd, Shengfeng District, Xiaolan Town, Zhongshan City, Guangdong, China – 528400",./assets/images/tracklights/adhil-15-10-brown.webp
Adhil 15,ATAS1250,48V DC,NA,3000K, CRI>97,φ45*90mm,15°,15W,AJ/CG,ATAS1250/30/15/BR,R-41231258,IS 10322 (PART 5/SEC 1) : 2012,14499,"Guangdong Sat Technology Co. Ltd., No. 11 Lianbao Rd, Shengfeng District, Xiaolan Town, Zhongshan City, Guangdong, China – 528400",./assets/images/tracklights/adhil-15-10-brown.webp
Adhil 15,ATAS1250,48V DC,NA,3500K, CRI>97,φ45*90mm,15°,15W,AJ/CG,ATAS1250/35/15/BR,R-41231258,IS 10322 (PART 5/SEC 1) : 2012,14499,"Guangdong Sat Technology Co. Ltd., No. 11 Lianbao Rd, Shengfeng District, Xiaolan Town, Zhongshan City, Guangdong, China – 528400",./assets/images/tracklights/adhil-15-10-brown.webp
Adhil 15,ATAS1250,48V DC,NA,40000K, CRI>97,φ45*90mm,15°,15W,AJ/CG,ATAS1250/40/15/BR,R-41231258,IS 10322 (PART 5/SEC 1) : 2012,14499,"Guangdong Sat Technology Co. Ltd., No. 11 Lianbao Rd, Shengfeng District, Xiaolan Town, Zhongshan City, Guangdong, China – 528400",./assets/images/tracklights/adhil-15-10-brown.webp
Adhil 15,ATAS1250,48V DC,NA,5000K, CRI>97,φ45*90mm,15°,15W,AJ/CG,ATAS1250/50/15/BR,R-41231258,IS 10322 (PART 5/SEC 1) : 2012,14499,"Guangdong Sat Technology Co. Ltd., No. 11 Lianbao Rd, Shengfeng District, Xiaolan Town, Zhongshan City, Guangdong, China – 528400",./assets/images/tracklights/adhil-15-10-brown.webp
Adhil 15,ATAS1250,48V DC,NA,2700K, CRI>97,φ45*90mm,24°,15W,AJ/CG,ATAS1250/27/24/BR,R-41231258,IS 10322 (PART 5/SEC 1) : 2012,14499,"Guangdong Sat Technology Co. Ltd., No. 11 Lianbao Rd, Shengfeng District, Xiaolan Town, Zhongshan City, Guangdong, China – 528400",./assets/images/tracklights/adhil-15-10-brown.webp
Adhil 15,ATAS1250,48V DC,NA,3000K, CRI>97,φ45*90mm,24°,15W,AJ/CG,ATAS1250/30/24/BR,R-41231258,IS 10322 (PART 5/SEC 1) : 2012,14499,"Guangdong Sat Technology Co. Ltd., No. 11 Lianbao Rd, Shengfeng District, Xiaolan Town, Zhongshan City, Guangdong, China – 528400",./assets/images/tracklights/adhil-15-10-brown.webp
Adhil 15,ATAS1250,48V DC,NA,3500K, CRI>97,φ45*90mm,24°,15W,AJ/CG,ATAS1250/35/24/BR,R-41231258,IS 10322 (PART 5/SEC 1) : 2012,14499,"Guangdong Sat Technology Co. Ltd., No. 11 Lianbao Rd, Shengfeng District, Xiaolan Town, Zhongshan City, Guangdong, China – 528400",./assets/images/tracklights/adhil-15-10-brown.webp
Adhil 15,ATAS1250,48V DC,NA,40000K, CRI>97,φ45*90mm,24°,15W,AJ/CG,ATAS1250/40/24/BR,R-41231258,IS 10322 (PART 5/SEC 1) : 2012,14499,"Guangdong Sat Technology Co. Ltd., No. 11 Lianbao Rd, Shengfeng District, Xiaolan Town, Zhongshan City, Guangdong, China – 528400",./assets/images/tracklights/adhil-15-10-brown.webp
Adhil 15,ATAS1250,48V DC,NA,5000K, CRI>97,φ45*90mm,24°,15W,AJ/CG,ATAS1250/50/24/BR,R-41231258,IS 10322 (PART 5/SEC 1) : 2012,14499,"Guangdong Sat Technology Co. Ltd., No. 11 Lianbao Rd, Shengfeng District, Xiaolan Town, Zhongshan City, Guangdong, China – 528400",./assets/images/tracklights/adhil-15-10-brown.webp
Adhil 15,ATAS1250,48V DC,NA,2700K, CRI>97,φ45*90mm,36°,15W,AJ/CG,ATAS1250/27/36/BR,R-41231258,IS 10322 (PART 5/SEC 1) : 2012,14499,"Guangdong Sat Technology Co. Ltd., No. 11 Lianbao Rd, Shengfeng District, Xiaolan Town, Zhongshan City, Guangdong, China – 528400",./assets/images/tracklights/adhil-15-10-brown.webp
Adhil 15,ATAS1250,48V DC,NA,3000K, CRI>97,φ45*90mm,36°,15W,AJ/CG,ATAS1250/30/36/BR,R-41231258,IS 10322 (PART 5/SEC 1) : 2012,14499,"Guangdong Sat Technology Co. Ltd., No. 11 Lianbao Rd, Shengfeng District, Xiaolan Town, Zhongshan City, Guangdong, China – 528400",./assets/images/tracklights/adhil-15-10-brown.webp
Adhil 15,ATAS1250,48V DC,NA,3500K, CRI>97,φ45*90mm,36°,15W,AJ/CG,ATAS1250/35/36/BR,R-41231258,IS 10322 (PART 5/SEC 1) : 2012,14499,"Guangdong Sat Technology Co. Ltd., No. 11 Lianbao Rd, Shengfeng District, Xiaolan Town, Zhongshan City, Guangdong, China – 528400",./assets/images/tracklights/adhil-15-10-brown.webp
Adhil 15,ATAS1250,48V DC,NA,40000K, CRI>97,φ45*90mm,36°,15W,AJ/CG,ATAS1250/40/36/BR,R-41231258,IS 10322 (PART 5/SEC 1) : 2012,14499,"Guangdong Sat Technology Co. Ltd., No. 11 Lianbao Rd, Shengfeng District, Xiaolan Town, Zhongshan City, Guangdong, China – 528400",./assets/images/tracklights/adhil-15-10-brown.webp
Adhil 15,ATAS1250,48V DC,NA,5000K, CRI>97,φ45*90mm,36°,15W,AJ/CG,ATAS1250/50/36/BR,R-41231258,IS 10322 (PART 5/SEC 1) : 2012,14499,"Guangdong Sat Technology Co. Ltd., No. 11 Lianbao Rd, Shengfeng District, Xiaolan Town, Zhongshan City, Guangdong, China – 528400",./assets/images/tracklights/adhil-15-10-brown.webp
Adhil 15,ATAS1250,48V DC,NA,2700K, CRI>97,φ45*90mm,15°,15W,AJ/CG,ATAS1250/27/15/COF,R-41231258,IS 10322 (PART 5/SEC 1) : 2012,14499,"Guangdong Sat Technology Co. Ltd., No. 11 Lianbao Rd, Shengfeng District, Xiaolan Town, Zhongshan City, Guangdong, China – 528400",./assets/images/tracklights/adhil-15-07-coffee.webp
Adhil 15,ATAS1250,48V DC,NA,3000K, CRI>97,φ45*90mm,15°,15W,AJ/CG,ATAS1250/30/15/COF,R-41231258,IS 10322 (PART 5/SEC 1) : 2012,14499,"Guangdong Sat Technology Co. Ltd., No. 11 Lianbao Rd, Shengfeng District, Xiaolan Town, Zhongshan City, Guangdong, China – 528400",./assets/images/tracklights/adhil-15-07-coffee.webp
Adhil 15,ATAS1250,48V DC,NA,3500K, CRI>97,φ45*90mm,15°,15W,AJ/CG,ATAS1250/35/15/COF,R-41231258,IS 10322 (PART 5/SEC 1) : 2012,14499,"Guangdong Sat Technology Co. Ltd., No. 11 Lianbao Rd, Shengfeng District, Xiaolan Town, Zhongshan City, Guangdong, China – 528400",./assets/images/tracklights/adhil-15-07-coffee.webp
Adhil 15,ATAS1250,48V DC,NA,40000K, CRI>97,φ45*90mm,15°,15W,AJ/CG,ATAS1250/40/15/COF,R-41231258,IS 10322 (PART 5/SEC 1) : 2012,14499,"Guangdong Sat Technology Co. Ltd., No. 11 Lianbao Rd, Shengfeng District, Xiaolan Town, Zhongshan City, Guangdong, China – 528400",./assets/images/tracklights/adhil-15-07-coffee.webp
Adhil 15,ATAS1250,48V DC,NA,5000K, CRI>97,φ45*90mm,15°,15W,AJ/CG,ATAS1250/50/15/COF,R-41231258,IS 10322 (PART 5/SEC 1) : 2012,14499,"Guangdong Sat Technology Co. Ltd., No. 11 Lianbao Rd, Shengfeng District, Xiaolan Town, Zhongshan City, Guangdong, China – 528400",./assets/images/tracklights/adhil-15-07-coffee.webp
Adhil 15,ATAS1250,48V DC,NA,2700K, CRI>97,φ45*90mm,24°,15W,AJ/CG,ATAS1250/27/24/COF,R-41231258,IS 10322 (PART 5/SEC 1) : 2012,14499,"Guangdong Sat Technology Co. Ltd., No. 11 Lianbao Rd, Shengfeng District, Xiaolan Town, Zhongshan City, Guangdong, China – 528400",./assets/images/tracklights/adhil-15-07-coffee.webp
Adhil 15,ATAS1250,48V DC,NA,3000K, CRI>97,φ45*90mm,24°,15W,AJ/CG,ATAS1250/30/24/COF,R-41231258,IS 10322 (PART 5/SEC 1) : 2012,14499,"Guangdong Sat Technology Co. Ltd., No. 11 Lianbao Rd, Shengfeng District, Xiaolan Town, Zhongshan City, Guangdong, China – 528400",./assets/images/tracklights/adhil-15-07-coffee.webp
Adhil 15,ATAS1250,48V DC,NA,3500K, CRI>97,φ45*90mm,24°,15W,AJ/CG,ATAS1250/35/24/COF,R-41231258,IS 10322 (PART 5/SEC 1) : 2012,14499,"Guangdong Sat Technology Co. Ltd., No. 11 Lianbao Rd, Shengfeng District, Xiaolan Town, Zhongshan City, Guangdong, China – 528400",./assets/images/tracklights/adhil-15-07-coffee.webp
Adhil 15,ATAS1250,48V DC,NA,40000K, CRI>97,φ45*90mm,24°,15W,AJ/CG,ATAS1250/40/24/COF,R-41231258,IS 10322 (PART 5/SEC 1) : 2012,14499,"Guangdong Sat Technology Co. Ltd., No. 11 Lianbao Rd, Shengfeng District, Xiaolan Town, Zhongshan City, Guangdong, China – 528400",./assets/images/tracklights/adhil-15-07-coffee.webp
Adhil 15,ATAS1250,48V DC,NA,5000K, CRI>97,φ45*90mm,24°,15W,AJ/CG,ATAS1250/50/24/COF,R-41231258,IS 10322 (PART 5/SEC 1) : 2012,14499,"Guangdong Sat Technology Co. Ltd., No. 11 Lianbao Rd, Shengfeng District, Xiaolan Town, Zhongshan City, Guangdong, China – 528400",./assets/images/tracklights/adhil-15-07-coffee.webp
Adhil 15,ATAS1250,48V DC,NA,2700K, CRI>97,φ45*90mm,36°,15W,AJ/CG,ATAS1250/27/36/COF,R-41231258,IS 10322 (PART 5/SEC 1) : 2012,14499,"Guangdong Sat Technology Co. Ltd., No. 11 Lianbao Rd, Shengfeng District, Xiaolan Town, Zhongshan City, Guangdong, China – 528400",./assets/images/tracklights/adhil-15-07-coffee.webp
Adhil 15,ATAS1250,48V DC,NA,3000K, CRI>97,φ45*90mm,36°,15W,AJ/CG,ATAS1250/30/36/COF,R-41231258,IS 10322 (PART 5/SEC 1) : 2012,14499,"Guangdong Sat Technology Co. Ltd., No. 11 Lianbao Rd, Shengfeng District, Xiaolan Town, Zhongshan City, Guangdong, China – 528400",./assets/images/tracklights/adhil-15-07-coffee.webp
Adhil 15,ATAS1250,48V DC,NA,3500K, CRI>97,φ45*90mm,36°,15W,AJ/CG,ATAS1250/35/36/COF,R-41231258,IS 10322 (PART 5/SEC 1) : 2012,14499,"Guangdong Sat Technology Co. Ltd., No. 11 Lianbao Rd, Shengfeng District, Xiaolan Town, Zhongshan City, Guangdong, China – 528400",./assets/images/tracklights/adhil-15-07-coffee.webp
Adhil 15,ATAS1250,48V DC,NA,40000K, CRI>97,φ45*90mm,36°,15W,AJ/CG,ATAS1250/40/36/COF,R-41231258,IS 10322 (PART 5/SEC 1) : 2012,14499,"Guangdong Sat Technology Co. Ltd., No. 11 Lianbao Rd, Shengfeng District, Xiaolan Town, Zhongshan City, Guangdong, China – 528400",./assets/images/tracklights/adhil-15-07-coffee.webp
Adhil 15,ATAS1250,48V DC,NA,5000K, CRI>97,φ45*90mm,36°,15W,AJ/CG,ATAS1250/50/36/COF,R-41231258,IS 10322 (PART 5/SEC 1) : 2012,14499,"Guangdong Sat Technology Co. Ltd., No. 11 Lianbao Rd, Shengfeng District, Xiaolan Town, Zhongshan City, Guangdong, China – 528400",./assets/images/tracklights/adhil-15-07-coffee.webp
Adhil 15,ATAS1250,48V DC,NA,2700K, CRI>97,φ45*90mm,15°,15W,AJ/CG,ATAS1250/27/15/DGR,R-41231258,IS 10322 (PART 5/SEC 1) : 2012,14499,"Guangdong Sat Technology Co. Ltd., No. 11 Lianbao Rd, Shengfeng District, Xiaolan Town, Zhongshan City, Guangdong, China – 528400",./assets/images/tracklights/adhil-15-09-dark-gray-default.webp
Adhil 15,ATAS1250,48V DC,NA,3000K, CRI>97,φ45*90mm,15°,15W,AJ/CG,ATAS1250/30/15/DGR,R-41231258,IS 10322 (PART 5/SEC 1) : 2012,14499,"Guangdong Sat Technology Co. Ltd., No. 11 Lianbao Rd, Shengfeng District, Xiaolan Town, Zhongshan City, Guangdong, China – 528400",./assets/images/tracklights/adhil-15-09-dark-gray-default.webp
Adhil 15,ATAS1250,48V DC,NA,3500K, CRI>97,φ45*90mm,15°,15W,AJ/CG,ATAS1250/35/15/DGR,R-41231258,IS 10322 (PART 5/SEC 1) : 2012,14499,"Guangdong Sat Technology Co. Ltd., No. 11 Lianbao Rd, Shengfeng District, Xiaolan Town, Zhongshan City, Guangdong, China – 528400",./assets/images/tracklights/adhil-15-09-dark-gray-default.webp
Adhil 15,ATAS1250,48V DC,NA,40000K, CRI>97,φ45*90mm,15°,15W,AJ/CG,ATAS1250/40/15/DGR,R-41231258,IS 10322 (PART 5/SEC 1) : 2012,14499,"Guangdong Sat Technology Co. Ltd., No. 11 Lianbao Rd, Shengfeng District, Xiaolan Town, Zhongshan City, Guangdong, China – 528400",./assets/images/tracklights/adhil-15-09-dark-gray-default.webp
Adhil 15,ATAS1250,48V DC,NA,5000K, CRI>97,φ45*90mm,15°,15W,AJ/CG,ATAS1250/50/15/DGR,R-41231258,IS 10322 (PART 5/SEC 1) : 2012,14499,"Guangdong Sat Technology Co. Ltd., No. 11 Lianbao Rd, Shengfeng District, Xiaolan Town, Zhongshan City, Guangdong, China – 528400",./assets/images/tracklights/adhil-15-09-dark-gray-default.webp
Adhil 15,ATAS1250,48V DC,NA,2700K, CRI>97,φ45*90mm,24°,15W,AJ/CG,ATAS1250/27/24/DGR,R-41231258,IS 10322 (PART 5/SEC 1) : 2012,14499,"Guangdong Sat Technology Co. Ltd., No. 11 Lianbao Rd, Shengfeng District, Xiaolan Town, Zhongshan City, Guangdong, China – 528400",./assets/images/tracklights/adhil-15-09-dark-gray-default.webp
Adhil 15,ATAS1250,48V DC,NA,3000K, CRI>97,φ45*90mm,24°,15W,AJ/CG,ATAS1250/30/24/DGR,R-41231258,IS 10322 (PART 5/SEC 1) : 2012,14499,"Guangdong Sat Technology Co. Ltd., No. 11 Lianbao Rd, Shengfeng District, Xiaolan Town, Zhongshan City, Guangdong, China – 528400",./assets/images/tracklights/adhil-15-09-dark-gray-default.webp
Adhil 15,ATAS1250,48V DC,NA,3500K, CRI>97,φ45*90mm,24°,15W,AJ/CG,ATAS1250/35/24/DGR,R-41231258,IS 10322 (PART 5/SEC 1) : 2012,14499,"Guangdong Sat Technology Co. Ltd., No. 11 Lianbao Rd, Shengfeng District, Xiaolan Town, Zhongshan City, Guangdong, China – 528400",./assets/images/tracklights/adhil-15-09-dark-gray-default.webp
Adhil 15,ATAS1250,48V DC,NA,40000K, CRI>97,φ45*90mm,24°,15W,AJ/CG,ATAS1250/40/24/DGR,R-41231258,IS 10322 (PART 5/SEC 1) : 2012,14499,"Guangdong Sat Technology Co. Ltd., No. 11 Lianbao Rd, Shengfeng District, Xiaolan Town, Zhongshan City, Guangdong, China – 528400",./assets/images/tracklights/adhil-15-09-dark-gray-default.webp
Adhil 15,ATAS1250,48V DC,NA,5000K, CRI>97,φ45*90mm,24°,15W,AJ/CG,ATAS1250/50/24/DGR,R-41231258,IS 10322 (PART 5/SEC 1) : 2012,14499,"Guangdong Sat Technology Co. Ltd., No. 11 Lianbao Rd, Shengfeng District, Xiaolan Town, Zhongshan City, Guangdong, China – 528400",./assets/images/tracklights/adhil-15-09-dark-gray-default.webp
Adhil 15,ATAS1250,48V DC,NA,2700K, CRI>97,φ45*90mm,36°,15W,AJ/CG,ATAS1250/27/36/DGR,R-41231258,IS 10322 (PART 5/SEC 1) : 2012,14499,"Guangdong Sat Technology Co. Ltd., No. 11 Lianbao Rd, Shengfeng District, Xiaolan Town, Zhongshan City, Guangdong, China – 528400",./assets/images/tracklights/adhil-15-09-dark-gray-default.webp
Adhil 15,ATAS1250,48V DC,NA,3000K, CRI>97,φ45*90mm,36°,15W,AJ/CG,ATAS1250/30/36/DGR,R-41231258,IS 10322 (PART 5/SEC 1) : 2012,14499,"Guangdong Sat Technology Co. Ltd., No. 11 Lianbao Rd, Shengfeng District, Xiaolan Town, Zhongshan City, Guangdong, China – 528400",./assets/images/tracklights/adhil-15-09-dark-gray-default.webp
Adhil 15,ATAS1250,48V DC,NA,3500K, CRI>97,φ45*90mm,36°,15W,AJ/CG,ATAS1250/35/36/DGR,R-41231258,IS 10322 (PART 5/SEC 1) : 2012,14499,"Guangdong Sat Technology Co. Ltd., No. 11 Lianbao Rd, Shengfeng District, Xiaolan Town, Zhongshan City, Guangdong, China – 528400",./assets/images/tracklights/adhil-15-09-dark-gray-default.webp
Adhil 15,ATAS1250,48V DC,NA,40000K, CRI>97,φ45*90mm,36°,15W,AJ/CG,ATAS1250/40/36/DGR,R-41231258,IS 10322 (PART 5/SEC 1) : 2012,14499,"Guangdong Sat Technology Co. Ltd., No. 11 Lianbao Rd, Shengfeng District, Xiaolan Town, Zhongshan City, Guangdong, China – 528400",./assets/images/tracklights/adhil-15-09-dark-gray-default.webp
Adhil 15,ATAS1250,48V DC,NA,5000K, CRI>97,φ45*90mm,36°,15W,AJ/CG,ATAS1250/50/36/DGR,R-41231258,IS 10322 (PART 5/SEC 1) : 2012,14499,"Guangdong Sat Technology Co. Ltd., No. 11 Lianbao Rd, Shengfeng District, Xiaolan Town, Zhongshan City, Guangdong, China – 528400",./assets/images/tracklights/adhil-15-09-dark-gray-default.webp
Adhil 15,ATAS1250,48V DC,NA,2700K, CRI>97,φ45*90mm,15°,15W,AJ/CG,ATAS1250/27/15/BB,R-41231258,IS 10322 (PART 5/SEC 1) : 2012,14499,"Guangdong Sat Technology Co. Ltd., No. 11 Lianbao Rd, Shengfeng District, Xiaolan Town, Zhongshan City, Guangdong, China – 528400",./assets/images/tracklights/adhil-15-06-ballet-blue.webp
Adhil 15,ATAS1250,48V DC,NA,3000K, CRI>97,φ45*90mm,15°,15W,AJ/CG,ATAS1250/30/15/BB,R-41231258,IS 10322 (PART 5/SEC 1) : 2012,14499,"Guangdong Sat Technology Co. Ltd., No. 11 Lianbao Rd, Shengfeng District, Xiaolan Town, Zhongshan City, Guangdong, China – 528400",./assets/images/tracklights/adhil-15-06-ballet-blue.webp
Adhil 15,ATAS1250,48V DC,NA,3500K, CRI>97,φ45*90mm,15°,15W,AJ/CG,ATAS1250/35/15/BB,R-41231258,IS 10322 (PART 5/SEC 1) : 2012,14499,"Guangdong Sat Technology Co. Ltd., No. 11 Lianbao Rd, Shengfeng District, Xiaolan Town, Zhongshan City, Guangdong, China – 528400",./assets/images/tracklights/adhil-15-06-ballet-blue.webp
Adhil 15,ATAS1250,48V DC,NA,40000K, CRI>97,φ45*90mm,15°,15W,AJ/CG,ATAS1250/40/15/BB,R-41231258,IS 10322 (PART 5/SEC 1) : 2012,14499,"Guangdong Sat Technology Co. Ltd., No. 11 Lianbao Rd, Shengfeng District, Xiaolan Town, Zhongshan City, Guangdong, China – 528400",./assets/images/tracklights/adhil-15-06-ballet-blue.webp
Adhil 15,ATAS1250,48V DC,NA,5000K, CRI>97,φ45*90mm,15°,15W,AJ/CG,ATAS1250/50/15/BB,R-41231258,IS 10322 (PART 5/SEC 1) : 2012,14499,"Guangdong Sat Technology Co. Ltd., No. 11 Lianbao Rd, Shengfeng District, Xiaolan Town, Zhongshan City, Guangdong, China – 528400",./assets/images/tracklights/adhil-15-06-ballet-blue.webp
Adhil 15,ATAS1250,48V DC,NA,2700K, CRI>97,φ45*90mm,24°,15W,AJ/CG,ATAS1250/27/24/BB,R-41231258,IS 10322 (PART 5/SEC 1) : 2012,14499,"Guangdong Sat Technology Co. Ltd., No. 11 Lianbao Rd, Shengfeng District, Xiaolan Town, Zhongshan City, Guangdong, China – 528400",./assets/images/tracklights/adhil-15-06-ballet-blue.webp
Adhil 15,ATAS1250,48V DC,NA,3000K, CRI>97,φ45*90mm,24°,15W,AJ/CG,ATAS1250/30/24/BB,R-41231258,IS 10322 (PART 5/SEC 1) : 2012,14499,"Guangdong Sat Technology Co. Ltd., No. 11 Lianbao Rd, Shengfeng District, Xiaolan Town, Zhongshan City, Guangdong, China – 528400",./assets/images/tracklights/adhil-15-06-ballet-blue.webp
Adhil 15,ATAS1250,48V DC,NA,3500K, CRI>97,φ45*90mm,24°,15W,AJ/CG,ATAS1250/35/24/BB,R-41231258,IS 10322 (PART 5/SEC 1) : 2012,14499,"Guangdong Sat Technology Co. Ltd., No. 11 Lianbao Rd, Shengfeng District, Xiaolan Town, Zhongshan City, Guangdong, China – 528400",./assets/images/tracklights/adhil-15-06-ballet-blue.webp
Adhil 15,ATAS1250,48V DC,NA,40000K, CRI>97,φ45*90mm,24°,15W,AJ/CG,ATAS1250/40/24/BB,R-41231258,IS 10322 (PART 5/SEC 1) : 2012,14499,"Guangdong Sat Technology Co. Ltd., No. 11 Lianbao Rd, Shengfeng District, Xiaolan Town, Zhongshan City, Guangdong, China – 528400",./assets/images/tracklights/adhil-15-06-ballet-blue.webp
Adhil 15,ATAS1250,48V DC,NA,5000K, CRI>97,φ45*90mm,24°,15W,AJ/CG,ATAS1250/50/24/BB,R-41231258,IS 10322 (PART 5/SEC 1) : 2012,14499,"Guangdong Sat Technology Co. Ltd., No. 11 Lianbao Rd, Shengfeng District, Xiaolan Town, Zhongshan City, Guangdong, China – 528400",./assets/images/tracklights/adhil-15-06-ballet-blue.webp
Adhil 15,ATAS1250,48V DC,NA,2700K, CRI>97,φ45*90mm,36°,15W,AJ/CG,ATAS1250/27/36/BB,R-41231258,IS 10322 (PART 5/SEC 1) : 2012,14499,"Guangdong Sat Technology Co. Ltd., No. 11 Lianbao Rd, Shengfeng District, Xiaolan Town, Zhongshan City, Guangdong, China – 528400",./assets/images/tracklights/adhil-15-06-ballet-blue.webp
Adhil 15,ATAS1250,48V DC,NA,3000K, CRI>97,φ45*90mm,36°,15W,AJ/CG,ATAS1250/30/36/BB,R-41231258,IS 10322 (PART 5/SEC 1) : 2012,14499,"Guangdong Sat Technology Co. Ltd., No. 11 Lianbao Rd, Shengfeng District, Xiaolan Town, Zhongshan City, Guangdong, China – 528400",./assets/images/tracklights/adhil-15-06-ballet-blue.webp
Adhil 15,ATAS1250,48V DC,NA,3500K, CRI>97,φ45*90mm,36°,15W,AJ/CG,ATAS1250/35/36/BB,R-41231258,IS 10322 (PART 5/SEC 1) : 2012,14499,"Guangdong Sat Technology Co. Ltd., No. 11 Lianbao Rd, Shengfeng District, Xiaolan Town, Zhongshan City, Guangdong, China – 528400",./assets/images/tracklights/adhil-15-06-ballet-blue.webp
Adhil 15,ATAS1250,48V DC,NA,40000K, CRI>97,φ45*90mm,36°,15W,AJ/CG,ATAS1250/40/36/BB,R-41231258,IS 10322 (PART 5/SEC 1) : 2012,14499,"Guangdong Sat Technology Co. Ltd., No. 11 Lianbao Rd, Shengfeng District, Xiaolan Town, Zhongshan City, Guangdong, China – 528400",./assets/images/tracklights/adhil-15-06-ballet-blue.webp
Adhil 15,ATAS1250,48V DC,NA,5000K, CRI>97,φ45*90mm,36°,15W,AJ/CG,ATAS1250/50/36/BB,R-41231258,IS 10322 (PART 5/SEC 1) : 2012,14499,"Guangdong Sat Technology Co. Ltd., No. 11 Lianbao Rd, Shengfeng District, Xiaolan Town, Zhongshan City, Guangdong, China – 528400",./assets/images/tracklights/adhil-15-06-ballet-blue.webp
Adhil 15,ATAS1250,48V DC,NA,2700K, CRI>97,φ45*90mm,15°,15W,AJ/CG,ATAS1250/27/15/CH,R-41231258,IS 10322 (PART 5/SEC 1) : 2012,14499,"Guangdong Sat Technology Co. Ltd., No. 11 Lianbao Rd, Shengfeng District, Xiaolan Town, Zhongshan City, Guangdong, China – 528400",./assets/images/tracklights/adhil-15-01-chrome.webp
Adhil 15,ATAS1250,48V DC,NA,3000K, CRI>97,φ45*90mm,15°,15W,AJ/CG,ATAS1250/30/15/CH,R-41231258,IS 10322 (PART 5/SEC 1) : 2012,14499,"Guangdong Sat Technology Co. Ltd., No. 11 Lianbao Rd, Shengfeng District, Xiaolan Town, Zhongshan City, Guangdong, China – 528400",./assets/images/tracklights/adhil-15-01-chrome.webp
Adhil 15,ATAS1250,48V DC,NA,3500K, CRI>97,φ45*90mm,15°,15W,AJ/CG,ATAS1250/35/15/CH,R-41231258,IS 10322 (PART 5/SEC 1) : 2012,14499,"Guangdong Sat Technology Co. Ltd., No. 11 Lianbao Rd, Shengfeng District, Xiaolan Town, Zhongshan City, Guangdong, China – 528400",./assets/images/tracklights/adhil-15-01-chrome.webp
Adhil 15,ATAS1250,48V DC,NA,40000K, CRI>97,φ45*90mm,15°,15W,AJ/CG,ATAS1250/40/15/CH,R-41231258,IS 10322 (PART 5/SEC 1) : 2012,14499,"Guangdong Sat Technology Co. Ltd., No. 11 Lianbao Rd, Shengfeng District, Xiaolan Town, Zhongshan City, Guangdong, China – 528400",./assets/images/tracklights/adhil-15-01-chrome.webp
Adhil 15,ATAS1250,48V DC,NA,5000K, CRI>97,φ45*90mm,15°,15W,AJ/CG,ATAS1250/50/15/CH,R-41231258,IS 10322 (PART 5/SEC 1) : 2012,14499,"Guangdong Sat Technology Co. Ltd., No. 11 Lianbao Rd, Shengfeng District, Xiaolan Town, Zhongshan City, Guangdong, China – 528400",./assets/images/tracklights/adhil-15-01-chrome.webp
Adhil 15,ATAS1250,48V DC,NA,2700K, CRI>97,φ45*90mm,24°,15W,AJ/CG,ATAS1250/27/24/CH,R-41231258,IS 10322 (PART 5/SEC 1) : 2012,14499,"Guangdong Sat Technology Co. Ltd., No. 11 Lianbao Rd, Shengfeng District, Xiaolan Town, Zhongshan City, Guangdong, China – 528400",./assets/images/tracklights/adhil-15-01-chrome.webp
Adhil 15,ATAS1250,48V DC,NA,3000K, CRI>97,φ45*90mm,24°,15W,AJ/CG,ATAS1250/30/24/CH,R-41231258,IS 10322 (PART 5/SEC 1) : 2012,14499,"Guangdong Sat Technology Co. Ltd., No. 11 Lianbao Rd, Shengfeng District, Xiaolan Town, Zhongshan City, Guangdong, China – 528400",./assets/images/tracklights/adhil-15-01-chrome.webp
Adhil 15,ATAS1250,48V DC,NA,3500K, CRI>97,φ45*90mm,24°,15W,AJ/CG,ATAS1250/35/24/CH,R-41231258,IS 10322 (PART 5/SEC 1) : 2012,14499,"Guangdong Sat Technology Co. Ltd., No. 11 Lianbao Rd, Shengfeng District, Xiaolan Town, Zhongshan City, Guangdong, China – 528400",./assets/images/tracklights/adhil-15-01-chrome.webp
Adhil 15,ATAS1250,48V DC,NA,40000K, CRI>97,φ45*90mm,24°,15W,AJ/CG,ATAS1250/40/24/CH,R-41231258,IS 10322 (PART 5/SEC 1) : 2012,14499,"Guangdong Sat Technology Co. Ltd., No. 11 Lianbao Rd, Shengfeng District, Xiaolan Town, Zhongshan City, Guangdong, China – 528400",./assets/images/tracklights/adhil-15-01-chrome.webp
Adhil 15,ATAS1250,48V DC,NA,5000K, CRI>97,φ45*90mm,24°,15W,AJ/CG,ATAS1250/50/24/CH,R-41231258,IS 10322 (PART 5/SEC 1) : 2012,14499,"Guangdong Sat Technology Co. Ltd., No. 11 Lianbao Rd, Shengfeng District, Xiaolan Town, Zhongshan City, Guangdong, China – 528400",./assets/images/tracklights/adhil-15-01-chrome.webp
Adhil 15,ATAS1250,48V DC,NA,2700K, CRI>97,φ45*90mm,36°,15W,AJ/CG,ATAS1250/27/36/CH,R-41231258,IS 10322 (PART 5/SEC 1) : 2012,14499,"Guangdong Sat Technology Co. Ltd., No. 11 Lianbao Rd, Shengfeng District, Xiaolan Town, Zhongshan City, Guangdong, China – 528400",./assets/images/tracklights/adhil-15-01-chrome.webp
Adhil 15,ATAS1250,48V DC,NA,3000K, CRI>97,φ45*90mm,36°,15W,AJ/CG,ATAS1250/30/36/CH,R-41231258,IS 10322 (PART 5/SEC 1) : 2012,14499,"Guangdong Sat Technology Co. Ltd., No. 11 Lianbao Rd, Shengfeng District, Xiaolan Town, Zhongshan City, Guangdong, China – 528400",./assets/images/tracklights/adhil-15-01-chrome.webp
Adhil 15,ATAS1250,48V DC,NA,3500K, CRI>97,φ45*90mm,36°,15W,AJ/CG,ATAS1250/35/36/CH,R-41231258,IS 10322 (PART 5/SEC 1) : 2012,14499,"Guangdong Sat Technology Co. Ltd., No. 11 Lianbao Rd, Shengfeng District, Xiaolan Town, Zhongshan City, Guangdong, China – 528400",./assets/images/tracklights/adhil-15-01-chrome.webp
Adhil 15,ATAS1250,48V DC,NA,40000K, CRI>97,φ45*90mm,36°,15W,AJ/CG,ATAS1250/40/36/CH,R-41231258,IS 10322 (PART 5/SEC 1) : 2012,14499,"Guangdong Sat Technology Co. Ltd., No. 11 Lianbao Rd, Shengfeng District, Xiaolan Town, Zhongshan City, Guangdong, China – 528400",./assets/images/tracklights/adhil-15-01-chrome.webp
Adhil 15,ATAS1250,48V DC,NA,5000K, CRI>97,φ45*90mm,36°,15W,AJ/CG,ATAS1250/50/36/CH,R-41231258,IS 10322 (PART 5/SEC 1) : 2012,14499,"Guangdong Sat Technology Co. Ltd., No. 11 Lianbao Rd, Shengfeng District, Xiaolan Town, Zhongshan City, Guangdong, China – 528400",./assets/images/tracklights/adhil-15-01-chrome.webp
Adhil 15,ATAS1250,48V DC,NA,2700K, CRI>97,φ45*90mm,15°,15W,AJ/CG,ATAS1250/27/15/CHB,R-41231258,IS 10322 (PART 5/SEC 1) : 2012,14499,"Guangdong Sat Technology Co. Ltd., No. 11 Lianbao Rd, Shengfeng District, Xiaolan Town, Zhongshan City, Guangdong, China – 528400",./assets/images/tracklights/adhil-15-02-chrome-black.webp
Adhil 15,ATAS1250,48V DC,NA,3000K, CRI>97,φ45*90mm,15°,15W,AJ/CG,ATAS1250/30/15/CHB,R-41231258,IS 10322 (PART 5/SEC 1) : 2012,14499,"Guangdong Sat Technology Co. Ltd., No. 11 Lianbao Rd, Shengfeng District, Xiaolan Town, Zhongshan City, Guangdong, China – 528400",./assets/images/tracklights/adhil-15-02-chrome-black.webp
Adhil 15,ATAS1250,48V DC,NA,3500K, CRI>97,φ45*90mm,15°,15W,AJ/CG,ATAS1250/35/15/CHB,R-41231258,IS 10322 (PART 5/SEC 1) : 2012,14499,"Guangdong Sat Technology Co. Ltd., No. 11 Lianbao Rd, Shengfeng District, Xiaolan Town, Zhongshan City, Guangdong, China – 528400",./assets/images/tracklights/adhil-15-02-chrome-black.webp
Adhil 15,ATAS1250,48V DC,NA,40000K, CRI>97,φ45*90mm,15°,15W,AJ/CG,ATAS1250/40/15/CHB,R-41231258,IS 10322 (PART 5/SEC 1) : 2012,14499,"Guangdong Sat Technology Co. Ltd., No. 11 Lianbao Rd, Shengfeng District, Xiaolan Town, Zhongshan City, Guangdong, China – 528400",./assets/images/tracklights/adhil-15-02-chrome-black.webp
Adhil 15,ATAS1250,48V DC,NA,5000K, CRI>97,φ45*90mm,15°,15W,AJ/CG,ATAS1250/50/15/CHB,R-41231258,IS 10322 (PART 5/SEC 1) : 2012,14499,"Guangdong Sat Technology Co. Ltd., No. 11 Lianbao Rd, Shengfeng District, Xiaolan Town, Zhongshan City, Guangdong, China – 528400",./assets/images/tracklights/adhil-15-02-chrome-black.webp
Adhil 15,ATAS1250,48V DC,NA,2700K, CRI>97,φ45*90mm,24°,15W,AJ/CG,ATAS1250/27/24/CHB,R-41231258,IS 10322 (PART 5/SEC 1) : 2012,14499,"Guangdong Sat Technology Co. Ltd., No. 11 Lianbao Rd, Shengfeng District, Xiaolan Town, Zhongshan City, Guangdong, China – 528400",./assets/images/tracklights/adhil-15-02-chrome-black.webp
Adhil 15,ATAS1250,48V DC,NA,3000K, CRI>97,φ45*90mm,24°,15W,AJ/CG,ATAS1250/30/24/CHB,R-41231258,IS 10322 (PART 5/SEC 1) : 2012,14499,"Guangdong Sat Technology Co. Ltd., No. 11 Lianbao Rd, Shengfeng District, Xiaolan Town, Zhongshan City, Guangdong, China – 528400",./assets/images/tracklights/adhil-15-02-chrome-black.webp
Adhil 15,ATAS1250,48V DC,NA,3500K, CRI>97,φ45*90mm,24°,15W,AJ/CG,ATAS1250/35/24/CHB,R-41231258,IS 10322 (PART 5/SEC 1) : 2012,14499,"Guangdong Sat Technology Co. Ltd., No. 11 Lianbao Rd, Shengfeng District, Xiaolan Town, Zhongshan City, Guangdong, China – 528400",./assets/images/tracklights/adhil-15-02-chrome-black.webp
Adhil 15,ATAS1250,48V DC,NA,40000K, CRI>97,φ45*90mm,24°,15W,AJ/CG,ATAS1250/40/24/CHB,R-41231258,IS 10322 (PART 5/SEC 1) : 2012,14499,"Guangdong Sat Technology Co. Ltd., No. 11 Lianbao Rd, Shengfeng District, Xiaolan Town, Zhongshan City, Guangdong, China – 528400",./assets/images/tracklights/adhil-15-02-chrome-black.webp
Adhil 15,ATAS1250,48V DC,NA,5000K, CRI>97,φ45*90mm,24°,15W,AJ/CG,ATAS1250/50/24/CHB,R-41231258,IS 10322 (PART 5/SEC 1) : 2012,14499,"Guangdong Sat Technology Co. Ltd., No. 11 Lianbao Rd, Shengfeng District, Xiaolan Town, Zhongshan City, Guangdong, China – 528400",./assets/images/tracklights/adhil-15-02-chrome-black.webp
Adhil 15,ATAS1250,48V DC,NA,2700K, CRI>97,φ45*90mm,36°,15W,AJ/CG,ATAS1250/27/36/CHB,R-41231258,IS 10322 (PART 5/SEC 1) : 2012,14499,"Guangdong Sat Technology Co. Ltd., No. 11 Lianbao Rd, Shengfeng District, Xiaolan Town, Zhongshan City, Guangdong, China – 528400",./assets/images/tracklights/adhil-15-02-chrome-black.webp
Adhil 15,ATAS1250,48V DC,NA,3000K, CRI>97,φ45*90mm,36°,15W,AJ/CG,ATAS1250/30/36/CHB,R-41231258,IS 10322 (PART 5/SEC 1) : 2012,14499,"Guangdong Sat Technology Co. Ltd., No. 11 Lianbao Rd, Shengfeng District, Xiaolan Town, Zhongshan City, Guangdong, China – 528400",./assets/images/tracklights/adhil-15-02-chrome-black.webp
Adhil 15,ATAS1250,48V DC,NA,3500K, CRI>97,φ45*90mm,36°,15W,AJ/CG,ATAS1250/35/36/CHB,R-41231258,IS 10322 (PART 5/SEC 1) : 2012,14499,"Guangdong Sat Technology Co. Ltd., No. 11 Lianbao Rd, Shengfeng District, Xiaolan Town, Zhongshan City, Guangdong, China – 528400",./assets/images/tracklights/adhil-15-02-chrome-black.webp
Adhil 15,ATAS1250,48V DC,NA,40000K, CRI>97,φ45*90mm,36°,15W,AJ/CG,ATAS1250/40/36/CHB,R-41231258,IS 10322 (PART 5/SEC 1) : 2012,14499,"Guangdong Sat Technology Co. Ltd., No. 11 Lianbao Rd, Shengfeng District, Xiaolan Town, Zhongshan City, Guangdong, China – 528400",./assets/images/tracklights/adhil-15-02-chrome-black.webp
Adhil 15,ATAS1250,48V DC,NA,5000K, CRI>97,φ45*90mm,36°,15W,AJ/CG,ATAS1250/50/36/CHB,R-41231258,IS 10322 (PART 5/SEC 1) : 2012,14499,"Guangdong Sat Technology Co. Ltd., No. 11 Lianbao Rd, Shengfeng District, Xiaolan Town, Zhongshan City, Guangdong, China – 528400",./assets/images/tracklights/adhil-15-02-chrome-black.webp
Adhil 15 Tunable,ATAS1250,48V DC,NA,2700K~6500K, CRI>97,φ45*90mm,15°,15W,AJ/CG,ATAS1250/CT/15,R-41231258,IS 10322 (PART 5/SEC 1) : 2012,14699,"Guangdong Sat Technology Co. Ltd., No. 11 Lianbao Rd, Shengfeng District, Xiaolan Town, Zhongshan City, Guangdong, China – 528400",./assets/images/tracklights/adhil-15-03-mat-black-default.webp
Adhil 15 Tunable,ATAS1250,48V DC,NA,2700K~6500K, CRI>97,φ45*90mm,15°,15W,AJ/CG,ATAS1250/CT/15/W,R-41231258,IS 10322 (PART 5/SEC 1) : 2012,14699,"Guangdong Sat Technology Co. Ltd., No. 11 Lianbao Rd, Shengfeng District, Xiaolan Town, Zhongshan City, Guangdong, China – 528400",./assets/images/tracklights/adhil-15-05-white-2.webp
Adhil 15 Tunable,ATAS1250,48V DC,NA,2700K~6500K, CRI>97,φ45*90mm,24°,15W,AJ/CG,ATAS1250/CT/24,R-41231258,IS 10322 (PART 5/SEC 1) : 2012,14699,"Guangdong Sat Technology Co. Ltd., No. 11 Lianbao Rd, Shengfeng District, Xiaolan Town, Zhongshan City, Guangdong, China – 528400",./assets/images/tracklights/adhil-15-03-mat-black-default.webp
Adhil 15 Tunable,ATAS1250,48V DC,NA,2700K~6500K, CRI>97,φ45*90mm,24°,15W,AJ/CG,ATAS1250/CT/24/W,R-41231258,IS 10322 (PART 5/SEC 1) : 2012,14699,"Guangdong Sat Technology Co. Ltd., No. 11 Lianbao Rd, Shengfeng District, Xiaolan Town, Zhongshan City, Guangdong, China – 528400",./assets/images/tracklights/adhil-15-05-white-2.webp
Adhil 15 Tunable,ATAS1250,48V DC,NA,2700K~6500K, CRI>97,φ45*90mm,36°,15W,AJ/CG,ATAS1250/CT/36,R-41231258,IS 10322 (PART 5/SEC 1) : 2012,14699,"Guangdong Sat Technology Co. Ltd., No. 11 Lianbao Rd, Shengfeng District, Xiaolan Town, Zhongshan City, Guangdong, China – 528400",./assets/images/tracklights/adhil-15-03-mat-black-default.webp
Adhil 15 Tunable,ATAS1250,48V DC,NA,2700K~6500K, CRI>97,φ45*90mm,36°,15W,AJ/CG,ATAS1250/CT/36/W,R-41231258,IS 10322 (PART 5/SEC 1) : 2012,14699,"Guangdong Sat Technology Co. Ltd., No. 11 Lianbao Rd, Shengfeng District, Xiaolan Town, Zhongshan City, Guangdong, China – 528400",./assets/images/tracklights/adhil-15-05-white-2.webp
Adhil 15 Tunable,ATAS1250,48V DC,NA,2700K~6500K, CRI>97,φ45*90mm,15°,15W,AJ/CG,ATAS1250/CT/15/CG,R-41231258,IS 10322 (PART 5/SEC 1) : 2012,15699,"Guangdong Sat Technology Co. Ltd., No. 11 Lianbao Rd, Shengfeng District, Xiaolan Town, Zhongshan City, Guangdong, China – 528400",./assets/images/tracklights/adhil-15-04-champeing-gold.webp
Adhil 15 Tunable,ATAS1250,48V DC,NA,2700K~6500K, CRI>97,φ45*90mm,24°,15W,AJ/CG,ATAS1250/CT/24/CG,R-41231258,IS 10322 (PART 5/SEC 1) : 2012,15699,"Guangdong Sat Technology Co. Ltd., No. 11 Lianbao Rd, Shengfeng District, Xiaolan Town, Zhongshan City, Guangdong, China – 528400",./assets/images/tracklights/adhil-15-04-champeing-gold.webp
Adhil 15 Tunable,ATAS1250,48V DC,NA,2700K~6500K, CRI>97,φ45*90mm,36°,15W,AJ/CG,ATAS1250/CT/36/CG,R-41231258,IS 10322 (PART 5/SEC 1) : 2012,15699,"Guangdong Sat Technology Co. Ltd., No. 11 Lianbao Rd, Shengfeng District, Xiaolan Town, Zhongshan City, Guangdong, China – 528400",./assets/images/tracklights/adhil-15-04-champeing-gold.webp
Adhil 15 Tunable,ATAS1250,48V DC,NA,2700K~6500K, CRI>97,φ45*90mm,15°,15W,AJ/CG,ATAS1250/CT/15/RG,R-41231258,IS 10322 (PART 5/SEC 1) : 2012,15699,"Guangdong Sat Technology Co. Ltd., No. 11 Lianbao Rd, Shengfeng District, Xiaolan Town, Zhongshan City, Guangdong, China – 528400",./assets/images/tracklights/adhil-15-08-rose-gold.webp
Adhil 15 Tunable,ATAS1250,48V DC,NA,2700K~6500K, CRI>97,φ45*90mm,24°,15W,AJ/CG,ATAS1250/CT/24/RG,R-41231258,IS 10322 (PART 5/SEC 1) : 2012,15699,"Guangdong Sat Technology Co. Ltd., No. 11 Lianbao Rd, Shengfeng District, Xiaolan Town, Zhongshan City, Guangdong, China – 528400",./assets/images/tracklights/adhil-15-08-rose-gold.webp
Adhil 15 Tunable,ATAS1250,48V DC,NA,2700K~6500K, CRI>97,φ45*90mm,36°,15W,AJ/CG,ATAS1250/CT/36/RG,R-41231258,IS 10322 (PART 5/SEC 1) : 2012,15699,"Guangdong Sat Technology Co. Ltd., No. 11 Lianbao Rd, Shengfeng District, Xiaolan Town, Zhongshan City, Guangdong, China – 528400",./assets/images/tracklights/adhil-15-08-rose-gold.webp
Adhil 15 Tunable,ATAS1250,48V DC,NA,2700K~6500K, CRI>97,φ45*90mm,15°,15W,AJ/CG,ATAS1250/CT/15/BR,R-41231258,IS 10322 (PART 5/SEC 1) : 2012,15699,"Guangdong Sat Technology Co. Ltd., No. 11 Lianbao Rd, Shengfeng District, Xiaolan Town, Zhongshan City, Guangdong, China – 528400",./assets/images/tracklights/adhil-15-10-brown.webp
Adhil 15 Tunable,ATAS1250,48V DC,NA,2700K~6500K, CRI>97,φ45*90mm,24°,15W,AJ/CG,ATAS1250/CT/24/BR,R-41231258,IS 10322 (PART 5/SEC 1) : 2012,15699,"Guangdong Sat Technology Co. Ltd., No. 11 Lianbao Rd, Shengfeng District, Xiaolan Town, Zhongshan City, Guangdong, China – 528400",./assets/images/tracklights/adhil-15-10-brown.webp
Adhil 15 Tunable,ATAS1250,48V DC,NA,2700K~6500K, CRI>97,φ45*90mm,36°,15W,AJ/CG,ATAS1250/CT/36/BR,R-41231258,IS 10322 (PART 5/SEC 1) : 2012,15699,"Guangdong Sat Technology Co. Ltd., No. 11 Lianbao Rd, Shengfeng District, Xiaolan Town, Zhongshan City, Guangdong, China – 528400",./assets/images/tracklights/adhil-15-10-brown.webp
Adhil 15 Tunable,ATAS1250,48V DC,NA,2700K~6500K, CRI>97,φ45*90mm,15°,15W,AJ/CG,ATAS1250/CT/15/COF,R-41231258,IS 10322 (PART 5/SEC 1) : 2012,15699,"Guangdong Sat Technology Co. Ltd., No. 11 Lianbao Rd, Shengfeng District, Xiaolan Town, Zhongshan City, Guangdong, China – 528400",./assets/images/tracklights/adhil-15-07-coffee.webp
Adhil 15 Tunable,ATAS1250,48V DC,NA,2700K~6500K, CRI>97,φ45*90mm,24°,15W,AJ/CG,ATAS1250/CT/24/COF,R-41231258,IS 10322 (PART 5/SEC 1) : 2012,15699,"Guangdong Sat Technology Co. Ltd., No. 11 Lianbao Rd, Shengfeng District, Xiaolan Town, Zhongshan City, Guangdong, China – 528400",./assets/images/tracklights/adhil-15-07-coffee.webp
Adhil 15 Tunable,ATAS1250,48V DC,NA,2700K~6500K, CRI>97,φ45*90mm,36°,15W,AJ/CG,ATAS1250/CT/36/COF,R-41231258,IS 10322 (PART 5/SEC 1) : 2012,15699,"Guangdong Sat Technology Co. Ltd., No. 11 Lianbao Rd, Shengfeng District, Xiaolan Town, Zhongshan City, Guangdong, China – 528400",./assets/images/tracklights/adhil-15-07-coffee.webp
Adhil 15 Tunable,ATAS1250,48V DC,NA,2700K~6500K, CRI>97,φ45*90mm,15°,15W,AJ/CG,ATAS1250/CT/15/DGR,R-41231258,IS 10322 (PART 5/SEC 1) : 2012,15699,"Guangdong Sat Technology Co. Ltd., No. 11 Lianbao Rd, Shengfeng District, Xiaolan Town, Zhongshan City, Guangdong, China – 528400",./assets/images/tracklights/adhil-15-09-dark-gray-default.webp
Adhil 15 Tunable,ATAS1250,48V DC,NA,2700K~6500K, CRI>97,φ45*90mm,24°,15W,AJ/CG,ATAS1250/CT/24/DGR,R-41231258,IS 10322 (PART 5/SEC 1) : 2012,15699,"Guangdong Sat Technology Co. Ltd., No. 11 Lianbao Rd, Shengfeng District, Xiaolan Town, Zhongshan City, Guangdong, China – 528400",./assets/images/tracklights/adhil-15-09-dark-gray-default.webp
Adhil 15 Tunable,ATAS1250,48V DC,NA,2700K~6500K, CRI>97,φ45*90mm,36°,15W,AJ/CG,ATAS1250/CT/36/DGR,R-41231258,IS 10322 (PART 5/SEC 1) : 2012,15699,"Guangdong Sat Technology Co. Ltd., No. 11 Lianbao Rd, Shengfeng District, Xiaolan Town, Zhongshan City, Guangdong, China – 528400",./assets/images/tracklights/adhil-15-09-dark-gray-default.webp
Adhil 15 Tunable,ATAS1250,48V DC,NA,2700K~6500K, CRI>97,φ45*90mm,15°,15W,AJ/CG,ATAS1250/CT/15/BB,R-41231258,IS 10322 (PART 5/SEC 1) : 2012,15699,"Guangdong Sat Technology Co. Ltd., No. 11 Lianbao Rd, Shengfeng District, Xiaolan Town, Zhongshan City, Guangdong, China – 528400",./assets/images/tracklights/adhil-15-06-ballet-blue.webp
Adhil 15 Tunable,ATAS1250,48V DC,NA,2700K~6500K, CRI>97,φ45*90mm,24°,15W,AJ/CG,ATAS1250/CT/24/BB,R-41231258,IS 10322 (PART 5/SEC 1) : 2012,15699,"Guangdong Sat Technology Co. Ltd., No. 11 Lianbao Rd, Shengfeng District, Xiaolan Town, Zhongshan City, Guangdong, China – 528400",./assets/images/tracklights/adhil-15-06-ballet-blue.webp
Adhil 15 Tunable,ATAS1250,48V DC,NA,2700K~6500K, CRI>97,φ45*90mm,36°,15W,AJ/CG,ATAS1250/CT/36/BB,R-41231258,IS 10322 (PART 5/SEC 1) : 2012,15699,"Guangdong Sat Technology Co. Ltd., No. 11 Lianbao Rd, Shengfeng District, Xiaolan Town, Zhongshan City, Guangdong, China – 528400",./assets/images/tracklights/adhil-15-06-ballet-blue.webp
Adhil 15 Tunable,ATAS1250,48V DC,NA,2700K~6500K, CRI>97,φ45*90mm,15°,15W,AJ/CG,ATAS1250/CT/15/CH,R-41231258,IS 10322 (PART 5/SEC 1) : 2012,15699,"Guangdong Sat Technology Co. Ltd., No. 11 Lianbao Rd, Shengfeng District, Xiaolan Town, Zhongshan City, Guangdong, China – 528400",./assets/images/tracklights/adhil-15-01-chrome.webp
Adhil 15 Tunable,ATAS1250,48V DC,NA,2700K~6500K, CRI>97,φ45*90mm,24°,15W,AJ/CG,ATAS1250/CT/24/CH,R-41231258,IS 10322 (PART 5/SEC 1) : 2012,15699,"Guangdong Sat Technology Co. Ltd., No. 11 Lianbao Rd, Shengfeng District, Xiaolan Town, Zhongshan City, Guangdong, China – 528400",./assets/images/tracklights/adhil-15-01-chrome.webp
Adhil 15 Tunable,ATAS1250,48V DC,NA,2700K~6500K, CRI>97,φ45*90mm,36°,15W,AJ/CG,ATAS1250/CT/36/CH,R-41231258,IS 10322 (PART 5/SEC 1) : 2012,15699,"Guangdong Sat Technology Co. Ltd., No. 11 Lianbao Rd, Shengfeng District, Xiaolan Town, Zhongshan City, Guangdong, China – 528400",./assets/images/tracklights/adhil-15-01-chrome.webp
Adhil 15 Tunable,ATAS1250,48V DC,NA,2700K~6500K, CRI>97,φ45*90mm,15°,15W,AJ/CG,ATAS1250/CT/15/CHB,R-41231258,IS 10322 (PART 5/SEC 1) : 2012,15699,"Guangdong Sat Technology Co. Ltd., No. 11 Lianbao Rd, Shengfeng District, Xiaolan Town, Zhongshan City, Guangdong, China – 528400",./assets/images/tracklights/adhil-15-02-chrome-black.webp
Adhil 15 Tunable,ATAS1250,48V DC,NA,2700K~6500K, CRI>97,φ45*90mm,24°,15W,AJ/CG,ATAS1250/CT/24/CHB,R-41231258,IS 10322 (PART 5/SEC 1) : 2012,15699,"Guangdong Sat Technology Co. Ltd., No. 11 Lianbao Rd, Shengfeng District, Xiaolan Town, Zhongshan City, Guangdong, China – 528400",./assets/images/tracklights/adhil-15-02-chrome-black.webp
Adhil 15 Tunable,ATAS1250,48V DC,NA,2700K~6500K, CRI>97,φ45*90mm,36°,15W,AJ/CG,ATAS1250/CT/36/CHB,R-41231258,IS 10322 (PART 5/SEC 1) : 2012,15699,"Guangdong Sat Technology Co. Ltd., No. 11 Lianbao Rd, Shengfeng District, Xiaolan Town, Zhongshan City, Guangdong, China – 528400",./assets/images/tracklights/adhil-15-02-chrome-black.webp
Adhil Zoom,ATAZ0960,48V DC,NA,2700K, CRI>97,D45*H90mm,15°~45° Zoom,15W,AJ/CG,ATAZ0960/27,R-41231258,IS 10322 (PART 5/SEC 1) : 2012,14699,"Guangdong Sat Technology Co. Ltd., No. 11 Lianbao Rd, Shengfeng District, Xiaolan Town, Zhongshan City, Guangdong, China – 528400",./assets/images/tracklights/adhil-zoom-03-mat-black-default.webp
Adhil Zoom,ATAZ0960,48V DC,NA,3000K, CRI>97,D45*H90mm,15°~45° Zoom,15W,AJ/CG,ATAZ0960/30,R-41231258,IS 10322 (PART 5/SEC 1) : 2012,14699,"Guangdong Sat Technology Co. Ltd., No. 11 Lianbao Rd, Shengfeng District, Xiaolan Town, Zhongshan City, Guangdong, China – 528400",./assets/images/tracklights/adhil-zoom-03-mat-black-default.webp
Adhil Zoom,ATAZ0960,48V DC,NA,3500K, CRI>97,D45*H90mm,15°~45° Zoom,15W,AJ/CG,ATAZ0960/35,R-41231258,IS 10322 (PART 5/SEC 1) : 2012,14699,"Guangdong Sat Technology Co. Ltd., No. 11 Lianbao Rd, Shengfeng District, Xiaolan Town, Zhongshan City, Guangdong, China – 528400",./assets/images/tracklights/adhil-zoom-03-mat-black-default.webp
Adhil Zoom,ATAZ0960,48V DC,NA,40000K, CRI>97,D45*H90mm,15°~45° Zoom,15W,AJ/CG,ATAZ0960/40,R-41231258,IS 10322 (PART 5/SEC 1) : 2012,14699,"Guangdong Sat Technology Co. Ltd., No. 11 Lianbao Rd, Shengfeng District, Xiaolan Town, Zhongshan City, Guangdong, China – 528400",./assets/images/tracklights/adhil-zoom-03-mat-black-default.webp
Adhil Zoom,ATAZ0960,48V DC,NA,5000K, CRI>97,D45*H90mm,15°~45° Zoom,15W,AJ/CG,ATAZ0960/50,R-41231258,IS 10322 (PART 5/SEC 1) : 2012,14699,"Guangdong Sat Technology Co. Ltd., No. 11 Lianbao Rd, Shengfeng District, Xiaolan Town, Zhongshan City, Guangdong, China – 528400",./assets/images/tracklights/adhil-zoom-03-mat-black-default.webp
Adhil Zoom,ATAZ0960,48V DC,NA,2700K, CRI>97,D45*H90mm,15°~45° Zoom,15W,AJ/CG,ATAZ0960/27/W,R-41231258,IS 10322 (PART 5/SEC 1) : 2012,14699,"Guangdong Sat Technology Co. Ltd., No. 11 Lianbao Rd, Shengfeng District, Xiaolan Town, Zhongshan City, Guangdong, China – 528400",./assets/images/tracklights/adhil-zoom-05-white-2.webp
Adhil Zoom,ATAZ0960,48V DC,NA,3000K, CRI>97,D45*H90mm,15°~45° Zoom,15W,AJ/CG,ATAZ0960/30/W,R-41231258,IS 10322 (PART 5/SEC 1) : 2012,14699,"Guangdong Sat Technology Co. Ltd., No. 11 Lianbao Rd, Shengfeng District, Xiaolan Town, Zhongshan City, Guangdong, China – 528400",./assets/images/tracklights/adhil-zoom-05-white-2.webp
Adhil Zoom,ATAZ0960,48V DC,NA,3500K, CRI>97,D45*H90mm,15°~45° Zoom,15W,AJ/CG,ATAZ0960/35/W,R-41231258,IS 10322 (PART 5/SEC 1) : 2012,14699,"Guangdong Sat Technology Co. Ltd., No. 11 Lianbao Rd, Shengfeng District, Xiaolan Town, Zhongshan City, Guangdong, China – 528400",./assets/images/tracklights/adhil-zoom-05-white-2.webp
Adhil Zoom,ATAZ0960,48V DC,NA,40000K, CRI>97,D45*H90mm,15°~45° Zoom,15W,AJ/CG,ATAZ0960/40/W,R-41231258,IS 10322 (PART 5/SEC 1) : 2012,14699,"Guangdong Sat Technology Co. Ltd., No. 11 Lianbao Rd, Shengfeng District, Xiaolan Town, Zhongshan City, Guangdong, China – 528400",./assets/images/tracklights/adhil-zoom-05-white-2.webp
Adhil Zoom,ATAZ0960,48V DC,NA,5000K, CRI>97,D45*H90mm,15°~45° Zoom,15W,AJ/CG,ATAZ0960/50/W,R-41231258,IS 10322 (PART 5/SEC 1) : 2012,14699,"Guangdong Sat Technology Co. Ltd., No. 11 Lianbao Rd, Shengfeng District, Xiaolan Town, Zhongshan City, Guangdong, China – 528400",./assets/images/tracklights/adhil-zoom-05-white-2.webp
Adhil Zoom,ATAZ0960,48V DC,NA,2700K, CRI>97,D45*H90mm,15°~45° Zoom,15W,AJ/CG,ATAZ0960/27/CG,R-41231258,IS 10322 (PART 5/SEC 1) : 2012,15699,"Guangdong Sat Technology Co. Ltd., No. 11 Lianbao Rd, Shengfeng District, Xiaolan Town, Zhongshan City, Guangdong, China – 528400",./assets/images/tracklights/adhil-zoom-04-champeing-gold.webp
Adhil Zoom,ATAZ0960,48V DC,NA,3000K, CRI>97,D45*H90mm,15°~45° Zoom,15W,AJ/CG,ATAZ0960/30/CG,R-41231258,IS 10322 (PART 5/SEC 1) : 2012,15699,"Guangdong Sat Technology Co. Ltd., No. 11 Lianbao Rd, Shengfeng District, Xiaolan Town, Zhongshan City, Guangdong, China – 528400",./assets/images/tracklights/adhil-zoom-04-champeing-gold.webp
Adhil Zoom,ATAZ0960,48V DC,NA,3500K, CRI>97,D45*H90mm,15°~45° Zoom,15W,AJ/CG,ATAZ0960/35/CG,R-41231258,IS 10322 (PART 5/SEC 1) : 2012,15699,"Guangdong Sat Technology Co. Ltd., No. 11 Lianbao Rd, Shengfeng District, Xiaolan Town, Zhongshan City, Guangdong, China – 528400",./assets/images/tracklights/adhil-zoom-04-champeing-gold.webp
Adhil Zoom,ATAZ0960,48V DC,NA,40000K, CRI>97,D45*H90mm,15°~45° Zoom,15W,AJ/CG,ATAZ0960/40/CG,R-41231258,IS 10322 (PART 5/SEC 1) : 2012,15699,"Guangdong Sat Technology Co. Ltd., No. 11 Lianbao Rd, Shengfeng District, Xiaolan Town, Zhongshan City, Guangdong, China – 528400",./assets/images/tracklights/adhil-zoom-04-champeing-gold.webp
Adhil Zoom,ATAZ0960,48V DC,NA,5000K, CRI>97,D45*H90mm,15°~45° Zoom,15W,AJ/CG,ATAZ0960/50/CG,R-41231258,IS 10322 (PART 5/SEC 1) : 2012,15699,"Guangdong Sat Technology Co. Ltd., No. 11 Lianbao Rd, Shengfeng District, Xiaolan Town, Zhongshan City, Guangdong, China – 528400",./assets/images/tracklights/adhil-zoom-04-champeing-gold.webp
Adhil Zoom,ATAZ0960,48V DC,NA,2700K, CRI>97,D45*H90mm,15°~45° Zoom,15W,AJ/CG,ATAZ0960/27/RG,R-41231258,IS 10322 (PART 5/SEC 1) : 2012,15699,"Guangdong Sat Technology Co. Ltd., No. 11 Lianbao Rd, Shengfeng District, Xiaolan Town, Zhongshan City, Guangdong, China – 528400",./assets/images/tracklights/adhil-zoom-08-rose-gold.webp
Adhil Zoom,ATAZ0960,48V DC,NA,3000K, CRI>97,D45*H90mm,15°~45° Zoom,15W,AJ/CG,ATAZ0960/30/RG,R-41231258,IS 10322 (PART 5/SEC 1) : 2012,15699,"Guangdong Sat Technology Co. Ltd., No. 11 Lianbao Rd, Shengfeng District, Xiaolan Town, Zhongshan City, Guangdong, China – 528400",./assets/images/tracklights/adhil-zoom-08-rose-gold.webp
Adhil Zoom,ATAZ0960,48V DC,NA,3500K, CRI>97,D45*H90mm,15°~45° Zoom,15W,AJ/CG,ATAZ0960/35/RG,R-41231258,IS 10322 (PART 5/SEC 1) : 2012,15699,"Guangdong Sat Technology Co. Ltd., No. 11 Lianbao Rd, Shengfeng District, Xiaolan Town, Zhongshan City, Guangdong, China – 528400",./assets/images/tracklights/adhil-zoom-08-rose-gold.webp
Adhil Zoom,ATAZ0960,48V DC,NA,40000K, CRI>97,D45*H90mm,15°~45° Zoom,15W,AJ/CG,ATAZ0960/40/RG,R-41231258,IS 10322 (PART 5/SEC 1) : 2012,15699,"Guangdong Sat Technology Co. Ltd., No. 11 Lianbao Rd, Shengfeng District, Xiaolan Town, Zhongshan City, Guangdong, China – 528400",./assets/images/tracklights/adhil-zoom-08-rose-gold.webp
Adhil Zoom,ATAZ0960,48V DC,NA,5000K, CRI>97,D45*H90mm,15°~45° Zoom,15W,AJ/CG,ATAZ0960/50/RG,R-41231258,IS 10322 (PART 5/SEC 1) : 2012,15699,"Guangdong Sat Technology Co. Ltd., No. 11 Lianbao Rd, Shengfeng District, Xiaolan Town, Zhongshan City, Guangdong, China – 528400",./assets/images/tracklights/adhil-zoom-08-rose-gold.webp
Adhil Zoom,ATAZ0960,48V DC,NA,2700K, CRI>97,D45*H90mm,15°~45° Zoom,15W,AJ/CG,ATAZ0960/27/BR,R-41231258,IS 10322 (PART 5/SEC 1) : 2012,15699,"Guangdong Sat Technology Co. Ltd., No. 11 Lianbao Rd, Shengfeng District, Xiaolan Town, Zhongshan City, Guangdong, China – 528400",./assets/images/tracklights/adhil-zoom-10-brown.webp
Adhil Zoom,ATAZ0960,48V DC,NA,3000K, CRI>97,D45*H90mm,15°~45° Zoom,15W,AJ/CG,ATAZ0960/30/BR,R-41231258,IS 10322 (PART 5/SEC 1) : 2012,15699,"Guangdong Sat Technology Co. Ltd., No. 11 Lianbao Rd, Shengfeng District, Xiaolan Town, Zhongshan City, Guangdong, China – 528400",./assets/images/tracklights/adhil-zoom-10-brown.webp
Adhil Zoom,ATAZ0960,48V DC,NA,3500K, CRI>97,D45*H90mm,15°~45° Zoom,15W,AJ/CG,ATAZ0960/35/BR,R-41231258,IS 10322 (PART 5/SEC 1) : 2012,15699,"Guangdong Sat Technology Co. Ltd., No. 11 Lianbao Rd, Shengfeng District, Xiaolan Town, Zhongshan City, Guangdong, China – 528400",./assets/images/tracklights/adhil-zoom-10-brown.webp
Adhil Zoom,ATAZ0960,48V DC,NA,40000K, CRI>97,D45*H90mm,15°~45° Zoom,15W,AJ/CG,ATAZ0960/40/BR,R-41231258,IS 10322 (PART 5/SEC 1) : 2012,15699,"Guangdong Sat Technology Co. Ltd., No. 11 Lianbao Rd, Shengfeng District, Xiaolan Town, Zhongshan City, Guangdong, China – 528400",./assets/images/tracklights/adhil-zoom-10-brown.webp
Adhil Zoom,ATAZ0960,48V DC,NA,5000K, CRI>97,D45*H90mm,15°~45° Zoom,15W,AJ/CG,ATAZ0960/50/BR,R-41231258,IS 10322 (PART 5/SEC 1) : 2012,15699,"Guangdong Sat Technology Co. Ltd., No. 11 Lianbao Rd, Shengfeng District, Xiaolan Town, Zhongshan City, Guangdong, China – 528400",./assets/images/tracklights/adhil-zoom-10-brown.webp
Adhil Zoom,ATAZ0960,48V DC,NA,2700K, CRI>97,D45*H90mm,15°~45° Zoom,15W,AJ/CG,ATAZ0960/27/COF,R-41231258,IS 10322 (PART 5/SEC 1) : 2012,15699,"Guangdong Sat Technology Co. Ltd., No. 11 Lianbao Rd, Shengfeng District, Xiaolan Town, Zhongshan City, Guangdong, China – 528400",./assets/images/tracklights/adhil-zoom-07-coffee.webp
Adhil Zoom,ATAZ0960,48V DC,NA,3000K, CRI>97,D45*H90mm,15°~45° Zoom,15W,AJ/CG,ATAZ0960/30/COF,R-41231258,IS 10322 (PART 5/SEC 1) : 2012,15699,"Guangdong Sat Technology Co. Ltd., No. 11 Lianbao Rd, Shengfeng District, Xiaolan Town, Zhongshan City, Guangdong, China – 528400",./assets/images/tracklights/adhil-zoom-07-coffee.webp
Adhil Zoom,ATAZ0960,48V DC,NA,3500K, CRI>97,D45*H90mm,15°~45° Zoom,15W,AJ/CG,ATAZ0960/35/COF,R-41231258,IS 10322 (PART 5/SEC 1) : 2012,15699,"Guangdong Sat Technology Co. Ltd., No. 11 Lianbao Rd, Shengfeng District, Xiaolan Town, Zhongshan City, Guangdong, China – 528400",./assets/images/tracklights/adhil-zoom-07-coffee.webp
Adhil Zoom,ATAZ0960,48V DC,NA,40000K, CRI>97,D45*H90mm,15°~45° Zoom,15W,AJ/CG,ATAZ0960/40/COF,R-41231258,IS 10322 (PART 5/SEC 1) : 2012,15699,"Guangdong Sat Technology Co. Ltd., No. 11 Lianbao Rd, Shengfeng District, Xiaolan Town, Zhongshan City, Guangdong, China – 528400",./assets/images/tracklights/adhil-zoom-07-coffee.webp
Adhil Zoom,ATAZ0960,48V DC,NA,5000K, CRI>97,D45*H90mm,15°~45° Zoom,15W,AJ/CG,ATAZ0960/50/COF,R-41231258,IS 10322 (PART 5/SEC 1) : 2012,15699,"Guangdong Sat Technology Co. Ltd., No. 11 Lianbao Rd, Shengfeng District, Xiaolan Town, Zhongshan City, Guangdong, China – 528400",./assets/images/tracklights/adhil-zoom-07-coffee.webp
Adhil Zoom,ATAZ0960,48V DC,NA,2700K, CRI>97,D45*H90mm,15°~45° Zoom,15W,AJ/CG,ATAZ0960/27/DGR,R-41231258,IS 10322 (PART 5/SEC 1) : 2012,15699,"Guangdong Sat Technology Co. Ltd., No. 11 Lianbao Rd, Shengfeng District, Xiaolan Town, Zhongshan City, Guangdong, China – 528400",./assets/images/tracklights/adhil-zoom-09-dark-gray-default-001.webp
Adhil Zoom,ATAZ0960,48V DC,NA,3000K, CRI>97,D45*H90mm,15°~45° Zoom,15W,AJ/CG,ATAZ0960/30/DGR,R-41231258,IS 10322 (PART 5/SEC 1) : 2012,15699,"Guangdong Sat Technology Co. Ltd., No. 11 Lianbao Rd, Shengfeng District, Xiaolan Town, Zhongshan City, Guangdong, China – 528400",./assets/images/tracklights/adhil-zoom-09-dark-gray-default-001.webp
Adhil Zoom,ATAZ0960,48V DC,NA,3500K, CRI>97,D45*H90mm,15°~45° Zoom,15W,AJ/CG,ATAZ0960/35/DGR,R-41231258,IS 10322 (PART 5/SEC 1) : 2012,15699,"Guangdong Sat Technology Co. Ltd., No. 11 Lianbao Rd, Shengfeng District, Xiaolan Town, Zhongshan City, Guangdong, China – 528400",./assets/images/tracklights/adhil-zoom-09-dark-gray-default-001.webp
Adhil Zoom,ATAZ0960,48V DC,NA,40000K, CRI>97,D45*H90mm,15°~45° Zoom,15W,AJ/CG,ATAZ0960/40/DGR,R-41231258,IS 10322 (PART 5/SEC 1) : 2012,15699,"Guangdong Sat Technology Co. Ltd., No. 11 Lianbao Rd, Shengfeng District, Xiaolan Town, Zhongshan City, Guangdong, China – 528400",./assets/images/tracklights/adhil-zoom-09-dark-gray-default-001.webp
Adhil Zoom,ATAZ0960,48V DC,NA,5000K, CRI>97,D45*H90mm,15°~45° Zoom,15W,AJ/CG,ATAZ0960/50/DGR,R-41231258,IS 10322 (PART 5/SEC 1) : 2012,15699,"Guangdong Sat Technology Co. Ltd., No. 11 Lianbao Rd, Shengfeng District, Xiaolan Town, Zhongshan City, Guangdong, China – 528400",./assets/images/tracklights/adhil-zoom-09-dark-gray-default-001.webp
Adhil Zoom,ATAZ0960,48V DC,NA,2700K, CRI>97,D45*H90mm,15°~45° Zoom,15W,AJ/CG,ATAZ0960/27/BB,R-41231258,IS 10322 (PART 5/SEC 1) : 2012,15699,"Guangdong Sat Technology Co. Ltd., No. 11 Lianbao Rd, Shengfeng District, Xiaolan Town, Zhongshan City, Guangdong, China – 528400",./assets/images/tracklights/adhil-zoom-06-ballet-blue.webp
Adhil Zoom,ATAZ0960,48V DC,NA,3000K, CRI>97,D45*H90mm,15°~45° Zoom,15W,AJ/CG,ATAZ0960/30/BB,R-41231258,IS 10322 (PART 5/SEC 1) : 2012,15699,"Guangdong Sat Technology Co. Ltd., No. 11 Lianbao Rd, Shengfeng District, Xiaolan Town, Zhongshan City, Guangdong, China – 528400",./assets/images/tracklights/adhil-zoom-06-ballet-blue.webp
Adhil Zoom,ATAZ0960,48V DC,NA,3500K, CRI>97,D45*H90mm,15°~45° Zoom,15W,AJ/CG,ATAZ0960/35/BB,R-41231258,IS 10322 (PART 5/SEC 1) : 2012,15699,"Guangdong Sat Technology Co. Ltd., No. 11 Lianbao Rd, Shengfeng District, Xiaolan Town, Zhongshan City, Guangdong, China – 528400",./assets/images/tracklights/adhil-zoom-06-ballet-blue.webp
Adhil Zoom,ATAZ0960,48V DC,NA,40000K, CRI>97,D45*H90mm,15°~45° Zoom,15W,AJ/CG,ATAZ0960/40/BB,R-41231258,IS 10322 (PART 5/SEC 1) : 2012,15699,"Guangdong Sat Technology Co. Ltd., No. 11 Lianbao Rd, Shengfeng District, Xiaolan Town, Zhongshan City, Guangdong, China – 528400",./assets/images/tracklights/adhil-zoom-06-ballet-blue.webp
Adhil Zoom,ATAZ0960,48V DC,NA,5000K, CRI>97,D45*H90mm,15°~45° Zoom,15W,AJ/CG,ATAZ0960/50/BB,R-41231258,IS 10322 (PART 5/SEC 1) : 2012,15699,"Guangdong Sat Technology Co. Ltd., No. 11 Lianbao Rd, Shengfeng District, Xiaolan Town, Zhongshan City, Guangdong, China – 528400",./assets/images/tracklights/adhil-zoom-06-ballet-blue.webp
Adhil Zoom,ATAZ0960,48V DC,NA,2700K, CRI>97,D45*H90mm,15°~45° Zoom,15W,AJ/CG,ATAZ0960/27/CH,R-41231258,IS 10322 (PART 5/SEC 1) : 2012,15699,"Guangdong Sat Technology Co. Ltd., No. 11 Lianbao Rd, Shengfeng District, Xiaolan Town, Zhongshan City, Guangdong, China – 528400",./assets/images/tracklights/adhil-zoom-01-chrome.webp
Adhil Zoom,ATAZ0960,48V DC,NA,3000K, CRI>97,D45*H90mm,15°~45° Zoom,15W,AJ/CG,ATAZ0960/30/CH,R-41231258,IS 10322 (PART 5/SEC 1) : 2012,15699,"Guangdong Sat Technology Co. Ltd., No. 11 Lianbao Rd, Shengfeng District, Xiaolan Town, Zhongshan City, Guangdong, China – 528400",./assets/images/tracklights/adhil-zoom-01-chrome.webp
Adhil Zoom,ATAZ0960,48V DC,NA,3500K, CRI>97,D45*H90mm,15°~45° Zoom,15W,AJ/CG,ATAZ0960/35/CH,R-41231258,IS 10322 (PART 5/SEC 1) : 2012,15699,"Guangdong Sat Technology Co. Ltd., No. 11 Lianbao Rd, Shengfeng District, Xiaolan Town, Zhongshan City, Guangdong, China – 528400",./assets/images/tracklights/adhil-zoom-01-chrome.webp
Adhil Zoom,ATAZ0960,48V DC,NA,40000K, CRI>97,D45*H90mm,15°~45° Zoom,15W,AJ/CG,ATAZ0960/40/CH,R-41231258,IS 10322 (PART 5/SEC 1) : 2012,15699,"Guangdong Sat Technology Co. Ltd., No. 11 Lianbao Rd, Shengfeng District, Xiaolan Town, Zhongshan City, Guangdong, China – 528400",./assets/images/tracklights/adhil-zoom-01-chrome.webp
Adhil Zoom,ATAZ0960,48V DC,NA,5000K, CRI>97,D45*H90mm,15°~45° Zoom,15W,AJ/CG,ATAZ0960/50/CH,R-41231258,IS 10322 (PART 5/SEC 1) : 2012,15699,"Guangdong Sat Technology Co. Ltd., No. 11 Lianbao Rd, Shengfeng District, Xiaolan Town, Zhongshan City, Guangdong, China – 528400",./assets/images/tracklights/adhil-zoom-01-chrome.webp
Adhil Zoom,ATAZ0960,48V DC,NA,2700K, CRI>97,D45*H90mm,15°~45° Zoom,15W,AJ/CG,ATAZ0960/27/CHB,R-41231258,IS 10322 (PART 5/SEC 1) : 2012,15699,"Guangdong Sat Technology Co. Ltd., No. 11 Lianbao Rd, Shengfeng District, Xiaolan Town, Zhongshan City, Guangdong, China – 528400",./assets/images/tracklights/adhil-zoom-02-chrome-black.webp
Adhil Zoom,ATAZ0960,48V DC,NA,3000K, CRI>97,D45*H90mm,15°~45° Zoom,15W,AJ/CG,ATAZ0960/30/CHB,R-41231258,IS 10322 (PART 5/SEC 1) : 2012,15699,"Guangdong Sat Technology Co. Ltd., No. 11 Lianbao Rd, Shengfeng District, Xiaolan Town, Zhongshan City, Guangdong, China – 528400",./assets/images/tracklights/adhil-zoom-02-chrome-black.webp
Adhil Zoom,ATAZ0960,48V DC,NA,3500K, CRI>97,D45*H90mm,15°~45° Zoom,15W,AJ/CG,ATAZ0960/35/CHB,R-41231258,IS 10322 (PART 5/SEC 1) : 2012,15699,"Guangdong Sat Technology Co. Ltd., No. 11 Lianbao Rd, Shengfeng District, Xiaolan Town, Zhongshan City, Guangdong, China – 528400",./assets/images/tracklights/adhil-zoom-02-chrome-black.webp
Adhil Zoom,ATAZ0960,48V DC,NA,40000K, CRI>97,D45*H90mm,15°~45° Zoom,15W,AJ/CG,ATAZ0960/40/CHB,R-41231258,IS 10322 (PART 5/SEC 1) : 2012,15699,"Guangdong Sat Technology Co. Ltd., No. 11 Lianbao Rd, Shengfeng District, Xiaolan Town, Zhongshan City, Guangdong, China – 528400",./assets/images/tracklights/adhil-zoom-02-chrome-black.webp
Adhil Zoom,ATAZ0960,48V DC,NA,5000K, CRI>97,D45*H90mm,15°~45° Zoom,15W,AJ/CG,ATAZ0960/50/CHB,R-41231258,IS 10322 (PART 5/SEC 1) : 2012,15699,"Guangdong Sat Technology Co. Ltd., No. 11 Lianbao Rd, Shengfeng District, Xiaolan Town, Zhongshan City, Guangdong, China – 528400",./assets/images/tracklights/adhil-zoom-02-chrome-black.webp
Adhil Zoom Tunable,ATAZ0960,48V DC,NA,2700K~6500K, CRI>97,D45*H90mm,15°~45° Zoom,15W,AJ/CG,ATAZ0960/CT,R-41231258,IS 10322 (PART 5/SEC 1) : 2012,15899,"Guangdong Sat Technology Co. Ltd., No. 11 Lianbao Rd, Shengfeng District, Xiaolan Town, Zhongshan City, Guangdong, China – 528400",./assets/images/tracklights/adhil-zoom-03-mat-black-default.webp
Adhil Zoom Tunable,ATAZ0960,48V DC,NA,2700K~6500K, CRI>97,D45*H90mm,15°~45° Zoom,15W,AJ/CG,ATAZ0960/CT/W,R-41231258,IS 10322 (PART 5/SEC 1) : 2012,15899,"Guangdong Sat Technology Co. Ltd., No. 11 Lianbao Rd, Shengfeng District, Xiaolan Town, Zhongshan City, Guangdong, China – 528400",./assets/images/tracklights/adhil-zoom-05-white-2.webp
Adhil Zoom Tunable,ATAZ0960,48V DC,NA,2700K~6500K, CRI>97,D45*H90mm,15°~45° Zoom,15W,AJ/CG,ATAZ0960/CT/CG,R-41231258,IS 10322 (PART 5/SEC 1) : 2012,16899,"Guangdong Sat Technology Co. Ltd., No. 11 Lianbao Rd, Shengfeng District, Xiaolan Town, Zhongshan City, Guangdong, China – 528400",./assets/images/tracklights/adhil-zoom-04-champeing-gold.webp
Adhil Zoom Tunable,ATAZ0960,48V DC,NA,2700K~6500K, CRI>97,D45*H90mm,15°~45° Zoom,15W,AJ/CG,ATAZ0960/CT/RG,R-41231258,IS 10322 (PART 5/SEC 1) : 2012,16899,"Guangdong Sat Technology Co. Ltd., No. 11 Lianbao Rd, Shengfeng District, Xiaolan Town, Zhongshan City, Guangdong, China – 528400",./assets/images/tracklights/adhil-zoom-08-rose-gold.webp
Adhil Zoom Tunable,ATAZ0960,48V DC,NA,2700K~6500K, CRI>97,D45*H90mm,15°~45° Zoom,15W,AJ/CG,ATAZ0960/CT/BR,R-41231258,IS 10322 (PART 5/SEC 1) : 2012,16899,"Guangdong Sat Technology Co. Ltd., No. 11 Lianbao Rd, Shengfeng District, Xiaolan Town, Zhongshan City, Guangdong, China – 528400",./assets/images/tracklights/adhil-zoom-10-brown.webp
Adhil Zoom Tunable,ATAZ0960,48V DC,NA,2700K~6500K, CRI>97,D45*H90mm,15°~45° Zoom,15W,AJ/CG,ATAZ0960/CT/COF,R-41231258,IS 10322 (PART 5/SEC 1) : 2012,16899,"Guangdong Sat Technology Co. Ltd., No. 11 Lianbao Rd, Shengfeng District, Xiaolan Town, Zhongshan City, Guangdong, China – 528400",./assets/images/tracklights/adhil-zoom-07-coffee.webp
Adhil Zoom Tunable,ATAZ0960,48V DC,NA,2700K~6500K, CRI>97,D45*H90mm,15°~45° Zoom,15W,AJ/CG,ATAZ0960/CT/DGR,R-41231258,IS 10322 (PART 5/SEC 1) : 2012,16899,"Guangdong Sat Technology Co. Ltd., No. 11 Lianbao Rd, Shengfeng District, Xiaolan Town, Zhongshan City, Guangdong, China – 528400",./assets/images/tracklights/adhil-zoom-09-dark-gray-default-001.webp
Adhil Zoom Tunable,ATAZ0960,48V DC,NA,2700K~6500K, CRI>97,D45*H90mm,15°~45° Zoom,15W,AJ/CG,ATAZ0960/CT/BB,R-41231258,IS 10322 (PART 5/SEC 1) : 2012,16899,"Guangdong Sat Technology Co. Ltd., No. 11 Lianbao Rd, Shengfeng District, Xiaolan Town, Zhongshan City, Guangdong, China – 528400",./assets/images/tracklights/adhil-zoom-06-ballet-blue.webp
Adhil Zoom Tunable,ATAZ0960,48V DC,NA,2700K~6500K, CRI>97,D45*H90mm,15°~45° Zoom,15W,AJ/CG,ATAZ0960/CT/CH,R-41231258,IS 10322 (PART 5/SEC 1) : 2012,16899,"Guangdong Sat Technology Co. Ltd., No. 11 Lianbao Rd, Shengfeng District, Xiaolan Town, Zhongshan City, Guangdong, China – 528400",./assets/images/tracklights/adhil-zoom-01-chrome.webp
Adhil Zoom Tunable,ATAZ0960,48V DC,NA,2700K~6500K, CRI>97,D45*H90mm,15°~45° Zoom,15W,AJ/CG,ATAZ0960/CT/CHB,R-41231258,IS 10322 (PART 5/SEC 1) : 2012,16899,"Guangdong Sat Technology Co. Ltd., No. 11 Lianbao Rd, Shengfeng District, Xiaolan Town, Zhongshan City, Guangdong, China – 528400",./assets/images/tracklights/adhil-zoom-02-chrome-black.webp
Adhil Focus,TSL080B,48V DC,NA,2700K, CRI>97,Φ55*H160mm,NA,15W,AJ/CG,ATAF1545/27/B,R-41231258,IS 10322 (PART 5/SEC 1) : 2012,34999,"Guangdong Sat Technology Co. Ltd., No. 11 Lianbao Rd, Shengfeng District, Xiaolan Town, Zhongshan City, Guangdong, China – 528400",./assets/images/tracklights/adhil-focus-03-mat-black-default.webp
Adhil Focus,TSL080B,48V DC,NA,2700K, CRI>97,Φ55*H160mm,NA,15W,AJ/CG,ATAF1545/27/W,R-41231258,IS 10322 (PART 5/SEC 1) : 2012,34999,"Guangdong Sat Technology Co. Ltd., No. 11 Lianbao Rd, Shengfeng District, Xiaolan Town, Zhongshan City, Guangdong, China – 528400",./assets/images/tracklights/adhil-focus-05-white-2.webp
Adhil Focus,TSL080B,48V DC,NA,2700K, CRI>97,Φ55*H160mm,NA,15W,AJ/CG,ATAF1545/27/CG,R-41231258,IS 10322 (PART 5/SEC 1) : 2012,35999,"Guangdong Sat Technology Co. Ltd., No. 11 Lianbao Rd, Shengfeng District, Xiaolan Town, Zhongshan City, Guangdong, China – 528400",./assets/images/tracklights/adhil-focus-04-champeing-gold.webp
Adhil Focus,TSL080B,48V DC,NA,2700K, CRI>97,Φ55*H160mm,NA,15W,AJ/CG,ATAF1545/27/RG,R-41231258,IS 10322 (PART 5/SEC 1) : 2012,35999,"Guangdong Sat Technology Co. Ltd., No. 11 Lianbao Rd, Shengfeng District, Xiaolan Town, Zhongshan City, Guangdong, China – 528400",./assets/images/tracklights/adhil-focus-08-rose-gold.webp
Adhil Focus,TSL080B,48V DC,NA,2700K, CRI>97,Φ55*H160mm,NA,15W,AJ/CG,ATAF1545/27/BR,R-41231258,IS 10322 (PART 5/SEC 1) : 2012,35999,"Guangdong Sat Technology Co. Ltd., No. 11 Lianbao Rd, Shengfeng District, Xiaolan Town, Zhongshan City, Guangdong, China – 528400",./assets/images/tracklights/adhil-focus-10-brown.webp
Adhil Focus,TSL080B,48V DC,NA,2700K, CRI>97,Φ55*H160mm,NA,15W,AJ/CG,ATAF1545/27/COF,R-41231258,IS 10322 (PART 5/SEC 1) : 2012,35999,"Guangdong Sat Technology Co. Ltd., No. 11 Lianbao Rd, Shengfeng District, Xiaolan Town, Zhongshan City, Guangdong, China – 528400",./assets/images/tracklights/adhil-focus-07-coffee.webp
Adhil Focus,TSL080B,48V DC,NA,2700K, CRI>97,Φ55*H160mm,NA,15W,AJ/CG,ATAF1545/27/DGR,R-41231258,IS 10322 (PART 5/SEC 1) : 2012,35999,"Guangdong Sat Technology Co. Ltd., No. 11 Lianbao Rd, Shengfeng District, Xiaolan Town, Zhongshan City, Guangdong, China – 528400",./assets/images/tracklights/adhil-focus-09-dark-gray-default.webp
Adhil Focus,TSL080B,48V DC,NA,2700K, CRI>97,Φ55*H160mm,NA,15W,AJ/CG,ATAF1545/27/BB,R-41231258,IS 10322 (PART 5/SEC 1) : 2012,35999,"Guangdong Sat Technology Co. Ltd., No. 11 Lianbao Rd, Shengfeng District, Xiaolan Town, Zhongshan City, Guangdong, China – 528400",./assets/images/tracklights/adhil-focus-06-ballet-blue.webp
Adhil Focus,TSL080B,48V DC,NA,2700K, CRI>97,Φ55*H160mm,NA,15W,AJ/CG,ATAF1545/27/CH,R-41231258,IS 10322 (PART 5/SEC 1) : 2012,35999,"Guangdong Sat Technology Co. Ltd., No. 11 Lianbao Rd, Shengfeng District, Xiaolan Town, Zhongshan City, Guangdong, China – 528400",./assets/images/tracklights/adhil-focus-01-chrome.webp
Adhil Focus,TSL080B,48V DC,NA,2700K, CRI>97,Φ55*H160mm,NA,15W,AJ/CG,ATAF1545/27/CHB,R-41231258,IS 10322 (PART 5/SEC 1) : 2012,35999,"Guangdong Sat Technology Co. Ltd., No. 11 Lianbao Rd, Shengfeng District, Xiaolan Town, Zhongshan City, Guangdong, China – 528400",./assets/images/tracklights/adhil-focus-02-chrome-black.webp
Adhil Focus,TSL080B,48V DC,NA,3000K, CRI>97,Φ55*H160mm,NA,15W,AJ/CG,ATAF1545/30/B,R-41231258,IS 10322 (PART 5/SEC 1) : 2012,34999,"Guangdong Sat Technology Co. Ltd., No. 11 Lianbao Rd, Shengfeng District, Xiaolan Town, Zhongshan City, Guangdong, China – 528400",./assets/images/tracklights/adhil-focus-03-mat-black-default.webp
Adhil Focus,TSL080B,48V DC,NA,3000K, CRI>97,Φ55*H160mm,NA,15W,AJ/CG,ATAF1545/30/W,R-41231258,IS 10322 (PART 5/SEC 1) : 2012,34999,"Guangdong Sat Technology Co. Ltd., No. 11 Lianbao Rd, Shengfeng District, Xiaolan Town, Zhongshan City, Guangdong, China – 528400",./assets/images/tracklights/adhil-focus-05-white-2.webp
Adhil Focus,TSL080B,48V DC,NA,3000K, CRI>97,Φ55*H160mm,NA,15W,AJ/CG,ATAF1545/30/CG,R-41231258,IS 10322 (PART 5/SEC 1) : 2012,35999,"Guangdong Sat Technology Co. Ltd., No. 11 Lianbao Rd, Shengfeng District, Xiaolan Town, Zhongshan City, Guangdong, China – 528400",./assets/images/tracklights/adhil-focus-04-champeing-gold.webp
Adhil Focus,TSL080B,48V DC,NA,3000K, CRI>97,Φ55*H160mm,NA,15W,AJ/CG,ATAF1545/30/RG,R-41231258,IS 10322 (PART 5/SEC 1) : 2012,35999,"Guangdong Sat Technology Co. Ltd., No. 11 Lianbao Rd, Shengfeng District, Xiaolan Town, Zhongshan City, Guangdong, China – 528400",./assets/images/tracklights/adhil-focus-08-rose-gold.webp
Adhil Focus,TSL080B,48V DC,NA,3000K, CRI>97,Φ55*H160mm,NA,15W,AJ/CG,ATAF1545/30/BR,R-41231258,IS 10322 (PART 5/SEC 1) : 2012,35999,"Guangdong Sat Technology Co. Ltd., No. 11 Lianbao Rd, Shengfeng District, Xiaolan Town, Zhongshan City, Guangdong, China – 528400",./assets/images/tracklights/adhil-focus-10-brown.webp
Adhil Focus,TSL080B,48V DC,NA,3000K, CRI>97,Φ55*H160mm,NA,15W,AJ/CG,ATAF1545/30/COF,R-41231258,IS 10322 (PART 5/SEC 1) : 2012,35999,"Guangdong Sat Technology Co. Ltd., No. 11 Lianbao Rd, Shengfeng District, Xiaolan Town, Zhongshan City, Guangdong, China – 528400",./assets/images/tracklights/adhil-focus-07-coffee.webp
Adhil Focus,TSL080B,48V DC,NA,3000K, CRI>97,Φ55*H160mm,NA,15W,AJ/CG,ATAF1545/30/DGR,R-41231258,IS 10322 (PART 5/SEC 1) : 2012,35999,"Guangdong Sat Technology Co. Ltd., No. 11 Lianbao Rd, Shengfeng District, Xiaolan Town, Zhongshan City, Guangdong, China – 528400",./assets/images/tracklights/adhil-focus-09-dark-gray-default.webp
Adhil Focus,TSL080B,48V DC,NA,3000K, CRI>97,Φ55*H160mm,NA,15W,AJ/CG,ATAF1545/30/BB,R-41231258,IS 10322 (PART 5/SEC 1) : 2012,35999,"Guangdong Sat Technology Co. Ltd., No. 11 Lianbao Rd, Shengfeng District, Xiaolan Town, Zhongshan City, Guangdong, China – 528400",./assets/images/tracklights/adhil-focus-06-ballet-blue.webp
Adhil Focus,TSL080B,48V DC,NA,3000K, CRI>97,Φ55*H160mm,NA,15W,AJ/CG,ATAF1545/30/CH,R-41231258,IS 10322 (PART 5/SEC 1) : 2012,35999,"Guangdong Sat Technology Co. Ltd., No. 11 Lianbao Rd, Shengfeng District, Xiaolan Town, Zhongshan City, Guangdong, China – 528400",./assets/images/tracklights/adhil-focus-01-chrome.webp
Adhil Focus,TSL080B,48V DC,NA,3000K, CRI>97,Φ55*H160mm,NA,15W,AJ/CG,ATAF1545/30/CHB,R-41231258,IS 10322 (PART 5/SEC 1) : 2012,35999,"Guangdong Sat Technology Co. Ltd., No. 11 Lianbao Rd, Shengfeng District, Xiaolan Town, Zhongshan City, Guangdong, China – 528400",./assets/images/tracklights/adhil-focus-02-chrome-black.webp
Adhil Focus,TSL080B,48V DC,NA,3500K, CRI>97,Φ55*H160mm,NA,15W,AJ/CG,ATAF1545/35/B,R-41231258,IS 10322 (PART 5/SEC 1) : 2012,34999,"Guangdong Sat Technology Co. Ltd., No. 11 Lianbao Rd, Shengfeng District, Xiaolan Town, Zhongshan City, Guangdong, China – 528400",./assets/images/tracklights/adhil-focus-03-mat-black-default.webp
Adhil Focus,TSL080B,48V DC,NA,3500K, CRI>97,Φ55*H160mm,NA,15W,AJ/CG,ATAF1545/35/W,R-41231258,IS 10322 (PART 5/SEC 1) : 2012,34999,"Guangdong Sat Technology Co. Ltd., No. 11 Lianbao Rd, Shengfeng District, Xiaolan Town, Zhongshan City, Guangdong, China – 528400",./assets/images/tracklights/adhil-focus-05-white-2.webp
Adhil Focus,TSL080B,48V DC,NA,3500K, CRI>97,Φ55*H160mm,NA,15W,AJ/CG,ATAF1545/35/CG,R-41231258,IS 10322 (PART 5/SEC 1) : 2012,35999,"Guangdong Sat Technology Co. Ltd., No. 11 Lianbao Rd, Shengfeng District, Xiaolan Town, Zhongshan City, Guangdong, China – 528400",./assets/images/tracklights/adhil-focus-04-champeing-gold.webp
Adhil Focus,TSL080B,48V DC,NA,3500K, CRI>97,Φ55*H160mm,NA,15W,AJ/CG,ATAF1545/35/RG,R-41231258,IS 10322 (PART 5/SEC 1) : 2012,35999,"Guangdong Sat Technology Co. Ltd., No. 11 Lianbao Rd, Shengfeng District, Xiaolan Town, Zhongshan City, Guangdong, China – 528400",./assets/images/tracklights/adhil-focus-08-rose-gold.webp
Adhil Focus,TSL080B,48V DC,NA,3500K, CRI>97,Φ55*H160mm,NA,15W,AJ/CG,ATAF1545/35/BR,R-41231258,IS 10322 (PART 5/SEC 1) : 2012,35999,"Guangdong Sat Technology Co. Ltd., No. 11 Lianbao Rd, Shengfeng District, Xiaolan Town, Zhongshan City, Guangdong, China – 528400",./assets/images/tracklights/adhil-focus-10-brown.webp
Adhil Focus,TSL080B,48V DC,NA,3500K, CRI>97,Φ55*H160mm,NA,15W,AJ/CG,ATAF1545/35/COF,R-41231258,IS 10322 (PART 5/SEC 1) : 2012,35999,"Guangdong Sat Technology Co. Ltd., No. 11 Lianbao Rd, Shengfeng District, Xiaolan Town, Zhongshan City, Guangdong, China – 528400",./assets/images/tracklights/adhil-focus-07-coffee.webp
Adhil Focus,TSL080B,48V DC,NA,3500K, CRI>97,Φ55*H160mm,NA,15W,AJ/CG,ATAF1545/35/DGR,R-41231258,IS 10322 (PART 5/SEC 1) : 2012,35999,"Guangdong Sat Technology Co. Ltd., No. 11 Lianbao Rd, Shengfeng District, Xiaolan Town, Zhongshan City, Guangdong, China – 528400",./assets/images/tracklights/adhil-focus-09-dark-gray-default.webp
Adhil Focus,TSL080B,48V DC,NA,3500K, CRI>97,Φ55*H160mm,NA,15W,AJ/CG,ATAF1545/35/BB,R-41231258,IS 10322 (PART 5/SEC 1) : 2012,35999,"Guangdong Sat Technology Co. Ltd., No. 11 Lianbao Rd, Shengfeng District, Xiaolan Town, Zhongshan City, Guangdong, China – 528400",./assets/images/tracklights/adhil-focus-06-ballet-blue.webp
Adhil Focus,TSL080B,48V DC,NA,3500K, CRI>97,Φ55*H160mm,NA,15W,AJ/CG,ATAF1545/35/CH,R-41231258,IS 10322 (PART 5/SEC 1) : 2012,35999,"Guangdong Sat Technology Co. Ltd., No. 11 Lianbao Rd, Shengfeng District, Xiaolan Town, Zhongshan City, Guangdong, China – 528400",./assets/images/tracklights/adhil-focus-01-chrome.webp
Adhil Focus,TSL080B,48V DC,NA,3500K, CRI>97,Φ55*H160mm,NA,15W,AJ/CG,ATAF1545/35/CHB,R-41231258,IS 10322 (PART 5/SEC 1) : 2012,35999,"Guangdong Sat Technology Co. Ltd., No. 11 Lianbao Rd, Shengfeng District, Xiaolan Town, Zhongshan City, Guangdong, China – 528400",./assets/images/tracklights/adhil-focus-02-chrome-black.webp
Adhil Focus,TSL080B,48V DC,NA,4000K, CRI>97,Φ55*H160mm,NA,15W,AJ/CG,ATAF1545/40/B,R-41231258,IS 10322 (PART 5/SEC 1) : 2012,34999,"Guangdong Sat Technology Co. Ltd., No. 11 Lianbao Rd, Shengfeng District, Xiaolan Town, Zhongshan City, Guangdong, China – 528400",./assets/images/tracklights/adhil-focus-03-mat-black-default.webp
Adhil Focus,TSL080B,48V DC,NA,4000K, CRI>97,Φ55*H160mm,NA,15W,AJ/CG,ATAF1545/40/W,R-41231258,IS 10322 (PART 5/SEC 1) : 2012,34999,"Guangdong Sat Technology Co. Ltd., No. 11 Lianbao Rd, Shengfeng District, Xiaolan Town, Zhongshan City, Guangdong, China – 528400",./assets/images/tracklights/adhil-focus-05-white-2.webp
Adhil Focus,TSL080B,48V DC,NA,4000K, CRI>97,Φ55*H160mm,NA,15W,AJ/CG,ATAF1545/40/CG,R-41231258,IS 10322 (PART 5/SEC 1) : 2012,35999,"Guangdong Sat Technology Co. Ltd., No. 11 Lianbao Rd, Shengfeng District, Xiaolan Town, Zhongshan City, Guangdong, China – 528400",./assets/images/tracklights/adhil-focus-04-champeing-gold.webp
Adhil Focus,TSL080B,48V DC,NA,4000K, CRI>97,Φ55*H160mm,NA,15W,AJ/CG,ATAF1545/40/RG,R-41231258,IS 10322 (PART 5/SEC 1) : 2012,35999,"Guangdong Sat Technology Co. Ltd., No. 11 Lianbao Rd, Shengfeng District, Xiaolan Town, Zhongshan City, Guangdong, China – 528400",./assets/images/tracklights/adhil-focus-08-rose-gold.webp
Adhil Focus,TSL080B,48V DC,NA,4000K, CRI>97,Φ55*H160mm,NA,15W,AJ/CG,ATAF1545/40/BR,R-41231258,IS 10322 (PART 5/SEC 1) : 2012,35999,"Guangdong Sat Technology Co. Ltd., No. 11 Lianbao Rd, Shengfeng District, Xiaolan Town, Zhongshan City, Guangdong, China – 528400",./assets/images/tracklights/adhil-focus-10-brown.webp
Adhil Focus,TSL080B,48V DC,NA,4000K, CRI>97,Φ55*H160mm,NA,15W,AJ/CG,ATAF1545/40/COF,R-41231258,IS 10322 (PART 5/SEC 1) : 2012,35999,"Guangdong Sat Technology Co. Ltd., No. 11 Lianbao Rd, Shengfeng District, Xiaolan Town, Zhongshan City, Guangdong, China – 528400",./assets/images/tracklights/adhil-focus-07-coffee.webp
Adhil Focus,TSL080B,48V DC,NA,4000K, CRI>97,Φ55*H160mm,NA,15W,AJ/CG,ATAF1545/40/DGR,R-41231258,IS 10322 (PART 5/SEC 1) : 2012,35999,"Guangdong Sat Technology Co. Ltd., No. 11 Lianbao Rd, Shengfeng District, Xiaolan Town, Zhongshan City, Guangdong, China – 528400",./assets/images/tracklights/adhil-focus-09-dark-gray-default.webp
Adhil Focus,TSL080B,48V DC,NA,4000K, CRI>97,Φ55*H160mm,NA,15W,AJ/CG,ATAF1545/40/BB,R-41231258,IS 10322 (PART 5/SEC 1) : 2012,35999,"Guangdong Sat Technology Co. Ltd., No. 11 Lianbao Rd, Shengfeng District, Xiaolan Town, Zhongshan City, Guangdong, China – 528400",./assets/images/tracklights/adhil-focus-06-ballet-blue.webp
Adhil Focus,TSL080B,48V DC,NA,4000K, CRI>97,Φ55*H160mm,NA,15W,AJ/CG,ATAF1545/40/CH,R-41231258,IS 10322 (PART 5/SEC 1) : 2012,35999,"Guangdong Sat Technology Co. Ltd., No. 11 Lianbao Rd, Shengfeng District, Xiaolan Town, Zhongshan City, Guangdong, China – 528400",./assets/images/tracklights/adhil-focus-01-chrome.webp
Adhil Focus,TSL080B,48V DC,NA,4000K, CRI>97,Φ55*H160mm,NA,15W,AJ/CG,ATAF1545/40/CHB,R-41231258,IS 10322 (PART 5/SEC 1) : 2012,35999,"Guangdong Sat Technology Co. Ltd., No. 11 Lianbao Rd, Shengfeng District, Xiaolan Town, Zhongshan City, Guangdong, China – 528400",./assets/images/tracklights/adhil-focus-02-chrome-black.webp
Adhil Focus,TSL080B,48V DC,NA,5000K, CRI>97,Φ55*H160mm,NA,15W,AJ/CG,ATAF1545/50/B,R-41231258,IS 10322 (PART 5/SEC 1) : 2012,34999,"Guangdong Sat Technology Co. Ltd., No. 11 Lianbao Rd, Shengfeng District, Xiaolan Town, Zhongshan City, Guangdong, China – 528400",./assets/images/tracklights/adhil-focus-03-mat-black-default.webp
Adhil Focus,TSL080B,48V DC,NA,5000K, CRI>97,Φ55*H160mm,NA,15W,AJ/CG,ATAF1545/50/W,R-41231258,IS 10322 (PART 5/SEC 1) : 2012,34999,"Guangdong Sat Technology Co. Ltd., No. 11 Lianbao Rd, Shengfeng District, Xiaolan Town, Zhongshan City, Guangdong, China – 528400",./assets/images/tracklights/adhil-focus-05-white-2.webp
Adhil Focus,TSL080B,48V DC,NA,5000K, CRI>97,Φ55*H160mm,NA,15W,AJ/CG,ATAF1545/50/CG,R-41231258,IS 10322 (PART 5/SEC 1) : 2012,35999,"Guangdong Sat Technology Co. Ltd., No. 11 Lianbao Rd, Shengfeng District, Xiaolan Town, Zhongshan City, Guangdong, China – 528400",./assets/images/tracklights/adhil-focus-04-champeing-gold.webp
Adhil Focus,TSL080B,48V DC,NA,5000K, CRI>97,Φ55*H160mm,NA,15W,AJ/CG,ATAF1545/50/RG,R-41231258,IS 10322 (PART 5/SEC 1) : 2012,35999,"Guangdong Sat Technology Co. Ltd., No. 11 Lianbao Rd, Shengfeng District, Xiaolan Town, Zhongshan City, Guangdong, China – 528400",./assets/images/tracklights/adhil-focus-08-rose-gold.webp
Adhil Focus,TSL080B,48V DC,NA,5000K, CRI>97,Φ55*H160mm,NA,15W,AJ/CG,ATAF1545/50/BR,R-41231258,IS 10322 (PART 5/SEC 1) : 2012,35999,"Guangdong Sat Technology Co. Ltd., No. 11 Lianbao Rd, Shengfeng District, Xiaolan Town, Zhongshan City, Guangdong, China – 528400",./assets/images/tracklights/adhil-focus-10-brown.webp
Adhil Focus,TSL080B,48V DC,NA,5000K, CRI>97,Φ55*H160mm,NA,15W,AJ/CG,ATAF1545/50/COF,R-41231258,IS 10322 (PART 5/SEC 1) : 2012,35999,"Guangdong Sat Technology Co. Ltd., No. 11 Lianbao Rd, Shengfeng District, Xiaolan Town, Zhongshan City, Guangdong, China – 528400",./assets/images/tracklights/adhil-focus-07-coffee.webp
Adhil Focus,TSL080B,48V DC,NA,5000K, CRI>97,Φ55*H160mm,NA,15W,AJ/CG,ATAF1545/50/DGR,R-41231258,IS 10322 (PART 5/SEC 1) : 2012,35999,"Guangdong Sat Technology Co. Ltd., No. 11 Lianbao Rd, Shengfeng District, Xiaolan Town, Zhongshan City, Guangdong, China – 528400",./assets/images/tracklights/adhil-focus-09-dark-gray-default.webp
Adhil Focus,TSL080B,48V DC,NA,5000K, CRI>97,Φ55*H160mm,NA,15W,AJ/CG,ATAF1545/50/BB,R-41231258,IS 10322 (PART 5/SEC 1) : 2012,35999,"Guangdong Sat Technology Co. Ltd., No. 11 Lianbao Rd, Shengfeng District, Xiaolan Town, Zhongshan City, Guangdong, China – 528400",./assets/images/tracklights/adhil-focus-06-ballet-blue.webp
Adhil Focus,TSL080B,48V DC,NA,5000K, CRI>97,Φ55*H160mm,NA,15W,AJ/CG,ATAF1545/50/CH,R-41231258,IS 10322 (PART 5/SEC 1) : 2012,35999,"Guangdong Sat Technology Co. Ltd., No. 11 Lianbao Rd, Shengfeng District, Xiaolan Town, Zhongshan City, Guangdong, China – 528400",./assets/images/tracklights/adhil-focus-01-chrome.webp
Adhil Focus,TSL080B,48V DC,NA,5000K, CRI>97,Φ55*H160mm,NA,15W,AJ/CG,ATAF1545/50/CHB,R-41231258,IS 10322 (PART 5/SEC 1) : 2012,35999,"Guangdong Sat Technology Co. Ltd., No. 11 Lianbao Rd, Shengfeng District, Xiaolan Town, Zhongshan City, Guangdong, China – 528400",./assets/images/tracklights/adhil-focus-02-chrome-black.webp
Adhil 9S,ARFD1502,48V DC,NA,2700K, CRI>97,Φ60*H120mm ,6°,9W,AJ/CG,ATAS1060/27/06/W,R-41159492,IS 10322 (PART 5/SEC 1) : 2012,11799,"Guangdong Sat Technology Co. Ltd., No. 11 Lianbao Rd, Shengfeng District, Xiaolan Town, Zhongshan City, Guangdong, China – 528400",./assets/images/tracklights/Adhil-9-S-05-white.webp
Adhil 9S,ARFD1502,48V DC,NA,2700K, CRI>97,Φ60*H120mm ,6°,9W,AJ/CG,ATAS1060/27/06/B,R-41159492,IS 10322 (PART 5/SEC 1) : 2012,11799,"Guangdong Sat Technology Co. Ltd., No. 11 Lianbao Rd, Shengfeng District, Xiaolan Town, Zhongshan City, Guangdong, China – 528400",./assets/images/tracklights/Adhil-9-S-03-mat-black-default.webp
Adhil 9S,ARFD1502,48V DC,NA,2700K, CRI>97,Φ60*H120mm ,6°,9W,AJ/CG,ATAS1060/27/06/CG,R-41159492,IS 10322 (PART 5/SEC 1) : 2012,12799,"Guangdong Sat Technology Co. Ltd., No. 11 Lianbao Rd, Shengfeng District, Xiaolan Town, Zhongshan City, Guangdong, China – 528400",./assets/images/tracklights/Adhil-9-S-04-champeing-gold.webp
Adhil 9S,ARFD1502,48V DC,NA,2700K, CRI>97,Φ60*H120mm ,6°,9W,AJ/CG,ATAS1060/27/06/RG,R-41159492,IS 10322 (PART 5/SEC 1) : 2012,12799,"Guangdong Sat Technology Co. Ltd., No. 11 Lianbao Rd, Shengfeng District, Xiaolan Town, Zhongshan City, Guangdong, China – 528400",./assets/images/tracklights/Adhil-9-S-08-rose-gold.webp
Adhil 9S,ARFD1502,48V DC,NA,2700K, CRI>97,Φ60*H120mm ,6°,9W,AJ/CG,ATAS1060/27/06/BR,R-41159492,IS 10322 (PART 5/SEC 1) : 2012,12799,"Guangdong Sat Technology Co. Ltd., No. 11 Lianbao Rd, Shengfeng District, Xiaolan Town, Zhongshan City, Guangdong, China – 528400",./assets/images/tracklights/Adhil-9-S-10-brown.webp
Adhil 9S,ARFD1502,48V DC,NA,2700K, CRI>97,Φ60*H120mm ,6°,9W,AJ/CG,ATAS1060/27/06/COF,R-41159492,IS 10322 (PART 5/SEC 1) : 2012,12799,"Guangdong Sat Technology Co. Ltd., No. 11 Lianbao Rd, Shengfeng District, Xiaolan Town, Zhongshan City, Guangdong, China – 528400",./assets/images/tracklights/Adhil-9-S-07-coffee.webp
Adhil 9S,ARFD1502,48V DC,NA,2700K, CRI>97,Φ60*H120mm ,6°,9W,AJ/CG,ATAS1060/27/06/DGR,R-41159492,IS 10322 (PART 5/SEC 1) : 2012,12799,"Guangdong Sat Technology Co. Ltd., No. 11 Lianbao Rd, Shengfeng District, Xiaolan Town, Zhongshan City, Guangdong, China – 528400",./assets/images/tracklights/Adhil-9-S-09-dark-gray-default.webp
Adhil 9S,ARFD1502,48V DC,NA,2700K, CRI>97,Φ60*H120mm ,6°,9W,AJ/CG,ATAS1060/27/06/BB,R-41159492,IS 10322 (PART 5/SEC 1) : 2012,12799,"Guangdong Sat Technology Co. Ltd., No. 11 Lianbao Rd, Shengfeng District, Xiaolan Town, Zhongshan City, Guangdong, China – 528400",./assets/images/tracklights/Adhil-9-S-06-ballet-blue.webp
Adhil 9S,ARFD1502,48V DC,NA,2700K, CRI>97,Φ60*H120mm ,6°,9W,AJ/CG,ATAS1060/27/06/CH,R-41159492,IS 10322 (PART 5/SEC 1) : 2012,12799,"Guangdong Sat Technology Co. Ltd., No. 11 Lianbao Rd, Shengfeng District, Xiaolan Town, Zhongshan City, Guangdong, China – 528400",./assets/images/tracklights/Adhil-9-S-01-chrome.webp
Adhil 9S,ARFD1502,48V DC,NA,2700K, CRI>97,Φ60*H120mm ,6°,9W,AJ/CG,ATAS1060/27/06/CHB,R-41159492,IS 10322 (PART 5/SEC 1) : 2012,12799,"Guangdong Sat Technology Co. Ltd., No. 11 Lianbao Rd, Shengfeng District, Xiaolan Town, Zhongshan City, Guangdong, China – 528400",./assets/images/tracklights/Adhil-9-S-02-chrome-black.webp
Adhil 9S,ARFD1502,48V DC,NA,3000K, CRI>97,Φ60*H120mm ,6°,9W,AJ/CG,ATAS1060/30/06/W,R-41159492,IS 10322 (PART 5/SEC 1) : 2012,11799,"Guangdong Sat Technology Co. Ltd., No. 11 Lianbao Rd, Shengfeng District, Xiaolan Town, Zhongshan City, Guangdong, China – 528400",./assets/images/tracklights/Adhil-9-S-05-white.webp
Adhil 9S,ARFD1502,48V DC,NA,3000K, CRI>97,Φ60*H120mm ,6°,9W,AJ/CG,ATAS1060/30/06/B,R-41159492,IS 10322 (PART 5/SEC 1) : 2012,11799,"Guangdong Sat Technology Co. Ltd., No. 11 Lianbao Rd, Shengfeng District, Xiaolan Town, Zhongshan City, Guangdong, China – 528400",./assets/images/tracklights/Adhil-9-S-03-mat-black-default.webp
Adhil 9S,ARFD1502,48V DC,NA,3000K, CRI>97,Φ60*H120mm ,6°,9W,AJ/CG,ATAS1060/30/06/CG,R-41159492,IS 10322 (PART 5/SEC 1) : 2012,12799,"Guangdong Sat Technology Co. Ltd., No. 11 Lianbao Rd, Shengfeng District, Xiaolan Town, Zhongshan City, Guangdong, China – 528400",./assets/images/tracklights/Adhil-9-S-04-champeing-gold.webp
Adhil 9S,ARFD1502,48V DC,NA,3000K, CRI>97,Φ60*H120mm ,6°,9W,AJ/CG,ATAS1060/30/06/RG,R-41159492,IS 10322 (PART 5/SEC 1) : 2012,12799,"Guangdong Sat Technology Co. Ltd., No. 11 Lianbao Rd, Shengfeng District, Xiaolan Town, Zhongshan City, Guangdong, China – 528400",./assets/images/tracklights/Adhil-9-S-08-rose-gold.webp
Adhil 9S,ARFD1502,48V DC,NA,3000K, CRI>97,Φ60*H120mm ,6°,9W,AJ/CG,ATAS1060/30/06/BR,R-41159492,IS 10322 (PART 5/SEC 1) : 2012,12799,"Guangdong Sat Technology Co. Ltd., No. 11 Lianbao Rd, Shengfeng District, Xiaolan Town, Zhongshan City, Guangdong, China – 528400",./assets/images/tracklights/Adhil-9-S-10-brown.webp
Adhil 9S,ARFD1502,48V DC,NA,3000K, CRI>97,Φ60*H120mm ,6°,9W,AJ/CG,ATAS1060/30/06/COF,R-41159492,IS 10322 (PART 5/SEC 1) : 2012,12799,"Guangdong Sat Technology Co. Ltd., No. 11 Lianbao Rd, Shengfeng District, Xiaolan Town, Zhongshan City, Guangdong, China – 528400",./assets/images/tracklights/Adhil-9-S-07-coffee.webp
Adhil 9S,ARFD1502,48V DC,NA,3000K, CRI>97,Φ60*H120mm ,6°,9W,AJ/CG,ATAS1060/30/06/DGR,R-41159492,IS 10322 (PART 5/SEC 1) : 2012,12799,"Guangdong Sat Technology Co. Ltd., No. 11 Lianbao Rd, Shengfeng District, Xiaolan Town, Zhongshan City, Guangdong, China – 528400",./assets/images/tracklights/Adhil-9-S-09-dark-gray-default.webp
Adhil 9S,ARFD1502,48V DC,NA,3000K, CRI>97,Φ60*H120mm ,6°,9W,AJ/CG,ATAS1060/30/06/BB,R-41159492,IS 10322 (PART 5/SEC 1) : 2012,12799,"Guangdong Sat Technology Co. Ltd., No. 11 Lianbao Rd, Shengfeng District, Xiaolan Town, Zhongshan City, Guangdong, China – 528400",./assets/images/tracklights/Adhil-9-S-06-ballet-blue.webp
Adhil 9S,ARFD1502,48V DC,NA,3000K, CRI>97,Φ60*H120mm ,6°,9W,AJ/CG,ATAS1060/30/06/CH,R-41159492,IS 10322 (PART 5/SEC 1) : 2012,12799,"Guangdong Sat Technology Co. Ltd., No. 11 Lianbao Rd, Shengfeng District, Xiaolan Town, Zhongshan City, Guangdong, China – 528400",./assets/images/tracklights/Adhil-9-S-01-chrome.webp
Adhil 9S,ARFD1502,48V DC,NA,3000K, CRI>97,Φ60*H120mm ,6°,9W,AJ/CG,ATAS1060/30/06/CHB,R-41159492,IS 10322 (PART 5/SEC 1) : 2012,12799,"Guangdong Sat Technology Co. Ltd., No. 11 Lianbao Rd, Shengfeng District, Xiaolan Town, Zhongshan City, Guangdong, China – 528400",./assets/images/tracklights/Adhil-9-S-02-chrome-black.webp
Adhil 9S,ARFD1502,48V DC,NA,3500K, CRI>97,Φ60*H120mm ,6°,9W,AJ/CG,ATAS1060/35/06/W,R-41159492,IS 10322 (PART 5/SEC 1) : 2012,11799,"Guangdong Sat Technology Co. Ltd., No. 11 Lianbao Rd, Shengfeng District, Xiaolan Town, Zhongshan City, Guangdong, China – 528400",./assets/images/tracklights/Adhil-9-S-05-white.webp
Adhil 9S,ARFD1502,48V DC,NA,3500K, CRI>97,Φ60*H120mm ,6°,9W,AJ/CG,ATAS1060/35/06/B,R-41159492,IS 10322 (PART 5/SEC 1) : 2012,11799,"Guangdong Sat Technology Co. Ltd., No. 11 Lianbao Rd, Shengfeng District, Xiaolan Town, Zhongshan City, Guangdong, China – 528400",./assets/images/tracklights/Adhil-9-S-03-mat-black-default.webp
Adhil 9S,ARFD1502,48V DC,NA,3500K, CRI>97,Φ60*H120mm ,6°,9W,AJ/CG,ATAS1060/35/06/CG,R-41159492,IS 10322 (PART 5/SEC 1) : 2012,12799,"Guangdong Sat Technology Co. Ltd., No. 11 Lianbao Rd, Shengfeng District, Xiaolan Town, Zhongshan City, Guangdong, China – 528400",./assets/images/tracklights/Adhil-9-S-04-champeing-gold.webp
Adhil 9S,ARFD1502,48V DC,NA,3500K, CRI>97,Φ60*H120mm ,6°,9W,AJ/CG,ATAS1060/35/06/RG,R-41159492,IS 10322 (PART 5/SEC 1) : 2012,12799,"Guangdong Sat Technology Co. Ltd., No. 11 Lianbao Rd, Shengfeng District, Xiaolan Town, Zhongshan City, Guangdong, China – 528400",./assets/images/tracklights/Adhil-9-S-08-rose-gold.webp
Adhil 9S,ARFD1502,48V DC,NA,3500K, CRI>97,Φ60*H120mm ,6°,9W,AJ/CG,ATAS1060/35/06/BR,R-41159492,IS 10322 (PART 5/SEC 1) : 2012,12799,"Guangdong Sat Technology Co. Ltd., No. 11 Lianbao Rd, Shengfeng District, Xiaolan Town, Zhongshan City, Guangdong, China – 528400",./assets/images/tracklights/Adhil-9-S-10-brown.webp
Adhil 9S,ARFD1502,48V DC,NA,3500K, CRI>97,Φ60*H120mm ,6°,9W,AJ/CG,ATAS1060/35/06/COF,R-41159492,IS 10322 (PART 5/SEC 1) : 2012,12799,"Guangdong Sat Technology Co. Ltd., No. 11 Lianbao Rd, Shengfeng District, Xiaolan Town, Zhongshan City, Guangdong, China – 528400",./assets/images/tracklights/Adhil-9-S-07-coffee.webp
Adhil 9S,ARFD1502,48V DC,NA,3500K, CRI>97,Φ60*H120mm ,6°,9W,AJ/CG,ATAS1060/35/06/DGR,R-41159492,IS 10322 (PART 5/SEC 1) : 2012,12799,"Guangdong Sat Technology Co. Ltd., No. 11 Lianbao Rd, Shengfeng District, Xiaolan Town, Zhongshan City, Guangdong, China – 528400",./assets/images/tracklights/Adhil-9-S-09-dark-gray-default.webp
Adhil 9S,ARFD1502,48V DC,NA,3500K, CRI>97,Φ60*H120mm ,6°,9W,AJ/CG,ATAS1060/35/06/BB,R-41159492,IS 10322 (PART 5/SEC 1) : 2012,12799,"Guangdong Sat Technology Co. Ltd., No. 11 Lianbao Rd, Shengfeng District, Xiaolan Town, Zhongshan City, Guangdong, China – 528400",./assets/images/tracklights/Adhil-9-S-06-ballet-blue.webp
Adhil 9S,ARFD1502,48V DC,NA,3500K, CRI>97,Φ60*H120mm ,6°,9W,AJ/CG,ATAS1060/35/06/CH,R-41159492,IS 10322 (PART 5/SEC 1) : 2012,12799,"Guangdong Sat Technology Co. Ltd., No. 11 Lianbao Rd, Shengfeng District, Xiaolan Town, Zhongshan City, Guangdong, China – 528400",./assets/images/tracklights/Adhil-9-S-01-chrome.webp
Adhil 9S,ARFD1502,48V DC,NA,3500K, CRI>97,Φ60*H120mm ,6°,9W,AJ/CG,ATAS1060/35/06/CHB,R-41159492,IS 10322 (PART 5/SEC 1) : 2012,12799,"Guangdong Sat Technology Co. Ltd., No. 11 Lianbao Rd, Shengfeng District, Xiaolan Town, Zhongshan City, Guangdong, China – 528400",./assets/images/tracklights/Adhil-9-S-02-chrome-black.webp
Adhil 9S,ARFD1502,48V DC,NA,4000K, CRI>97,Φ60*H120mm ,6°,9W,AJ/CG,ATAS1060/40/06/W,R-41159492,IS 10322 (PART 5/SEC 1) : 2012,11799,"Guangdong Sat Technology Co. Ltd., No. 11 Lianbao Rd, Shengfeng District, Xiaolan Town, Zhongshan City, Guangdong, China – 528400",./assets/images/tracklights/Adhil-9-S-05-white.webp
Adhil 9S,ARFD1502,48V DC,NA,4000K, CRI>97,Φ60*H120mm ,6°,9W,AJ/CG,ATAS1060/40/06/B,R-41159492,IS 10322 (PART 5/SEC 1) : 2012,11799,"Guangdong Sat Technology Co. Ltd., No. 11 Lianbao Rd, Shengfeng District, Xiaolan Town, Zhongshan City, Guangdong, China – 528400",./assets/images/tracklights/Adhil-9-S-03-mat-black-default.webp
Adhil 9S,ARFD1502,48V DC,NA,4000K, CRI>97,Φ60*H120mm ,6°,9W,AJ/CG,ATAS1060/40/06/CG,R-41159492,IS 10322 (PART 5/SEC 1) : 2012,12799,"Guangdong Sat Technology Co. Ltd., No. 11 Lianbao Rd, Shengfeng District, Xiaolan Town, Zhongshan City, Guangdong, China – 528400",./assets/images/tracklights/Adhil-9-S-04-champeing-gold.webp
Adhil 9S,ARFD1502,48V DC,NA,4000K, CRI>97,Φ60*H120mm ,6°,9W,AJ/CG,ATAS1060/40/06/RG,R-41159492,IS 10322 (PART 5/SEC 1) : 2012,12799,"Guangdong Sat Technology Co. Ltd., No. 11 Lianbao Rd, Shengfeng District, Xiaolan Town, Zhongshan City, Guangdong, China – 528400",./assets/images/tracklights/Adhil-9-S-08-rose-gold.webp
Adhil 9S,ARFD1502,48V DC,NA,4000K, CRI>97,Φ60*H120mm ,6°,9W,AJ/CG,ATAS1060/40/06/BR,R-41159492,IS 10322 (PART 5/SEC 1) : 2012,12799,"Guangdong Sat Technology Co. Ltd., No. 11 Lianbao Rd, Shengfeng District, Xiaolan Town, Zhongshan City, Guangdong, China – 528400",./assets/images/tracklights/Adhil-9-S-10-brown.webp
Adhil 9S,ARFD1502,48V DC,NA,4000K, CRI>97,Φ60*H120mm ,6°,9W,AJ/CG,ATAS1060/40/06/COF,R-41159492,IS 10322 (PART 5/SEC 1) : 2012,12799,"Guangdong Sat Technology Co. Ltd., No. 11 Lianbao Rd, Shengfeng District, Xiaolan Town, Zhongshan City, Guangdong, China – 528400",./assets/images/tracklights/Adhil-9-S-07-coffee.webp
Adhil 9S,ARFD1502,48V DC,NA,4000K, CRI>97,Φ60*H120mm ,6°,9W,AJ/CG,ATAS1060/40/06/DGR,R-41159492,IS 10322 (PART 5/SEC 1) : 2012,12799,"Guangdong Sat Technology Co. Ltd., No. 11 Lianbao Rd, Shengfeng District, Xiaolan Town, Zhongshan City, Guangdong, China – 528400",./assets/images/tracklights/Adhil-9-S-09-dark-gray-default.webp
Adhil 9S,ARFD1502,48V DC,NA,4000K, CRI>97,Φ60*H120mm ,6°,9W,AJ/CG,ATAS1060/40/06/BB,R-41159492,IS 10322 (PART 5/SEC 1) : 2012,12799,"Guangdong Sat Technology Co. Ltd., No. 11 Lianbao Rd, Shengfeng District, Xiaolan Town, Zhongshan City, Guangdong, China – 528400",./assets/images/tracklights/Adhil-9-S-06-ballet-blue.webp
Adhil 9S,ARFD1502,48V DC,NA,4000K, CRI>97,Φ60*H120mm ,6°,9W,AJ/CG,ATAS1060/40/06/CH,R-41159492,IS 10322 (PART 5/SEC 1) : 2012,12799,"Guangdong Sat Technology Co. Ltd., No. 11 Lianbao Rd, Shengfeng District, Xiaolan Town, Zhongshan City, Guangdong, China – 528400",./assets/images/tracklights/Adhil-9-S-01-chrome.webp
Adhil 9S,ARFD1502,48V DC,NA,4000K, CRI>97,Φ60*H120mm ,6°,9W,AJ/CG,ATAS1060/40/06/CHB,R-41159492,IS 10322 (PART 5/SEC 1) : 2012,12799,"Guangdong Sat Technology Co. Ltd., No. 11 Lianbao Rd, Shengfeng District, Xiaolan Town, Zhongshan City, Guangdong, China – 528400",./assets/images/tracklights/Adhil-9-S-02-chrome-black.webp
Adhil 9S,ARFD1502,48V DC,NA,5000K, CRI>97,Φ60*H120mm ,6°,9W,AJ/CG,ATAS1060/50/06/W,R-41159492,IS 10322 (PART 5/SEC 1) : 2012,11799,"Guangdong Sat Technology Co. Ltd., No. 11 Lianbao Rd, Shengfeng District, Xiaolan Town, Zhongshan City, Guangdong, China – 528400",./assets/images/tracklights/Adhil-9-S-05-white.webp
Adhil 9S,ARFD1502,48V DC,NA,5000K, CRI>97,Φ60*H120mm ,6°,9W,AJ/CG,ATAS1060/50/06/B,R-41159492,IS 10322 (PART 5/SEC 1) : 2012,11799,"Guangdong Sat Technology Co. Ltd., No. 11 Lianbao Rd, Shengfeng District, Xiaolan Town, Zhongshan City, Guangdong, China – 528400",./assets/images/tracklights/Adhil-9-S-03-mat-black-default.webp
Adhil 9S,ARFD1502,48V DC,NA,5000K, CRI>97,Φ60*H120mm ,6°,9W,AJ/CG,ATAS1060/50/06/CG,R-41159492,IS 10322 (PART 5/SEC 1) : 2012,12799,"Guangdong Sat Technology Co. Ltd., No. 11 Lianbao Rd, Shengfeng District, Xiaolan Town, Zhongshan City, Guangdong, China – 528400",./assets/images/tracklights/Adhil-9-S-04-champeing-gold.webp
Adhil 9S,ARFD1502,48V DC,NA,5000K, CRI>97,Φ60*H120mm ,6°,9W,AJ/CG,ATAS1060/50/06/RG,R-41159492,IS 10322 (PART 5/SEC 1) : 2012,12799,"Guangdong Sat Technology Co. Ltd., No. 11 Lianbao Rd, Shengfeng District, Xiaolan Town, Zhongshan City, Guangdong, China – 528400",./assets/images/tracklights/Adhil-9-S-08-rose-gold.webp
Adhil 9S,ARFD1502,48V DC,NA,5000K, CRI>97,Φ60*H120mm ,6°,9W,AJ/CG,ATAS1060/50/06/BR,R-41159492,IS 10322 (PART 5/SEC 1) : 2012,12799,"Guangdong Sat Technology Co. Ltd., No. 11 Lianbao Rd, Shengfeng District, Xiaolan Town, Zhongshan City, Guangdong, China – 528400",./assets/images/tracklights/Adhil-9-S-10-brown.webp
Adhil 9S,ARFD1502,48V DC,NA,5000K, CRI>97,Φ60*H120mm ,6°,9W,AJ/CG,ATAS1060/50/06/COF,R-41159492,IS 10322 (PART 5/SEC 1) : 2012,12799,"Guangdong Sat Technology Co. Ltd., No. 11 Lianbao Rd, Shengfeng District, Xiaolan Town, Zhongshan City, Guangdong, China – 528400",./assets/images/tracklights/Adhil-9-S-07-coffee.webp
Adhil 9S,ARFD1502,48V DC,NA,5000K, CRI>97,Φ60*H120mm ,6°,9W,AJ/CG,ATAS1060/50/06/DGR,R-41159492,IS 10322 (PART 5/SEC 1) : 2012,12799,"Guangdong Sat Technology Co. Ltd., No. 11 Lianbao Rd, Shengfeng District, Xiaolan Town, Zhongshan City, Guangdong, China – 528400",./assets/images/tracklights/Adhil-9-S-09-dark-gray-default.webp
Adhil 9S,ARFD1502,48V DC,NA,5000K, CRI>97,Φ60*H120mm ,6°,9W,AJ/CG,ATAS1060/50/06/BB,R-41159492,IS 10322 (PART 5/SEC 1) : 2012,12799,"Guangdong Sat Technology Co. Ltd., No. 11 Lianbao Rd, Shengfeng District, Xiaolan Town, Zhongshan City, Guangdong, China – 528400",./assets/images/tracklights/Adhil-9-S-06-ballet-blue.webp
Adhil 9S,ARFD1502,48V DC,NA,5000K, CRI>97,Φ60*H120mm ,6°,9W,AJ/CG,ATAS1060/50/06/CH,R-41159492,IS 10322 (PART 5/SEC 1) : 2012,12799,"Guangdong Sat Technology Co. Ltd., No. 11 Lianbao Rd, Shengfeng District, Xiaolan Town, Zhongshan City, Guangdong, China – 528400",./assets/images/tracklights/Adhil-9-S-01-chrome.webp
Adhil 9S,ARFD1502,48V DC,NA,5000K, CRI>97,Φ60*H120mm ,6°,9W,AJ/CG,ATAS1060/50/06/CHB,R-41159492,IS 10322 (PART 5/SEC 1) : 2012,12799,"Guangdong Sat Technology Co. Ltd., No. 11 Lianbao Rd, Shengfeng District, Xiaolan Town, Zhongshan City, Guangdong, China – 528400",./assets/images/tracklights/Adhil-9-S-02-chrome-black.webp
Adhil 15S,ARFD1502,48V DC,NA,2700K, CRI>97,Φ60*H120mm ,15°,15W,AJ/CG,ATAS1560/27/15/W,R-41159492,IS 10322 (PART 5/SEC 1) : 2012,11799,"Guangdong Sat Technology Co. Ltd., No. 11 Lianbao Rd, Shengfeng District, Xiaolan Town, Zhongshan City, Guangdong, China – 528400",./assets/images/tracklights/Adhil-15-S-05-white.webp
Adhil 15S,ARFD1502,48V DC,NA,2700K, CRI>97,Φ60*H120mm ,15°,15W,AJ/CG,ATAS1560/27/15/B,R-41159492,IS 10322 (PART 5/SEC 1) : 2012,11799,"Guangdong Sat Technology Co. Ltd., No. 11 Lianbao Rd, Shengfeng District, Xiaolan Town, Zhongshan City, Guangdong, China – 528400",./assets/images/tracklights/Adhil-15-S-03-mat-black-default.webp
Adhil 15S,ARFD1502,48V DC,NA,2700K, CRI>97,Φ60*H120mm ,15°,15W,AJ/CG,ATAS1560/27/15/CG,R-41159492,IS 10322 (PART 5/SEC 1) : 2012,12799,"Guangdong Sat Technology Co. Ltd., No. 11 Lianbao Rd, Shengfeng District, Xiaolan Town, Zhongshan City, Guangdong, China – 528400",./assets/images/tracklights/Adhil-15-S-04-champeing-gold.webp
Adhil 15S,ARFD1502,48V DC,NA,2700K, CRI>97,Φ60*H120mm ,15°,15W,AJ/CG,ATAS1560/27/15/RG,R-41159492,IS 10322 (PART 5/SEC 1) : 2012,12799,"Guangdong Sat Technology Co. Ltd., No. 11 Lianbao Rd, Shengfeng District, Xiaolan Town, Zhongshan City, Guangdong, China – 528400",./assets/images/tracklights/Adhil-15-S-08-rose-gold.webp
Adhil 15S,ARFD1502,48V DC,NA,2700K, CRI>97,Φ60*H120mm ,15°,15W,AJ/CG,ATAS1560/27/15/BR,R-41159492,IS 10322 (PART 5/SEC 1) : 2012,12799,"Guangdong Sat Technology Co. Ltd., No. 11 Lianbao Rd, Shengfeng District, Xiaolan Town, Zhongshan City, Guangdong, China – 528400",./assets/images/tracklights/Adhil-15-S-10-brown.webp
Adhil 15S,ARFD1502,48V DC,NA,2700K, CRI>97,Φ60*H120mm ,15°,15W,AJ/CG,ATAS1560/27/15/COF,R-41159492,IS 10322 (PART 5/SEC 1) : 2012,12799,"Guangdong Sat Technology Co. Ltd., No. 11 Lianbao Rd, Shengfeng District, Xiaolan Town, Zhongshan City, Guangdong, China – 528400",./assets/images/tracklights/Adhil-15-S-07-coffee.webp
Adhil 15S,ARFD1502,48V DC,NA,2700K, CRI>97,Φ60*H120mm ,15°,15W,AJ/CG,ATAS1560/27/15/DGR,R-41159492,IS 10322 (PART 5/SEC 1) : 2012,12799,"Guangdong Sat Technology Co. Ltd., No. 11 Lianbao Rd, Shengfeng District, Xiaolan Town, Zhongshan City, Guangdong, China – 528400",./assets/images/tracklights/Adhil-15-S-09-dark-gray-default.webp
Adhil 15S,ARFD1502,48V DC,NA,2700K, CRI>97,Φ60*H120mm ,15°,15W,AJ/CG,ATAS1560/27/15/BB,R-41159492,IS 10322 (PART 5/SEC 1) : 2012,12799,"Guangdong Sat Technology Co. Ltd., No. 11 Lianbao Rd, Shengfeng District, Xiaolan Town, Zhongshan City, Guangdong, China – 528400",./assets/images/tracklights/Adhil-15-S-06-ballet-blue.webp
Adhil 15S,ARFD1502,48V DC,NA,2700K, CRI>97,Φ60*H120mm ,15°,15W,AJ/CG,ATAS1560/27/15/CH,R-41159492,IS 10322 (PART 5/SEC 1) : 2012,12799,"Guangdong Sat Technology Co. Ltd., No. 11 Lianbao Rd, Shengfeng District, Xiaolan Town, Zhongshan City, Guangdong, China – 528400",./assets/images/tracklights/Adhil-15-S-01-chrome.webp
Adhil 15S,ARFD1502,48V DC,NA,2700K, CRI>97,Φ60*H120mm ,15°,15W,AJ/CG,ATAS1560/27/15/CHB,R-41159492,IS 10322 (PART 5/SEC 1) : 2012,12799,"Guangdong Sat Technology Co. Ltd., No. 11 Lianbao Rd, Shengfeng District, Xiaolan Town, Zhongshan City, Guangdong, China – 528400",./assets/images/tracklights/Adhil-15-S-02-chrome-black.webp
Adhil 15S,ARFD1502,48V DC,NA,3000K, CRI>97,Φ60*H120mm ,15°,15W,AJ/CG,ATAS1560/30/15/W,R-41159492,IS 10322 (PART 5/SEC 1) : 2012,11799,"Guangdong Sat Technology Co. Ltd., No. 11 Lianbao Rd, Shengfeng District, Xiaolan Town, Zhongshan City, Guangdong, China – 528400",./assets/images/tracklights/Adhil-15-S-05-white.webp
Adhil 15S,ARFD1502,48V DC,NA,3000K, CRI>97,Φ60*H120mm ,15°,15W,AJ/CG,ATAS1560/30/15/B,R-41159492,IS 10322 (PART 5/SEC 1) : 2012,11799,"Guangdong Sat Technology Co. Ltd., No. 11 Lianbao Rd, Shengfeng District, Xiaolan Town, Zhongshan City, Guangdong, China – 528400",./assets/images/tracklights/Adhil-15-S-03-mat-black-default.webp
Adhil 15S,ARFD1502,48V DC,NA,3000K, CRI>97,Φ60*H120mm ,15°,15W,AJ/CG,ATAS1560/30/15/CG,R-41159492,IS 10322 (PART 5/SEC 1) : 2012,12799,"Guangdong Sat Technology Co. Ltd., No. 11 Lianbao Rd, Shengfeng District, Xiaolan Town, Zhongshan City, Guangdong, China – 528400",./assets/images/tracklights/Adhil-15-S-04-champeing-gold.webp
Adhil 15S,ARFD1502,48V DC,NA,3000K, CRI>97,Φ60*H120mm ,15°,15W,AJ/CG,ATAS1560/30/15/RG,R-41159492,IS 10322 (PART 5/SEC 1) : 2012,12799,"Guangdong Sat Technology Co. Ltd., No. 11 Lianbao Rd, Shengfeng District, Xiaolan Town, Zhongshan City, Guangdong, China – 528400",./assets/images/tracklights/Adhil-15-S-08-rose-gold.webp
Adhil 15S,ARFD1502,48V DC,NA,3000K, CRI>97,Φ60*H120mm ,15°,15W,AJ/CG,ATAS1560/30/15/BR,R-41159492,IS 10322 (PART 5/SEC 1) : 2012,12799,"Guangdong Sat Technology Co. Ltd., No. 11 Lianbao Rd, Shengfeng District, Xiaolan Town, Zhongshan City, Guangdong, China – 528400",./assets/images/tracklights/Adhil-15-S-10-brown.webp
Adhil 15S,ARFD1502,48V DC,NA,3000K, CRI>97,Φ60*H120mm ,15°,15W,AJ/CG,ATAS1560/30/15/COF,R-41159492,IS 10322 (PART 5/SEC 1) : 2012,12799,"Guangdong Sat Technology Co. Ltd., No. 11 Lianbao Rd, Shengfeng District, Xiaolan Town, Zhongshan City, Guangdong, China – 528400",./assets/images/tracklights/Adhil-15-S-07-coffee.webp
Adhil 15S,ARFD1502,48V DC,NA,3000K, CRI>97,Φ60*H120mm ,15°,15W,AJ/CG,ATAS1560/30/15/DGR,R-41159492,IS 10322 (PART 5/SEC 1) : 2012,12799,"Guangdong Sat Technology Co. Ltd., No. 11 Lianbao Rd, Shengfeng District, Xiaolan Town, Zhongshan City, Guangdong, China – 528400",./assets/images/tracklights/Adhil-15-S-09-dark-gray-default.webp
Adhil 15S,ARFD1502,48V DC,NA,3000K, CRI>97,Φ60*H120mm ,15°,15W,AJ/CG,ATAS1560/30/15/BB,R-41159492,IS 10322 (PART 5/SEC 1) : 2012,12799,"Guangdong Sat Technology Co. Ltd., No. 11 Lianbao Rd, Shengfeng District, Xiaolan Town, Zhongshan City, Guangdong, China – 528400",./assets/images/tracklights/Adhil-15-S-06-ballet-blue.webp
Adhil 15S,ARFD1502,48V DC,NA,3000K, CRI>97,Φ60*H120mm ,15°,15W,AJ/CG,ATAS1560/30/15/CH,R-41159492,IS 10322 (PART 5/SEC 1) : 2012,12799,"Guangdong Sat Technology Co. Ltd., No. 11 Lianbao Rd, Shengfeng District, Xiaolan Town, Zhongshan City, Guangdong, China – 528400",./assets/images/tracklights/Adhil-15-S-01-chrome.webp
Adhil 15S,ARFD1502,48V DC,NA,3000K, CRI>97,Φ60*H120mm ,15°,15W,AJ/CG,ATAS1560/30/15/CHB,R-41159492,IS 10322 (PART 5/SEC 1) : 2012,12799,"Guangdong Sat Technology Co. Ltd., No. 11 Lianbao Rd, Shengfeng District, Xiaolan Town, Zhongshan City, Guangdong, China – 528400",./assets/images/tracklights/Adhil-15-S-02-chrome-black.webp
Adhil 15S,ARFD1502,48V DC,NA,3500K, CRI>97,Φ60*H120mm ,15°,15W,AJ/CG,ATAS1560/35/15/W,R-41159492,IS 10322 (PART 5/SEC 1) : 2012,11799,"Guangdong Sat Technology Co. Ltd., No. 11 Lianbao Rd, Shengfeng District, Xiaolan Town, Zhongshan City, Guangdong, China – 528400",./assets/images/tracklights/Adhil-15-S-05-white.webp
Adhil 15S,ARFD1502,48V DC,NA,3500K, CRI>97,Φ60*H120mm ,15°,15W,AJ/CG,ATAS1560/35/15/B,R-41159492,IS 10322 (PART 5/SEC 1) : 2012,11799,"Guangdong Sat Technology Co. Ltd., No. 11 Lianbao Rd, Shengfeng District, Xiaolan Town, Zhongshan City, Guangdong, China – 528400",./assets/images/tracklights/Adhil-15-S-03-mat-black-default.webp
Adhil 15S,ARFD1502,48V DC,NA,3500K, CRI>97,Φ60*H120mm ,15°,15W,AJ/CG,ATAS1560/35/15/CG,R-41159492,IS 10322 (PART 5/SEC 1) : 2012,12799,"Guangdong Sat Technology Co. Ltd., No. 11 Lianbao Rd, Shengfeng District, Xiaolan Town, Zhongshan City, Guangdong, China – 528400",./assets/images/tracklights/Adhil-15-S-04-champeing-gold.webp
Adhil 15S,ARFD1502,48V DC,NA,3500K, CRI>97,Φ60*H120mm ,15°,15W,AJ/CG,ATAS1560/35/15/RG,R-41159492,IS 10322 (PART 5/SEC 1) : 2012,12799,"Guangdong Sat Technology Co. Ltd., No. 11 Lianbao Rd, Shengfeng District, Xiaolan Town, Zhongshan City, Guangdong, China – 528400",./assets/images/tracklights/Adhil-15-S-08-rose-gold.webp
Adhil 15S,ARFD1502,48V DC,NA,3500K, CRI>97,Φ60*H120mm ,15°,15W,AJ/CG,ATAS1560/35/15/BR,R-41159492,IS 10322 (PART 5/SEC 1) : 2012,12799,"Guangdong Sat Technology Co. Ltd., No. 11 Lianbao Rd, Shengfeng District, Xiaolan Town, Zhongshan City, Guangdong, China – 528400",./assets/images/tracklights/Adhil-15-S-10-brown.webp
Adhil 15S,ARFD1502,48V DC,NA,3500K, CRI>97,Φ60*H120mm ,15°,15W,AJ/CG,ATAS1560/35/15/COF,R-41159492,IS 10322 (PART 5/SEC 1) : 2012,12799,"Guangdong Sat Technology Co. Ltd., No. 11 Lianbao Rd, Shengfeng District, Xiaolan Town, Zhongshan City, Guangdong, China – 528400",./assets/images/tracklights/Adhil-15-S-07-coffee.webp
Adhil 15S,ARFD1502,48V DC,NA,3500K, CRI>97,Φ60*H120mm ,15°,15W,AJ/CG,ATAS1560/35/15/DGR,R-41159492,IS 10322 (PART 5/SEC 1) : 2012,12799,"Guangdong Sat Technology Co. Ltd., No. 11 Lianbao Rd, Shengfeng District, Xiaolan Town, Zhongshan City, Guangdong, China – 528400",./assets/images/tracklights/Adhil-15-S-09-dark-gray-default.webp
Adhil 15S,ARFD1502,48V DC,NA,3500K, CRI>97,Φ60*H120mm ,15°,15W,AJ/CG,ATAS1560/35/15/BB,R-41159492,IS 10322 (PART 5/SEC 1) : 2012,12799,"Guangdong Sat Technology Co. Ltd., No. 11 Lianbao Rd, Shengfeng District, Xiaolan Town, Zhongshan City, Guangdong, China – 528400",./assets/images/tracklights/Adhil-15-S-06-ballet-blue.webp
Adhil 15S,ARFD1502,48V DC,NA,3500K, CRI>97,Φ60*H120mm ,15°,15W,AJ/CG,ATAS1560/35/15/CH,R-41159492,IS 10322 (PART 5/SEC 1) : 2012,12799,"Guangdong Sat Technology Co. Ltd., No. 11 Lianbao Rd, Shengfeng District, Xiaolan Town, Zhongshan City, Guangdong, China – 528400",./assets/images/tracklights/Adhil-15-S-01-chrome.webp
Adhil 15S,ARFD1502,48V DC,NA,3500K, CRI>97,Φ60*H120mm ,15°,15W,AJ/CG,ATAS1560/35/15/CHB,R-41159492,IS 10322 (PART 5/SEC 1) : 2012,12799,"Guangdong Sat Technology Co. Ltd., No. 11 Lianbao Rd, Shengfeng District, Xiaolan Town, Zhongshan City, Guangdong, China – 528400",./assets/images/tracklights/Adhil-15-S-02-chrome-black.webp
Adhil 15S,ARFD1502,48V DC,NA,4000K, CRI>97,Φ60*H120mm ,15°,15W,AJ/CG,ATAS1560/40/15/W,R-41159492,IS 10322 (PART 5/SEC 1) : 2012,11799,"Guangdong Sat Technology Co. Ltd., No. 11 Lianbao Rd, Shengfeng District, Xiaolan Town, Zhongshan City, Guangdong, China – 528400",./assets/images/tracklights/Adhil-15-S-05-white.webp
Adhil 15S,ARFD1502,48V DC,NA,4000K, CRI>97,Φ60*H120mm ,15°,15W,AJ/CG,ATAS1560/40/15/B,R-41159492,IS 10322 (PART 5/SEC 1) : 2012,11799,"Guangdong Sat Technology Co. Ltd., No. 11 Lianbao Rd, Shengfeng District, Xiaolan Town, Zhongshan City, Guangdong, China – 528400",./assets/images/tracklights/Adhil-15-S-03-mat-black-default.webp
Adhil 15S,ARFD1502,48V DC,NA,4000K, CRI>97,Φ60*H120mm ,15°,15W,AJ/CG,ATAS1560/40/15/CG,R-41159492,IS 10322 (PART 5/SEC 1) : 2012,12799,"Guangdong Sat Technology Co. Ltd., No. 11 Lianbao Rd, Shengfeng District, Xiaolan Town, Zhongshan City, Guangdong, China – 528400",./assets/images/tracklights/Adhil-15-S-04-champeing-gold.webp
Adhil 15S,ARFD1502,48V DC,NA,4000K, CRI>97,Φ60*H120mm ,15°,15W,AJ/CG,ATAS1560/40/15/RG,R-41159492,IS 10322 (PART 5/SEC 1) : 2012,12799,"Guangdong Sat Technology Co. Ltd., No. 11 Lianbao Rd, Shengfeng District, Xiaolan Town, Zhongshan City, Guangdong, China – 528400",./assets/images/tracklights/Adhil-15-S-08-rose-gold.webp
Adhil 15S,ARFD1502,48V DC,NA,4000K, CRI>97,Φ60*H120mm ,15°,15W,AJ/CG,ATAS1560/40/15/BR,R-41159492,IS 10322 (PART 5/SEC 1) : 2012,12799,"Guangdong Sat Technology Co. Ltd., No. 11 Lianbao Rd, Shengfeng District, Xiaolan Town, Zhongshan City, Guangdong, China – 528400",./assets/images/tracklights/Adhil-15-S-10-brown.webp
Adhil 15S,ARFD1502,48V DC,NA,4000K, CRI>97,Φ60*H120mm ,15°,15W,AJ/CG,ATAS1560/40/15/COF,R-41159492,IS 10322 (PART 5/SEC 1) : 2012,12799,"Guangdong Sat Technology Co. Ltd., No. 11 Lianbao Rd, Shengfeng District, Xiaolan Town, Zhongshan City, Guangdong, China – 528400",./assets/images/tracklights/Adhil-15-S-07-coffee.webp
Adhil 15S,ARFD1502,48V DC,NA,4000K, CRI>97,Φ60*H120mm ,15°,15W,AJ/CG,ATAS1560/40/15/DGR,R-41159492,IS 10322 (PART 5/SEC 1) : 2012,12799,"Guangdong Sat Technology Co. Ltd., No. 11 Lianbao Rd, Shengfeng District, Xiaolan Town, Zhongshan City, Guangdong, China – 528400",./assets/images/tracklights/Adhil-15-S-09-dark-gray-default.webp
Adhil 15S,ARFD1502,48V DC,NA,4000K, CRI>97,Φ60*H120mm ,15°,15W,AJ/CG,ATAS1560/40/15/BB,R-41159492,IS 10322 (PART 5/SEC 1) : 2012,12799,"Guangdong Sat Technology Co. Ltd., No. 11 Lianbao Rd, Shengfeng District, Xiaolan Town, Zhongshan City, Guangdong, China – 528400",./assets/images/tracklights/Adhil-15-S-06-ballet-blue.webp
Adhil 15S,ARFD1502,48V DC,NA,4000K, CRI>97,Φ60*H120mm ,15°,15W,AJ/CG,ATAS1560/40/15/CH,R-41159492,IS 10322 (PART 5/SEC 1) : 2012,12799,"Guangdong Sat Technology Co. Ltd., No. 11 Lianbao Rd, Shengfeng District, Xiaolan Town, Zhongshan City, Guangdong, China – 528400",./assets/images/tracklights/Adhil-15-S-01-chrome.webp
Adhil 15S,ARFD1502,48V DC,NA,4000K, CRI>97,Φ60*H120mm ,15°,15W,AJ/CG,ATAS1560/40/15/CHB,R-41159492,IS 10322 (PART 5/SEC 1) : 2012,12799,"Guangdong Sat Technology Co. Ltd., No. 11 Lianbao Rd, Shengfeng District, Xiaolan Town, Zhongshan City, Guangdong, China – 528400",./assets/images/tracklights/Adhil-15-S-02-chrome-black.webp
Adhil 15S,ARFD1502,48V DC,NA,5000K, CRI>97,Φ60*H120mm ,15°,15W,AJ/CG,ATAS1560/50/15/W,R-41159492,IS 10322 (PART 5/SEC 1) : 2012,11799,"Guangdong Sat Technology Co. Ltd., No. 11 Lianbao Rd, Shengfeng District, Xiaolan Town, Zhongshan City, Guangdong, China – 528400",./assets/images/tracklights/Adhil-15-S-05-white.webp
Adhil 15S,ARFD1502,48V DC,NA,5000K, CRI>97,Φ60*H120mm ,15°,15W,AJ/CG,ATAS1560/50/15/B,R-41159492,IS 10322 (PART 5/SEC 1) : 2012,11799,"Guangdong Sat Technology Co. Ltd., No. 11 Lianbao Rd, Shengfeng District, Xiaolan Town, Zhongshan City, Guangdong, China – 528400",./assets/images/tracklights/Adhil-15-S-03-mat-black-default.webp
Adhil 15S,ARFD1502,48V DC,NA,5000K, CRI>97,Φ60*H120mm ,15°,15W,AJ/CG,ATAS1560/50/15/CG,R-41159492,IS 10322 (PART 5/SEC 1) : 2012,12799,"Guangdong Sat Technology Co. Ltd., No. 11 Lianbao Rd, Shengfeng District, Xiaolan Town, Zhongshan City, Guangdong, China – 528400",./assets/images/tracklights/Adhil-15-S-04-champeing-gold.webp
Adhil 15S,ARFD1502,48V DC,NA,5000K, CRI>97,Φ60*H120mm ,15°,15W,AJ/CG,ATAS1560/50/15/RG,R-41159492,IS 10322 (PART 5/SEC 1) : 2012,12799,"Guangdong Sat Technology Co. Ltd., No. 11 Lianbao Rd, Shengfeng District, Xiaolan Town, Zhongshan City, Guangdong, China – 528400",./assets/images/tracklights/Adhil-15-S-08-rose-gold.webp
Adhil 15S,ARFD1502,48V DC,NA,5000K, CRI>97,Φ60*H120mm ,15°,15W,AJ/CG,ATAS1560/50/15/BR,R-41159492,IS 10322 (PART 5/SEC 1) : 2012,12799,"Guangdong Sat Technology Co. Ltd., No. 11 Lianbao Rd, Shengfeng District, Xiaolan Town, Zhongshan City, Guangdong, China – 528400",./assets/images/tracklights/Adhil-15-S-10-brown.webp
Adhil 15S,ARFD1502,48V DC,NA,5000K, CRI>97,Φ60*H120mm ,15°,15W,AJ/CG,ATAS1560/50/15/COF,R-41159492,IS 10322 (PART 5/SEC 1) : 2012,12799,"Guangdong Sat Technology Co. Ltd., No. 11 Lianbao Rd, Shengfeng District, Xiaolan Town, Zhongshan City, Guangdong, China – 528400",./assets/images/tracklights/Adhil-15-S-07-coffee.webp
Adhil 15S,ARFD1502,48V DC,NA,5000K, CRI>97,Φ60*H120mm ,15°,15W,AJ/CG,ATAS1560/50/15/DGR,R-41159492,IS 10322 (PART 5/SEC 1) : 2012,12799,"Guangdong Sat Technology Co. Ltd., No. 11 Lianbao Rd, Shengfeng District, Xiaolan Town, Zhongshan City, Guangdong, China – 528400",./assets/images/tracklights/Adhil-15-S-09-dark-gray-default.webp
Adhil 15S,ARFD1502,48V DC,NA,5000K, CRI>97,Φ60*H120mm ,15°,15W,AJ/CG,ATAS1560/50/15/BB,R-41159492,IS 10322 (PART 5/SEC 1) : 2012,12799,"Guangdong Sat Technology Co. Ltd., No. 11 Lianbao Rd, Shengfeng District, Xiaolan Town, Zhongshan City, Guangdong, China – 528400",./assets/images/tracklights/Adhil-15-S-06-ballet-blue.webp
Adhil 15S,ARFD1502,48V DC,NA,5000K, CRI>97,Φ60*H120mm ,15°,15W,AJ/CG,ATAS1560/50/15/CH,R-41159492,IS 10322 (PART 5/SEC 1) : 2012,12799,"Guangdong Sat Technology Co. Ltd., No. 11 Lianbao Rd, Shengfeng District, Xiaolan Town, Zhongshan City, Guangdong, China – 528400",./assets/images/tracklights/Adhil-15-S-01-chrome.webp
Adhil 15S,ARFD1502,48V DC,NA,5000K, CRI>97,Φ60*H120mm ,15°,15W,AJ/CG,ATAS1560/50/15/CHB,R-41159492,IS 10322 (PART 5/SEC 1) : 2012,12799,"Guangdong Sat Technology Co. Ltd., No. 11 Lianbao Rd, Shengfeng District, Xiaolan Town, Zhongshan City, Guangdong, China – 528400",./assets/images/tracklights/Adhil-15-S-02-chrome-black.webp
Adhil 15S,ARFD1502,48V DC,NA,2700K, CRI>97,Φ60*H120mm ,24°,15W,AJ/CG,ATAS1560/27/24/W,R-41159492,IS 10322 (PART 5/SEC 1) : 2012,11799,"Guangdong Sat Technology Co. Ltd., No. 11 Lianbao Rd, Shengfeng District, Xiaolan Town, Zhongshan City, Guangdong, China – 528400",./assets/images/tracklights/Adhil-15-S-05-white.webp
Adhil 15S,ARFD1502,48V DC,NA,2700K, CRI>97,Φ60*H120mm ,24°,15W,AJ/CG,ATAS1560/27/24/B,R-41159492,IS 10322 (PART 5/SEC 1) : 2012,11799,"Guangdong Sat Technology Co. Ltd., No. 11 Lianbao Rd, Shengfeng District, Xiaolan Town, Zhongshan City, Guangdong, China – 528400",./assets/images/tracklights/Adhil-15-S-03-mat-black-default.webp
Adhil 15S,ARFD1502,48V DC,NA,2700K, CRI>97,Φ60*H120mm ,24°,15W,AJ/CG,ATAS1560/27/24/CG,R-41159492,IS 10322 (PART 5/SEC 1) : 2012,12799,"Guangdong Sat Technology Co. Ltd., No. 11 Lianbao Rd, Shengfeng District, Xiaolan Town, Zhongshan City, Guangdong, China – 528400",./assets/images/tracklights/Adhil-15-S-04-champeing-gold.webp
Adhil 15S,ARFD1502,48V DC,NA,2700K, CRI>97,Φ60*H120mm ,24°,15W,AJ/CG,ATAS1560/27/24/RG,R-41159492,IS 10322 (PART 5/SEC 1) : 2012,12799,"Guangdong Sat Technology Co. Ltd., No. 11 Lianbao Rd, Shengfeng District, Xiaolan Town, Zhongshan City, Guangdong, China – 528400",./assets/images/tracklights/Adhil-15-S-08-rose-gold.webp
Adhil 15S,ARFD1502,48V DC,NA,2700K, CRI>97,Φ60*H120mm ,24°,15W,AJ/CG,ATAS1560/27/24/BR,R-41159492,IS 10322 (PART 5/SEC 1) : 2012,12799,"Guangdong Sat Technology Co. Ltd., No. 11 Lianbao Rd, Shengfeng District, Xiaolan Town, Zhongshan City, Guangdong, China – 528400",./assets/images/tracklights/Adhil-15-S-10-brown.webp
Adhil 15S,ARFD1502,48V DC,NA,2700K, CRI>97,Φ60*H120mm ,24°,15W,AJ/CG,ATAS1560/27/24/COF,R-41159492,IS 10322 (PART 5/SEC 1) : 2012,12799,"Guangdong Sat Technology Co. Ltd., No. 11 Lianbao Rd, Shengfeng District, Xiaolan Town, Zhongshan City, Guangdong, China – 528400",./assets/images/tracklights/Adhil-15-S-07-coffee.webp
Adhil 15S,ARFD1502,48V DC,NA,2700K, CRI>97,Φ60*H120mm ,24°,15W,AJ/CG,ATAS1560/27/24/DGR,R-41159492,IS 10322 (PART 5/SEC 1) : 2012,12799,"Guangdong Sat Technology Co. Ltd., No. 11 Lianbao Rd, Shengfeng District, Xiaolan Town, Zhongshan City, Guangdong, China – 528400",./assets/images/tracklights/Adhil-15-S-09-dark-gray-default.webp
Adhil 15S,ARFD1502,48V DC,NA,2700K, CRI>97,Φ60*H120mm ,24°,15W,AJ/CG,ATAS1560/27/24/BB,R-41159492,IS 10322 (PART 5/SEC 1) : 2012,12799,"Guangdong Sat Technology Co. Ltd., No. 11 Lianbao Rd, Shengfeng District, Xiaolan Town, Zhongshan City, Guangdong, China – 528400",./assets/images/tracklights/Adhil-15-S-06-ballet-blue.webp
Adhil 15S,ARFD1502,48V DC,NA,2700K, CRI>97,Φ60*H120mm ,24°,15W,AJ/CG,ATAS1560/27/24/CH,R-41159492,IS 10322 (PART 5/SEC 1) : 2012,12799,"Guangdong Sat Technology Co. Ltd., No. 11 Lianbao Rd, Shengfeng District, Xiaolan Town, Zhongshan City, Guangdong, China – 528400",./assets/images/tracklights/Adhil-15-S-01-chrome.webp
Adhil 15S,ARFD1502,48V DC,NA,2700K, CRI>97,Φ60*H120mm ,24°,15W,AJ/CG,ATAS1560/27/24/CHB,R-41159492,IS 10322 (PART 5/SEC 1) : 2012,12799,"Guangdong Sat Technology Co. Ltd., No. 11 Lianbao Rd, Shengfeng District, Xiaolan Town, Zhongshan City, Guangdong, China – 528400",./assets/images/tracklights/Adhil-15-S-02-chrome-black.webp
Adhil 15S,ARFD1502,48V DC,NA,3000K, CRI>97,Φ60*H120mm ,24°,15W,AJ/CG,ATAS1560/30/24/W,R-41159492,IS 10322 (PART 5/SEC 1) : 2012,11799,"Guangdong Sat Technology Co. Ltd., No. 11 Lianbao Rd, Shengfeng District, Xiaolan Town, Zhongshan City, Guangdong, China – 528400",./assets/images/tracklights/Adhil-15-S-05-white.webp
Adhil 15S,ARFD1502,48V DC,NA,3000K, CRI>97,Φ60*H120mm ,24°,15W,AJ/CG,ATAS1560/30/24/B,R-41159492,IS 10322 (PART 5/SEC 1) : 2012,11799,"Guangdong Sat Technology Co. Ltd., No. 11 Lianbao Rd, Shengfeng District, Xiaolan Town, Zhongshan City, Guangdong, China – 528400",./assets/images/tracklights/Adhil-15-S-03-mat-black-default.webp
Adhil 15S,ARFD1502,48V DC,NA,3000K, CRI>97,Φ60*H120mm ,24°,15W,AJ/CG,ATAS1560/30/24/CG,R-41159492,IS 10322 (PART 5/SEC 1) : 2012,12799,"Guangdong Sat Technology Co. Ltd., No. 11 Lianbao Rd, Shengfeng District, Xiaolan Town, Zhongshan City, Guangdong, China – 528400",./assets/images/tracklights/Adhil-15-S-04-champeing-gold.webp
Adhil 15S,ARFD1502,48V DC,NA,3000K, CRI>97,Φ60*H120mm ,24°,15W,AJ/CG,ATAS1560/30/24/RG,R-41159492,IS 10322 (PART 5/SEC 1) : 2012,12799,"Guangdong Sat Technology Co. Ltd., No. 11 Lianbao Rd, Shengfeng District, Xiaolan Town, Zhongshan City, Guangdong, China – 528400",./assets/images/tracklights/Adhil-15-S-08-rose-gold.webp
Adhil 15S,ARFD1502,48V DC,NA,3000K, CRI>97,Φ60*H120mm ,24°,15W,AJ/CG,ATAS1560/30/24/BR,R-41159492,IS 10322 (PART 5/SEC 1) : 2012,12799,"Guangdong Sat Technology Co. Ltd., No. 11 Lianbao Rd, Shengfeng District, Xiaolan Town, Zhongshan City, Guangdong, China – 528400",./assets/images/tracklights/Adhil-15-S-10-brown.webp
Adhil 15S,ARFD1502,48V DC,NA,3000K, CRI>97,Φ60*H120mm ,24°,15W,AJ/CG,ATAS1560/30/24/COF,R-41159492,IS 10322 (PART 5/SEC 1) : 2012,12799,"Guangdong Sat Technology Co. Ltd., No. 11 Lianbao Rd, Shengfeng District, Xiaolan Town, Zhongshan City, Guangdong, China – 528400",./assets/images/tracklights/Adhil-15-S-07-coffee.webp
Adhil 15S,ARFD1502,48V DC,NA,3000K, CRI>97,Φ60*H120mm ,24°,15W,AJ/CG,ATAS1560/30/24/DGR,R-41159492,IS 10322 (PART 5/SEC 1) : 2012,12799,"Guangdong Sat Technology Co. Ltd., No. 11 Lianbao Rd, Shengfeng District, Xiaolan Town, Zhongshan City, Guangdong, China – 528400",./assets/images/tracklights/Adhil-15-S-09-dark-gray-default.webp
Adhil 15S,ARFD1502,48V DC,NA,3000K, CRI>97,Φ60*H120mm ,24°,15W,AJ/CG,ATAS1560/30/24/BB,R-41159492,IS 10322 (PART 5/SEC 1) : 2012,12799,"Guangdong Sat Technology Co. Ltd., No. 11 Lianbao Rd, Shengfeng District, Xiaolan Town, Zhongshan City, Guangdong, China – 528400",./assets/images/tracklights/Adhil-15-S-06-ballet-blue.webp
Adhil 15S,ARFD1502,48V DC,NA,3000K, CRI>97,Φ60*H120mm ,24°,15W,AJ/CG,ATAS1560/30/24/CH,R-41159492,IS 10322 (PART 5/SEC 1) : 2012,12799,"Guangdong Sat Technology Co. Ltd., No. 11 Lianbao Rd, Shengfeng District, Xiaolan Town, Zhongshan City, Guangdong, China – 528400",./assets/images/tracklights/Adhil-15-S-01-chrome.webp
Adhil 15S,ARFD1502,48V DC,NA,3000K, CRI>97,Φ60*H120mm ,24°,15W,AJ/CG,ATAS1560/30/24/CHB,R-41159492,IS 10322 (PART 5/SEC 1) : 2012,12799,"Guangdong Sat Technology Co. Ltd., No. 11 Lianbao Rd, Shengfeng District, Xiaolan Town, Zhongshan City, Guangdong, China – 528400",./assets/images/tracklights/Adhil-15-S-02-chrome-black.webp
Adhil 15S,ARFD1502,48V DC,NA,3500K, CRI>97,Φ60*H120mm ,24°,15W,AJ/CG,ATAS1560/35/24/W,R-41159492,IS 10322 (PART 5/SEC 1) : 2012,11799,"Guangdong Sat Technology Co. Ltd., No. 11 Lianbao Rd, Shengfeng District, Xiaolan Town, Zhongshan City, Guangdong, China – 528400",./assets/images/tracklights/Adhil-15-S-05-white.webp
Adhil 15S,ARFD1502,48V DC,NA,3500K, CRI>97,Φ60*H120mm ,24°,15W,AJ/CG,ATAS1560/35/24/B,R-41159492,IS 10322 (PART 5/SEC 1) : 2012,11799,"Guangdong Sat Technology Co. Ltd., No. 11 Lianbao Rd, Shengfeng District, Xiaolan Town, Zhongshan City, Guangdong, China – 528400",./assets/images/tracklights/Adhil-15-S-03-mat-black-default.webp
Adhil 15S,ARFD1502,48V DC,NA,3500K, CRI>97,Φ60*H120mm ,24°,15W,AJ/CG,ATAS1560/35/24/CG,R-41159492,IS 10322 (PART 5/SEC 1) : 2012,12799,"Guangdong Sat Technology Co. Ltd., No. 11 Lianbao Rd, Shengfeng District, Xiaolan Town, Zhongshan City, Guangdong, China – 528400",./assets/images/tracklights/Adhil-15-S-04-champeing-gold.webp
Adhil 15S,ARFD1502,48V DC,NA,3500K, CRI>97,Φ60*H120mm ,24°,15W,AJ/CG,ATAS1560/35/24/RG,R-41159492,IS 10322 (PART 5/SEC 1) : 2012,12799,"Guangdong Sat Technology Co. Ltd., No. 11 Lianbao Rd, Shengfeng District, Xiaolan Town, Zhongshan City, Guangdong, China – 528400",./assets/images/tracklights/Adhil-15-S-08-rose-gold.webp
Adhil 15S,ARFD1502,48V DC,NA,3500K, CRI>97,Φ60*H120mm ,24°,15W,AJ/CG,ATAS1560/35/24/BR,R-41159492,IS 10322 (PART 5/SEC 1) : 2012,12799,"Guangdong Sat Technology Co. Ltd., No. 11 Lianbao Rd, Shengfeng District, Xiaolan Town, Zhongshan City, Guangdong, China – 528400",./assets/images/tracklights/Adhil-15-S-10-brown.webp
Adhil 15S,ARFD1502,48V DC,NA,3500K, CRI>97,Φ60*H120mm ,24°,15W,AJ/CG,ATAS1560/35/24/COF,R-41159492,IS 10322 (PART 5/SEC 1) : 2012,12799,"Guangdong Sat Technology Co. Ltd., No. 11 Lianbao Rd, Shengfeng District, Xiaolan Town, Zhongshan City, Guangdong, China – 528400",./assets/images/tracklights/Adhil-15-S-07-coffee.webp
Adhil 15S,ARFD1502,48V DC,NA,3500K, CRI>97,Φ60*H120mm ,24°,15W,AJ/CG,ATAS1560/35/24/DGR,R-41159492,IS 10322 (PART 5/SEC 1) : 2012,12799,"Guangdong Sat Technology Co. Ltd., No. 11 Lianbao Rd, Shengfeng District, Xiaolan Town, Zhongshan City, Guangdong, China – 528400",./assets/images/tracklights/Adhil-15-S-09-dark-gray-default.webp
Adhil 15S,ARFD1502,48V DC,NA,3500K, CRI>97,Φ60*H120mm ,24°,15W,AJ/CG,ATAS1560/35/24/BB,R-41159492,IS 10322 (PART 5/SEC 1) : 2012,12799,"Guangdong Sat Technology Co. Ltd., No. 11 Lianbao Rd, Shengfeng District, Xiaolan Town, Zhongshan City, Guangdong, China – 528400",./assets/images/tracklights/Adhil-15-S-06-ballet-blue.webp
Adhil 15S,ARFD1502,48V DC,NA,3500K, CRI>97,Φ60*H120mm ,24°,15W,AJ/CG,ATAS1560/35/24/CH,R-41159492,IS 10322 (PART 5/SEC 1) : 2012,12799,"Guangdong Sat Technology Co. Ltd., No. 11 Lianbao Rd, Shengfeng District, Xiaolan Town, Zhongshan City, Guangdong, China – 528400",./assets/images/tracklights/Adhil-15-S-01-chrome.webp
Adhil 15S,ARFD1502,48V DC,NA,3500K, CRI>97,Φ60*H120mm ,24°,15W,AJ/CG,ATAS1560/35/24/CHB,R-41159492,IS 10322 (PART 5/SEC 1) : 2012,12799,"Guangdong Sat Technology Co. Ltd., No. 11 Lianbao Rd, Shengfeng District, Xiaolan Town, Zhongshan City, Guangdong, China – 528400",./assets/images/tracklights/Adhil-15-S-02-chrome-black.webp
Adhil 15S,ARFD1502,48V DC,NA,4000K, CRI>97,Φ60*H120mm ,24°,15W,AJ/CG,ATAS1560/40/24/W,R-41159492,IS 10322 (PART 5/SEC 1) : 2012,11799,"Guangdong Sat Technology Co. Ltd., No. 11 Lianbao Rd, Shengfeng District, Xiaolan Town, Zhongshan City, Guangdong, China – 528400",./assets/images/tracklights/Adhil-15-S-05-white.webp
Adhil 15S,ARFD1502,48V DC,NA,4000K, CRI>97,Φ60*H120mm ,24°,15W,AJ/CG,ATAS1560/40/24/B,R-41159492,IS 10322 (PART 5/SEC 1) : 2012,11799,"Guangdong Sat Technology Co. Ltd., No. 11 Lianbao Rd, Shengfeng District, Xiaolan Town, Zhongshan City, Guangdong, China – 528400",./assets/images/tracklights/Adhil-15-S-03-mat-black-default.webp
Adhil 15S,ARFD1502,48V DC,NA,4000K, CRI>97,Φ60*H120mm ,24°,15W,AJ/CG,ATAS1560/40/24/CG,R-41159492,IS 10322 (PART 5/SEC 1) : 2012,12799,"Guangdong Sat Technology Co. Ltd., No. 11 Lianbao Rd, Shengfeng District, Xiaolan Town, Zhongshan City, Guangdong, China – 528400",./assets/images/tracklights/Adhil-15-S-04-champeing-gold.webp
Adhil 15S,ARFD1502,48V DC,NA,4000K, CRI>97,Φ60*H120mm ,24°,15W,AJ/CG,ATAS1560/40/24/RG,R-41159492,IS 10322 (PART 5/SEC 1) : 2012,12799,"Guangdong Sat Technology Co. Ltd., No. 11 Lianbao Rd, Shengfeng District, Xiaolan Town, Zhongshan City, Guangdong, China – 528400",./assets/images/tracklights/Adhil-15-S-08-rose-gold.webp
Adhil 15S,ARFD1502,48V DC,NA,4000K, CRI>97,Φ60*H120mm ,24°,15W,AJ/CG,ATAS1560/40/24/BR,R-41159492,IS 10322 (PART 5/SEC 1) : 2012,12799,"Guangdong Sat Technology Co. Ltd., No. 11 Lianbao Rd, Shengfeng District, Xiaolan Town, Zhongshan City, Guangdong, China – 528400",./assets/images/tracklights/Adhil-15-S-10-brown.webp
Adhil 15S,ARFD1502,48V DC,NA,4000K, CRI>97,Φ60*H120mm ,24°,15W,AJ/CG,ATAS1560/40/24/COF,R-41159492,IS 10322 (PART 5/SEC 1) : 2012,12799,"Guangdong Sat Technology Co. Ltd., No. 11 Lianbao Rd, Shengfeng District, Xiaolan Town, Zhongshan City, Guangdong, China – 528400",./assets/images/tracklights/Adhil-15-S-07-coffee.webp
Adhil 15S,ARFD1502,48V DC,NA,4000K, CRI>97,Φ60*H120mm ,24°,15W,AJ/CG,ATAS1560/40/24/DGR,R-41159492,IS 10322 (PART 5/SEC 1) : 2012,12799,"Guangdong Sat Technology Co. Ltd., No. 11 Lianbao Rd, Shengfeng District, Xiaolan Town, Zhongshan City, Guangdong, China – 528400",./assets/images/tracklights/Adhil-15-S-09-dark-gray-default.webp
Adhil 15S,ARFD1502,48V DC,NA,4000K, CRI>97,Φ60*H120mm ,24°,15W,AJ/CG,ATAS1560/40/24/BB,R-41159492,IS 10322 (PART 5/SEC 1) : 2012,12799,"Guangdong Sat Technology Co. Ltd., No. 11 Lianbao Rd, Shengfeng District, Xiaolan Town, Zhongshan City, Guangdong, China – 528400",./assets/images/tracklights/Adhil-15-S-06-ballet-blue.webp
Adhil 15S,ARFD1502,48V DC,NA,4000K, CRI>97,Φ60*H120mm ,24°,15W,AJ/CG,ATAS1560/40/24/CH,R-41159492,IS 10322 (PART 5/SEC 1) : 2012,12799,"Guangdong Sat Technology Co. Ltd., No. 11 Lianbao Rd, Shengfeng District, Xiaolan Town, Zhongshan City, Guangdong, China – 528400",./assets/images/tracklights/Adhil-15-S-01-chrome.webp
Adhil 15S,ARFD1502,48V DC,NA,4000K, CRI>97,Φ60*H120mm ,24°,15W,AJ/CG,ATAS1560/40/24/CHB,R-41159492,IS 10322 (PART 5/SEC 1) : 2012,12799,"Guangdong Sat Technology Co. Ltd., No. 11 Lianbao Rd, Shengfeng District, Xiaolan Town, Zhongshan City, Guangdong, China – 528400",./assets/images/tracklights/Adhil-15-S-02-chrome-black.webp
Adhil 15S,ARFD1502,48V DC,NA,5000K, CRI>97,Φ60*H120mm ,24°,15W,AJ/CG,ATAS1560/50/24/W,R-41159492,IS 10322 (PART 5/SEC 1) : 2012,11799,"Guangdong Sat Technology Co. Ltd., No. 11 Lianbao Rd, Shengfeng District, Xiaolan Town, Zhongshan City, Guangdong, China – 528400",./assets/images/tracklights/Adhil-15-S-05-white.webp
Adhil 15S,ARFD1502,48V DC,NA,5000K, CRI>97,Φ60*H120mm ,24°,15W,AJ/CG,ATAS1560/50/24/B,R-41159492,IS 10322 (PART 5/SEC 1) : 2012,11799,"Guangdong Sat Technology Co. Ltd., No. 11 Lianbao Rd, Shengfeng District, Xiaolan Town, Zhongshan City, Guangdong, China – 528400",./assets/images/tracklights/Adhil-15-S-03-mat-black-default.webp
Adhil 15S,ARFD1502,48V DC,NA,5000K, CRI>97,Φ60*H120mm ,24°,15W,AJ/CG,ATAS1560/50/24/CG,R-41159492,IS 10322 (PART 5/SEC 1) : 2012,12799,"Guangdong Sat Technology Co. Ltd., No. 11 Lianbao Rd, Shengfeng District, Xiaolan Town, Zhongshan City, Guangdong, China – 528400",./assets/images/tracklights/Adhil-15-S-04-champeing-gold.webp
Adhil 15S,ARFD1502,48V DC,NA,5000K, CRI>97,Φ60*H120mm ,24°,15W,AJ/CG,ATAS1560/50/24/RG,R-41159492,IS 10322 (PART 5/SEC 1) : 2012,12799,"Guangdong Sat Technology Co. Ltd., No. 11 Lianbao Rd, Shengfeng District, Xiaolan Town, Zhongshan City, Guangdong, China – 528400",./assets/images/tracklights/Adhil-15-S-08-rose-gold.webp
Adhil 15S,ARFD1502,48V DC,NA,5000K, CRI>97,Φ60*H120mm ,24°,15W,AJ/CG,ATAS1560/50/24/BR,R-41159492,IS 10322 (PART 5/SEC 1) : 2012,12799,"Guangdong Sat Technology Co. Ltd., No. 11 Lianbao Rd, Shengfeng District, Xiaolan Town, Zhongshan City, Guangdong, China – 528400",./assets/images/tracklights/Adhil-15-S-10-brown.webp
Adhil 15S,ARFD1502,48V DC,NA,5000K, CRI>97,Φ60*H120mm ,24°,15W,AJ/CG,ATAS1560/50/24/COF,R-41159492,IS 10322 (PART 5/SEC 1) : 2012,12799,"Guangdong Sat Technology Co. Ltd., No. 11 Lianbao Rd, Shengfeng District, Xiaolan Town, Zhongshan City, Guangdong, China – 528400",./assets/images/tracklights/Adhil-15-S-07-coffee.webp
Adhil 15S,ARFD1502,48V DC,NA,5000K, CRI>97,Φ60*H120mm ,24°,15W,AJ/CG,ATAS1560/50/24/DGR,R-41159492,IS 10322 (PART 5/SEC 1) : 2012,12799,"Guangdong Sat Technology Co. Ltd., No. 11 Lianbao Rd, Shengfeng District, Xiaolan Town, Zhongshan City, Guangdong, China – 528400",./assets/images/tracklights/Adhil-15-S-09-dark-gray-default.webp
Adhil 15S,ARFD1502,48V DC,NA,5000K, CRI>97,Φ60*H120mm ,24°,15W,AJ/CG,ATAS1560/50/24/BB,R-41159492,IS 10322 (PART 5/SEC 1) : 2012,12799,"Guangdong Sat Technology Co. Ltd., No. 11 Lianbao Rd, Shengfeng District, Xiaolan Town, Zhongshan City, Guangdong, China – 528400",./assets/images/tracklights/Adhil-15-S-06-ballet-blue.webp
Adhil 15S,ARFD1502,48V DC,NA,5000K, CRI>97,Φ60*H120mm ,24°,15W,AJ/CG,ATAS1560/50/24/CH,R-41159492,IS 10322 (PART 5/SEC 1) : 2012,12799,"Guangdong Sat Technology Co. Ltd., No. 11 Lianbao Rd, Shengfeng District, Xiaolan Town, Zhongshan City, Guangdong, China – 528400",./assets/images/tracklights/Adhil-15-S-01-chrome.webp
Adhil 15S,ARFD1502,48V DC,NA,5000K, CRI>97,Φ60*H120mm ,24°,15W,AJ/CG,ATAS1560/50/24/CHB,R-41159492,IS 10322 (PART 5/SEC 1) : 2012,12799,"Guangdong Sat Technology Co. Ltd., No. 11 Lianbao Rd, Shengfeng District, Xiaolan Town, Zhongshan City, Guangdong, China – 528400",./assets/images/tracklights/Adhil-15-S-02-chrome-black.webp
Adhil 15S,ARFD1502,48V DC,NA,2700K, CRI>97,Φ60*H120mm ,36°,15W,AJ/CG,ATAS1560/27/36/W,R-41159492,IS 10322 (PART 5/SEC 1) : 2012,11799,"Guangdong Sat Technology Co. Ltd., No. 11 Lianbao Rd, Shengfeng District, Xiaolan Town, Zhongshan City, Guangdong, China – 528400",./assets/images/tracklights/Adhil-15-S-05-white.webp
Adhil 15S,ARFD1502,48V DC,NA,2700K, CRI>97,Φ60*H120mm ,36°,15W,AJ/CG,ATAS1560/27/36/B,R-41159492,IS 10322 (PART 5/SEC 1) : 2012,11799,"Guangdong Sat Technology Co. Ltd., No. 11 Lianbao Rd, Shengfeng District, Xiaolan Town, Zhongshan City, Guangdong, China – 528400",./assets/images/tracklights/Adhil-15-S-03-mat-black-default.webp
Adhil 15S,ARFD1502,48V DC,NA,2700K, CRI>97,Φ60*H120mm ,36°,15W,AJ/CG,ATAS1560/27/36/CG,R-41159492,IS 10322 (PART 5/SEC 1) : 2012,12799,"Guangdong Sat Technology Co. Ltd., No. 11 Lianbao Rd, Shengfeng District, Xiaolan Town, Zhongshan City, Guangdong, China – 528400",./assets/images/tracklights/Adhil-15-S-04-champeing-gold.webp
Adhil 15S,ARFD1502,48V DC,NA,2700K, CRI>97,Φ60*H120mm ,36°,15W,AJ/CG,ATAS1560/27/36/RG,R-41159492,IS 10322 (PART 5/SEC 1) : 2012,12799,"Guangdong Sat Technology Co. Ltd., No. 11 Lianbao Rd, Shengfeng District, Xiaolan Town, Zhongshan City, Guangdong, China – 528400",./assets/images/tracklights/Adhil-15-S-08-rose-gold.webp
Adhil 15S,ARFD1502,48V DC,NA,2700K, CRI>97,Φ60*H120mm ,36°,15W,AJ/CG,ATAS1560/27/36/BR,R-41159492,IS 10322 (PART 5/SEC 1) : 2012,12799,"Guangdong Sat Technology Co. Ltd., No. 11 Lianbao Rd, Shengfeng District, Xiaolan Town, Zhongshan City, Guangdong, China – 528400",./assets/images/tracklights/Adhil-15-S-10-brown.webp
Adhil 15S,ARFD1502,48V DC,NA,2700K, CRI>97,Φ60*H120mm ,36°,15W,AJ/CG,ATAS1560/27/36/COF,R-41159492,IS 10322 (PART 5/SEC 1) : 2012,12799,"Guangdong Sat Technology Co. Ltd., No. 11 Lianbao Rd, Shengfeng District, Xiaolan Town, Zhongshan City, Guangdong, China – 528400",./assets/images/tracklights/Adhil-15-S-07-coffee.webp
Adhil 15S,ARFD1502,48V DC,NA,2700K, CRI>97,Φ60*H120mm ,36°,15W,AJ/CG,ATAS1560/27/36/DGR,R-41159492,IS 10322 (PART 5/SEC 1) : 2012,12799,"Guangdong Sat Technology Co. Ltd., No. 11 Lianbao Rd, Shengfeng District, Xiaolan Town, Zhongshan City, Guangdong, China – 528400",./assets/images/tracklights/Adhil-15-S-09-dark-gray-default.webp
Adhil 15S,ARFD1502,48V DC,NA,2700K, CRI>97,Φ60*H120mm ,36°,15W,AJ/CG,ATAS1560/27/36/BB,R-41159492,IS 10322 (PART 5/SEC 1) : 2012,12799,"Guangdong Sat Technology Co. Ltd., No. 11 Lianbao Rd, Shengfeng District, Xiaolan Town, Zhongshan City, Guangdong, China – 528400",./assets/images/tracklights/Adhil-15-S-06-ballet-blue.webp
Adhil 15S,ARFD1502,48V DC,NA,2700K, CRI>97,Φ60*H120mm ,36°,15W,AJ/CG,ATAS1560/27/36/CH,R-41159492,IS 10322 (PART 5/SEC 1) : 2012,12799,"Guangdong Sat Technology Co. Ltd., No. 11 Lianbao Rd, Shengfeng District, Xiaolan Town, Zhongshan City, Guangdong, China – 528400",./assets/images/tracklights/Adhil-15-S-01-chrome.webp
Adhil 15S,ARFD1502,48V DC,NA,2700K, CRI>97,Φ60*H120mm ,36°,15W,AJ/CG,ATAS1560/27/36/CHB,R-41159492,IS 10322 (PART 5/SEC 1) : 2012,12799,"Guangdong Sat Technology Co. Ltd., No. 11 Lianbao Rd, Shengfeng District, Xiaolan Town, Zhongshan City, Guangdong, China – 528400",./assets/images/tracklights/Adhil-15-S-02-chrome-black.webp
Adhil 15S,ARFD1502,48V DC,NA,3000K, CRI>97,Φ60*H120mm ,36°,15W,AJ/CG,ATAS1560/30/36/W,R-41159492,IS 10322 (PART 5/SEC 1) : 2012,11799,"Guangdong Sat Technology Co. Ltd., No. 11 Lianbao Rd, Shengfeng District, Xiaolan Town, Zhongshan City, Guangdong, China – 528400",./assets/images/tracklights/Adhil-15-S-05-white.webp
Adhil 15S,ARFD1502,48V DC,NA,3000K, CRI>97,Φ60*H120mm ,36°,15W,AJ/CG,ATAS1560/30/36/B,R-41159492,IS 10322 (PART 5/SEC 1) : 2012,11799,"Guangdong Sat Technology Co. Ltd., No. 11 Lianbao Rd, Shengfeng District, Xiaolan Town, Zhongshan City, Guangdong, China – 528400",./assets/images/tracklights/Adhil-15-S-03-mat-black-default.webp
Adhil 15S,ARFD1502,48V DC,NA,3000K, CRI>97,Φ60*H120mm ,36°,15W,AJ/CG,ATAS1560/30/36/CG,R-41159492,IS 10322 (PART 5/SEC 1) : 2012,12799,"Guangdong Sat Technology Co. Ltd., No. 11 Lianbao Rd, Shengfeng District, Xiaolan Town, Zhongshan City, Guangdong, China – 528400",./assets/images/tracklights/Adhil-15-S-04-champeing-gold.webp
Adhil 15S,ARFD1502,48V DC,NA,3000K, CRI>97,Φ60*H120mm ,36°,15W,AJ/CG,ATAS1560/30/36/RG,R-41159492,IS 10322 (PART 5/SEC 1) : 2012,12799,"Guangdong Sat Technology Co. Ltd., No. 11 Lianbao Rd, Shengfeng District, Xiaolan Town, Zhongshan City, Guangdong, China – 528400",./assets/images/tracklights/Adhil-15-S-08-rose-gold.webp
Adhil 15S,ARFD1502,48V DC,NA,3000K, CRI>97,Φ60*H120mm ,36°,15W,AJ/CG,ATAS1560/30/36/BR,R-41159492,IS 10322 (PART 5/SEC 1) : 2012,12799,"Guangdong Sat Technology Co. Ltd., No. 11 Lianbao Rd, Shengfeng District, Xiaolan Town, Zhongshan City, Guangdong, China – 528400",./assets/images/tracklights/Adhil-15-S-10-brown.webp
Adhil 15S,ARFD1502,48V DC,NA,3000K, CRI>97,Φ60*H120mm ,36°,15W,AJ/CG,ATAS1560/30/36/COF,R-41159492,IS 10322 (PART 5/SEC 1) : 2012,12799,"Guangdong Sat Technology Co. Ltd., No. 11 Lianbao Rd, Shengfeng District, Xiaolan Town, Zhongshan City, Guangdong, China – 528400",./assets/images/tracklights/Adhil-15-S-07-coffee.webp
Adhil 15S,ARFD1502,48V DC,NA,3000K, CRI>97,Φ60*H120mm ,36°,15W,AJ/CG,ATAS1560/30/36/DGR,R-41159492,IS 10322 (PART 5/SEC 1) : 2012,12799,"Guangdong Sat Technology Co. Ltd., No. 11 Lianbao Rd, Shengfeng District, Xiaolan Town, Zhongshan City, Guangdong, China – 528400",./assets/images/tracklights/Adhil-15-S-09-dark-gray-default.webp
Adhil 15S,ARFD1502,48V DC,NA,3000K, CRI>97,Φ60*H120mm ,36°,15W,AJ/CG,ATAS1560/30/36/BB,R-41159492,IS 10322 (PART 5/SEC 1) : 2012,12799,"Guangdong Sat Technology Co. Ltd., No. 11 Lianbao Rd, Shengfeng District, Xiaolan Town, Zhongshan City, Guangdong, China – 528400",./assets/images/tracklights/Adhil-15-S-06-ballet-blue.webp
Adhil 15S,ARFD1502,48V DC,NA,3000K, CRI>97,Φ60*H120mm ,36°,15W,AJ/CG,ATAS1560/30/36/CH,R-41159492,IS 10322 (PART 5/SEC 1) : 2012,12799,"Guangdong Sat Technology Co. Ltd., No. 11 Lianbao Rd, Shengfeng District, Xiaolan Town, Zhongshan City, Guangdong, China – 528400",./assets/images/tracklights/Adhil-15-S-01-chrome.webp
Adhil 15S,ARFD1502,48V DC,NA,3000K, CRI>97,Φ60*H120mm ,36°,15W,AJ/CG,ATAS1560/30/36/CHB,R-41159492,IS 10322 (PART 5/SEC 1) : 2012,12799,"Guangdong Sat Technology Co. Ltd., No. 11 Lianbao Rd, Shengfeng District, Xiaolan Town, Zhongshan City, Guangdong, China – 528400",./assets/images/tracklights/Adhil-15-S-02-chrome-black.webp
Adhil 15S,ARFD1502,48V DC,NA,3500K, CRI>97,Φ60*H120mm ,36°,15W,AJ/CG,ATAS1560/35/36/W,R-41159492,IS 10322 (PART 5/SEC 1) : 2012,11799,"Guangdong Sat Technology Co. Ltd., No. 11 Lianbao Rd, Shengfeng District, Xiaolan Town, Zhongshan City, Guangdong, China – 528400",./assets/images/tracklights/Adhil-15-S-05-white.webp
Adhil 15S,ARFD1502,48V DC,NA,3500K, CRI>97,Φ60*H120mm ,36°,15W,AJ/CG,ATAS1560/35/36/B,R-41159492,IS 10322 (PART 5/SEC 1) : 2012,11799,"Guangdong Sat Technology Co. Ltd., No. 11 Lianbao Rd, Shengfeng District, Xiaolan Town, Zhongshan City, Guangdong, China – 528400",./assets/images/tracklights/Adhil-15-S-03-mat-black-default.webp
Adhil 15S,ARFD1502,48V DC,NA,3500K, CRI>97,Φ60*H120mm ,36°,15W,AJ/CG,ATAS1560/35/36/CG,R-41159492,IS 10322 (PART 5/SEC 1) : 2012,12799,"Guangdong Sat Technology Co. Ltd., No. 11 Lianbao Rd, Shengfeng District, Xiaolan Town, Zhongshan City, Guangdong, China – 528400",./assets/images/tracklights/Adhil-15-S-04-champeing-gold.webp
Adhil 15S,ARFD1502,48V DC,NA,3500K, CRI>97,Φ60*H120mm ,36°,15W,AJ/CG,ATAS1560/35/36/RG,R-41159492,IS 10322 (PART 5/SEC 1) : 2012,12799,"Guangdong Sat Technology Co. Ltd., No. 11 Lianbao Rd, Shengfeng District, Xiaolan Town, Zhongshan City, Guangdong, China – 528400",./assets/images/tracklights/Adhil-15-S-08-rose-gold.webp
Adhil 15S,ARFD1502,48V DC,NA,3500K, CRI>97,Φ60*H120mm ,36°,15W,AJ/CG,ATAS1560/35/36/BR,R-41159492,IS 10322 (PART 5/SEC 1) : 2012,12799,"Guangdong Sat Technology Co. Ltd., No. 11 Lianbao Rd, Shengfeng District, Xiaolan Town, Zhongshan City, Guangdong, China – 528400",./assets/images/tracklights/Adhil-15-S-10-brown.webp
Adhil 15S,ARFD1502,48V DC,NA,3500K, CRI>97,Φ60*H120mm ,36°,15W,AJ/CG,ATAS1560/35/36/COF,R-41159492,IS 10322 (PART 5/SEC 1) : 2012,12799,"Guangdong Sat Technology Co. Ltd., No. 11 Lianbao Rd, Shengfeng District, Xiaolan Town, Zhongshan City, Guangdong, China – 528400",./assets/images/tracklights/Adhil-15-S-07-coffee.webp
Adhil 15S,ARFD1502,48V DC,NA,3500K, CRI>97,Φ60*H120mm ,36°,15W,AJ/CG,ATAS1560/35/36/DGR,R-41159492,IS 10322 (PART 5/SEC 1) : 2012,12799,"Guangdong Sat Technology Co. Ltd., No. 11 Lianbao Rd, Shengfeng District, Xiaolan Town, Zhongshan City, Guangdong, China – 528400",./assets/images/tracklights/Adhil-15-S-09-dark-gray-default.webp
Adhil 15S,ARFD1502,48V DC,NA,3500K, CRI>97,Φ60*H120mm ,36°,15W,AJ/CG,ATAS1560/35/36/BB,R-41159492,IS 10322 (PART 5/SEC 1) : 2012,12799,"Guangdong Sat Technology Co. Ltd., No. 11 Lianbao Rd, Shengfeng District, Xiaolan Town, Zhongshan City, Guangdong, China – 528400",./assets/images/tracklights/Adhil-15-S-06-ballet-blue.webp
Adhil 15S,ARFD1502,48V DC,NA,3500K, CRI>97,Φ60*H120mm ,36°,15W,AJ/CG,ATAS1560/35/36/CH,R-41159492,IS 10322 (PART 5/SEC 1) : 2012,12799,"Guangdong Sat Technology Co. Ltd., No. 11 Lianbao Rd, Shengfeng District, Xiaolan Town, Zhongshan City, Guangdong, China – 528400",./assets/images/tracklights/Adhil-15-S-01-chrome.webp
Adhil 15S,ARFD1502,48V DC,NA,3500K, CRI>97,Φ60*H120mm ,36°,15W,AJ/CG,ATAS1560/35/36/CHB,R-41159492,IS 10322 (PART 5/SEC 1) : 2012,12799,"Guangdong Sat Technology Co. Ltd., No. 11 Lianbao Rd, Shengfeng District, Xiaolan Town, Zhongshan City, Guangdong, China – 528400",./assets/images/tracklights/Adhil-15-S-02-chrome-black.webp
Adhil 15S,ARFD1502,48V DC,NA,4000K, CRI>97,Φ60*H120mm ,36°,15W,AJ/CG,ATAS1560/40/36/W,R-41159492,IS 10322 (PART 5/SEC 1) : 2012,11799,"Guangdong Sat Technology Co. Ltd., No. 11 Lianbao Rd, Shengfeng District, Xiaolan Town, Zhongshan City, Guangdong, China – 528400",./assets/images/tracklights/Adhil-15-S-05-white.webp
Adhil 15S,ARFD1502,48V DC,NA,4000K, CRI>97,Φ60*H120mm ,36°,15W,AJ/CG,ATAS1560/40/36/B,R-41159492,IS 10322 (PART 5/SEC 1) : 2012,11799,"Guangdong Sat Technology Co. Ltd., No. 11 Lianbao Rd, Shengfeng District, Xiaolan Town, Zhongshan City, Guangdong, China – 528400",./assets/images/tracklights/Adhil-15-S-03-mat-black-default.webp
Adhil 15S,ARFD1502,48V DC,NA,4000K, CRI>97,Φ60*H120mm ,36°,15W,AJ/CG,ATAS1560/40/36/CG,R-41159492,IS 10322 (PART 5/SEC 1) : 2012,12799,"Guangdong Sat Technology Co. Ltd., No. 11 Lianbao Rd, Shengfeng District, Xiaolan Town, Zhongshan City, Guangdong, China – 528400",./assets/images/tracklights/Adhil-15-S-04-champeing-gold.webp
Adhil 15S,ARFD1502,48V DC,NA,4000K, CRI>97,Φ60*H120mm ,36°,15W,AJ/CG,ATAS1560/40/36/RG,R-41159492,IS 10322 (PART 5/SEC 1) : 2012,12799,"Guangdong Sat Technology Co. Ltd., No. 11 Lianbao Rd, Shengfeng District, Xiaolan Town, Zhongshan City, Guangdong, China – 528400",./assets/images/tracklights/Adhil-15-S-08-rose-gold.webp
Adhil 15S,ARFD1502,48V DC,NA,4000K, CRI>97,Φ60*H120mm ,36°,15W,AJ/CG,ATAS1560/40/36/BR,R-41159492,IS 10322 (PART 5/SEC 1) : 2012,12799,"Guangdong Sat Technology Co. Ltd., No. 11 Lianbao Rd, Shengfeng District, Xiaolan Town, Zhongshan City, Guangdong, China – 528400",./assets/images/tracklights/Adhil-15-S-10-brown.webp
Adhil 15S,ARFD1502,48V DC,NA,4000K, CRI>97,Φ60*H120mm ,36°,15W,AJ/CG,ATAS1560/40/36/COF,R-41159492,IS 10322 (PART 5/SEC 1) : 2012,12799,"Guangdong Sat Technology Co. Ltd., No. 11 Lianbao Rd, Shengfeng District, Xiaolan Town, Zhongshan City, Guangdong, China – 528400",./assets/images/tracklights/Adhil-15-S-07-coffee.webp
Adhil 15S,ARFD1502,48V DC,NA,4000K, CRI>97,Φ60*H120mm ,36°,15W,AJ/CG,ATAS1560/40/36/DGR,R-41159492,IS 10322 (PART 5/SEC 1) : 2012,12799,"Guangdong Sat Technology Co. Ltd., No. 11 Lianbao Rd, Shengfeng District, Xiaolan Town, Zhongshan City, Guangdong, China – 528400",./assets/images/tracklights/Adhil-15-S-09-dark-gray-default.webp
Adhil 15S,ARFD1502,48V DC,NA,4000K, CRI>97,Φ60*H120mm ,36°,15W,AJ/CG,ATAS1560/40/36/BB,R-41159492,IS 10322 (PART 5/SEC 1) : 2012,12799,"Guangdong Sat Technology Co. Ltd., No. 11 Lianbao Rd, Shengfeng District, Xiaolan Town, Zhongshan City, Guangdong, China – 528400",./assets/images/tracklights/Adhil-15-S-06-ballet-blue.webp
Adhil 15S,ARFD1502,48V DC,NA,4000K, CRI>97,Φ60*H120mm ,36°,15W,AJ/CG,ATAS1560/40/36/CH,R-41159492,IS 10322 (PART 5/SEC 1) : 2012,12799,"Guangdong Sat Technology Co. Ltd., No. 11 Lianbao Rd, Shengfeng District, Xiaolan Town, Zhongshan City, Guangdong, China – 528400",./assets/images/tracklights/Adhil-15-S-01-chrome.webp
Adhil 15S,ARFD1502,48V DC,NA,4000K, CRI>97,Φ60*H120mm ,36°,15W,AJ/CG,ATAS1560/40/36/CHB,R-41159492,IS 10322 (PART 5/SEC 1) : 2012,12799,"Guangdong Sat Technology Co. Ltd., No. 11 Lianbao Rd, Shengfeng District, Xiaolan Town, Zhongshan City, Guangdong, China – 528400",./assets/images/tracklights/Adhil-15-S-02-chrome-black.webp
Adhil 15S,ARFD1502,48V DC,NA,5000K, CRI>97,Φ60*H120mm ,36°,15W,AJ/CG,ATAS1560/50/36/W,R-41159492,IS 10322 (PART 5/SEC 1) : 2012,11799,"Guangdong Sat Technology Co. Ltd., No. 11 Lianbao Rd, Shengfeng District, Xiaolan Town, Zhongshan City, Guangdong, China – 528400",./assets/images/tracklights/Adhil-15-S-05-white.webp
Adhil 15S,ARFD1502,48V DC,NA,5000K, CRI>97,Φ60*H120mm ,36°,15W,AJ/CG,ATAS1560/50/36/B,R-41159492,IS 10322 (PART 5/SEC 1) : 2012,11799,"Guangdong Sat Technology Co. Ltd., No. 11 Lianbao Rd, Shengfeng District, Xiaolan Town, Zhongshan City, Guangdong, China – 528400",./assets/images/tracklights/Adhil-15-S-03-mat-black-default.webp
Adhil 15S,ARFD1502,48V DC,NA,5000K, CRI>97,Φ60*H120mm ,36°,15W,AJ/CG,ATAS1560/50/36/CG,R-41159492,IS 10322 (PART 5/SEC 1) : 2012,12799,"Guangdong Sat Technology Co. Ltd., No. 11 Lianbao Rd, Shengfeng District, Xiaolan Town, Zhongshan City, Guangdong, China – 528400",./assets/images/tracklights/Adhil-15-S-04-champeing-gold.webp
Adhil 15S,ARFD1502,48V DC,NA,5000K, CRI>97,Φ60*H120mm ,36°,15W,AJ/CG,ATAS1560/50/36/RG,R-41159492,IS 10322 (PART 5/SEC 1) : 2012,12799,"Guangdong Sat Technology Co. Ltd., No. 11 Lianbao Rd, Shengfeng District, Xiaolan Town, Zhongshan City, Guangdong, China – 528400",./assets/images/tracklights/Adhil-15-S-08-rose-gold.webp
Adhil 15S,ARFD1502,48V DC,NA,5000K, CRI>97,Φ60*H120mm ,36°,15W,AJ/CG,ATAS1560/50/36/BR,R-41159492,IS 10322 (PART 5/SEC 1) : 2012,12799,"Guangdong Sat Technology Co. Ltd., No. 11 Lianbao Rd, Shengfeng District, Xiaolan Town, Zhongshan City, Guangdong, China – 528400",./assets/images/tracklights/Adhil-15-S-10-brown.webp
Adhil 15S,ARFD1502,48V DC,NA,5000K, CRI>97,Φ60*H120mm ,36°,15W,AJ/CG,ATAS1560/50/36/COF,R-41159492,IS 10322 (PART 5/SEC 1) : 2012,12799,"Guangdong Sat Technology Co. Ltd., No. 11 Lianbao Rd, Shengfeng District, Xiaolan Town, Zhongshan City, Guangdong, China – 528400",./assets/images/tracklights/Adhil-15-S-07-coffee.webp
Adhil 15S,ARFD1502,48V DC,NA,5000K, CRI>97,Φ60*H120mm ,36°,15W,AJ/CG,ATAS1560/50/36/DGR,R-41159492,IS 10322 (PART 5/SEC 1) : 2012,12799,"Guangdong Sat Technology Co. Ltd., No. 11 Lianbao Rd, Shengfeng District, Xiaolan Town, Zhongshan City, Guangdong, China – 528400",./assets/images/tracklights/Adhil-15-S-09-dark-gray-default.webp
Adhil 15S,ARFD1502,48V DC,NA,5000K, CRI>97,Φ60*H120mm ,36°,15W,AJ/CG,ATAS1560/50/36/BB,R-41159492,IS 10322 (PART 5/SEC 1) : 2012,12799,"Guangdong Sat Technology Co. Ltd., No. 11 Lianbao Rd, Shengfeng District, Xiaolan Town, Zhongshan City, Guangdong, China – 528400",./assets/images/tracklights/Adhil-15-S-06-ballet-blue.webp
Adhil 15S,ARFD1502,48V DC,NA,5000K, CRI>97,Φ60*H120mm ,36°,15W,AJ/CG,ATAS1560/50/36/CH,R-41159492,IS 10322 (PART 5/SEC 1) : 2012,12799,"Guangdong Sat Technology Co. Ltd., No. 11 Lianbao Rd, Shengfeng District, Xiaolan Town, Zhongshan City, Guangdong, China – 528400",./assets/images/tracklights/Adhil-15-S-01-chrome.webp
Adhil 15S,ARFD1502,48V DC,NA,5000K, CRI>97,Φ60*H120mm ,36°,15W,AJ/CG,ATAS1560/50/36/CHB,R-41159492,IS 10322 (PART 5/SEC 1) : 2012,12799,"Guangdong Sat Technology Co. Ltd., No. 11 Lianbao Rd, Shengfeng District, Xiaolan Town, Zhongshan City, Guangdong, China – 528400",./assets/images/tracklights/Adhil-15-S-02-chrome-black.webp
Adhil 15S,ARFD1502,48V DC,NA,2700K, CRI>97,Φ60*H120mm ,60°,15W,AJ/CG,ATAS1560/27/60/W,R-41159492,IS 10322 (PART 5/SEC 1) : 2012,11799,"Guangdong Sat Technology Co. Ltd., No. 11 Lianbao Rd, Shengfeng District, Xiaolan Town, Zhongshan City, Guangdong, China – 528400",./assets/images/tracklights/Adhil-15-S-05-white.webp
Adhil 15S,ARFD1502,48V DC,NA,2700K, CRI>97,Φ60*H120mm ,60°,15W,AJ/CG,ATAS1560/27/60/B,R-41159492,IS 10322 (PART 5/SEC 1) : 2012,11799,"Guangdong Sat Technology Co. Ltd., No. 11 Lianbao Rd, Shengfeng District, Xiaolan Town, Zhongshan City, Guangdong, China – 528400",./assets/images/tracklights/Adhil-15-S-03-mat-black-default.webp
Adhil 15S,ARFD1502,48V DC,NA,2700K, CRI>97,Φ60*H120mm ,60°,15W,AJ/CG,ATAS1560/27/60/CG,R-41159492,IS 10322 (PART 5/SEC 1) : 2012,12799,"Guangdong Sat Technology Co. Ltd., No. 11 Lianbao Rd, Shengfeng District, Xiaolan Town, Zhongshan City, Guangdong, China – 528400",./assets/images/tracklights/Adhil-15-S-04-champeing-gold.webp
Adhil 15S,ARFD1502,48V DC,NA,2700K, CRI>97,Φ60*H120mm ,60°,15W,AJ/CG,ATAS1560/27/60/RG,R-41159492,IS 10322 (PART 5/SEC 1) : 2012,12799,"Guangdong Sat Technology Co. Ltd., No. 11 Lianbao Rd, Shengfeng District, Xiaolan Town, Zhongshan City, Guangdong, China – 528400",./assets/images/tracklights/Adhil-15-S-08-rose-gold.webp
Adhil 15S,ARFD1502,48V DC,NA,2700K, CRI>97,Φ60*H120mm ,60°,15W,AJ/CG,ATAS1560/27/60/BR,R-41159492,IS 10322 (PART 5/SEC 1) : 2012,12799,"Guangdong Sat Technology Co. Ltd., No. 11 Lianbao Rd, Shengfeng District, Xiaolan Town, Zhongshan City, Guangdong, China – 528400",./assets/images/tracklights/Adhil-15-S-10-brown.webp
Adhil 15S,ARFD1502,48V DC,NA,2700K, CRI>97,Φ60*H120mm ,60°,15W,AJ/CG,ATAS1560/27/60/COF,R-41159492,IS 10322 (PART 5/SEC 1) : 2012,12799,"Guangdong Sat Technology Co. Ltd., No. 11 Lianbao Rd, Shengfeng District, Xiaolan Town, Zhongshan City, Guangdong, China – 528400",./assets/images/tracklights/Adhil-15-S-07-coffee.webp
Adhil 15S,ARFD1502,48V DC,NA,2700K, CRI>97,Φ60*H120mm ,60°,15W,AJ/CG,ATAS1560/27/60/DGR,R-41159492,IS 10322 (PART 5/SEC 1) : 2012,12799,"Guangdong Sat Technology Co. Ltd., No. 11 Lianbao Rd, Shengfeng District, Xiaolan Town, Zhongshan City, Guangdong, China – 528400",./assets/images/tracklights/Adhil-15-S-09-dark-gray-default.webp
Adhil 15S,ARFD1502,48V DC,NA,2700K, CRI>97,Φ60*H120mm ,60°,15W,AJ/CG,ATAS1560/27/60/BB,R-41159492,IS 10322 (PART 5/SEC 1) : 2012,12799,"Guangdong Sat Technology Co. Ltd., No. 11 Lianbao Rd, Shengfeng District, Xiaolan Town, Zhongshan City, Guangdong, China – 528400",./assets/images/tracklights/Adhil-15-S-06-ballet-blue.webp
Adhil 15S,ARFD1502,48V DC,NA,2700K, CRI>97,Φ60*H120mm ,60°,15W,AJ/CG,ATAS1560/27/60/CH,R-41159492,IS 10322 (PART 5/SEC 1) : 2012,12799,"Guangdong Sat Technology Co. Ltd., No. 11 Lianbao Rd, Shengfeng District, Xiaolan Town, Zhongshan City, Guangdong, China – 528400",./assets/images/tracklights/Adhil-15-S-01-chrome.webp
Adhil 15S,ARFD1502,48V DC,NA,2700K, CRI>97,Φ60*H120mm ,60°,15W,AJ/CG,ATAS1560/27/60/CHB,R-41159492,IS 10322 (PART 5/SEC 1) : 2012,12799,"Guangdong Sat Technology Co. Ltd., No. 11 Lianbao Rd, Shengfeng District, Xiaolan Town, Zhongshan City, Guangdong, China – 528400",./assets/images/tracklights/Adhil-15-S-02-chrome-black.webp
Adhil 15S,ARFD1502,48V DC,NA,3000K, CRI>97,Φ60*H120mm ,60°,15W,AJ/CG,ATAS1560/30/60/W,R-41159492,IS 10322 (PART 5/SEC 1) : 2012,11799,"Guangdong Sat Technology Co. Ltd., No. 11 Lianbao Rd, Shengfeng District, Xiaolan Town, Zhongshan City, Guangdong, China – 528400",./assets/images/tracklights/Adhil-15-S-05-white.webp
Adhil 15S,ARFD1502,48V DC,NA,3000K, CRI>97,Φ60*H120mm ,60°,15W,AJ/CG,ATAS1560/30/60/B,R-41159492,IS 10322 (PART 5/SEC 1) : 2012,11799,"Guangdong Sat Technology Co. Ltd., No. 11 Lianbao Rd, Shengfeng District, Xiaolan Town, Zhongshan City, Guangdong, China – 528400",./assets/images/tracklights/Adhil-15-S-03-mat-black-default.webp
Adhil 15S,ARFD1502,48V DC,NA,3000K, CRI>97,Φ60*H120mm ,60°,15W,AJ/CG,ATAS1560/30/60/CG,R-41159492,IS 10322 (PART 5/SEC 1) : 2012,12799,"Guangdong Sat Technology Co. Ltd., No. 11 Lianbao Rd, Shengfeng District, Xiaolan Town, Zhongshan City, Guangdong, China – 528400",./assets/images/tracklights/Adhil-15-S-04-champeing-gold.webp
Adhil 15S,ARFD1502,48V DC,NA,3000K, CRI>97,Φ60*H120mm ,60°,15W,AJ/CG,ATAS1560/30/60/RG,R-41159492,IS 10322 (PART 5/SEC 1) : 2012,12799,"Guangdong Sat Technology Co. Ltd., No. 11 Lianbao Rd, Shengfeng District, Xiaolan Town, Zhongshan City, Guangdong, China – 528400",./assets/images/tracklights/Adhil-15-S-08-rose-gold.webp
Adhil 15S,ARFD1502,48V DC,NA,3000K, CRI>97,Φ60*H120mm ,60°,15W,AJ/CG,ATAS1560/30/60/BR,R-41159492,IS 10322 (PART 5/SEC 1) : 2012,12799,"Guangdong Sat Technology Co. Ltd., No. 11 Lianbao Rd, Shengfeng District, Xiaolan Town, Zhongshan City, Guangdong, China – 528400",./assets/images/tracklights/Adhil-15-S-10-brown.webp
Adhil 15S,ARFD1502,48V DC,NA,3000K, CRI>97,Φ60*H120mm ,60°,15W,AJ/CG,ATAS1560/30/60/COF,R-41159492,IS 10322 (PART 5/SEC 1) : 2012,12799,"Guangdong Sat Technology Co. Ltd., No. 11 Lianbao Rd, Shengfeng District, Xiaolan Town, Zhongshan City, Guangdong, China – 528400",./assets/images/tracklights/Adhil-15-S-07-coffee.webp
Adhil 15S,ARFD1502,48V DC,NA,3000K, CRI>97,Φ60*H120mm ,60°,15W,AJ/CG,ATAS1560/30/60/DGR,R-41159492,IS 10322 (PART 5/SEC 1) : 2012,12799,"Guangdong Sat Technology Co. Ltd., No. 11 Lianbao Rd, Shengfeng District, Xiaolan Town, Zhongshan City, Guangdong, China – 528400",./assets/images/tracklights/Adhil-15-S-09-dark-gray-default.webp
Adhil 15S,ARFD1502,48V DC,NA,3000K, CRI>97,Φ60*H120mm ,60°,15W,AJ/CG,ATAS1560/30/60/BB,R-41159492,IS 10322 (PART 5/SEC 1) : 2012,12799,"Guangdong Sat Technology Co. Ltd., No. 11 Lianbao Rd, Shengfeng District, Xiaolan Town, Zhongshan City, Guangdong, China – 528400",./assets/images/tracklights/Adhil-15-S-06-ballet-blue.webp
Adhil 15S,ARFD1502,48V DC,NA,3000K, CRI>97,Φ60*H120mm ,60°,15W,AJ/CG,ATAS1560/30/60/CH,R-41159492,IS 10322 (PART 5/SEC 1) : 2012,12799,"Guangdong Sat Technology Co. Ltd., No. 11 Lianbao Rd, Shengfeng District, Xiaolan Town, Zhongshan City, Guangdong, China – 528400",./assets/images/tracklights/Adhil-15-S-01-chrome.webp
Adhil 15S,ARFD1502,48V DC,NA,3000K, CRI>97,Φ60*H120mm ,60°,15W,AJ/CG,ATAS1560/30/60/CHB,R-41159492,IS 10322 (PART 5/SEC 1) : 2012,12799,"Guangdong Sat Technology Co. Ltd., No. 11 Lianbao Rd, Shengfeng District, Xiaolan Town, Zhongshan City, Guangdong, China – 528400",./assets/images/tracklights/Adhil-15-S-02-chrome-black.webp
Adhil 15S,ARFD1502,48V DC,NA,3500K, CRI>97,Φ60*H120mm ,60°,15W,AJ/CG,ATAS1560/35/60/W,R-41159492,IS 10322 (PART 5/SEC 1) : 2012,11799,"Guangdong Sat Technology Co. Ltd., No. 11 Lianbao Rd, Shengfeng District, Xiaolan Town, Zhongshan City, Guangdong, China – 528400",./assets/images/tracklights/Adhil-15-S-05-white.webp
Adhil 15S,ARFD1502,48V DC,NA,3500K, CRI>97,Φ60*H120mm ,60°,15W,AJ/CG,ATAS1560/35/60/B,R-41159492,IS 10322 (PART 5/SEC 1) : 2012,11799,"Guangdong Sat Technology Co. Ltd., No. 11 Lianbao Rd, Shengfeng District, Xiaolan Town, Zhongshan City, Guangdong, China – 528400",./assets/images/tracklights/Adhil-15-S-03-mat-black-default.webp
Adhil 15S,ARFD1502,48V DC,NA,3500K, CRI>97,Φ60*H120mm ,60°,15W,AJ/CG,ATAS1560/35/60/CG,R-41159492,IS 10322 (PART 5/SEC 1) : 2012,12799,"Guangdong Sat Technology Co. Ltd., No. 11 Lianbao Rd, Shengfeng District, Xiaolan Town, Zhongshan City, Guangdong, China – 528400",./assets/images/tracklights/Adhil-15-S-04-champeing-gold.webp
Adhil 15S,ARFD1502,48V DC,NA,3500K, CRI>97,Φ60*H120mm ,60°,15W,AJ/CG,ATAS1560/35/60/RG,R-41159492,IS 10322 (PART 5/SEC 1) : 2012,12799,"Guangdong Sat Technology Co. Ltd., No. 11 Lianbao Rd, Shengfeng District, Xiaolan Town, Zhongshan City, Guangdong, China – 528400",./assets/images/tracklights/Adhil-15-S-08-rose-gold.webp
Adhil 15S,ARFD1502,48V DC,NA,3500K, CRI>97,Φ60*H120mm ,60°,15W,AJ/CG,ATAS1560/35/60/BR,R-41159492,IS 10322 (PART 5/SEC 1) : 2012,12799,"Guangdong Sat Technology Co. Ltd., No. 11 Lianbao Rd, Shengfeng District, Xiaolan Town, Zhongshan City, Guangdong, China – 528400",./assets/images/tracklights/Adhil-15-S-10-brown.webp
Adhil 15S,ARFD1502,48V DC,NA,3500K, CRI>97,Φ60*H120mm ,60°,15W,AJ/CG,ATAS1560/35/60/COF,R-41159492,IS 10322 (PART 5/SEC 1) : 2012,12799,"Guangdong Sat Technology Co. Ltd., No. 11 Lianbao Rd, Shengfeng District, Xiaolan Town, Zhongshan City, Guangdong, China – 528400",./assets/images/tracklights/Adhil-15-S-07-coffee.webp
Adhil 15S,ARFD1502,48V DC,NA,3500K, CRI>97,Φ60*H120mm ,60°,15W,AJ/CG,ATAS1560/35/60/DGR,R-41159492,IS 10322 (PART 5/SEC 1) : 2012,12799,"Guangdong Sat Technology Co. Ltd., No. 11 Lianbao Rd, Shengfeng District, Xiaolan Town, Zhongshan City, Guangdong, China – 528400",./assets/images/tracklights/Adhil-15-S-09-dark-gray-default.webp
Adhil 15S,ARFD1502,48V DC,NA,3500K, CRI>97,Φ60*H120mm ,60°,15W,AJ/CG,ATAS1560/35/60/BB,R-41159492,IS 10322 (PART 5/SEC 1) : 2012,12799,"Guangdong Sat Technology Co. Ltd., No. 11 Lianbao Rd, Shengfeng District, Xiaolan Town, Zhongshan City, Guangdong, China – 528400",./assets/images/tracklights/Adhil-15-S-06-ballet-blue.webp
Adhil 15S,ARFD1502,48V DC,NA,3500K, CRI>97,Φ60*H120mm ,60°,15W,AJ/CG,ATAS1560/35/60/CH,R-41159492,IS 10322 (PART 5/SEC 1) : 2012,12799,"Guangdong Sat Technology Co. Ltd., No. 11 Lianbao Rd, Shengfeng District, Xiaolan Town, Zhongshan City, Guangdong, China – 528400",./assets/images/tracklights/Adhil-15-S-01-chrome.webp
Adhil 15S,ARFD1502,48V DC,NA,3500K, CRI>97,Φ60*H120mm ,60°,15W,AJ/CG,ATAS1560/35/60/CHB,R-41159492,IS 10322 (PART 5/SEC 1) : 2012,12799,"Guangdong Sat Technology Co. Ltd., No. 11 Lianbao Rd, Shengfeng District, Xiaolan Town, Zhongshan City, Guangdong, China – 528400",./assets/images/tracklights/Adhil-15-S-02-chrome-black.webp
Adhil 15S,ARFD1502,48V DC,NA,4000K, CRI>97,Φ60*H120mm ,60°,15W,AJ/CG,ATAS1560/40/60/W,R-41159492,IS 10322 (PART 5/SEC 1) : 2012,11799,"Guangdong Sat Technology Co. Ltd., No. 11 Lianbao Rd, Shengfeng District, Xiaolan Town, Zhongshan City, Guangdong, China – 528400",./assets/images/tracklights/Adhil-15-S-05-white.webp
Adhil 15S,ARFD1502,48V DC,NA,4000K, CRI>97,Φ60*H120mm ,60°,15W,AJ/CG,ATAS1560/40/60/B,R-41159492,IS 10322 (PART 5/SEC 1) : 2012,11799,"Guangdong Sat Technology Co. Ltd., No. 11 Lianbao Rd, Shengfeng District, Xiaolan Town, Zhongshan City, Guangdong, China – 528400",./assets/images/tracklights/Adhil-15-S-03-mat-black-default.webp
Adhil 15S,ARFD1502,48V DC,NA,4000K, CRI>97,Φ60*H120mm ,60°,15W,AJ/CG,ATAS1560/40/60/CG,R-41159492,IS 10322 (PART 5/SEC 1) : 2012,12799,"Guangdong Sat Technology Co. Ltd., No. 11 Lianbao Rd, Shengfeng District, Xiaolan Town, Zhongshan City, Guangdong, China – 528400",./assets/images/tracklights/Adhil-15-S-04-champeing-gold.webp
Adhil 15S,ARFD1502,48V DC,NA,4000K, CRI>97,Φ60*H120mm ,60°,15W,AJ/CG,ATAS1560/40/60/RG,R-41159492,IS 10322 (PART 5/SEC 1) : 2012,12799,"Guangdong Sat Technology Co. Ltd., No. 11 Lianbao Rd, Shengfeng District, Xiaolan Town, Zhongshan City, Guangdong, China – 528400",./assets/images/tracklights/Adhil-15-S-08-rose-gold.webp
Adhil 15S,ARFD1502,48V DC,NA,4000K, CRI>97,Φ60*H120mm ,60°,15W,AJ/CG,ATAS1560/40/60/BR,R-41159492,IS 10322 (PART 5/SEC 1) : 2012,12799,"Guangdong Sat Technology Co. Ltd., No. 11 Lianbao Rd, Shengfeng District, Xiaolan Town, Zhongshan City, Guangdong, China – 528400",./assets/images/tracklights/Adhil-15-S-10-brown.webp
Adhil 15S,ARFD1502,48V DC,NA,4000K, CRI>97,Φ60*H120mm ,60°,15W,AJ/CG,ATAS1560/40/60/COF,R-41159492,IS 10322 (PART 5/SEC 1) : 2012,12799,"Guangdong Sat Technology Co. Ltd., No. 11 Lianbao Rd, Shengfeng District, Xiaolan Town, Zhongshan City, Guangdong, China – 528400",./assets/images/tracklights/Adhil-15-S-07-coffee.webp
Adhil 15S,ARFD1502,48V DC,NA,4000K, CRI>97,Φ60*H120mm ,60°,15W,AJ/CG,ATAS1560/40/60/DGR,R-41159492,IS 10322 (PART 5/SEC 1) : 2012,12799,"Guangdong Sat Technology Co. Ltd., No. 11 Lianbao Rd, Shengfeng District, Xiaolan Town, Zhongshan City, Guangdong, China – 528400",./assets/images/tracklights/Adhil-15-S-09-dark-gray-default.webp
Adhil 15S,ARFD1502,48V DC,NA,4000K, CRI>97,Φ60*H120mm ,60°,15W,AJ/CG,ATAS1560/40/60/BB,R-41159492,IS 10322 (PART 5/SEC 1) : 2012,12799,"Guangdong Sat Technology Co. Ltd., No. 11 Lianbao Rd, Shengfeng District, Xiaolan Town, Zhongshan City, Guangdong, China – 528400",./assets/images/tracklights/Adhil-15-S-06-ballet-blue.webp
Adhil 15S,ARFD1502,48V DC,NA,4000K, CRI>97,Φ60*H120mm ,60°,15W,AJ/CG,ATAS1560/40/60/CH,R-41159492,IS 10322 (PART 5/SEC 1) : 2012,12799,"Guangdong Sat Technology Co. Ltd., No. 11 Lianbao Rd, Shengfeng District, Xiaolan Town, Zhongshan City, Guangdong, China – 528400",./assets/images/tracklights/Adhil-15-S-01-chrome.webp
Adhil 15S,ARFD1502,48V DC,NA,4000K, CRI>97,Φ60*H120mm ,60°,15W,AJ/CG,ATAS1560/40/60/CHB,R-41159492,IS 10322 (PART 5/SEC 1) : 2012,12799,"Guangdong Sat Technology Co. Ltd., No. 11 Lianbao Rd, Shengfeng District, Xiaolan Town, Zhongshan City, Guangdong, China – 528400",./assets/images/tracklights/Adhil-15-S-02-chrome-black.webp
Adhil 15S,ARFD1502,48V DC,NA,5000K, CRI>97,Φ60*H120mm ,60°,15W,AJ/CG,ATAS1560/50/60/W,R-41159492,IS 10322 (PART 5/SEC 1) : 2012,11799,"Guangdong Sat Technology Co. Ltd., No. 11 Lianbao Rd, Shengfeng District, Xiaolan Town, Zhongshan City, Guangdong, China – 528400",./assets/images/tracklights/Adhil-15-S-05-white.webp
Adhil 15S,ARFD1502,48V DC,NA,5000K, CRI>97,Φ60*H120mm ,60°,15W,AJ/CG,ATAS1560/50/60/B,R-41159492,IS 10322 (PART 5/SEC 1) : 2012,11799,"Guangdong Sat Technology Co. Ltd., No. 11 Lianbao Rd, Shengfeng District, Xiaolan Town, Zhongshan City, Guangdong, China – 528400",./assets/images/tracklights/Adhil-15-S-03-mat-black-default.webp
Adhil 15S,ARFD1502,48V DC,NA,5000K, CRI>97,Φ60*H120mm ,60°,15W,AJ/CG,ATAS1560/50/60/CG,R-41159492,IS 10322 (PART 5/SEC 1) : 2012,12799,"Guangdong Sat Technology Co. Ltd., No. 11 Lianbao Rd, Shengfeng District, Xiaolan Town, Zhongshan City, Guangdong, China – 528400",./assets/images/tracklights/Adhil-15-S-04-champeing-gold.webp
Adhil 15S,ARFD1502,48V DC,NA,5000K, CRI>97,Φ60*H120mm ,60°,15W,AJ/CG,ATAS1560/50/60/RG,R-41159492,IS 10322 (PART 5/SEC 1) : 2012,12799,"Guangdong Sat Technology Co. Ltd., No. 11 Lianbao Rd, Shengfeng District, Xiaolan Town, Zhongshan City, Guangdong, China – 528400",./assets/images/tracklights/Adhil-15-S-08-rose-gold.webp
Adhil 15S,ARFD1502,48V DC,NA,5000K, CRI>97,Φ60*H120mm ,60°,15W,AJ/CG,ATAS1560/50/60/BR,R-41159492,IS 10322 (PART 5/SEC 1) : 2012,12799,"Guangdong Sat Technology Co. Ltd., No. 11 Lianbao Rd, Shengfeng District, Xiaolan Town, Zhongshan City, Guangdong, China – 528400",./assets/images/tracklights/Adhil-15-S-10-brown.webp
Adhil 15S,ARFD1502,48V DC,NA,5000K, CRI>97,Φ60*H120mm ,60°,15W,AJ/CG,ATAS1560/50/60/COF,R-41159492,IS 10322 (PART 5/SEC 1) : 2012,12799,"Guangdong Sat Technology Co. Ltd., No. 11 Lianbao Rd, Shengfeng District, Xiaolan Town, Zhongshan City, Guangdong, China – 528400",./assets/images/tracklights/Adhil-15-S-07-coffee.webp
Adhil 15S,ARFD1502,48V DC,NA,5000K, CRI>97,Φ60*H120mm ,60°,15W,AJ/CG,ATAS1560/50/60/DGR,R-41159492,IS 10322 (PART 5/SEC 1) : 2012,12799,"Guangdong Sat Technology Co. Ltd., No. 11 Lianbao Rd, Shengfeng District, Xiaolan Town, Zhongshan City, Guangdong, China – 528400",./assets/images/tracklights/Adhil-15-S-09-dark-gray-default.webp
Adhil 15S,ARFD1502,48V DC,NA,5000K, CRI>97,Φ60*H120mm ,60°,15W,AJ/CG,ATAS1560/50/60/BB,R-41159492,IS 10322 (PART 5/SEC 1) : 2012,12799,"Guangdong Sat Technology Co. Ltd., No. 11 Lianbao Rd, Shengfeng District, Xiaolan Town, Zhongshan City, Guangdong, China – 528400",./assets/images/tracklights/Adhil-15-S-06-ballet-blue.webp
Adhil 15S,ARFD1502,48V DC,NA,5000K, CRI>97,Φ60*H120mm ,60°,15W,AJ/CG,ATAS1560/50/60/CH,R-41159492,IS 10322 (PART 5/SEC 1) : 2012,12799,"Guangdong Sat Technology Co. Ltd., No. 11 Lianbao Rd, Shengfeng District, Xiaolan Town, Zhongshan City, Guangdong, China – 528400",./assets/images/tracklights/Adhil-15-S-01-chrome.webp
Adhil 15S,ARFD1502,48V DC,NA,5000K, CRI>97,Φ60*H120mm ,60°,15W,AJ/CG,ATAS1560/50/60/CHB,R-41159492,IS 10322 (PART 5/SEC 1) : 2012,12799,"Guangdong Sat Technology Co. Ltd., No. 11 Lianbao Rd, Shengfeng District, Xiaolan Town, Zhongshan City, Guangdong, China – 528400",./assets/images/tracklights/Adhil-15-S-02-chrome-black.webp
Adhil 15S Tunable,ARFD1502,48V DC,NA,2700K~6500K, CRI>97,Φ60*H120mm ,15°,15W,AJ/CG,ATAS1560/CT/15/W,R-41159492,IS 10322 (PART 5/SEC 1) : 2012,12999,"Guangdong Sat Technology Co. Ltd., No. 11 Lianbao Rd, Shengfeng District, Xiaolan Town, Zhongshan City, Guangdong, China – 528400",./assets/images/tracklights/Adhil-15-S-05-white.webp
Adhil 15S Tunable,ARFD1502,48V DC,NA,2700K~6500K, CRI>97,Φ60*H120mm ,15°,15W,AJ/CG,ATAS1560/CT/15/B,R-41159492,IS 10322 (PART 5/SEC 1) : 2012,12999,"Guangdong Sat Technology Co. Ltd., No. 11 Lianbao Rd, Shengfeng District, Xiaolan Town, Zhongshan City, Guangdong, China – 528400",./assets/images/tracklights/Adhil-15-S-03-mat-black-default.webp
Adhil 15S Tunable,ARFD1502,48V DC,NA,2700K~6500K, CRI>97,Φ60*H120mm ,15°,15W,AJ/CG,ATAS1560/CT/15/CG,R-41159492,IS 10322 (PART 5/SEC 1) : 2012,13999,"Guangdong Sat Technology Co. Ltd., No. 11 Lianbao Rd, Shengfeng District, Xiaolan Town, Zhongshan City, Guangdong, China – 528400",./assets/images/tracklights/Adhil-15-S-04-champeing-gold.webp
Adhil 15S Tunable,ARFD1502,48V DC,NA,2700K~6500K, CRI>97,Φ60*H120mm ,15°,15W,AJ/CG,ATAS1560/CT/15/RG,R-41159492,IS 10322 (PART 5/SEC 1) : 2012,13999,"Guangdong Sat Technology Co. Ltd., No. 11 Lianbao Rd, Shengfeng District, Xiaolan Town, Zhongshan City, Guangdong, China – 528400",./assets/images/tracklights/Adhil-15-S-08-rose-gold.webp
Adhil 15S Tunable,ARFD1502,48V DC,NA,2700K~6500K, CRI>97,Φ60*H120mm ,15°,15W,AJ/CG,ATAS1560/CT/15/BR,R-41159492,IS 10322 (PART 5/SEC 1) : 2012,13999,"Guangdong Sat Technology Co. Ltd., No. 11 Lianbao Rd, Shengfeng District, Xiaolan Town, Zhongshan City, Guangdong, China – 528400",./assets/images/tracklights/Adhil-15-S-10-brown.webp
Adhil 15S Tunable,ARFD1502,48V DC,NA,2700K~6500K, CRI>97,Φ60*H120mm ,15°,15W,AJ/CG,ATAS1560/CT/15/COF,R-41159492,IS 10322 (PART 5/SEC 1) : 2012,13999,"Guangdong Sat Technology Co. Ltd., No. 11 Lianbao Rd, Shengfeng District, Xiaolan Town, Zhongshan City, Guangdong, China – 528400",./assets/images/tracklights/Adhil-15-S-07-coffee.webp
Adhil 15S Tunable,ARFD1502,48V DC,NA,2700K~6500K, CRI>97,Φ60*H120mm ,15°,15W,AJ/CG,ATAS1560/CT/15/DGR,R-41159492,IS 10322 (PART 5/SEC 1) : 2012,13999,"Guangdong Sat Technology Co. Ltd., No. 11 Lianbao Rd, Shengfeng District, Xiaolan Town, Zhongshan City, Guangdong, China – 528400",./assets/images/tracklights/Adhil-15-S-09-dark-gray-default.webp
Adhil 15S Tunable,ARFD1502,48V DC,NA,2700K~6500K, CRI>97,Φ60*H120mm ,15°,15W,AJ/CG,ATAS1560/CT/15/BB,R-41159492,IS 10322 (PART 5/SEC 1) : 2012,13999,"Guangdong Sat Technology Co. Ltd., No. 11 Lianbao Rd, Shengfeng District, Xiaolan Town, Zhongshan City, Guangdong, China – 528400",./assets/images/tracklights/Adhil-15-S-06-ballet-blue.webp
Adhil 15S Tunable,ARFD1502,48V DC,NA,2700K~6500K, CRI>97,Φ60*H120mm ,15°,15W,AJ/CG,ATAS1560/CT/15/CH,R-41159492,IS 10322 (PART 5/SEC 1) : 2012,13999,"Guangdong Sat Technology Co. Ltd., No. 11 Lianbao Rd, Shengfeng District, Xiaolan Town, Zhongshan City, Guangdong, China – 528400",./assets/images/tracklights/Adhil-15-S-01-chrome.webp
Adhil 15S Tunable,ARFD1502,48V DC,NA,2700K~6500K, CRI>97,Φ60*H120mm ,15°,15W,AJ/CG,ATAS1560/CT/15/CHB,R-41159492,IS 10322 (PART 5/SEC 1) : 2012,13999,"Guangdong Sat Technology Co. Ltd., No. 11 Lianbao Rd, Shengfeng District, Xiaolan Town, Zhongshan City, Guangdong, China – 528400",./assets/images/tracklights/Adhil-15-S-02-chrome-black.webp
Adhil 15S Tunable,ARFD1502,48V DC,NA,2700K~6500K, CRI>97,Φ60*H120mm ,24°,15W,AJ/CG,ATAS1560/CT/24/W,R-41159492,IS 10322 (PART 5/SEC 1) : 2012,12999,"Guangdong Sat Technology Co. Ltd., No. 11 Lianbao Rd, Shengfeng District, Xiaolan Town, Zhongshan City, Guangdong, China – 528400",./assets/images/tracklights/Adhil-15-S-05-white.webp
Adhil 15S Tunable,ARFD1502,48V DC,NA,2700K~6500K, CRI>97,Φ60*H120mm ,24°,15W,AJ/CG,ATAS1560/CT/24/B,R-41159492,IS 10322 (PART 5/SEC 1) : 2012,12999,"Guangdong Sat Technology Co. Ltd., No. 11 Lianbao Rd, Shengfeng District, Xiaolan Town, Zhongshan City, Guangdong, China – 528400",./assets/images/tracklights/Adhil-15-S-03-mat-black-default.webp
Adhil 15S Tunable,ARFD1502,48V DC,NA,2700K~6500K, CRI>97,Φ60*H120mm ,24°,15W,AJ/CG,ATAS1560/CT/24/CG,R-41159492,IS 10322 (PART 5/SEC 1) : 2012,13999,"Guangdong Sat Technology Co. Ltd., No. 11 Lianbao Rd, Shengfeng District, Xiaolan Town, Zhongshan City, Guangdong, China – 528400",./assets/images/tracklights/Adhil-15-S-04-champeing-gold.webp
Adhil 15S Tunable,ARFD1502,48V DC,NA,2700K~6500K, CRI>97,Φ60*H120mm ,24°,15W,AJ/CG,ATAS1560/CT/24/RG,R-41159492,IS 10322 (PART 5/SEC 1) : 2012,13999,"Guangdong Sat Technology Co. Ltd., No. 11 Lianbao Rd, Shengfeng District, Xiaolan Town, Zhongshan City, Guangdong, China – 528400",./assets/images/tracklights/Adhil-15-S-08-rose-gold.webp
Adhil 15S Tunable,ARFD1502,48V DC,NA,2700K~6500K, CRI>97,Φ60*H120mm ,24°,15W,AJ/CG,ATAS1560/CT/24/BR,R-41159492,IS 10322 (PART 5/SEC 1) : 2012,13999,"Guangdong Sat Technology Co. Ltd., No. 11 Lianbao Rd, Shengfeng District, Xiaolan Town, Zhongshan City, Guangdong, China – 528400",./assets/images/tracklights/Adhil-15-S-10-brown.webp
Adhil 15S Tunable,ARFD1502,48V DC,NA,2700K~6500K, CRI>97,Φ60*H120mm ,24°,15W,AJ/CG,ATAS1560/CT/24/COF,R-41159492,IS 10322 (PART 5/SEC 1) : 2012,13999,"Guangdong Sat Technology Co. Ltd., No. 11 Lianbao Rd, Shengfeng District, Xiaolan Town, Zhongshan City, Guangdong, China – 528400",./assets/images/tracklights/Adhil-15-S-07-coffee.webp
Adhil 15S Tunable,ARFD1502,48V DC,NA,2700K~6500K, CRI>97,Φ60*H120mm ,24°,15W,AJ/CG,ATAS1560/CT/24/DGR,R-41159492,IS 10322 (PART 5/SEC 1) : 2012,13999,"Guangdong Sat Technology Co. Ltd., No. 11 Lianbao Rd, Shengfeng District, Xiaolan Town, Zhongshan City, Guangdong, China – 528400",./assets/images/tracklights/Adhil-15-S-09-dark-gray-default.webp
Adhil 15S Tunable,ARFD1502,48V DC,NA,2700K~6500K, CRI>97,Φ60*H120mm ,24°,15W,AJ/CG,ATAS1560/CT/24/BB,R-41159492,IS 10322 (PART 5/SEC 1) : 2012,13999,"Guangdong Sat Technology Co. Ltd., No. 11 Lianbao Rd, Shengfeng District, Xiaolan Town, Zhongshan City, Guangdong, China – 528400",./assets/images/tracklights/Adhil-15-S-06-ballet-blue.webp
Adhil 15S Tunable,ARFD1502,48V DC,NA,2700K~6500K, CRI>97,Φ60*H120mm ,24°,15W,AJ/CG,ATAS1560/CT/24/CH,R-41159492,IS 10322 (PART 5/SEC 1) : 2012,13999,"Guangdong Sat Technology Co. Ltd., No. 11 Lianbao Rd, Shengfeng District, Xiaolan Town, Zhongshan City, Guangdong, China – 528400",./assets/images/tracklights/Adhil-15-S-01-chrome.webp
Adhil 15S Tunable,ARFD1502,48V DC,NA,2700K~6500K, CRI>97,Φ60*H120mm ,24°,15W,AJ/CG,ATAS1560/CT/24/CHB,R-41159492,IS 10322 (PART 5/SEC 1) : 2012,13999,"Guangdong Sat Technology Co. Ltd., No. 11 Lianbao Rd, Shengfeng District, Xiaolan Town, Zhongshan City, Guangdong, China – 528400",./assets/images/tracklights/Adhil-15-S-02-chrome-black.webp
Adhil 15S Tunable,ARFD1502,48V DC,NA,2700K~6500K, CRI>97,Φ60*H120mm ,36°,15W,AJ/CG,ATAS1560/CT/36/W,R-41159492,IS 10322 (PART 5/SEC 1) : 2012,12999,"Guangdong Sat Technology Co. Ltd., No. 11 Lianbao Rd, Shengfeng District, Xiaolan Town, Zhongshan City, Guangdong, China – 528400",./assets/images/tracklights/Adhil-15-S-05-white.webp
Adhil 15S Tunable,ARFD1502,48V DC,NA,2700K~6500K, CRI>97,Φ60*H120mm ,36°,15W,AJ/CG,ATAS1560/CT/36/B,R-41159492,IS 10322 (PART 5/SEC 1) : 2012,12999,"Guangdong Sat Technology Co. Ltd., No. 11 Lianbao Rd, Shengfeng District, Xiaolan Town, Zhongshan City, Guangdong, China – 528400",./assets/images/tracklights/Adhil-15-S-03-mat-black-default.webp
Adhil 15S Tunable,ARFD1502,48V DC,NA,2700K~6500K, CRI>97,Φ60*H120mm ,36°,15W,AJ/CG,ATAS1560/CT/36/CG,R-41159492,IS 10322 (PART 5/SEC 1) : 2012,13999,"Guangdong Sat Technology Co. Ltd., No. 11 Lianbao Rd, Shengfeng District, Xiaolan Town, Zhongshan City, Guangdong, China – 528400",./assets/images/tracklights/Adhil-15-S-04-champeing-gold.webp
Adhil 15S Tunable,ARFD1502,48V DC,NA,2700K~6500K, CRI>97,Φ60*H120mm ,36°,15W,AJ/CG,ATAS1560/CT/36/RG,R-41159492,IS 10322 (PART 5/SEC 1) : 2012,13999,"Guangdong Sat Technology Co. Ltd., No. 11 Lianbao Rd, Shengfeng District, Xiaolan Town, Zhongshan City, Guangdong, China – 528400",./assets/images/tracklights/Adhil-15-S-08-rose-gold.webp
Adhil 15S Tunable,ARFD1502,48V DC,NA,2700K~6500K, CRI>97,Φ60*H120mm ,36°,15W,AJ/CG,ATAS1560/CT/36/BR,R-41159492,IS 10322 (PART 5/SEC 1) : 2012,13999,"Guangdong Sat Technology Co. Ltd., No. 11 Lianbao Rd, Shengfeng District, Xiaolan Town, Zhongshan City, Guangdong, China – 528400",./assets/images/tracklights/Adhil-15-S-10-brown.webp
Adhil 15S Tunable,ARFD1502,48V DC,NA,2700K~6500K, CRI>97,Φ60*H120mm ,36°,15W,AJ/CG,ATAS1560/CT/36/COF,R-41159492,IS 10322 (PART 5/SEC 1) : 2012,13999,"Guangdong Sat Technology Co. Ltd., No. 11 Lianbao Rd, Shengfeng District, Xiaolan Town, Zhongshan City, Guangdong, China – 528400",./assets/images/tracklights/Adhil-15-S-07-coffee.webp
Adhil 15S Tunable,ARFD1502,48V DC,NA,2700K~6500K, CRI>97,Φ60*H120mm ,36°,15W,AJ/CG,ATAS1560/CT/36/DGR,R-41159492,IS 10322 (PART 5/SEC 1) : 2012,13999,"Guangdong Sat Technology Co. Ltd., No. 11 Lianbao Rd, Shengfeng District, Xiaolan Town, Zhongshan City, Guangdong, China – 528400",./assets/images/tracklights/Adhil-15-S-09-dark-gray-default.webp
Adhil 15S Tunable,ARFD1502,48V DC,NA,2700K~6500K, CRI>97,Φ60*H120mm ,36°,15W,AJ/CG,ATAS1560/CT/36/BB,R-41159492,IS 10322 (PART 5/SEC 1) : 2012,13999,"Guangdong Sat Technology Co. Ltd., No. 11 Lianbao Rd, Shengfeng District, Xiaolan Town, Zhongshan City, Guangdong, China – 528400",./assets/images/tracklights/Adhil-15-S-06-ballet-blue.webp
Adhil 15S Tunable,ARFD1502,48V DC,NA,2700K~6500K, CRI>97,Φ60*H120mm ,36°,15W,AJ/CG,ATAS1560/CT/36/CH,R-41159492,IS 10322 (PART 5/SEC 1) : 2012,13999,"Guangdong Sat Technology Co. Ltd., No. 11 Lianbao Rd, Shengfeng District, Xiaolan Town, Zhongshan City, Guangdong, China – 528400",./assets/images/tracklights/Adhil-15-S-01-chrome.webp
Adhil 15S Tunable,ARFD1502,48V DC,NA,2700K~6500K, CRI>97,Φ60*H120mm ,36°,15W,AJ/CG,ATAS1560/CT/36/CHB,R-41159492,IS 10322 (PART 5/SEC 1) : 2012,13999,"Guangdong Sat Technology Co. Ltd., No. 11 Lianbao Rd, Shengfeng District, Xiaolan Town, Zhongshan City, Guangdong, China – 528400",./assets/images/tracklights/Adhil-15-S-02-chrome-black.webp
Adhil 15S Tunable,ARFD1502,48V DC,NA,2700K~6500K, CRI>97,Φ60*H120mm ,60°,15W,AJ/CG,ATAS1560/CT/60/W,R-41159492,IS 10322 (PART 5/SEC 1) : 2012,12999,"Guangdong Sat Technology Co. Ltd., No. 11 Lianbao Rd, Shengfeng District, Xiaolan Town, Zhongshan City, Guangdong, China – 528400",./assets/images/tracklights/Adhil-15-S-05-white.webp
Adhil 15S Tunable,ARFD1502,48V DC,NA,2700K~6500K, CRI>97,Φ60*H120mm ,60°,15W,AJ/CG,ATAS1560/CT/60/B,R-41159492,IS 10322 (PART 5/SEC 1) : 2012,12999,"Guangdong Sat Technology Co. Ltd., No. 11 Lianbao Rd, Shengfeng District, Xiaolan Town, Zhongshan City, Guangdong, China – 528400",./assets/images/tracklights/Adhil-15-S-03-mat-black-default.webp
Adhil 15S Tunable,ARFD1502,48V DC,NA,2700K~6500K, CRI>97,Φ60*H120mm ,60°,15W,AJ/CG,ATAS1560/CT/60/CG,R-41159492,IS 10322 (PART 5/SEC 1) : 2012,13999,"Guangdong Sat Technology Co. Ltd., No. 11 Lianbao Rd, Shengfeng District, Xiaolan Town, Zhongshan City, Guangdong, China – 528400",./assets/images/tracklights/Adhil-15-S-04-champeing-gold.webp
Adhil 15S Tunable,ARFD1502,48V DC,NA,2700K~6500K, CRI>97,Φ60*H120mm ,60°,15W,AJ/CG,ATAS1560/CT/60/RG,R-41159492,IS 10322 (PART 5/SEC 1) : 2012,13999,"Guangdong Sat Technology Co. Ltd., No. 11 Lianbao Rd, Shengfeng District, Xiaolan Town, Zhongshan City, Guangdong, China – 528400",./assets/images/tracklights/Adhil-15-S-08-rose-gold.webp
Adhil 15S Tunable,ARFD1502,48V DC,NA,2700K~6500K, CRI>97,Φ60*H120mm ,60°,15W,AJ/CG,ATAS1560/CT/60/BR,R-41159492,IS 10322 (PART 5/SEC 1) : 2012,13999,"Guangdong Sat Technology Co. Ltd., No. 11 Lianbao Rd, Shengfeng District, Xiaolan Town, Zhongshan City, Guangdong, China – 528400",./assets/images/tracklights/Adhil-15-S-10-brown.webp
Adhil 15S Tunable,ARFD1502,48V DC,NA,2700K~6500K, CRI>97,Φ60*H120mm ,60°,15W,AJ/CG,ATAS1560/CT/60/COF,R-41159492,IS 10322 (PART 5/SEC 1) : 2012,13999,"Guangdong Sat Technology Co. Ltd., No. 11 Lianbao Rd, Shengfeng District, Xiaolan Town, Zhongshan City, Guangdong, China – 528400",./assets/images/tracklights/Adhil-15-S-07-coffee.webp
Adhil 15S Tunable,ARFD1502,48V DC,NA,2700K~6500K, CRI>97,Φ60*H120mm ,60°,15W,AJ/CG,ATAS1560/CT/60/DGR,R-41159492,IS 10322 (PART 5/SEC 1) : 2012,13999,"Guangdong Sat Technology Co. Ltd., No. 11 Lianbao Rd, Shengfeng District, Xiaolan Town, Zhongshan City, Guangdong, China – 528400",./assets/images/tracklights/Adhil-15-S-09-dark-gray-default.webp
Adhil 15S Tunable,ARFD1502,48V DC,NA,2700K~6500K, CRI>97,Φ60*H120mm ,60°,15W,AJ/CG,ATAS1560/CT/60/BB,R-41159492,IS 10322 (PART 5/SEC 1) : 2012,13999,"Guangdong Sat Technology Co. Ltd., No. 11 Lianbao Rd, Shengfeng District, Xiaolan Town, Zhongshan City, Guangdong, China – 528400",./assets/images/tracklights/Adhil-15-S-06-ballet-blue.webp
Adhil 15S Tunable,ARFD1502,48V DC,NA,2700K~6500K, CRI>97,Φ60*H120mm ,60°,15W,AJ/CG,ATAS1560/CT/60/CH,R-41159492,IS 10322 (PART 5/SEC 1) : 2012,13999,"Guangdong Sat Technology Co. Ltd., No. 11 Lianbao Rd, Shengfeng District, Xiaolan Town, Zhongshan City, Guangdong, China – 528400",./assets/images/tracklights/Adhil-15-S-01-chrome.webp
Adhil 15S Tunable,ARFD1502,48V DC,NA,2700K~6500K, CRI>97,Φ60*H120mm ,60°,15W,AJ/CG,ATAS1560/CT/60/CHB,R-41159492,IS 10322 (PART 5/SEC 1) : 2012,13999,"Guangdong Sat Technology Co. Ltd., No. 11 Lianbao Rd, Shengfeng District, Xiaolan Town, Zhongshan City, Guangdong, China – 528400",./assets/images/tracklights/Adhil-15-S-02-chrome-black.webp
Adhil 20S,ARFD1503,48V DC,NA,2700K, CRI>97,Φ60*H170mm,15°,20W,AJ/CG,ATAS2060/27/15/W,R-41159492,IS 10322 (PART 5/SEC 1) : 2012,12999,"Guangdong Sat Technology Co. Ltd., No. 11 Lianbao Rd, Shengfeng District, Xiaolan Town, Zhongshan City, Guangdong, China – 528400",./assets/images/tracklights/Adhil-20-S-05-white.webp
Adhil 20S,ARFD1503,48V DC,NA,2700K, CRI>97,Φ60*H170mm,15°,20W,AJ/CG,ATAS2060/27/15/B,R-41159492,IS 10322 (PART 5/SEC 1) : 2012,12999,"Guangdong Sat Technology Co. Ltd., No. 11 Lianbao Rd, Shengfeng District, Xiaolan Town, Zhongshan City, Guangdong, China – 528400",./assets/images/tracklights/Adhil-20-S-03-mat-black-default.webp
Adhil 20S,ARFD1503,48V DC,NA,2700K, CRI>97,Φ60*H170mm,15°,20W,AJ/CG,ATAS2060/27/15/CG,R-41159492,IS 10322 (PART 5/SEC 1) : 2012,13999,"Guangdong Sat Technology Co. Ltd., No. 11 Lianbao Rd, Shengfeng District, Xiaolan Town, Zhongshan City, Guangdong, China – 528400",./assets/images/tracklights/Adhil-20-S-04-champeing-gold.webp
Adhil 20S,ARFD1503,48V DC,NA,2700K, CRI>97,Φ60*H170mm,15°,20W,AJ/CG,ATAS2060/27/15/RG,R-41159492,IS 10322 (PART 5/SEC 1) : 2012,13999,"Guangdong Sat Technology Co. Ltd., No. 11 Lianbao Rd, Shengfeng District, Xiaolan Town, Zhongshan City, Guangdong, China – 528400",./assets/images/tracklights/Adhil-20-S-08-rose-gold.webp
Adhil 20S,ARFD1503,48V DC,NA,2700K, CRI>97,Φ60*H170mm,15°,20W,AJ/CG,ATAS2060/27/15/BR,R-41159492,IS 10322 (PART 5/SEC 1) : 2012,13999,"Guangdong Sat Technology Co. Ltd., No. 11 Lianbao Rd, Shengfeng District, Xiaolan Town, Zhongshan City, Guangdong, China – 528400",./assets/images/tracklights/Adhil-20-S-10-brown.webp
Adhil 20S,ARFD1503,48V DC,NA,2700K, CRI>97,Φ60*H170mm,15°,20W,AJ/CG,ATAS2060/27/15/COF,R-41159492,IS 10322 (PART 5/SEC 1) : 2012,13999,"Guangdong Sat Technology Co. Ltd., No. 11 Lianbao Rd, Shengfeng District, Xiaolan Town, Zhongshan City, Guangdong, China – 528400",./assets/images/tracklights/Adhil-20-S-07-coffee.webp
Adhil 20S,ARFD1503,48V DC,NA,2700K, CRI>97,Φ60*H170mm,15°,20W,AJ/CG,ATAS2060/27/15/DGR,R-41159492,IS 10322 (PART 5/SEC 1) : 2012,13999,"Guangdong Sat Technology Co. Ltd., No. 11 Lianbao Rd, Shengfeng District, Xiaolan Town, Zhongshan City, Guangdong, China – 528400",./assets/images/tracklights/Adhil-20-S-09-dark-gray-default.webp
Adhil 20S,ARFD1503,48V DC,NA,2700K, CRI>97,Φ60*H170mm,15°,20W,AJ/CG,ATAS2060/27/15/BB,R-41159492,IS 10322 (PART 5/SEC 1) : 2012,13999,"Guangdong Sat Technology Co. Ltd., No. 11 Lianbao Rd, Shengfeng District, Xiaolan Town, Zhongshan City, Guangdong, China – 528400",./assets/images/tracklights/Adhil-20-S-06-ballet-blue.webp
Adhil 20S,ARFD1503,48V DC,NA,2700K, CRI>97,Φ60*H170mm,15°,20W,AJ/CG,ATAS2060/27/15/CH,R-41159492,IS 10322 (PART 5/SEC 1) : 2012,13999,"Guangdong Sat Technology Co. Ltd., No. 11 Lianbao Rd, Shengfeng District, Xiaolan Town, Zhongshan City, Guangdong, China – 528400",./assets/images/tracklights/Adhil-20-S-01-chrome.webp
Adhil 20S,ARFD1503,48V DC,NA,2700K, CRI>97,Φ60*H170mm,15°,20W,AJ/CG,ATAS2060/27/15/CHB,R-41159492,IS 10322 (PART 5/SEC 1) : 2012,13999,"Guangdong Sat Technology Co. Ltd., No. 11 Lianbao Rd, Shengfeng District, Xiaolan Town, Zhongshan City, Guangdong, China – 528400",./assets/images/tracklights/Adhil-20-S-02-chrome-black.webp
Adhil 20S,ARFD1503,48V DC,NA,3000K, CRI>97,Φ60*H170mm,15°,20W,AJ/CG,ATAS2060/30/15/W,R-41159492,IS 10322 (PART 5/SEC 1) : 2012,12999,"Guangdong Sat Technology Co. Ltd., No. 11 Lianbao Rd, Shengfeng District, Xiaolan Town, Zhongshan City, Guangdong, China – 528400",./assets/images/tracklights/Adhil-20-S-05-white.webp
Adhil 20S,ARFD1503,48V DC,NA,3000K, CRI>97,Φ60*H170mm,15°,20W,AJ/CG,ATAS2060/30/15/B,R-41159492,IS 10322 (PART 5/SEC 1) : 2012,12999,"Guangdong Sat Technology Co. Ltd., No. 11 Lianbao Rd, Shengfeng District, Xiaolan Town, Zhongshan City, Guangdong, China – 528400",./assets/images/tracklights/Adhil-20-S-03-mat-black-default.webp
Adhil 20S,ARFD1503,48V DC,NA,3000K, CRI>97,Φ60*H170mm,15°,20W,AJ/CG,ATAS2060/30/15/CG,R-41159492,IS 10322 (PART 5/SEC 1) : 2012,13999,"Guangdong Sat Technology Co. Ltd., No. 11 Lianbao Rd, Shengfeng District, Xiaolan Town, Zhongshan City, Guangdong, China – 528400",./assets/images/tracklights/Adhil-20-S-04-champeing-gold.webp
Adhil 20S,ARFD1503,48V DC,NA,3000K, CRI>97,Φ60*H170mm,15°,20W,AJ/CG,ATAS2060/30/15/RG,R-41159492,IS 10322 (PART 5/SEC 1) : 2012,13999,"Guangdong Sat Technology Co. Ltd., No. 11 Lianbao Rd, Shengfeng District, Xiaolan Town, Zhongshan City, Guangdong, China – 528400",./assets/images/tracklights/Adhil-20-S-08-rose-gold.webp
Adhil 20S,ARFD1503,48V DC,NA,3000K, CRI>97,Φ60*H170mm,15°,20W,AJ/CG,ATAS2060/30/15/BR,R-41159492,IS 10322 (PART 5/SEC 1) : 2012,13999,"Guangdong Sat Technology Co. Ltd., No. 11 Lianbao Rd, Shengfeng District, Xiaolan Town, Zhongshan City, Guangdong, China – 528400",./assets/images/tracklights/Adhil-20-S-10-brown.webp
Adhil 20S,ARFD1503,48V DC,NA,3000K, CRI>97,Φ60*H170mm,15°,20W,AJ/CG,ATAS2060/30/15/COF,R-41159492,IS 10322 (PART 5/SEC 1) : 2012,13999,"Guangdong Sat Technology Co. Ltd., No. 11 Lianbao Rd, Shengfeng District, Xiaolan Town, Zhongshan City, Guangdong, China – 528400",./assets/images/tracklights/Adhil-20-S-07-coffee.webp
Adhil 20S,ARFD1503,48V DC,NA,3000K, CRI>97,Φ60*H170mm,15°,20W,AJ/CG,ATAS2060/30/15/DGR,R-41159492,IS 10322 (PART 5/SEC 1) : 2012,13999,"Guangdong Sat Technology Co. Ltd., No. 11 Lianbao Rd, Shengfeng District, Xiaolan Town, Zhongshan City, Guangdong, China – 528400",./assets/images/tracklights/Adhil-20-S-09-dark-gray-default.webp
Adhil 20S,ARFD1503,48V DC,NA,3000K, CRI>97,Φ60*H170mm,15°,20W,AJ/CG,ATAS2060/30/15/BB,R-41159492,IS 10322 (PART 5/SEC 1) : 2012,13999,"Guangdong Sat Technology Co. Ltd., No. 11 Lianbao Rd, Shengfeng District, Xiaolan Town, Zhongshan City, Guangdong, China – 528400",./assets/images/tracklights/Adhil-20-S-06-ballet-blue.webp
Adhil 20S,ARFD1503,48V DC,NA,3000K, CRI>97,Φ60*H170mm,15°,20W,AJ/CG,ATAS2060/30/15/CH,R-41159492,IS 10322 (PART 5/SEC 1) : 2012,13999,"Guangdong Sat Technology Co. Ltd., No. 11 Lianbao Rd, Shengfeng District, Xiaolan Town, Zhongshan City, Guangdong, China – 528400",./assets/images/tracklights/Adhil-20-S-01-chrome.webp
Adhil 20S,ARFD1503,48V DC,NA,3000K, CRI>97,Φ60*H170mm,15°,20W,AJ/CG,ATAS2060/30/15/CHB,R-41159492,IS 10322 (PART 5/SEC 1) : 2012,13999,"Guangdong Sat Technology Co. Ltd., No. 11 Lianbao Rd, Shengfeng District, Xiaolan Town, Zhongshan City, Guangdong, China – 528400",./assets/images/tracklights/Adhil-20-S-02-chrome-black.webp
Adhil 20S,ARFD1503,48V DC,NA,3500K, CRI>97,Φ60*H170mm,15°,20W,AJ/CG,ATAS2060/35/15/W,R-41159492,IS 10322 (PART 5/SEC 1) : 2012,12999,"Guangdong Sat Technology Co. Ltd., No. 11 Lianbao Rd, Shengfeng District, Xiaolan Town, Zhongshan City, Guangdong, China – 528400",./assets/images/tracklights/Adhil-20-S-05-white.webp
Adhil 20S,ARFD1503,48V DC,NA,3500K, CRI>97,Φ60*H170mm,15°,20W,AJ/CG,ATAS2060/35/15/B,R-41159492,IS 10322 (PART 5/SEC 1) : 2012,12999,"Guangdong Sat Technology Co. Ltd., No. 11 Lianbao Rd, Shengfeng District, Xiaolan Town, Zhongshan City, Guangdong, China – 528400",./assets/images/tracklights/Adhil-20-S-03-mat-black-default.webp
Adhil 20S,ARFD1503,48V DC,NA,3500K, CRI>97,Φ60*H170mm,15°,20W,AJ/CG,ATAS2060/35/15/CG,R-41159492,IS 10322 (PART 5/SEC 1) : 2012,13999,"Guangdong Sat Technology Co. Ltd., No. 11 Lianbao Rd, Shengfeng District, Xiaolan Town, Zhongshan City, Guangdong, China – 528400",./assets/images/tracklights/Adhil-20-S-04-champeing-gold.webp
Adhil 20S,ARFD1503,48V DC,NA,3500K, CRI>97,Φ60*H170mm,15°,20W,AJ/CG,ATAS2060/35/15/RG,R-41159492,IS 10322 (PART 5/SEC 1) : 2012,13999,"Guangdong Sat Technology Co. Ltd., No. 11 Lianbao Rd, Shengfeng District, Xiaolan Town, Zhongshan City, Guangdong, China – 528400",./assets/images/tracklights/Adhil-20-S-08-rose-gold.webp
Adhil 20S,ARFD1503,48V DC,NA,3500K, CRI>97,Φ60*H170mm,15°,20W,AJ/CG,ATAS2060/35/15/BR,R-41159492,IS 10322 (PART 5/SEC 1) : 2012,13999,"Guangdong Sat Technology Co. Ltd., No. 11 Lianbao Rd, Shengfeng District, Xiaolan Town, Zhongshan City, Guangdong, China – 528400",./assets/images/tracklights/Adhil-20-S-10-brown.webp
Adhil 20S,ARFD1503,48V DC,NA,3500K, CRI>97,Φ60*H170mm,15°,20W,AJ/CG,ATAS2060/35/15/COF,R-41159492,IS 10322 (PART 5/SEC 1) : 2012,13999,"Guangdong Sat Technology Co. Ltd., No. 11 Lianbao Rd, Shengfeng District, Xiaolan Town, Zhongshan City, Guangdong, China – 528400",./assets/images/tracklights/Adhil-20-S-07-coffee.webp
Adhil 20S,ARFD1503,48V DC,NA,3500K, CRI>97,Φ60*H170mm,15°,20W,AJ/CG,ATAS2060/35/15/DGR,R-41159492,IS 10322 (PART 5/SEC 1) : 2012,13999,"Guangdong Sat Technology Co. Ltd., No. 11 Lianbao Rd, Shengfeng District, Xiaolan Town, Zhongshan City, Guangdong, China – 528400",./assets/images/tracklights/Adhil-20-S-09-dark-gray-default.webp
Adhil 20S,ARFD1503,48V DC,NA,3500K, CRI>97,Φ60*H170mm,15°,20W,AJ/CG,ATAS2060/35/15/BB,R-41159492,IS 10322 (PART 5/SEC 1) : 2012,13999,"Guangdong Sat Technology Co. Ltd., No. 11 Lianbao Rd, Shengfeng District, Xiaolan Town, Zhongshan City, Guangdong, China – 528400",./assets/images/tracklights/Adhil-20-S-06-ballet-blue.webp
Adhil 20S,ARFD1503,48V DC,NA,3500K, CRI>97,Φ60*H170mm,15°,20W,AJ/CG,ATAS2060/35/15/CH,R-41159492,IS 10322 (PART 5/SEC 1) : 2012,13999,"Guangdong Sat Technology Co. Ltd., No. 11 Lianbao Rd, Shengfeng District, Xiaolan Town, Zhongshan City, Guangdong, China – 528400",./assets/images/tracklights/Adhil-20-S-01-chrome.webp
Adhil 20S,ARFD1503,48V DC,NA,3500K, CRI>97,Φ60*H170mm,15°,20W,AJ/CG,ATAS2060/35/15/CHB,R-41159492,IS 10322 (PART 5/SEC 1) : 2012,13999,"Guangdong Sat Technology Co. Ltd., No. 11 Lianbao Rd, Shengfeng District, Xiaolan Town, Zhongshan City, Guangdong, China – 528400",./assets/images/tracklights/Adhil-20-S-02-chrome-black.webp
Adhil 20S,ARFD1503,48V DC,NA,4000K, CRI>97,Φ60*H170mm,15°,20W,AJ/CG,ATAS2060/40/15/W,R-41159492,IS 10322 (PART 5/SEC 1) : 2012,12999,"Guangdong Sat Technology Co. Ltd., No. 11 Lianbao Rd, Shengfeng District, Xiaolan Town, Zhongshan City, Guangdong, China – 528400",./assets/images/tracklights/Adhil-20-S-05-white.webp
Adhil 20S,ARFD1503,48V DC,NA,4000K, CRI>97,Φ60*H170mm,15°,20W,AJ/CG,ATAS2060/40/15/B,R-41159492,IS 10322 (PART 5/SEC 1) : 2012,12999,"Guangdong Sat Technology Co. Ltd., No. 11 Lianbao Rd, Shengfeng District, Xiaolan Town, Zhongshan City, Guangdong, China – 528400",./assets/images/tracklights/Adhil-20-S-03-mat-black-default.webp
Adhil 20S,ARFD1503,48V DC,NA,4000K, CRI>97,Φ60*H170mm,15°,20W,AJ/CG,ATAS2060/40/15/CG,R-41159492,IS 10322 (PART 5/SEC 1) : 2012,13999,"Guangdong Sat Technology Co. Ltd., No. 11 Lianbao Rd, Shengfeng District, Xiaolan Town, Zhongshan City, Guangdong, China – 528400",./assets/images/tracklights/Adhil-20-S-04-champeing-gold.webp
Adhil 20S,ARFD1503,48V DC,NA,4000K, CRI>97,Φ60*H170mm,15°,20W,AJ/CG,ATAS2060/40/15/RG,R-41159492,IS 10322 (PART 5/SEC 1) : 2012,13999,"Guangdong Sat Technology Co. Ltd., No. 11 Lianbao Rd, Shengfeng District, Xiaolan Town, Zhongshan City, Guangdong, China – 528400",./assets/images/tracklights/Adhil-20-S-08-rose-gold.webp
Adhil 20S,ARFD1503,48V DC,NA,4000K, CRI>97,Φ60*H170mm,15°,20W,AJ/CG,ATAS2060/40/15/BR,R-41159492,IS 10322 (PART 5/SEC 1) : 2012,13999,"Guangdong Sat Technology Co. Ltd., No. 11 Lianbao Rd, Shengfeng District, Xiaolan Town, Zhongshan City, Guangdong, China – 528400",./assets/images/tracklights/Adhil-20-S-10-brown.webp
Adhil 20S,ARFD1503,48V DC,NA,4000K, CRI>97,Φ60*H170mm,15°,20W,AJ/CG,ATAS2060/40/15/COF,R-41159492,IS 10322 (PART 5/SEC 1) : 2012,13999,"Guangdong Sat Technology Co. Ltd., No. 11 Lianbao Rd, Shengfeng District, Xiaolan Town, Zhongshan City, Guangdong, China – 528400",./assets/images/tracklights/Adhil-20-S-07-coffee.webp
Adhil 20S,ARFD1503,48V DC,NA,4000K, CRI>97,Φ60*H170mm,15°,20W,AJ/CG,ATAS2060/40/15/DGR,R-41159492,IS 10322 (PART 5/SEC 1) : 2012,13999,"Guangdong Sat Technology Co. Ltd., No. 11 Lianbao Rd, Shengfeng District, Xiaolan Town, Zhongshan City, Guangdong, China – 528400",./assets/images/tracklights/Adhil-20-S-09-dark-gray-default.webp
Adhil 20S,ARFD1503,48V DC,NA,4000K, CRI>97,Φ60*H170mm,15°,20W,AJ/CG,ATAS2060/40/15/BB,R-41159492,IS 10322 (PART 5/SEC 1) : 2012,13999,"Guangdong Sat Technology Co. Ltd., No. 11 Lianbao Rd, Shengfeng District, Xiaolan Town, Zhongshan City, Guangdong, China – 528400",./assets/images/tracklights/Adhil-20-S-06-ballet-blue.webp
Adhil 20S,ARFD1503,48V DC,NA,4000K, CRI>97,Φ60*H170mm,15°,20W,AJ/CG,ATAS2060/40/15/CH,R-41159492,IS 10322 (PART 5/SEC 1) : 2012,13999,"Guangdong Sat Technology Co. Ltd., No. 11 Lianbao Rd, Shengfeng District, Xiaolan Town, Zhongshan City, Guangdong, China – 528400",./assets/images/tracklights/Adhil-20-S-01-chrome.webp
Adhil 20S,ARFD1503,48V DC,NA,4000K, CRI>97,Φ60*H170mm,15°,20W,AJ/CG,ATAS2060/40/15/CHB,R-41159492,IS 10322 (PART 5/SEC 1) : 2012,13999,"Guangdong Sat Technology Co. Ltd., No. 11 Lianbao Rd, Shengfeng District, Xiaolan Town, Zhongshan City, Guangdong, China – 528400",./assets/images/tracklights/Adhil-20-S-02-chrome-black.webp
Adhil 20S,ARFD1503,48V DC,NA,5000K, CRI>97,Φ60*H170mm,15°,20W,AJ/CG,ATAS2060/50/15/W,R-41159492,IS 10322 (PART 5/SEC 1) : 2012,12999,"Guangdong Sat Technology Co. Ltd., No. 11 Lianbao Rd, Shengfeng District, Xiaolan Town, Zhongshan City, Guangdong, China – 528400",./assets/images/tracklights/Adhil-20-S-05-white.webp
Adhil 20S,ARFD1503,48V DC,NA,5000K, CRI>97,Φ60*H170mm,15°,20W,AJ/CG,ATAS2060/50/15/B,R-41159492,IS 10322 (PART 5/SEC 1) : 2012,12999,"Guangdong Sat Technology Co. Ltd., No. 11 Lianbao Rd, Shengfeng District, Xiaolan Town, Zhongshan City, Guangdong, China – 528400",./assets/images/tracklights/Adhil-20-S-03-mat-black-default.webp
Adhil 20S,ARFD1503,48V DC,NA,5000K, CRI>97,Φ60*H170mm,15°,20W,AJ/CG,ATAS2060/50/15/CG,R-41159492,IS 10322 (PART 5/SEC 1) : 2012,13999,"Guangdong Sat Technology Co. Ltd., No. 11 Lianbao Rd, Shengfeng District, Xiaolan Town, Zhongshan City, Guangdong, China – 528400",./assets/images/tracklights/Adhil-20-S-04-champeing-gold.webp
Adhil 20S,ARFD1503,48V DC,NA,5000K, CRI>97,Φ60*H170mm,15°,20W,AJ/CG,ATAS2060/50/15/RG,R-41159492,IS 10322 (PART 5/SEC 1) : 2012,13999,"Guangdong Sat Technology Co. Ltd., No. 11 Lianbao Rd, Shengfeng District, Xiaolan Town, Zhongshan City, Guangdong, China – 528400",./assets/images/tracklights/Adhil-20-S-08-rose-gold.webp
Adhil 20S,ARFD1503,48V DC,NA,5000K, CRI>97,Φ60*H170mm,15°,20W,AJ/CG,ATAS2060/50/15/BR,R-41159492,IS 10322 (PART 5/SEC 1) : 2012,13999,"Guangdong Sat Technology Co. Ltd., No. 11 Lianbao Rd, Shengfeng District, Xiaolan Town, Zhongshan City, Guangdong, China – 528400",./assets/images/tracklights/Adhil-20-S-10-brown.webp
Adhil 20S,ARFD1503,48V DC,NA,5000K, CRI>97,Φ60*H170mm,15°,20W,AJ/CG,ATAS2060/50/15/COF,R-41159492,IS 10322 (PART 5/SEC 1) : 2012,13999,"Guangdong Sat Technology Co. Ltd., No. 11 Lianbao Rd, Shengfeng District, Xiaolan Town, Zhongshan City, Guangdong, China – 528400",./assets/images/tracklights/Adhil-20-S-07-coffee.webp
Adhil 20S,ARFD1503,48V DC,NA,5000K, CRI>97,Φ60*H170mm,15°,20W,AJ/CG,ATAS2060/50/15/DGR,R-41159492,IS 10322 (PART 5/SEC 1) : 2012,13999,"Guangdong Sat Technology Co. Ltd., No. 11 Lianbao Rd, Shengfeng District, Xiaolan Town, Zhongshan City, Guangdong, China – 528400",./assets/images/tracklights/Adhil-20-S-09-dark-gray-default.webp
Adhil 20S,ARFD1503,48V DC,NA,5000K, CRI>97,Φ60*H170mm,15°,20W,AJ/CG,ATAS2060/50/15/BB,R-41159492,IS 10322 (PART 5/SEC 1) : 2012,13999,"Guangdong Sat Technology Co. Ltd., No. 11 Lianbao Rd, Shengfeng District, Xiaolan Town, Zhongshan City, Guangdong, China – 528400",./assets/images/tracklights/Adhil-20-S-06-ballet-blue.webp
Adhil 20S,ARFD1503,48V DC,NA,5000K, CRI>97,Φ60*H170mm,15°,20W,AJ/CG,ATAS2060/50/15/CH,R-41159492,IS 10322 (PART 5/SEC 1) : 2012,13999,"Guangdong Sat Technology Co. Ltd., No. 11 Lianbao Rd, Shengfeng District, Xiaolan Town, Zhongshan City, Guangdong, China – 528400",./assets/images/tracklights/Adhil-20-S-01-chrome.webp
Adhil 20S,ARFD1503,48V DC,NA,5000K, CRI>97,Φ60*H170mm,15°,20W,AJ/CG,ATAS2060/50/15/CHB,R-41159492,IS 10322 (PART 5/SEC 1) : 2012,13999,"Guangdong Sat Technology Co. Ltd., No. 11 Lianbao Rd, Shengfeng District, Xiaolan Town, Zhongshan City, Guangdong, China – 528400",./assets/images/tracklights/Adhil-20-S-02-chrome-black.webp
Adhil 20S,ARFD1503,48V DC,NA,2700K, CRI>97,Φ60*H170mm,24°,20W,AJ/CG,ATAS2060/27/24/W,R-41159492,IS 10322 (PART 5/SEC 1) : 2012,12999,"Guangdong Sat Technology Co. Ltd., No. 11 Lianbao Rd, Shengfeng District, Xiaolan Town, Zhongshan City, Guangdong, China – 528400",./assets/images/tracklights/Adhil-20-S-05-white.webp
Adhil 20S,ARFD1503,48V DC,NA,2700K, CRI>97,Φ60*H170mm,24°,20W,AJ/CG,ATAS2060/27/24/B,R-41159492,IS 10322 (PART 5/SEC 1) : 2012,12999,"Guangdong Sat Technology Co. Ltd., No. 11 Lianbao Rd, Shengfeng District, Xiaolan Town, Zhongshan City, Guangdong, China – 528400",./assets/images/tracklights/Adhil-20-S-03-mat-black-default.webp
Adhil 20S,ARFD1503,48V DC,NA,2700K, CRI>97,Φ60*H170mm,24°,20W,AJ/CG,ATAS2060/27/24/CG,R-41159492,IS 10322 (PART 5/SEC 1) : 2012,13999,"Guangdong Sat Technology Co. Ltd., No. 11 Lianbao Rd, Shengfeng District, Xiaolan Town, Zhongshan City, Guangdong, China – 528400",./assets/images/tracklights/Adhil-20-S-04-champeing-gold.webp
Adhil 20S,ARFD1503,48V DC,NA,2700K, CRI>97,Φ60*H170mm,24°,20W,AJ/CG,ATAS2060/27/24/RG,R-41159492,IS 10322 (PART 5/SEC 1) : 2012,13999,"Guangdong Sat Technology Co. Ltd., No. 11 Lianbao Rd, Shengfeng District, Xiaolan Town, Zhongshan City, Guangdong, China – 528400",./assets/images/tracklights/Adhil-20-S-08-rose-gold.webp
Adhil 20S,ARFD1503,48V DC,NA,2700K, CRI>97,Φ60*H170mm,24°,20W,AJ/CG,ATAS2060/27/24/BR,R-41159492,IS 10322 (PART 5/SEC 1) : 2012,13999,"Guangdong Sat Technology Co. Ltd., No. 11 Lianbao Rd, Shengfeng District, Xiaolan Town, Zhongshan City, Guangdong, China – 528400",./assets/images/tracklights/Adhil-20-S-10-brown.webp
Adhil 20S,ARFD1503,48V DC,NA,2700K, CRI>97,Φ60*H170mm,24°,20W,AJ/CG,ATAS2060/27/24/COF,R-41159492,IS 10322 (PART 5/SEC 1) : 2012,13999,"Guangdong Sat Technology Co. Ltd., No. 11 Lianbao Rd, Shengfeng District, Xiaolan Town, Zhongshan City, Guangdong, China – 528400",./assets/images/tracklights/Adhil-20-S-07-coffee.webp
Adhil 20S,ARFD1503,48V DC,NA,2700K, CRI>97,Φ60*H170mm,24°,20W,AJ/CG,ATAS2060/27/24/DGR,R-41159492,IS 10322 (PART 5/SEC 1) : 2012,13999,"Guangdong Sat Technology Co. Ltd., No. 11 Lianbao Rd, Shengfeng District, Xiaolan Town, Zhongshan City, Guangdong, China – 528400",./assets/images/tracklights/Adhil-20-S-09-dark-gray-default.webp
Adhil 20S,ARFD1503,48V DC,NA,2700K, CRI>97,Φ60*H170mm,24°,20W,AJ/CG,ATAS2060/27/24/BB,R-41159492,IS 10322 (PART 5/SEC 1) : 2012,13999,"Guangdong Sat Technology Co. Ltd., No. 11 Lianbao Rd, Shengfeng District, Xiaolan Town, Zhongshan City, Guangdong, China – 528400",./assets/images/tracklights/Adhil-20-S-06-ballet-blue.webp
Adhil 20S,ARFD1503,48V DC,NA,2700K, CRI>97,Φ60*H170mm,24°,20W,AJ/CG,ATAS2060/27/24/CH,R-41159492,IS 10322 (PART 5/SEC 1) : 2012,13999,"Guangdong Sat Technology Co. Ltd., No. 11 Lianbao Rd, Shengfeng District, Xiaolan Town, Zhongshan City, Guangdong, China – 528400",./assets/images/tracklights/Adhil-20-S-01-chrome.webp
Adhil 20S,ARFD1503,48V DC,NA,2700K, CRI>97,Φ60*H170mm,24°,20W,AJ/CG,ATAS2060/27/24/CHB,R-41159492,IS 10322 (PART 5/SEC 1) : 2012,13999,"Guangdong Sat Technology Co. Ltd., No. 11 Lianbao Rd, Shengfeng District, Xiaolan Town, Zhongshan City, Guangdong, China – 528400",./assets/images/tracklights/Adhil-20-S-02-chrome-black.webp
Adhil 20S,ARFD1503,48V DC,NA,3000K, CRI>97,Φ60*H170mm,24°,20W,AJ/CG,ATAS2060/30/24/W,R-41159492,IS 10322 (PART 5/SEC 1) : 2012,12999,"Guangdong Sat Technology Co. Ltd., No. 11 Lianbao Rd, Shengfeng District, Xiaolan Town, Zhongshan City, Guangdong, China – 528400",./assets/images/tracklights/Adhil-20-S-05-white.webp
Adhil 20S,ARFD1503,48V DC,NA,3000K, CRI>97,Φ60*H170mm,24°,20W,AJ/CG,ATAS2060/30/24/B,R-41159492,IS 10322 (PART 5/SEC 1) : 2012,12999,"Guangdong Sat Technology Co. Ltd., No. 11 Lianbao Rd, Shengfeng District, Xiaolan Town, Zhongshan City, Guangdong, China – 528400",./assets/images/tracklights/Adhil-20-S-03-mat-black-default.webp
Adhil 20S,ARFD1503,48V DC,NA,3000K, CRI>97,Φ60*H170mm,24°,20W,AJ/CG,ATAS2060/30/24/CG,R-41159492,IS 10322 (PART 5/SEC 1) : 2012,13999,"Guangdong Sat Technology Co. Ltd., No. 11 Lianbao Rd, Shengfeng District, Xiaolan Town, Zhongshan City, Guangdong, China – 528400",./assets/images/tracklights/Adhil-20-S-04-champeing-gold.webp
Adhil 20S,ARFD1503,48V DC,NA,3000K, CRI>97,Φ60*H170mm,24°,20W,AJ/CG,ATAS2060/30/24/RG,R-41159492,IS 10322 (PART 5/SEC 1) : 2012,13999,"Guangdong Sat Technology Co. Ltd., No. 11 Lianbao Rd, Shengfeng District, Xiaolan Town, Zhongshan City, Guangdong, China – 528400",./assets/images/tracklights/Adhil-20-S-08-rose-gold.webp
Adhil 20S,ARFD1503,48V DC,NA,3000K, CRI>97,Φ60*H170mm,24°,20W,AJ/CG,ATAS2060/30/24/BR,R-41159492,IS 10322 (PART 5/SEC 1) : 2012,13999,"Guangdong Sat Technology Co. Ltd., No. 11 Lianbao Rd, Shengfeng District, Xiaolan Town, Zhongshan City, Guangdong, China – 528400",./assets/images/tracklights/Adhil-20-S-10-brown.webp
Adhil 20S,ARFD1503,48V DC,NA,3000K, CRI>97,Φ60*H170mm,24°,20W,AJ/CG,ATAS2060/30/24/COF,R-41159492,IS 10322 (PART 5/SEC 1) : 2012,13999,"Guangdong Sat Technology Co. Ltd., No. 11 Lianbao Rd, Shengfeng District, Xiaolan Town, Zhongshan City, Guangdong, China – 528400",./assets/images/tracklights/Adhil-20-S-07-coffee.webp
Adhil 20S,ARFD1503,48V DC,NA,3000K, CRI>97,Φ60*H170mm,24°,20W,AJ/CG,ATAS2060/30/24/DGR,R-41159492,IS 10322 (PART 5/SEC 1) : 2012,13999,"Guangdong Sat Technology Co. Ltd., No. 11 Lianbao Rd, Shengfeng District, Xiaolan Town, Zhongshan City, Guangdong, China – 528400",./assets/images/tracklights/Adhil-20-S-09-dark-gray-default.webp
Adhil 20S,ARFD1503,48V DC,NA,3000K, CRI>97,Φ60*H170mm,24°,20W,AJ/CG,ATAS2060/30/24/BB,R-41159492,IS 10322 (PART 5/SEC 1) : 2012,13999,"Guangdong Sat Technology Co. Ltd., No. 11 Lianbao Rd, Shengfeng District, Xiaolan Town, Zhongshan City, Guangdong, China – 528400",./assets/images/tracklights/Adhil-20-S-06-ballet-blue.webp
Adhil 20S,ARFD1503,48V DC,NA,3000K, CRI>97,Φ60*H170mm,24°,20W,AJ/CG,ATAS2060/30/24/CH,R-41159492,IS 10322 (PART 5/SEC 1) : 2012,13999,"Guangdong Sat Technology Co. Ltd., No. 11 Lianbao Rd, Shengfeng District, Xiaolan Town, Zhongshan City, Guangdong, China – 528400",./assets/images/tracklights/Adhil-20-S-01-chrome.webp
Adhil 20S,ARFD1503,48V DC,NA,3000K, CRI>97,Φ60*H170mm,24°,20W,AJ/CG,ATAS2060/30/24/CHB,R-41159492,IS 10322 (PART 5/SEC 1) : 2012,13999,"Guangdong Sat Technology Co. Ltd., No. 11 Lianbao Rd, Shengfeng District, Xiaolan Town, Zhongshan City, Guangdong, China – 528400",./assets/images/tracklights/Adhil-20-S-02-chrome-black.webp
Adhil 20S,ARFD1503,48V DC,NA,3500K, CRI>97,Φ60*H170mm,24°,20W,AJ/CG,ATAS2060/35/24/W,R-41159492,IS 10322 (PART 5/SEC 1) : 2012,12999,"Guangdong Sat Technology Co. Ltd., No. 11 Lianbao Rd, Shengfeng District, Xiaolan Town, Zhongshan City, Guangdong, China – 528400",./assets/images/tracklights/Adhil-20-S-05-white.webp
Adhil 20S,ARFD1503,48V DC,NA,3500K, CRI>97,Φ60*H170mm,24°,20W,AJ/CG,ATAS2060/35/24/B,R-41159492,IS 10322 (PART 5/SEC 1) : 2012,12999,"Guangdong Sat Technology Co. Ltd., No. 11 Lianbao Rd, Shengfeng District, Xiaolan Town, Zhongshan City, Guangdong, China – 528400",./assets/images/tracklights/Adhil-20-S-03-mat-black-default.webp
Adhil 20S,ARFD1503,48V DC,NA,3500K, CRI>97,Φ60*H170mm,24°,20W,AJ/CG,ATAS2060/35/24/CG,R-41159492,IS 10322 (PART 5/SEC 1) : 2012,13999,"Guangdong Sat Technology Co. Ltd., No. 11 Lianbao Rd, Shengfeng District, Xiaolan Town, Zhongshan City, Guangdong, China – 528400",./assets/images/tracklights/Adhil-20-S-04-champeing-gold.webp
Adhil 20S,ARFD1503,48V DC,NA,3500K, CRI>97,Φ60*H170mm,24°,20W,AJ/CG,ATAS2060/35/24/RG,R-41159492,IS 10322 (PART 5/SEC 1) : 2012,13999,"Guangdong Sat Technology Co. Ltd., No. 11 Lianbao Rd, Shengfeng District, Xiaolan Town, Zhongshan City, Guangdong, China – 528400",./assets/images/tracklights/Adhil-20-S-08-rose-gold.webp
Adhil 20S,ARFD1503,48V DC,NA,3500K, CRI>97,Φ60*H170mm,24°,20W,AJ/CG,ATAS2060/35/24/BR,R-41159492,IS 10322 (PART 5/SEC 1) : 2012,13999,"Guangdong Sat Technology Co. Ltd., No. 11 Lianbao Rd, Shengfeng District, Xiaolan Town, Zhongshan City, Guangdong, China – 528400",./assets/images/tracklights/Adhil-20-S-10-brown.webp
Adhil 20S,ARFD1503,48V DC,NA,3500K, CRI>97,Φ60*H170mm,24°,20W,AJ/CG,ATAS2060/35/24/COF,R-41159492,IS 10322 (PART 5/SEC 1) : 2012,13999,"Guangdong Sat Technology Co. Ltd., No. 11 Lianbao Rd, Shengfeng District, Xiaolan Town, Zhongshan City, Guangdong, China – 528400",./assets/images/tracklights/Adhil-20-S-07-coffee.webp
Adhil 20S,ARFD1503,48V DC,NA,3500K, CRI>97,Φ60*H170mm,24°,20W,AJ/CG,ATAS2060/35/24/DGR,R-41159492,IS 10322 (PART 5/SEC 1) : 2012,13999,"Guangdong Sat Technology Co. Ltd., No. 11 Lianbao Rd, Shengfeng District, Xiaolan Town, Zhongshan City, Guangdong, China – 528400",./assets/images/tracklights/Adhil-20-S-09-dark-gray-default.webp
Adhil 20S,ARFD1503,48V DC,NA,3500K, CRI>97,Φ60*H170mm,24°,20W,AJ/CG,ATAS2060/35/24/BB,R-41159492,IS 10322 (PART 5/SEC 1) : 2012,13999,"Guangdong Sat Technology Co. Ltd., No. 11 Lianbao Rd, Shengfeng District, Xiaolan Town, Zhongshan City, Guangdong, China – 528400",./assets/images/tracklights/Adhil-20-S-06-ballet-blue.webp
Adhil 20S,ARFD1503,48V DC,NA,3500K, CRI>97,Φ60*H170mm,24°,20W,AJ/CG,ATAS2060/35/24/CH,R-41159492,IS 10322 (PART 5/SEC 1) : 2012,13999,"Guangdong Sat Technology Co. Ltd., No. 11 Lianbao Rd, Shengfeng District, Xiaolan Town, Zhongshan City, Guangdong, China – 528400",./assets/images/tracklights/Adhil-20-S-01-chrome.webp
Adhil 20S,ARFD1503,48V DC,NA,3500K, CRI>97,Φ60*H170mm,24°,20W,AJ/CG,ATAS2060/35/24/CHB,R-41159492,IS 10322 (PART 5/SEC 1) : 2012,13999,"Guangdong Sat Technology Co. Ltd., No. 11 Lianbao Rd, Shengfeng District, Xiaolan Town, Zhongshan City, Guangdong, China – 528400",./assets/images/tracklights/Adhil-20-S-02-chrome-black.webp
Adhil 20S,ARFD1503,48V DC,NA,4000K, CRI>97,Φ60*H170mm,24°,20W,AJ/CG,ATAS2060/40/24/W,R-41159492,IS 10322 (PART 5/SEC 1) : 2012,12999,"Guangdong Sat Technology Co. Ltd., No. 11 Lianbao Rd, Shengfeng District, Xiaolan Town, Zhongshan City, Guangdong, China – 528400",./assets/images/tracklights/Adhil-20-S-05-white.webp
Adhil 20S,ARFD1503,48V DC,NA,4000K, CRI>97,Φ60*H170mm,24°,20W,AJ/CG,ATAS2060/40/24/B,R-41159492,IS 10322 (PART 5/SEC 1) : 2012,12999,"Guangdong Sat Technology Co. Ltd., No. 11 Lianbao Rd, Shengfeng District, Xiaolan Town, Zhongshan City, Guangdong, China – 528400",./assets/images/tracklights/Adhil-20-S-03-mat-black-default.webp
Adhil 20S,ARFD1503,48V DC,NA,4000K, CRI>97,Φ60*H170mm,24°,20W,AJ/CG,ATAS2060/40/24/CG,R-41159492,IS 10322 (PART 5/SEC 1) : 2012,13999,"Guangdong Sat Technology Co. Ltd., No. 11 Lianbao Rd, Shengfeng District, Xiaolan Town, Zhongshan City, Guangdong, China – 528400",./assets/images/tracklights/Adhil-20-S-04-champeing-gold.webp
Adhil 20S,ARFD1503,48V DC,NA,4000K, CRI>97,Φ60*H170mm,24°,20W,AJ/CG,ATAS2060/40/24/RG,R-41159492,IS 10322 (PART 5/SEC 1) : 2012,13999,"Guangdong Sat Technology Co. Ltd., No. 11 Lianbao Rd, Shengfeng District, Xiaolan Town, Zhongshan City, Guangdong, China – 528400",./assets/images/tracklights/Adhil-20-S-08-rose-gold.webp
Adhil 20S,ARFD1503,48V DC,NA,4000K, CRI>97,Φ60*H170mm,24°,20W,AJ/CG,ATAS2060/40/24/BR,R-41159492,IS 10322 (PART 5/SEC 1) : 2012,13999,"Guangdong Sat Technology Co. Ltd., No. 11 Lianbao Rd, Shengfeng District, Xiaolan Town, Zhongshan City, Guangdong, China – 528400",./assets/images/tracklights/Adhil-20-S-10-brown.webp
Adhil 20S,ARFD1503,48V DC,NA,4000K, CRI>97,Φ60*H170mm,24°,20W,AJ/CG,ATAS2060/40/24/COF,R-41159492,IS 10322 (PART 5/SEC 1) : 2012,13999,"Guangdong Sat Technology Co. Ltd., No. 11 Lianbao Rd, Shengfeng District, Xiaolan Town, Zhongshan City, Guangdong, China – 528400",./assets/images/tracklights/Adhil-20-S-07-coffee.webp
Adhil 20S,ARFD1503,48V DC,NA,4000K, CRI>97,Φ60*H170mm,24°,20W,AJ/CG,ATAS2060/40/24/DGR,R-41159492,IS 10322 (PART 5/SEC 1) : 2012,13999,"Guangdong Sat Technology Co. Ltd., No. 11 Lianbao Rd, Shengfeng District, Xiaolan Town, Zhongshan City, Guangdong, China – 528400",./assets/images/tracklights/Adhil-20-S-09-dark-gray-default.webp
Adhil 20S,ARFD1503,48V DC,NA,4000K, CRI>97,Φ60*H170mm,24°,20W,AJ/CG,ATAS2060/40/24/BB,R-41159492,IS 10322 (PART 5/SEC 1) : 2012,13999,"Guangdong Sat Technology Co. Ltd., No. 11 Lianbao Rd, Shengfeng District, Xiaolan Town, Zhongshan City, Guangdong, China – 528400",./assets/images/tracklights/Adhil-20-S-06-ballet-blue.webp
Adhil 20S,ARFD1503,48V DC,NA,4000K, CRI>97,Φ60*H170mm,24°,20W,AJ/CG,ATAS2060/40/24/CH,R-41159492,IS 10322 (PART 5/SEC 1) : 2012,13999,"Guangdong Sat Technology Co. Ltd., No. 11 Lianbao Rd, Shengfeng District, Xiaolan Town, Zhongshan City, Guangdong, China – 528400",./assets/images/tracklights/Adhil-20-S-01-chrome.webp
Adhil 20S,ARFD1503,48V DC,NA,4000K, CRI>97,Φ60*H170mm,24°,20W,AJ/CG,ATAS2060/40/24/CHB,R-41159492,IS 10322 (PART 5/SEC 1) : 2012,13999,"Guangdong Sat Technology Co. Ltd., No. 11 Lianbao Rd, Shengfeng District, Xiaolan Town, Zhongshan City, Guangdong, China – 528400",./assets/images/tracklights/Adhil-20-S-02-chrome-black.webp
Adhil 20S,ARFD1503,48V DC,NA,5000K, CRI>97,Φ60*H170mm,24°,20W,AJ/CG,ATAS2060/50/24/W,R-41159492,IS 10322 (PART 5/SEC 1) : 2012,12999,"Guangdong Sat Technology Co. Ltd., No. 11 Lianbao Rd, Shengfeng District, Xiaolan Town, Zhongshan City, Guangdong, China – 528400",./assets/images/tracklights/Adhil-20-S-05-white.webp
Adhil 20S,ARFD1503,48V DC,NA,5000K, CRI>97,Φ60*H170mm,24°,20W,AJ/CG,ATAS2060/50/24/B,R-41159492,IS 10322 (PART 5/SEC 1) : 2012,12999,"Guangdong Sat Technology Co. Ltd., No. 11 Lianbao Rd, Shengfeng District, Xiaolan Town, Zhongshan City, Guangdong, China – 528400",./assets/images/tracklights/Adhil-20-S-03-mat-black-default.webp
Adhil 20S,ARFD1503,48V DC,NA,5000K, CRI>97,Φ60*H170mm,24°,20W,AJ/CG,ATAS2060/50/24/CG,R-41159492,IS 10322 (PART 5/SEC 1) : 2012,13999,"Guangdong Sat Technology Co. Ltd., No. 11 Lianbao Rd, Shengfeng District, Xiaolan Town, Zhongshan City, Guangdong, China – 528400",./assets/images/tracklights/Adhil-20-S-04-champeing-gold.webp
Adhil 20S,ARFD1503,48V DC,NA,5000K, CRI>97,Φ60*H170mm,24°,20W,AJ/CG,ATAS2060/50/24/RG,R-41159492,IS 10322 (PART 5/SEC 1) : 2012,13999,"Guangdong Sat Technology Co. Ltd., No. 11 Lianbao Rd, Shengfeng District, Xiaolan Town, Zhongshan City, Guangdong, China – 528400",./assets/images/tracklights/Adhil-20-S-08-rose-gold.webp
Adhil 20S,ARFD1503,48V DC,NA,5000K, CRI>97,Φ60*H170mm,24°,20W,AJ/CG,ATAS2060/50/24/BR,R-41159492,IS 10322 (PART 5/SEC 1) : 2012,13999,"Guangdong Sat Technology Co. Ltd., No. 11 Lianbao Rd, Shengfeng District, Xiaolan Town, Zhongshan City, Guangdong, China – 528400",./assets/images/tracklights/Adhil-20-S-10-brown.webp
Adhil 20S,ARFD1503,48V DC,NA,5000K, CRI>97,Φ60*H170mm,24°,20W,AJ/CG,ATAS2060/50/24/COF,R-41159492,IS 10322 (PART 5/SEC 1) : 2012,13999,"Guangdong Sat Technology Co. Ltd., No. 11 Lianbao Rd, Shengfeng District, Xiaolan Town, Zhongshan City, Guangdong, China – 528400",./assets/images/tracklights/Adhil-20-S-07-coffee.webp
Adhil 20S,ARFD1503,48V DC,NA,5000K, CRI>97,Φ60*H170mm,24°,20W,AJ/CG,ATAS2060/50/24/DGR,R-41159492,IS 10322 (PART 5/SEC 1) : 2012,13999,"Guangdong Sat Technology Co. Ltd., No. 11 Lianbao Rd, Shengfeng District, Xiaolan Town, Zhongshan City, Guangdong, China – 528400",./assets/images/tracklights/Adhil-20-S-09-dark-gray-default.webp
Adhil 20S,ARFD1503,48V DC,NA,5000K, CRI>97,Φ60*H170mm,24°,20W,AJ/CG,ATAS2060/50/24/BB,R-41159492,IS 10322 (PART 5/SEC 1) : 2012,13999,"Guangdong Sat Technology Co. Ltd., No. 11 Lianbao Rd, Shengfeng District, Xiaolan Town, Zhongshan City, Guangdong, China – 528400",./assets/images/tracklights/Adhil-20-S-06-ballet-blue.webp
Adhil 20S,ARFD1503,48V DC,NA,5000K, CRI>97,Φ60*H170mm,24°,20W,AJ/CG,ATAS2060/50/24/CH,R-41159492,IS 10322 (PART 5/SEC 1) : 2012,13999,"Guangdong Sat Technology Co. Ltd., No. 11 Lianbao Rd, Shengfeng District, Xiaolan Town, Zhongshan City, Guangdong, China – 528400",./assets/images/tracklights/Adhil-20-S-01-chrome.webp
Adhil 20S,ARFD1503,48V DC,NA,5000K, CRI>97,Φ60*H170mm,24°,20W,AJ/CG,ATAS2060/50/24/CHB,R-41159492,IS 10322 (PART 5/SEC 1) : 2012,13999,"Guangdong Sat Technology Co. Ltd., No. 11 Lianbao Rd, Shengfeng District, Xiaolan Town, Zhongshan City, Guangdong, China – 528400",./assets/images/tracklights/Adhil-20-S-02-chrome-black.webp
Adhil 20S,ARFD1503,48V DC,NA,2700K, CRI>97,Φ60*H170mm,36°,20W,AJ/CG,ATAS2060/27/36/W,R-41159492,IS 10322 (PART 5/SEC 1) : 2012,12999,"Guangdong Sat Technology Co. Ltd., No. 11 Lianbao Rd, Shengfeng District, Xiaolan Town, Zhongshan City, Guangdong, China – 528400",./assets/images/tracklights/Adhil-20-S-05-white.webp
Adhil 20S,ARFD1503,48V DC,NA,2700K, CRI>97,Φ60*H170mm,36°,20W,AJ/CG,ATAS2060/27/36/B,R-41159492,IS 10322 (PART 5/SEC 1) : 2012,12999,"Guangdong Sat Technology Co. Ltd., No. 11 Lianbao Rd, Shengfeng District, Xiaolan Town, Zhongshan City, Guangdong, China – 528400",./assets/images/tracklights/Adhil-20-S-03-mat-black-default.webp
Adhil 20S,ARFD1503,48V DC,NA,2700K, CRI>97,Φ60*H170mm,36°,20W,AJ/CG,ATAS2060/27/36/CG,R-41159492,IS 10322 (PART 5/SEC 1) : 2012,13999,"Guangdong Sat Technology Co. Ltd., No. 11 Lianbao Rd, Shengfeng District, Xiaolan Town, Zhongshan City, Guangdong, China – 528400",./assets/images/tracklights/Adhil-20-S-04-champeing-gold.webp
Adhil 20S,ARFD1503,48V DC,NA,2700K, CRI>97,Φ60*H170mm,36°,20W,AJ/CG,ATAS2060/27/36/RG,R-41159492,IS 10322 (PART 5/SEC 1) : 2012,13999,"Guangdong Sat Technology Co. Ltd., No. 11 Lianbao Rd, Shengfeng District, Xiaolan Town, Zhongshan City, Guangdong, China – 528400",./assets/images/tracklights/Adhil-20-S-08-rose-gold.webp
Adhil 20S,ARFD1503,48V DC,NA,2700K, CRI>97,Φ60*H170mm,36°,20W,AJ/CG,ATAS2060/27/36/BR,R-41159492,IS 10322 (PART 5/SEC 1) : 2012,13999,"Guangdong Sat Technology Co. Ltd., No. 11 Lianbao Rd, Shengfeng District, Xiaolan Town, Zhongshan City, Guangdong, China – 528400",./assets/images/tracklights/Adhil-20-S-10-brown.webp
Adhil 20S,ARFD1503,48V DC,NA,2700K, CRI>97,Φ60*H170mm,36°,20W,AJ/CG,ATAS2060/27/36/COF,R-41159492,IS 10322 (PART 5/SEC 1) : 2012,13999,"Guangdong Sat Technology Co. Ltd., No. 11 Lianbao Rd, Shengfeng District, Xiaolan Town, Zhongshan City, Guangdong, China – 528400",./assets/images/tracklights/Adhil-20-S-07-coffee.webp
Adhil 20S,ARFD1503,48V DC,NA,2700K, CRI>97,Φ60*H170mm,36°,20W,AJ/CG,ATAS2060/27/36/DGR,R-41159492,IS 10322 (PART 5/SEC 1) : 2012,13999,"Guangdong Sat Technology Co. Ltd., No. 11 Lianbao Rd, Shengfeng District, Xiaolan Town, Zhongshan City, Guangdong, China – 528400",./assets/images/tracklights/Adhil-20-S-09-dark-gray-default.webp
Adhil 20S,ARFD1503,48V DC,NA,2700K, CRI>97,Φ60*H170mm,36°,20W,AJ/CG,ATAS2060/27/36/BB,R-41159492,IS 10322 (PART 5/SEC 1) : 2012,13999,"Guangdong Sat Technology Co. Ltd., No. 11 Lianbao Rd, Shengfeng District, Xiaolan Town, Zhongshan City, Guangdong, China – 528400",./assets/images/tracklights/Adhil-20-S-06-ballet-blue.webp
Adhil 20S,ARFD1503,48V DC,NA,2700K, CRI>97,Φ60*H170mm,36°,20W,AJ/CG,ATAS2060/27/36/CH,R-41159492,IS 10322 (PART 5/SEC 1) : 2012,13999,"Guangdong Sat Technology Co. Ltd., No. 11 Lianbao Rd, Shengfeng District, Xiaolan Town, Zhongshan City, Guangdong, China – 528400",./assets/images/tracklights/Adhil-20-S-01-chrome.webp
Adhil 20S,ARFD1503,48V DC,NA,2700K, CRI>97,Φ60*H170mm,36°,20W,AJ/CG,ATAS2060/27/36/CHB,R-41159492,IS 10322 (PART 5/SEC 1) : 2012,13999,"Guangdong Sat Technology Co. Ltd., No. 11 Lianbao Rd, Shengfeng District, Xiaolan Town, Zhongshan City, Guangdong, China – 528400",./assets/images/tracklights/Adhil-20-S-02-chrome-black.webp
Adhil 20S,ARFD1503,48V DC,NA,3000K, CRI>97,Φ60*H170mm,36°,20W,AJ/CG,ATAS2060/30/36/W,R-41159492,IS 10322 (PART 5/SEC 1) : 2012,12999,"Guangdong Sat Technology Co. Ltd., No. 11 Lianbao Rd, Shengfeng District, Xiaolan Town, Zhongshan City, Guangdong, China – 528400",./assets/images/tracklights/Adhil-20-S-05-white.webp
Adhil 20S,ARFD1503,48V DC,NA,3000K, CRI>97,Φ60*H170mm,36°,20W,AJ/CG,ATAS2060/30/36/B,R-41159492,IS 10322 (PART 5/SEC 1) : 2012,12999,"Guangdong Sat Technology Co. Ltd., No. 11 Lianbao Rd, Shengfeng District, Xiaolan Town, Zhongshan City, Guangdong, China – 528400",./assets/images/tracklights/Adhil-20-S-03-mat-black-default.webp
Adhil 20S,ARFD1503,48V DC,NA,3000K, CRI>97,Φ60*H170mm,36°,20W,AJ/CG,ATAS2060/30/36/CG,R-41159492,IS 10322 (PART 5/SEC 1) : 2012,13999,"Guangdong Sat Technology Co. Ltd., No. 11 Lianbao Rd, Shengfeng District, Xiaolan Town, Zhongshan City, Guangdong, China – 528400",./assets/images/tracklights/Adhil-20-S-04-champeing-gold.webp
Adhil 20S,ARFD1503,48V DC,NA,3000K, CRI>97,Φ60*H170mm,36°,20W,AJ/CG,ATAS2060/30/36/RG,R-41159492,IS 10322 (PART 5/SEC 1) : 2012,13999,"Guangdong Sat Technology Co. Ltd., No. 11 Lianbao Rd, Shengfeng District, Xiaolan Town, Zhongshan City, Guangdong, China – 528400",./assets/images/tracklights/Adhil-20-S-08-rose-gold.webp
Adhil 20S,ARFD1503,48V DC,NA,3000K, CRI>97,Φ60*H170mm,36°,20W,AJ/CG,ATAS2060/30/36/BR,R-41159492,IS 10322 (PART 5/SEC 1) : 2012,13999,"Guangdong Sat Technology Co. Ltd., No. 11 Lianbao Rd, Shengfeng District, Xiaolan Town, Zhongshan City, Guangdong, China – 528400",./assets/images/tracklights/Adhil-20-S-10-brown.webp
Adhil 20S,ARFD1503,48V DC,NA,3000K, CRI>97,Φ60*H170mm,36°,20W,AJ/CG,ATAS2060/30/36/COF,R-41159492,IS 10322 (PART 5/SEC 1) : 2012,13999,"Guangdong Sat Technology Co. Ltd., No. 11 Lianbao Rd, Shengfeng District, Xiaolan Town, Zhongshan City, Guangdong, China – 528400",./assets/images/tracklights/Adhil-20-S-07-coffee.webp
Adhil 20S,ARFD1503,48V DC,NA,3000K, CRI>97,Φ60*H170mm,36°,20W,AJ/CG,ATAS2060/30/36/DGR,R-41159492,IS 10322 (PART 5/SEC 1) : 2012,13999,"Guangdong Sat Technology Co. Ltd., No. 11 Lianbao Rd, Shengfeng District, Xiaolan Town, Zhongshan City, Guangdong, China – 528400",./assets/images/tracklights/Adhil-20-S-09-dark-gray-default.webp
Adhil 20S,ARFD1503,48V DC,NA,3000K, CRI>97,Φ60*H170mm,36°,20W,AJ/CG,ATAS2060/30/36/BB,R-41159492,IS 10322 (PART 5/SEC 1) : 2012,13999,"Guangdong Sat Technology Co. Ltd., No. 11 Lianbao Rd, Shengfeng District, Xiaolan Town, Zhongshan City, Guangdong, China – 528400",./assets/images/tracklights/Adhil-20-S-06-ballet-blue.webp
Adhil 20S,ARFD1503,48V DC,NA,3000K, CRI>97,Φ60*H170mm,36°,20W,AJ/CG,ATAS2060/30/36/CH,R-41159492,IS 10322 (PART 5/SEC 1) : 2012,13999,"Guangdong Sat Technology Co. Ltd., No. 11 Lianbao Rd, Shengfeng District, Xiaolan Town, Zhongshan City, Guangdong, China – 528400",./assets/images/tracklights/Adhil-20-S-01-chrome.webp
Adhil 20S,ARFD1503,48V DC,NA,3000K, CRI>97,Φ60*H170mm,36°,20W,AJ/CG,ATAS2060/30/36/CHB,R-41159492,IS 10322 (PART 5/SEC 1) : 2012,13999,"Guangdong Sat Technology Co. Ltd., No. 11 Lianbao Rd, Shengfeng District, Xiaolan Town, Zhongshan City, Guangdong, China – 528400",./assets/images/tracklights/Adhil-20-S-02-chrome-black.webp
Adhil 20S,ARFD1503,48V DC,NA,3500K, CRI>97,Φ60*H170mm,36°,20W,AJ/CG,ATAS2060/35/36/W,R-41159492,IS 10322 (PART 5/SEC 1) : 2012,12999,"Guangdong Sat Technology Co. Ltd., No. 11 Lianbao Rd, Shengfeng District, Xiaolan Town, Zhongshan City, Guangdong, China – 528400",./assets/images/tracklights/Adhil-20-S-05-white.webp
Adhil 20S,ARFD1503,48V DC,NA,3500K, CRI>97,Φ60*H170mm,36°,20W,AJ/CG,ATAS2060/35/36/B,R-41159492,IS 10322 (PART 5/SEC 1) : 2012,12999,"Guangdong Sat Technology Co. Ltd., No. 11 Lianbao Rd, Shengfeng District, Xiaolan Town, Zhongshan City, Guangdong, China – 528400",./assets/images/tracklights/Adhil-20-S-03-mat-black-default.webp
Adhil 20S,ARFD1503,48V DC,NA,3500K, CRI>97,Φ60*H170mm,36°,20W,AJ/CG,ATAS2060/35/36/CG,R-41159492,IS 10322 (PART 5/SEC 1) : 2012,13999,"Guangdong Sat Technology Co. Ltd., No. 11 Lianbao Rd, Shengfeng District, Xiaolan Town, Zhongshan City, Guangdong, China – 528400",./assets/images/tracklights/Adhil-20-S-04-champeing-gold.webp
Adhil 20S,ARFD1503,48V DC,NA,3500K, CRI>97,Φ60*H170mm,36°,20W,AJ/CG,ATAS2060/35/36/RG,R-41159492,IS 10322 (PART 5/SEC 1) : 2012,13999,"Guangdong Sat Technology Co. Ltd., No. 11 Lianbao Rd, Shengfeng District, Xiaolan Town, Zhongshan City, Guangdong, China – 528400",./assets/images/tracklights/Adhil-20-S-08-rose-gold.webp
Adhil 20S,ARFD1503,48V DC,NA,3500K, CRI>97,Φ60*H170mm,36°,20W,AJ/CG,ATAS2060/35/36/BR,R-41159492,IS 10322 (PART 5/SEC 1) : 2012,13999,"Guangdong Sat Technology Co. Ltd., No. 11 Lianbao Rd, Shengfeng District, Xiaolan Town, Zhongshan City, Guangdong, China – 528400",./assets/images/tracklights/Adhil-20-S-10-brown.webp
Adhil 20S,ARFD1503,48V DC,NA,3500K, CRI>97,Φ60*H170mm,36°,20W,AJ/CG,ATAS2060/35/36/COF,R-41159492,IS 10322 (PART 5/SEC 1) : 2012,13999,"Guangdong Sat Technology Co. Ltd., No. 11 Lianbao Rd, Shengfeng District, Xiaolan Town, Zhongshan City, Guangdong, China – 528400",./assets/images/tracklights/Adhil-20-S-07-coffee.webp
Adhil 20S,ARFD1503,48V DC,NA,3500K, CRI>97,Φ60*H170mm,36°,20W,AJ/CG,ATAS2060/35/36/DGR,R-41159492,IS 10322 (PART 5/SEC 1) : 2012,13999,"Guangdong Sat Technology Co. Ltd., No. 11 Lianbao Rd, Shengfeng District, Xiaolan Town, Zhongshan City, Guangdong, China – 528400",./assets/images/tracklights/Adhil-20-S-09-dark-gray-default.webp
Adhil 20S,ARFD1503,48V DC,NA,3500K, CRI>97,Φ60*H170mm,36°,20W,AJ/CG,ATAS2060/35/36/BB,R-41159492,IS 10322 (PART 5/SEC 1) : 2012,13999,"Guangdong Sat Technology Co. Ltd., No. 11 Lianbao Rd, Shengfeng District, Xiaolan Town, Zhongshan City, Guangdong, China – 528400",./assets/images/tracklights/Adhil-20-S-06-ballet-blue.webp
Adhil 20S,ARFD1503,48V DC,NA,3500K, CRI>97,Φ60*H170mm,36°,20W,AJ/CG,ATAS2060/35/36/CH,R-41159492,IS 10322 (PART 5/SEC 1) : 2012,13999,"Guangdong Sat Technology Co. Ltd., No. 11 Lianbao Rd, Shengfeng District, Xiaolan Town, Zhongshan City, Guangdong, China – 528400",./assets/images/tracklights/Adhil-20-S-01-chrome.webp
Adhil 20S,ARFD1503,48V DC,NA,3500K, CRI>97,Φ60*H170mm,36°,20W,AJ/CG,ATAS2060/35/36/CHB,R-41159492,IS 10322 (PART 5/SEC 1) : 2012,13999,"Guangdong Sat Technology Co. Ltd., No. 11 Lianbao Rd, Shengfeng District, Xiaolan Town, Zhongshan City, Guangdong, China – 528400",./assets/images/tracklights/Adhil-20-S-02-chrome-black.webp
Adhil 20S,ARFD1503,48V DC,NA,4000K, CRI>97,Φ60*H170mm,36°,20W,AJ/CG,ATAS2060/40/36/W,R-41159492,IS 10322 (PART 5/SEC 1) : 2012,12999,"Guangdong Sat Technology Co. Ltd., No. 11 Lianbao Rd, Shengfeng District, Xiaolan Town, Zhongshan City, Guangdong, China – 528400",./assets/images/tracklights/Adhil-20-S-05-white.webp
Adhil 20S,ARFD1503,48V DC,NA,4000K, CRI>97,Φ60*H170mm,36°,20W,AJ/CG,ATAS2060/40/36/B,R-41159492,IS 10322 (PART 5/SEC 1) : 2012,12999,"Guangdong Sat Technology Co. Ltd., No. 11 Lianbao Rd, Shengfeng District, Xiaolan Town, Zhongshan City, Guangdong, China – 528400",./assets/images/tracklights/Adhil-20-S-03-mat-black-default.webp
Adhil 20S,ARFD1503,48V DC,NA,4000K, CRI>97,Φ60*H170mm,36°,20W,AJ/CG,ATAS2060/40/36/CG,R-41159492,IS 10322 (PART 5/SEC 1) : 2012,13999,"Guangdong Sat Technology Co. Ltd., No. 11 Lianbao Rd, Shengfeng District, Xiaolan Town, Zhongshan City, Guangdong, China – 528400",./assets/images/tracklights/Adhil-20-S-04-champeing-gold.webp
Adhil 20S,ARFD1503,48V DC,NA,4000K, CRI>97,Φ60*H170mm,36°,20W,AJ/CG,ATAS2060/40/36/RG,R-41159492,IS 10322 (PART 5/SEC 1) : 2012,13999,"Guangdong Sat Technology Co. Ltd., No. 11 Lianbao Rd, Shengfeng District, Xiaolan Town, Zhongshan City, Guangdong, China – 528400",./assets/images/tracklights/Adhil-20-S-08-rose-gold.webp
Adhil 20S,ARFD1503,48V DC,NA,4000K, CRI>97,Φ60*H170mm,36°,20W,AJ/CG,ATAS2060/40/36/BR,R-41159492,IS 10322 (PART 5/SEC 1) : 2012,13999,"Guangdong Sat Technology Co. Ltd., No. 11 Lianbao Rd, Shengfeng District, Xiaolan Town, Zhongshan City, Guangdong, China – 528400",./assets/images/tracklights/Adhil-20-S-10-brown.webp
Adhil 20S,ARFD1503,48V DC,NA,4000K, CRI>97,Φ60*H170mm,36°,20W,AJ/CG,ATAS2060/40/36/COF,R-41159492,IS 10322 (PART 5/SEC 1) : 2012,13999,"Guangdong Sat Technology Co. Ltd., No. 11 Lianbao Rd, Shengfeng District, Xiaolan Town, Zhongshan City, Guangdong, China – 528400",./assets/images/tracklights/Adhil-20-S-07-coffee.webp
Adhil 20S,ARFD1503,48V DC,NA,4000K, CRI>97,Φ60*H170mm,36°,20W,AJ/CG,ATAS2060/40/36/DGR,R-41159492,IS 10322 (PART 5/SEC 1) : 2012,13999,"Guangdong Sat Technology Co. Ltd., No. 11 Lianbao Rd, Shengfeng District, Xiaolan Town, Zhongshan City, Guangdong, China – 528400",./assets/images/tracklights/Adhil-20-S-09-dark-gray-default.webp
Adhil 20S,ARFD1503,48V DC,NA,4000K, CRI>97,Φ60*H170mm,36°,20W,AJ/CG,ATAS2060/40/36/BB,R-41159492,IS 10322 (PART 5/SEC 1) : 2012,13999,"Guangdong Sat Technology Co. Ltd., No. 11 Lianbao Rd, Shengfeng District, Xiaolan Town, Zhongshan City, Guangdong, China – 528400",./assets/images/tracklights/Adhil-20-S-06-ballet-blue.webp
Adhil 20S,ARFD1503,48V DC,NA,4000K, CRI>97,Φ60*H170mm,36°,20W,AJ/CG,ATAS2060/40/36/CH,R-41159492,IS 10322 (PART 5/SEC 1) : 2012,13999,"Guangdong Sat Technology Co. Ltd., No. 11 Lianbao Rd, Shengfeng District, Xiaolan Town, Zhongshan City, Guangdong, China – 528400",./assets/images/tracklights/Adhil-20-S-01-chrome.webp
Adhil 20S,ARFD1503,48V DC,NA,4000K, CRI>97,Φ60*H170mm,36°,20W,AJ/CG,ATAS2060/40/36/CHB,R-41159492,IS 10322 (PART 5/SEC 1) : 2012,13999,"Guangdong Sat Technology Co. Ltd., No. 11 Lianbao Rd, Shengfeng District, Xiaolan Town, Zhongshan City, Guangdong, China – 528400",./assets/images/tracklights/Adhil-20-S-02-chrome-black.webp
Adhil 20S,ARFD1503,48V DC,NA,5000K, CRI>97,Φ60*H170mm,36°,20W,AJ/CG,ATAS2060/50/36/W,R-41159492,IS 10322 (PART 5/SEC 1) : 2012,12999,"Guangdong Sat Technology Co. Ltd., No. 11 Lianbao Rd, Shengfeng District, Xiaolan Town, Zhongshan City, Guangdong, China – 528400",./assets/images/tracklights/Adhil-20-S-05-white.webp
Adhil 20S,ARFD1503,48V DC,NA,5000K, CRI>97,Φ60*H170mm,36°,20W,AJ/CG,ATAS2060/50/36/B,R-41159492,IS 10322 (PART 5/SEC 1) : 2012,12999,"Guangdong Sat Technology Co. Ltd., No. 11 Lianbao Rd, Shengfeng District, Xiaolan Town, Zhongshan City, Guangdong, China – 528400",./assets/images/tracklights/Adhil-20-S-03-mat-black-default.webp
Adhil 20S,ARFD1503,48V DC,NA,5000K, CRI>97,Φ60*H170mm,36°,20W,AJ/CG,ATAS2060/50/36/CG,R-41159492,IS 10322 (PART 5/SEC 1) : 2012,13999,"Guangdong Sat Technology Co. Ltd., No. 11 Lianbao Rd, Shengfeng District, Xiaolan Town, Zhongshan City, Guangdong, China – 528400",./assets/images/tracklights/Adhil-20-S-04-champeing-gold.webp
Adhil 20S,ARFD1503,48V DC,NA,5000K, CRI>97,Φ60*H170mm,36°,20W,AJ/CG,ATAS2060/50/36/RG,R-41159492,IS 10322 (PART 5/SEC 1) : 2012,13999,"Guangdong Sat Technology Co. Ltd., No. 11 Lianbao Rd, Shengfeng District, Xiaolan Town, Zhongshan City, Guangdong, China – 528400",./assets/images/tracklights/Adhil-20-S-08-rose-gold.webp
Adhil 20S,ARFD1503,48V DC,NA,5000K, CRI>97,Φ60*H170mm,36°,20W,AJ/CG,ATAS2060/50/36/BR,R-41159492,IS 10322 (PART 5/SEC 1) : 2012,13999,"Guangdong Sat Technology Co. Ltd., No. 11 Lianbao Rd, Shengfeng District, Xiaolan Town, Zhongshan City, Guangdong, China – 528400",./assets/images/tracklights/Adhil-20-S-10-brown.webp
Adhil 20S,ARFD1503,48V DC,NA,5000K, CRI>97,Φ60*H170mm,36°,20W,AJ/CG,ATAS2060/50/36/COF,R-41159492,IS 10322 (PART 5/SEC 1) : 2012,13999,"Guangdong Sat Technology Co. Ltd., No. 11 Lianbao Rd, Shengfeng District, Xiaolan Town, Zhongshan City, Guangdong, China – 528400",./assets/images/tracklights/Adhil-20-S-07-coffee.webp
Adhil 20S,ARFD1503,48V DC,NA,5000K, CRI>97,Φ60*H170mm,36°,20W,AJ/CG,ATAS2060/50/36/DGR,R-41159492,IS 10322 (PART 5/SEC 1) : 2012,13999,"Guangdong Sat Technology Co. Ltd., No. 11 Lianbao Rd, Shengfeng District, Xiaolan Town, Zhongshan City, Guangdong, China – 528400",./assets/images/tracklights/Adhil-20-S-09-dark-gray-default.webp
Adhil 20S,ARFD1503,48V DC,NA,5000K, CRI>97,Φ60*H170mm,36°,20W,AJ/CG,ATAS2060/50/36/BB,R-41159492,IS 10322 (PART 5/SEC 1) : 2012,13999,"Guangdong Sat Technology Co. Ltd., No. 11 Lianbao Rd, Shengfeng District, Xiaolan Town, Zhongshan City, Guangdong, China – 528400",./assets/images/tracklights/Adhil-20-S-06-ballet-blue.webp
Adhil 20S,ARFD1503,48V DC,NA,5000K, CRI>97,Φ60*H170mm,36°,20W,AJ/CG,ATAS2060/50/36/CH,R-41159492,IS 10322 (PART 5/SEC 1) : 2012,13999,"Guangdong Sat Technology Co. Ltd., No. 11 Lianbao Rd, Shengfeng District, Xiaolan Town, Zhongshan City, Guangdong, China – 528400",./assets/images/tracklights/Adhil-20-S-01-chrome.webp
Adhil 20S,ARFD1503,48V DC,NA,5000K, CRI>97,Φ60*H170mm,36°,20W,AJ/CG,ATAS2060/50/36/CHB,R-41159492,IS 10322 (PART 5/SEC 1) : 2012,13999,"Guangdong Sat Technology Co. Ltd., No. 11 Lianbao Rd, Shengfeng District, Xiaolan Town, Zhongshan City, Guangdong, China – 528400",./assets/images/tracklights/Adhil-20-S-02-chrome-black.webp
Adhil 20S,ARFD1503,48V DC,NA,2700K, CRI>97,Φ60*H170mm,60°,20W,AJ/CG,ATAS2060/27/60/W,R-41159492,IS 10322 (PART 5/SEC 1) : 2012,12999,"Guangdong Sat Technology Co. Ltd., No. 11 Lianbao Rd, Shengfeng District, Xiaolan Town, Zhongshan City, Guangdong, China – 528400",./assets/images/tracklights/Adhil-20-S-05-white.webp
Adhil 20S,ARFD1503,48V DC,NA,2700K, CRI>97,Φ60*H170mm,60°,20W,AJ/CG,ATAS2060/27/60/B,R-41159492,IS 10322 (PART 5/SEC 1) : 2012,12999,"Guangdong Sat Technology Co. Ltd., No. 11 Lianbao Rd, Shengfeng District, Xiaolan Town, Zhongshan City, Guangdong, China – 528400",./assets/images/tracklights/Adhil-20-S-03-mat-black-default.webp
Adhil 20S,ARFD1503,48V DC,NA,2700K, CRI>97,Φ60*H170mm,60°,20W,AJ/CG,ATAS2060/27/60/CG,R-41159492,IS 10322 (PART 5/SEC 1) : 2012,13999,"Guangdong Sat Technology Co. Ltd., No. 11 Lianbao Rd, Shengfeng District, Xiaolan Town, Zhongshan City, Guangdong, China – 528400",./assets/images/tracklights/Adhil-20-S-04-champeing-gold.webp
Adhil 20S,ARFD1503,48V DC,NA,2700K, CRI>97,Φ60*H170mm,60°,20W,AJ/CG,ATAS2060/27/60/RG,R-41159492,IS 10322 (PART 5/SEC 1) : 2012,13999,"Guangdong Sat Technology Co. Ltd., No. 11 Lianbao Rd, Shengfeng District, Xiaolan Town, Zhongshan City, Guangdong, China – 528400",./assets/images/tracklights/Adhil-20-S-08-rose-gold.webp
Adhil 20S,ARFD1503,48V DC,NA,2700K, CRI>97,Φ60*H170mm,60°,20W,AJ/CG,ATAS2060/27/60/BR,R-41159492,IS 10322 (PART 5/SEC 1) : 2012,13999,"Guangdong Sat Technology Co. Ltd., No. 11 Lianbao Rd, Shengfeng District, Xiaolan Town, Zhongshan City, Guangdong, China – 528400",./assets/images/tracklights/Adhil-20-S-10-brown.webp
Adhil 20S,ARFD1503,48V DC,NA,2700K, CRI>97,Φ60*H170mm,60°,20W,AJ/CG,ATAS2060/27/60/COF,R-41159492,IS 10322 (PART 5/SEC 1) : 2012,13999,"Guangdong Sat Technology Co. Ltd., No. 11 Lianbao Rd, Shengfeng District, Xiaolan Town, Zhongshan City, Guangdong, China – 528400",./assets/images/tracklights/Adhil-20-S-07-coffee.webp
Adhil 20S,ARFD1503,48V DC,NA,2700K, CRI>97,Φ60*H170mm,60°,20W,AJ/CG,ATAS2060/27/60/DGR,R-41159492,IS 10322 (PART 5/SEC 1) : 2012,13999,"Guangdong Sat Technology Co. Ltd., No. 11 Lianbao Rd, Shengfeng District, Xiaolan Town, Zhongshan City, Guangdong, China – 528400",./assets/images/tracklights/Adhil-20-S-09-dark-gray-default.webp
Adhil 20S,ARFD1503,48V DC,NA,2700K, CRI>97,Φ60*H170mm,60°,20W,AJ/CG,ATAS2060/27/60/BB,R-41159492,IS 10322 (PART 5/SEC 1) : 2012,13999,"Guangdong Sat Technology Co. Ltd., No. 11 Lianbao Rd, Shengfeng District, Xiaolan Town, Zhongshan City, Guangdong, China – 528400",./assets/images/tracklights/Adhil-20-S-06-ballet-blue.webp
Adhil 20S,ARFD1503,48V DC,NA,2700K, CRI>97,Φ60*H170mm,60°,20W,AJ/CG,ATAS2060/27/60/CH,R-41159492,IS 10322 (PART 5/SEC 1) : 2012,13999,"Guangdong Sat Technology Co. Ltd., No. 11 Lianbao Rd, Shengfeng District, Xiaolan Town, Zhongshan City, Guangdong, China – 528400",./assets/images/tracklights/Adhil-20-S-01-chrome.webp
Adhil 20S,ARFD1503,48V DC,NA,2700K, CRI>97,Φ60*H170mm,60°,20W,AJ/CG,ATAS2060/27/60/CHB,R-41159492,IS 10322 (PART 5/SEC 1) : 2012,13999,"Guangdong Sat Technology Co. Ltd., No. 11 Lianbao Rd, Shengfeng District, Xiaolan Town, Zhongshan City, Guangdong, China – 528400",./assets/images/tracklights/Adhil-20-S-02-chrome-black.webp
Adhil 20S,ARFD1503,48V DC,NA,3000K, CRI>97,Φ60*H170mm,60°,20W,AJ/CG,ATAS2060/30/60/W,R-41159492,IS 10322 (PART 5/SEC 1) : 2012,12999,"Guangdong Sat Technology Co. Ltd., No. 11 Lianbao Rd, Shengfeng District, Xiaolan Town, Zhongshan City, Guangdong, China – 528400",./assets/images/tracklights/Adhil-20-S-05-white.webp
Adhil 20S,ARFD1503,48V DC,NA,3000K, CRI>97,Φ60*H170mm,60°,20W,AJ/CG,ATAS2060/30/60/B,R-41159492,IS 10322 (PART 5/SEC 1) : 2012,12999,"Guangdong Sat Technology Co. Ltd., No. 11 Lianbao Rd, Shengfeng District, Xiaolan Town, Zhongshan City, Guangdong, China – 528400",./assets/images/tracklights/Adhil-20-S-03-mat-black-default.webp
Adhil 20S,ARFD1503,48V DC,NA,3000K, CRI>97,Φ60*H170mm,60°,20W,AJ/CG,ATAS2060/30/60/CG,R-41159492,IS 10322 (PART 5/SEC 1) : 2012,13999,"Guangdong Sat Technology Co. Ltd., No. 11 Lianbao Rd, Shengfeng District, Xiaolan Town, Zhongshan City, Guangdong, China – 528400",./assets/images/tracklights/Adhil-20-S-04-champeing-gold.webp
Adhil 20S,ARFD1503,48V DC,NA,3000K, CRI>97,Φ60*H170mm,60°,20W,AJ/CG,ATAS2060/30/60/RG,R-41159492,IS 10322 (PART 5/SEC 1) : 2012,13999,"Guangdong Sat Technology Co. Ltd., No. 11 Lianbao Rd, Shengfeng District, Xiaolan Town, Zhongshan City, Guangdong, China – 528400",./assets/images/tracklights/Adhil-20-S-08-rose-gold.webp
Adhil 20S,ARFD1503,48V DC,NA,3000K, CRI>97,Φ60*H170mm,60°,20W,AJ/CG,ATAS2060/30/60/BR,R-41159492,IS 10322 (PART 5/SEC 1) : 2012,13999,"Guangdong Sat Technology Co. Ltd., No. 11 Lianbao Rd, Shengfeng District, Xiaolan Town, Zhongshan City, Guangdong, China – 528400",./assets/images/tracklights/Adhil-20-S-10-brown.webp
Adhil 20S,ARFD1503,48V DC,NA,3000K, CRI>97,Φ60*H170mm,60°,20W,AJ/CG,ATAS2060/30/60/COF,R-41159492,IS 10322 (PART 5/SEC 1) : 2012,13999,"Guangdong Sat Technology Co. Ltd., No. 11 Lianbao Rd, Shengfeng District, Xiaolan Town, Zhongshan City, Guangdong, China – 528400",./assets/images/tracklights/Adhil-20-S-07-coffee.webp
Adhil 20S,ARFD1503,48V DC,NA,3000K, CRI>97,Φ60*H170mm,60°,20W,AJ/CG,ATAS2060/30/60/DGR,R-41159492,IS 10322 (PART 5/SEC 1) : 2012,13999,"Guangdong Sat Technology Co. Ltd., No. 11 Lianbao Rd, Shengfeng District, Xiaolan Town, Zhongshan City, Guangdong, China – 528400",./assets/images/tracklights/Adhil-20-S-09-dark-gray-default.webp
Adhil 20S,ARFD1503,48V DC,NA,3000K, CRI>97,Φ60*H170mm,60°,20W,AJ/CG,ATAS2060/30/60/BB,R-41159492,IS 10322 (PART 5/SEC 1) : 2012,13999,"Guangdong Sat Technology Co. Ltd., No. 11 Lianbao Rd, Shengfeng District, Xiaolan Town, Zhongshan City, Guangdong, China – 528400",./assets/images/tracklights/Adhil-20-S-06-ballet-blue.webp
Adhil 20S,ARFD1503,48V DC,NA,3000K, CRI>97,Φ60*H170mm,60°,20W,AJ/CG,ATAS2060/30/60/CH,R-41159492,IS 10322 (PART 5/SEC 1) : 2012,13999,"Guangdong Sat Technology Co. Ltd., No. 11 Lianbao Rd, Shengfeng District, Xiaolan Town, Zhongshan City, Guangdong, China – 528400",./assets/images/tracklights/Adhil-20-S-01-chrome.webp
Adhil 20S,ARFD1503,48V DC,NA,3000K, CRI>97,Φ60*H170mm,60°,20W,AJ/CG,ATAS2060/30/60/CHB,R-41159492,IS 10322 (PART 5/SEC 1) : 2012,13999,"Guangdong Sat Technology Co. Ltd., No. 11 Lianbao Rd, Shengfeng District, Xiaolan Town, Zhongshan City, Guangdong, China – 528400",./assets/images/tracklights/Adhil-20-S-02-chrome-black.webp
Adhil 20S,ARFD1503,48V DC,NA,3500K, CRI>97,Φ60*H170mm,60°,20W,AJ/CG,ATAS2060/35/60/W,R-41159492,IS 10322 (PART 5/SEC 1) : 2012,12999,"Guangdong Sat Technology Co. Ltd., No. 11 Lianbao Rd, Shengfeng District, Xiaolan Town, Zhongshan City, Guangdong, China – 528400",./assets/images/tracklights/Adhil-20-S-05-white.webp
Adhil 20S,ARFD1503,48V DC,NA,3500K, CRI>97,Φ60*H170mm,60°,20W,AJ/CG,ATAS2060/35/60/B,R-41159492,IS 10322 (PART 5/SEC 1) : 2012,12999,"Guangdong Sat Technology Co. Ltd., No. 11 Lianbao Rd, Shengfeng District, Xiaolan Town, Zhongshan City, Guangdong, China – 528400",./assets/images/tracklights/Adhil-20-S-03-mat-black-default.webp
Adhil 20S,ARFD1503,48V DC,NA,3500K, CRI>97,Φ60*H170mm,60°,20W,AJ/CG,ATAS2060/35/60/CG,R-41159492,IS 10322 (PART 5/SEC 1) : 2012,13999,"Guangdong Sat Technology Co. Ltd., No. 11 Lianbao Rd, Shengfeng District, Xiaolan Town, Zhongshan City, Guangdong, China – 528400",./assets/images/tracklights/Adhil-20-S-04-champeing-gold.webp
Adhil 20S,ARFD1503,48V DC,NA,3500K, CRI>97,Φ60*H170mm,60°,20W,AJ/CG,ATAS2060/35/60/RG,R-41159492,IS 10322 (PART 5/SEC 1) : 2012,13999,"Guangdong Sat Technology Co. Ltd., No. 11 Lianbao Rd, Shengfeng District, Xiaolan Town, Zhongshan City, Guangdong, China – 528400",./assets/images/tracklights/Adhil-20-S-08-rose-gold.webp
Adhil 20S,ARFD1503,48V DC,NA,3500K, CRI>97,Φ60*H170mm,60°,20W,AJ/CG,ATAS2060/35/60/BR,R-41159492,IS 10322 (PART 5/SEC 1) : 2012,13999,"Guangdong Sat Technology Co. Ltd., No. 11 Lianbao Rd, Shengfeng District, Xiaolan Town, Zhongshan City, Guangdong, China – 528400",./assets/images/tracklights/Adhil-20-S-10-brown.webp
Adhil 20S,ARFD1503,48V DC,NA,3500K, CRI>97,Φ60*H170mm,60°,20W,AJ/CG,ATAS2060/35/60/COF,R-41159492,IS 10322 (PART 5/SEC 1) : 2012,13999,"Guangdong Sat Technology Co. Ltd., No. 11 Lianbao Rd, Shengfeng District, Xiaolan Town, Zhongshan City, Guangdong, China – 528400",./assets/images/tracklights/Adhil-20-S-07-coffee.webp
Adhil 20S,ARFD1503,48V DC,NA,3500K, CRI>97,Φ60*H170mm,60°,20W,AJ/CG,ATAS2060/35/60/DGR,R-41159492,IS 10322 (PART 5/SEC 1) : 2012,13999,"Guangdong Sat Technology Co. Ltd., No. 11 Lianbao Rd, Shengfeng District, Xiaolan Town, Zhongshan City, Guangdong, China – 528400",./assets/images/tracklights/Adhil-20-S-09-dark-gray-default.webp
Adhil 20S,ARFD1503,48V DC,NA,3500K, CRI>97,Φ60*H170mm,60°,20W,AJ/CG,ATAS2060/35/60/BB,R-41159492,IS 10322 (PART 5/SEC 1) : 2012,13999,"Guangdong Sat Technology Co. Ltd., No. 11 Lianbao Rd, Shengfeng District, Xiaolan Town, Zhongshan City, Guangdong, China – 528400",./assets/images/tracklights/Adhil-20-S-06-ballet-blue.webp
Adhil 20S,ARFD1503,48V DC,NA,3500K, CRI>97,Φ60*H170mm,60°,20W,AJ/CG,ATAS2060/35/60/CH,R-41159492,IS 10322 (PART 5/SEC 1) : 2012,13999,"Guangdong Sat Technology Co. Ltd., No. 11 Lianbao Rd, Shengfeng District, Xiaolan Town, Zhongshan City, Guangdong, China – 528400",./assets/images/tracklights/Adhil-20-S-01-chrome.webp
Adhil 20S,ARFD1503,48V DC,NA,3500K, CRI>97,Φ60*H170mm,60°,20W,AJ/CG,ATAS2060/35/60/CHB,R-41159492,IS 10322 (PART 5/SEC 1) : 2012,13999,"Guangdong Sat Technology Co. Ltd., No. 11 Lianbao Rd, Shengfeng District, Xiaolan Town, Zhongshan City, Guangdong, China – 528400",./assets/images/tracklights/Adhil-20-S-02-chrome-black.webp
Adhil 20S,ARFD1503,48V DC,NA,4000K, CRI>97,Φ60*H170mm,60°,20W,AJ/CG,ATAS2060/40/60/W,R-41159492,IS 10322 (PART 5/SEC 1) : 2012,12999,"Guangdong Sat Technology Co. Ltd., No. 11 Lianbao Rd, Shengfeng District, Xiaolan Town, Zhongshan City, Guangdong, China – 528400",./assets/images/tracklights/Adhil-20-S-05-white.webp
Adhil 20S,ARFD1503,48V DC,NA,4000K, CRI>97,Φ60*H170mm,60°,20W,AJ/CG,ATAS2060/40/60/B,R-41159492,IS 10322 (PART 5/SEC 1) : 2012,12999,"Guangdong Sat Technology Co. Ltd., No. 11 Lianbao Rd, Shengfeng District, Xiaolan Town, Zhongshan City, Guangdong, China – 528400",./assets/images/tracklights/Adhil-20-S-03-mat-black-default.webp
Adhil 20S,ARFD1503,48V DC,NA,4000K, CRI>97,Φ60*H170mm,60°,20W,AJ/CG,ATAS2060/40/60/CG,R-41159492,IS 10322 (PART 5/SEC 1) : 2012,13999,"Guangdong Sat Technology Co. Ltd., No. 11 Lianbao Rd, Shengfeng District, Xiaolan Town, Zhongshan City, Guangdong, China – 528400",./assets/images/tracklights/Adhil-20-S-04-champeing-gold.webp
Adhil 20S,ARFD1503,48V DC,NA,4000K, CRI>97,Φ60*H170mm,60°,20W,AJ/CG,ATAS2060/40/60/RG,R-41159492,IS 10322 (PART 5/SEC 1) : 2012,13999,"Guangdong Sat Technology Co. Ltd., No. 11 Lianbao Rd, Shengfeng District, Xiaolan Town, Zhongshan City, Guangdong, China – 528400",./assets/images/tracklights/Adhil-20-S-08-rose-gold.webp
Adhil 20S,ARFD1503,48V DC,NA,4000K, CRI>97,Φ60*H170mm,60°,20W,AJ/CG,ATAS2060/40/60/BR,R-41159492,IS 10322 (PART 5/SEC 1) : 2012,13999,"Guangdong Sat Technology Co. Ltd., No. 11 Lianbao Rd, Shengfeng District, Xiaolan Town, Zhongshan City, Guangdong, China – 528400",./assets/images/tracklights/Adhil-20-S-10-brown.webp
Adhil 20S,ARFD1503,48V DC,NA,4000K, CRI>97,Φ60*H170mm,60°,20W,AJ/CG,ATAS2060/40/60/COF,R-41159492,IS 10322 (PART 5/SEC 1) : 2012,13999,"Guangdong Sat Technology Co. Ltd., No. 11 Lianbao Rd, Shengfeng District, Xiaolan Town, Zhongshan City, Guangdong, China – 528400",./assets/images/tracklights/Adhil-20-S-07-coffee.webp
Adhil 20S,ARFD1503,48V DC,NA,4000K, CRI>97,Φ60*H170mm,60°,20W,AJ/CG,ATAS2060/40/60/DGR,R-41159492,IS 10322 (PART 5/SEC 1) : 2012,13999,"Guangdong Sat Technology Co. Ltd., No. 11 Lianbao Rd, Shengfeng District, Xiaolan Town, Zhongshan City, Guangdong, China – 528400",./assets/images/tracklights/Adhil-20-S-09-dark-gray-default.webp
Adhil 20S,ARFD1503,48V DC,NA,4000K, CRI>97,Φ60*H170mm,60°,20W,AJ/CG,ATAS2060/40/60/BB,R-41159492,IS 10322 (PART 5/SEC 1) : 2012,13999,"Guangdong Sat Technology Co. Ltd., No. 11 Lianbao Rd, Shengfeng District, Xiaolan Town, Zhongshan City, Guangdong, China – 528400",./assets/images/tracklights/Adhil-20-S-06-ballet-blue.webp
Adhil 20S,ARFD1503,48V DC,NA,4000K, CRI>97,Φ60*H170mm,60°,20W,AJ/CG,ATAS2060/40/60/CH,R-41159492,IS 10322 (PART 5/SEC 1) : 2012,13999,"Guangdong Sat Technology Co. Ltd., No. 11 Lianbao Rd, Shengfeng District, Xiaolan Town, Zhongshan City, Guangdong, China – 528400",./assets/images/tracklights/Adhil-20-S-01-chrome.webp
Adhil 20S,ARFD1503,48V DC,NA,4000K, CRI>97,Φ60*H170mm,60°,20W,AJ/CG,ATAS2060/40/60/CHB,R-41159492,IS 10322 (PART 5/SEC 1) : 2012,13999,"Guangdong Sat Technology Co. Ltd., No. 11 Lianbao Rd, Shengfeng District, Xiaolan Town, Zhongshan City, Guangdong, China – 528400",./assets/images/tracklights/Adhil-20-S-02-chrome-black.webp
Adhil 20S,ARFD1503,48V DC,NA,5000K, CRI>97,Φ60*H170mm,60°,20W,AJ/CG,ATAS2060/50/60/W,R-41159492,IS 10322 (PART 5/SEC 1) : 2012,12999,"Guangdong Sat Technology Co. Ltd., No. 11 Lianbao Rd, Shengfeng District, Xiaolan Town, Zhongshan City, Guangdong, China – 528400",./assets/images/tracklights/Adhil-20-S-05-white.webp
Adhil 20S,ARFD1503,48V DC,NA,5000K, CRI>97,Φ60*H170mm,60°,20W,AJ/CG,ATAS2060/50/60/B,R-41159492,IS 10322 (PART 5/SEC 1) : 2012,12999,"Guangdong Sat Technology Co. Ltd., No. 11 Lianbao Rd, Shengfeng District, Xiaolan Town, Zhongshan City, Guangdong, China – 528400",./assets/images/tracklights/Adhil-20-S-03-mat-black-default.webp
Adhil 20S,ARFD1503,48V DC,NA,5000K, CRI>97,Φ60*H170mm,60°,20W,AJ/CG,ATAS2060/50/60/CG,R-41159492,IS 10322 (PART 5/SEC 1) : 2012,13999,"Guangdong Sat Technology Co. Ltd., No. 11 Lianbao Rd, Shengfeng District, Xiaolan Town, Zhongshan City, Guangdong, China – 528400",./assets/images/tracklights/Adhil-20-S-04-champeing-gold.webp
Adhil 20S,ARFD1503,48V DC,NA,5000K, CRI>97,Φ60*H170mm,60°,20W,AJ/CG,ATAS2060/50/60/RG,R-41159492,IS 10322 (PART 5/SEC 1) : 2012,13999,"Guangdong Sat Technology Co. Ltd., No. 11 Lianbao Rd, Shengfeng District, Xiaolan Town, Zhongshan City, Guangdong, China – 528400",./assets/images/tracklights/Adhil-20-S-08-rose-gold.webp
Adhil 20S,ARFD1503,48V DC,NA,5000K, CRI>97,Φ60*H170mm,60°,20W,AJ/CG,ATAS2060/50/60/BR,R-41159492,IS 10322 (PART 5/SEC 1) : 2012,13999,"Guangdong Sat Technology Co. Ltd., No. 11 Lianbao Rd, Shengfeng District, Xiaolan Town, Zhongshan City, Guangdong, China – 528400",./assets/images/tracklights/Adhil-20-S-10-brown.webp
Adhil 20S,ARFD1503,48V DC,NA,5000K, CRI>97,Φ60*H170mm,60°,20W,AJ/CG,ATAS2060/50/60/COF,R-41159492,IS 10322 (PART 5/SEC 1) : 2012,13999,"Guangdong Sat Technology Co. Ltd., No. 11 Lianbao Rd, Shengfeng District, Xiaolan Town, Zhongshan City, Guangdong, China – 528400",./assets/images/tracklights/Adhil-20-S-07-coffee.webp
Adhil 20S,ARFD1503,48V DC,NA,5000K, CRI>97,Φ60*H170mm,60°,20W,AJ/CG,ATAS2060/50/60/DGR,R-41159492,IS 10322 (PART 5/SEC 1) : 2012,13999,"Guangdong Sat Technology Co. Ltd., No. 11 Lianbao Rd, Shengfeng District, Xiaolan Town, Zhongshan City, Guangdong, China – 528400",./assets/images/tracklights/Adhil-20-S-09-dark-gray-default.webp
Adhil 20S,ARFD1503,48V DC,NA,5000K, CRI>97,Φ60*H170mm,60°,20W,AJ/CG,ATAS2060/50/60/BB,R-41159492,IS 10322 (PART 5/SEC 1) : 2012,13999,"Guangdong Sat Technology Co. Ltd., No. 11 Lianbao Rd, Shengfeng District, Xiaolan Town, Zhongshan City, Guangdong, China – 528400",./assets/images/tracklights/Adhil-20-S-06-ballet-blue.webp
Adhil 20S,ARFD1503,48V DC,NA,5000K, CRI>97,Φ60*H170mm,60°,20W,AJ/CG,ATAS2060/50/60/CH,R-41159492,IS 10322 (PART 5/SEC 1) : 2012,13999,"Guangdong Sat Technology Co. Ltd., No. 11 Lianbao Rd, Shengfeng District, Xiaolan Town, Zhongshan City, Guangdong, China – 528400",./assets/images/tracklights/Adhil-20-S-01-chrome.webp
Adhil 20S,ARFD1503,48V DC,NA,5000K, CRI>97,Φ60*H170mm,60°,20W,AJ/CG,ATAS2060/50/60/CHB,R-41159492,IS 10322 (PART 5/SEC 1) : 2012,13999,"Guangdong Sat Technology Co. Ltd., No. 11 Lianbao Rd, Shengfeng District, Xiaolan Town, Zhongshan City, Guangdong, China – 528400",./assets/images/tracklights/Adhil-20-S-02-chrome-black.webp
Adhil 20S Tunable,ARFD1503,48V DC,NA,2700K~6500K, CRI>97,Φ60*H170mm,15°,20W,AJ/CG,ATAS2060/CT/15/W,R-41159492,IS 10322 (PART 5/SEC 1) : 2012,14199,"Guangdong Sat Technology Co. Ltd., No. 11 Lianbao Rd, Shengfeng District, Xiaolan Town, Zhongshan City, Guangdong, China – 528400",./assets/images/tracklights/Adhil-20-S-05-white.webp
Adhil 20S Tunable,ARFD1503,48V DC,NA,2700K~6500K, CRI>97,Φ60*H170mm,15°,20W,AJ/CG,ATAS2060/CT/15/B,R-41159492,IS 10322 (PART 5/SEC 1) : 2012,14199,"Guangdong Sat Technology Co. Ltd., No. 11 Lianbao Rd, Shengfeng District, Xiaolan Town, Zhongshan City, Guangdong, China – 528400",./assets/images/tracklights/Adhil-20-S-03-mat-black-default.webp
Adhil 20S Tunable,ARFD1503,48V DC,NA,2700K~6500K, CRI>97,Φ60*H170mm,15°,20W,AJ/CG,ATAS2060/CT/15/CG,R-41159492,IS 10322 (PART 5/SEC 1) : 2012,15199,"Guangdong Sat Technology Co. Ltd., No. 11 Lianbao Rd, Shengfeng District, Xiaolan Town, Zhongshan City, Guangdong, China – 528400",./assets/images/tracklights/Adhil-20-S-04-champeing-gold.webp
Adhil 20S Tunable,ARFD1503,48V DC,NA,2700K~6500K, CRI>97,Φ60*H170mm,15°,20W,AJ/CG,ATAS2060/CT/15/RG,R-41159492,IS 10322 (PART 5/SEC 1) : 2012,15199,"Guangdong Sat Technology Co. Ltd., No. 11 Lianbao Rd, Shengfeng District, Xiaolan Town, Zhongshan City, Guangdong, China – 528400",./assets/images/tracklights/Adhil-20-S-08-rose-gold.webp
Adhil 20S Tunable,ARFD1503,48V DC,NA,2700K~6500K, CRI>97,Φ60*H170mm,15°,20W,AJ/CG,ATAS2060/CT/15/BR,R-41159492,IS 10322 (PART 5/SEC 1) : 2012,15199,"Guangdong Sat Technology Co. Ltd., No. 11 Lianbao Rd, Shengfeng District, Xiaolan Town, Zhongshan City, Guangdong, China – 528400",./assets/images/tracklights/Adhil-20-S-10-brown.webp
Adhil 20S Tunable,ARFD1503,48V DC,NA,2700K~6500K, CRI>97,Φ60*H170mm,15°,20W,AJ/CG,ATAS2060/CT/15/COF,R-41159492,IS 10322 (PART 5/SEC 1) : 2012,15199,"Guangdong Sat Technology Co. Ltd., No. 11 Lianbao Rd, Shengfeng District, Xiaolan Town, Zhongshan City, Guangdong, China – 528400",./assets/images/tracklights/Adhil-20-S-07-coffee.webp
Adhil 20S Tunable,ARFD1503,48V DC,NA,2700K~6500K, CRI>97,Φ60*H170mm,15°,20W,AJ/CG,ATAS2060/CT/15/DGR,R-41159492,IS 10322 (PART 5/SEC 1) : 2012,15199,"Guangdong Sat Technology Co. Ltd., No. 11 Lianbao Rd, Shengfeng District, Xiaolan Town, Zhongshan City, Guangdong, China – 528400",./assets/images/tracklights/Adhil-20-S-09-dark-gray-default.webp
Adhil 20S Tunable,ARFD1503,48V DC,NA,2700K~6500K, CRI>97,Φ60*H170mm,15°,20W,AJ/CG,ATAS2060/CT/15/BB,R-41159492,IS 10322 (PART 5/SEC 1) : 2012,15199,"Guangdong Sat Technology Co. Ltd., No. 11 Lianbao Rd, Shengfeng District, Xiaolan Town, Zhongshan City, Guangdong, China – 528400",./assets/images/tracklights/Adhil-20-S-06-ballet-blue.webp
Adhil 20S Tunable,ARFD1503,48V DC,NA,2700K~6500K, CRI>97,Φ60*H170mm,15°,20W,AJ/CG,ATAS2060/CT/15/CH,R-41159492,IS 10322 (PART 5/SEC 1) : 2012,15199,"Guangdong Sat Technology Co. Ltd., No. 11 Lianbao Rd, Shengfeng District, Xiaolan Town, Zhongshan City, Guangdong, China – 528400",./assets/images/tracklights/Adhil-20-S-01-chrome.webp
Adhil 20S Tunable,ARFD1503,48V DC,NA,2700K~6500K, CRI>97,Φ60*H170mm,15°,20W,AJ/CG,ATAS2060/CT/15/CHB,R-41159492,IS 10322 (PART 5/SEC 1) : 2012,15199,"Guangdong Sat Technology Co. Ltd., No. 11 Lianbao Rd, Shengfeng District, Xiaolan Town, Zhongshan City, Guangdong, China – 528400",./assets/images/tracklights/Adhil-20-S-02-chrome-black.webp
Adhil 20S Tunable,ARFD1503,48V DC,NA,2700K~6500K, CRI>97,Φ60*H170mm,24°,20W,AJ/CG,ATAS2060/CT/24/W,R-41159492,IS 10322 (PART 5/SEC 1) : 2012,14199,"Guangdong Sat Technology Co. Ltd., No. 11 Lianbao Rd, Shengfeng District, Xiaolan Town, Zhongshan City, Guangdong, China – 528400",./assets/images/tracklights/Adhil-20-S-05-white.webp
Adhil 20S Tunable,ARFD1503,48V DC,NA,2700K~6500K, CRI>97,Φ60*H170mm,24°,20W,AJ/CG,ATAS2060/CT/24/B,R-41159492,IS 10322 (PART 5/SEC 1) : 2012,14199,"Guangdong Sat Technology Co. Ltd., No. 11 Lianbao Rd, Shengfeng District, Xiaolan Town, Zhongshan City, Guangdong, China – 528400",./assets/images/tracklights/Adhil-20-S-03-mat-black-default.webp
Adhil 20S Tunable,ARFD1503,48V DC,NA,2700K~6500K, CRI>97,Φ60*H170mm,24°,20W,AJ/CG,ATAS2060/CT/24/CG,R-41159492,IS 10322 (PART 5/SEC 1) : 2012,15199,"Guangdong Sat Technology Co. Ltd., No. 11 Lianbao Rd, Shengfeng District, Xiaolan Town, Zhongshan City, Guangdong, China – 528400",./assets/images/tracklights/Adhil-20-S-04-champeing-gold.webp
Adhil 20S Tunable,ARFD1503,48V DC,NA,2700K~6500K, CRI>97,Φ60*H170mm,24°,20W,AJ/CG,ATAS2060/CT/24/RG,R-41159492,IS 10322 (PART 5/SEC 1) : 2012,15199,"Guangdong Sat Technology Co. Ltd., No. 11 Lianbao Rd, Shengfeng District, Xiaolan Town, Zhongshan City, Guangdong, China – 528400",./assets/images/tracklights/Adhil-20-S-08-rose-gold.webp
Adhil 20S Tunable,ARFD1503,48V DC,NA,2700K~6500K, CRI>97,Φ60*H170mm,24°,20W,AJ/CG,ATAS2060/CT/24/BR,R-41159492,IS 10322 (PART 5/SEC 1) : 2012,15199,"Guangdong Sat Technology Co. Ltd., No. 11 Lianbao Rd, Shengfeng District, Xiaolan Town, Zhongshan City, Guangdong, China – 528400",./assets/images/tracklights/Adhil-20-S-10-brown.webp
Adhil 20S Tunable,ARFD1503,48V DC,NA,2700K~6500K, CRI>97,Φ60*H170mm,24°,20W,AJ/CG,ATAS2060/CT/24/COF,R-41159492,IS 10322 (PART 5/SEC 1) : 2012,15199,"Guangdong Sat Technology Co. Ltd., No. 11 Lianbao Rd, Shengfeng District, Xiaolan Town, Zhongshan City, Guangdong, China – 528400",./assets/images/tracklights/Adhil-20-S-07-coffee.webp
Adhil 20S Tunable,ARFD1503,48V DC,NA,2700K~6500K, CRI>97,Φ60*H170mm,24°,20W,AJ/CG,ATAS2060/CT/24/DGR,R-41159492,IS 10322 (PART 5/SEC 1) : 2012,15199,"Guangdong Sat Technology Co. Ltd., No. 11 Lianbao Rd, Shengfeng District, Xiaolan Town, Zhongshan City, Guangdong, China – 528400",./assets/images/tracklights/Adhil-20-S-09-dark-gray-default.webp
Adhil 20S Tunable,ARFD1503,48V DC,NA,2700K~6500K, CRI>97,Φ60*H170mm,24°,20W,AJ/CG,ATAS2060/CT/24/BB,R-41159492,IS 10322 (PART 5/SEC 1) : 2012,15199,"Guangdong Sat Technology Co. Ltd., No. 11 Lianbao Rd, Shengfeng District, Xiaolan Town, Zhongshan City, Guangdong, China – 528400",./assets/images/tracklights/Adhil-20-S-06-ballet-blue.webp
Adhil 20S Tunable,ARFD1503,48V DC,NA,2700K~6500K, CRI>97,Φ60*H170mm,24°,20W,AJ/CG,ATAS2060/CT/24/CH,R-41159492,IS 10322 (PART 5/SEC 1) : 2012,15199,"Guangdong Sat Technology Co. Ltd., No. 11 Lianbao Rd, Shengfeng District, Xiaolan Town, Zhongshan City, Guangdong, China – 528400",./assets/images/tracklights/Adhil-20-S-01-chrome.webp
Adhil 20S Tunable,ARFD1503,48V DC,NA,2700K~6500K, CRI>97,Φ60*H170mm,24°,20W,AJ/CG,ATAS2060/CT/24/CHB,R-41159492,IS 10322 (PART 5/SEC 1) : 2012,15199,"Guangdong Sat Technology Co. Ltd., No. 11 Lianbao Rd, Shengfeng District, Xiaolan Town, Zhongshan City, Guangdong, China – 528400",./assets/images/tracklights/Adhil-20-S-02-chrome-black.webp
Adhil 20S Tunable,ARFD1503,48V DC,NA,2700K~6500K, CRI>97,Φ60*H170mm,36°,20W,AJ/CG,ATAS2060/CT/36/W,R-41159492,IS 10322 (PART 5/SEC 1) : 2012,14199,"Guangdong Sat Technology Co. Ltd., No. 11 Lianbao Rd, Shengfeng District, Xiaolan Town, Zhongshan City, Guangdong, China – 528400",./assets/images/tracklights/Adhil-20-S-05-white.webp
Adhil 20S Tunable,ARFD1503,48V DC,NA,2700K~6500K, CRI>97,Φ60*H170mm,36°,20W,AJ/CG,ATAS2060/CT/36/B,R-41159492,IS 10322 (PART 5/SEC 1) : 2012,14199,"Guangdong Sat Technology Co. Ltd., No. 11 Lianbao Rd, Shengfeng District, Xiaolan Town, Zhongshan City, Guangdong, China – 528400",./assets/images/tracklights/Adhil-20-S-03-mat-black-default.webp
Adhil 20S Tunable,ARFD1503,48V DC,NA,2700K~6500K, CRI>97,Φ60*H170mm,36°,20W,AJ/CG,ATAS2060/CT/36/CG,R-41159492,IS 10322 (PART 5/SEC 1) : 2012,15199,"Guangdong Sat Technology Co. Ltd., No. 11 Lianbao Rd, Shengfeng District, Xiaolan Town, Zhongshan City, Guangdong, China – 528400",./assets/images/tracklights/Adhil-20-S-04-champeing-gold.webp
Adhil 20S Tunable,ARFD1503,48V DC,NA,2700K~6500K, CRI>97,Φ60*H170mm,36°,20W,AJ/CG,ATAS2060/CT/36/RG,R-41159492,IS 10322 (PART 5/SEC 1) : 2012,15199,"Guangdong Sat Technology Co. Ltd., No. 11 Lianbao Rd, Shengfeng District, Xiaolan Town, Zhongshan City, Guangdong, China – 528400",./assets/images/tracklights/Adhil-20-S-08-rose-gold.webp
Adhil 20S Tunable,ARFD1503,48V DC,NA,2700K~6500K, CRI>97,Φ60*H170mm,36°,20W,AJ/CG,ATAS2060/CT/36/BR,R-41159492,IS 10322 (PART 5/SEC 1) : 2012,15199,"Guangdong Sat Technology Co. Ltd., No. 11 Lianbao Rd, Shengfeng District, Xiaolan Town, Zhongshan City, Guangdong, China – 528400",./assets/images/tracklights/Adhil-20-S-10-brown.webp
Adhil 20S Tunable,ARFD1503,48V DC,NA,2700K~6500K, CRI>97,Φ60*H170mm,36°,20W,AJ/CG,ATAS2060/CT/36/COF,R-41159492,IS 10322 (PART 5/SEC 1) : 2012,15199,"Guangdong Sat Technology Co. Ltd., No. 11 Lianbao Rd, Shengfeng District, Xiaolan Town, Zhongshan City, Guangdong, China – 528400",./assets/images/tracklights/Adhil-20-S-07-coffee.webp
Adhil 20S Tunable,ARFD1503,48V DC,NA,2700K~6500K, CRI>97,Φ60*H170mm,36°,20W,AJ/CG,ATAS2060/CT/36/DGR,R-41159492,IS 10322 (PART 5/SEC 1) : 2012,15199,"Guangdong Sat Technology Co. Ltd., No. 11 Lianbao Rd, Shengfeng District, Xiaolan Town, Zhongshan City, Guangdong, China – 528400",./assets/images/tracklights/Adhil-20-S-09-dark-gray-default.webp
Adhil 20S Tunable,ARFD1503,48V DC,NA,2700K~6500K, CRI>97,Φ60*H170mm,36°,20W,AJ/CG,ATAS2060/CT/36/BB,R-41159492,IS 10322 (PART 5/SEC 1) : 2012,15199,"Guangdong Sat Technology Co. Ltd., No. 11 Lianbao Rd, Shengfeng District, Xiaolan Town, Zhongshan City, Guangdong, China – 528400",./assets/images/tracklights/Adhil-20-S-06-ballet-blue.webp
Adhil 20S Tunable,ARFD1503,48V DC,NA,2700K~6500K, CRI>97,Φ60*H170mm,36°,20W,AJ/CG,ATAS2060/CT/36/CH,R-41159492,IS 10322 (PART 5/SEC 1) : 2012,15199,"Guangdong Sat Technology Co. Ltd., No. 11 Lianbao Rd, Shengfeng District, Xiaolan Town, Zhongshan City, Guangdong, China – 528400",./assets/images/tracklights/Adhil-20-S-01-chrome.webp
Adhil 20S Tunable,ARFD1503,48V DC,NA,2700K~6500K, CRI>97,Φ60*H170mm,36°,20W,AJ/CG,ATAS2060/CT/36/CHB,R-41159492,IS 10322 (PART 5/SEC 1) : 2012,15199,"Guangdong Sat Technology Co. Ltd., No. 11 Lianbao Rd, Shengfeng District, Xiaolan Town, Zhongshan City, Guangdong, China – 528400",./assets/images/tracklights/Adhil-20-S-02-chrome-black.webp
Adhil 20S Tunable,ARFD1503,48V DC,NA,2700K~6500K, CRI>97,Φ60*H170mm,60°,20W,AJ/CG,ATAS2060/CT/60/W,R-41159492,IS 10322 (PART 5/SEC 1) : 2012,14199,"Guangdong Sat Technology Co. Ltd., No. 11 Lianbao Rd, Shengfeng District, Xiaolan Town, Zhongshan City, Guangdong, China – 528400",./assets/images/tracklights/Adhil-20-S-05-white.webp
Adhil 20S Tunable,ARFD1503,48V DC,NA,2700K~6500K, CRI>97,Φ60*H170mm,60°,20W,AJ/CG,ATAS2060/CT/60/B,R-41159492,IS 10322 (PART 5/SEC 1) : 2012,14199,"Guangdong Sat Technology Co. Ltd., No. 11 Lianbao Rd, Shengfeng District, Xiaolan Town, Zhongshan City, Guangdong, China – 528400",./assets/images/tracklights/Adhil-20-S-03-mat-black-default.webp
Adhil 20S Tunable,ARFD1503,48V DC,NA,2700K~6500K, CRI>97,Φ60*H170mm,60°,20W,AJ/CG,ATAS2060/CT/60/CG,R-41159492,IS 10322 (PART 5/SEC 1) : 2012,15199,"Guangdong Sat Technology Co. Ltd., No. 11 Lianbao Rd, Shengfeng District, Xiaolan Town, Zhongshan City, Guangdong, China – 528400",./assets/images/tracklights/Adhil-20-S-04-champeing-gold.webp
Adhil 20S Tunable,ARFD1503,48V DC,NA,2700K~6500K, CRI>97,Φ60*H170mm,60°,20W,AJ/CG,ATAS2060/CT/60/RG,R-41159492,IS 10322 (PART 5/SEC 1) : 2012,15199,"Guangdong Sat Technology Co. Ltd., No. 11 Lianbao Rd, Shengfeng District, Xiaolan Town, Zhongshan City, Guangdong, China – 528400",./assets/images/tracklights/Adhil-20-S-08-rose-gold.webp
Adhil 20S Tunable,ARFD1503,48V DC,NA,2700K~6500K, CRI>97,Φ60*H170mm,60°,20W,AJ/CG,ATAS2060/CT/60/BR,R-41159492,IS 10322 (PART 5/SEC 1) : 2012,15199,"Guangdong Sat Technology Co. Ltd., No. 11 Lianbao Rd, Shengfeng District, Xiaolan Town, Zhongshan City, Guangdong, China – 528400",./assets/images/tracklights/Adhil-20-S-10-brown.webp
Adhil 20S Tunable,ARFD1503,48V DC,NA,2700K~6500K, CRI>97,Φ60*H170mm,60°,20W,AJ/CG,ATAS2060/CT/60/COF,R-41159492,IS 10322 (PART 5/SEC 1) : 2012,15199,"Guangdong Sat Technology Co. Ltd., No. 11 Lianbao Rd, Shengfeng District, Xiaolan Town, Zhongshan City, Guangdong, China – 528400",./assets/images/tracklights/Adhil-20-S-07-coffee.webp
Adhil 20S Tunable,ARFD1503,48V DC,NA,2700K~6500K, CRI>97,Φ60*H170mm,60°,20W,AJ/CG,ATAS2060/CT/60/DGR,R-41159492,IS 10322 (PART 5/SEC 1) : 2012,15199,"Guangdong Sat Technology Co. Ltd., No. 11 Lianbao Rd, Shengfeng District, Xiaolan Town, Zhongshan City, Guangdong, China – 528400",./assets/images/tracklights/Adhil-20-S-09-dark-gray-default.webp
Adhil 20S Tunable,ARFD1503,48V DC,NA,2700K~6500K, CRI>97,Φ60*H170mm,60°,20W,AJ/CG,ATAS2060/CT/60/BB,R-41159492,IS 10322 (PART 5/SEC 1) : 2012,15199,"Guangdong Sat Technology Co. Ltd., No. 11 Lianbao Rd, Shengfeng District, Xiaolan Town, Zhongshan City, Guangdong, China – 528400",./assets/images/tracklights/Adhil-20-S-06-ballet-blue.webp
Adhil 20S Tunable,ARFD1503,48V DC,NA,2700K~6500K, CRI>97,Φ60*H170mm,60°,20W,AJ/CG,ATAS2060/CT/60/CH,R-41159492,IS 10322 (PART 5/SEC 1) : 2012,15199,"Guangdong Sat Technology Co. Ltd., No. 11 Lianbao Rd, Shengfeng District, Xiaolan Town, Zhongshan City, Guangdong, China – 528400",./assets/images/tracklights/Adhil-20-S-01-chrome.webp
Adhil 20S Tunable,ARFD1503,48V DC,NA,2700K~6500K, CRI>97,Φ60*H170mm,60°,20W,AJ/CG,ATAS2060/CT/60/CHB,R-41159492,IS 10322 (PART 5/SEC 1) : 2012,15199,"Guangdong Sat Technology Co. Ltd., No. 11 Lianbao Rd, Shengfeng District, Xiaolan Town, Zhongshan City, Guangdong, China – 528400",./assets/images/tracklights/Adhil-20-S-02-chrome-black.webp
Nembus,TSL080T,48V DC,NA,2700K, CRI>97,Φ100*H45mm,90°,6W,AJ/CG,ATAF0610/27/W,R-41231258,IS 10322 (PART 5/SEC 1) : 2012,12899,"Guangdong Sat Technology Co. Ltd., No. 11 Lianbao Rd, Shengfeng District, Xiaolan Town, Zhongshan City, Guangdong, China – 528400",./assets/images/tracklights/nembus-05-white-alt.webp
Nembus,TSL080T,48V DC,NA,2700K, CRI>97,Φ100*H45mm,90°,6W,AJ/CG,ATAF0610/27/B,R-41231258,IS 10322 (PART 5/SEC 1) : 2012,12899,"Guangdong Sat Technology Co. Ltd., No. 11 Lianbao Rd, Shengfeng District, Xiaolan Town, Zhongshan City, Guangdong, China – 528400",./assets/images/tracklights/nembus-03-mat-black-default.webp
Nembus,TSL080T,48V DC,NA,2700K, CRI>97,Φ100*H45mm,90°,6W,AJ/CG,ATAF0610/27/CG,R-41231258,IS 10322 (PART 5/SEC 1) : 2012,13899,"Guangdong Sat Technology Co. Ltd., No. 11 Lianbao Rd, Shengfeng District, Xiaolan Town, Zhongshan City, Guangdong, China – 528400",./assets/images/tracklights/nembus-04-champeing-gold.webp
Nembus,TSL080T,48V DC,NA,2700K, CRI>97,Φ100*H45mm,90°,6W,AJ/CG,ATAF0610/27/RG,R-41231258,IS 10322 (PART 5/SEC 1) : 2012,13899,"Guangdong Sat Technology Co. Ltd., No. 11 Lianbao Rd, Shengfeng District, Xiaolan Town, Zhongshan City, Guangdong, China – 528400",./assets/images/tracklights/nembus-08-rose-gold.webp
Nembus,TSL080T,48V DC,NA,2700K, CRI>97,Φ100*H45mm,90°,6W,AJ/CG,ATAF0610/27/BR,R-41231258,IS 10322 (PART 5/SEC 1) : 2012,13899,"Guangdong Sat Technology Co. Ltd., No. 11 Lianbao Rd, Shengfeng District, Xiaolan Town, Zhongshan City, Guangdong, China – 528400",./assets/images/tracklights/nembus-10-brown.webp
Nembus,TSL080T,48V DC,NA,2700K, CRI>97,Φ100*H45mm,90°,6W,AJ/CG,ATAF0610/27/COF,R-41231258,IS 10322 (PART 5/SEC 1) : 2012,13899,"Guangdong Sat Technology Co. Ltd., No. 11 Lianbao Rd, Shengfeng District, Xiaolan Town, Zhongshan City, Guangdong, China – 528400",./assets/images/tracklights/nembus-07-coffee.webp
Nembus,TSL080T,48V DC,NA,2700K, CRI>97,Φ100*H45mm,90°,6W,AJ/CG,ATAF0610/27/DGR,R-41231258,IS 10322 (PART 5/SEC 1) : 2012,13899,"Guangdong Sat Technology Co. Ltd., No. 11 Lianbao Rd, Shengfeng District, Xiaolan Town, Zhongshan City, Guangdong, China – 528400",./assets/images/tracklights/nembus-09-dark-gray-default.webp
Nembus,TSL080T,48V DC,NA,2700K, CRI>97,Φ100*H45mm,90°,6W,AJ/CG,ATAF0610/27/BB,R-41231258,IS 10322 (PART 5/SEC 1) : 2012,13899,"Guangdong Sat Technology Co. Ltd., No. 11 Lianbao Rd, Shengfeng District, Xiaolan Town, Zhongshan City, Guangdong, China – 528400",./assets/images/tracklights/nembus-06-ballet-blue.webp
Nembus,TSL080T,48V DC,NA,2700K, CRI>97,Φ100*H45mm,90°,6W,AJ/CG,ATAF0610/27/CH,R-41231258,IS 10322 (PART 5/SEC 1) : 2012,13899,"Guangdong Sat Technology Co. Ltd., No. 11 Lianbao Rd, Shengfeng District, Xiaolan Town, Zhongshan City, Guangdong, China – 528400",./assets/images/tracklights/nembus-01-chrome.webp
Nembus,TSL080T,48V DC,NA,2700K, CRI>97,Φ100*H45mm,90°,6W,AJ/CG,ATAF0610/27/CHB,R-41231258,IS 10322 (PART 5/SEC 1) : 2012,13899,"Guangdong Sat Technology Co. Ltd., No. 11 Lianbao Rd, Shengfeng District, Xiaolan Town, Zhongshan City, Guangdong, China – 528400",./assets/images/tracklights/nembus-02-chrome-black.webp
Nembus,TSL080T,48V DC,NA,3000K, CRI>97,Φ100*H45mm,90°,6W,AJ/CG,ATAF0610/30/W,R-41231258,IS 10322 (PART 5/SEC 1) : 2012,12899,"Guangdong Sat Technology Co. Ltd., No. 11 Lianbao Rd, Shengfeng District, Xiaolan Town, Zhongshan City, Guangdong, China – 528400",./assets/images/tracklights/nembus-05-white-alt.webp
Nembus,TSL080T,48V DC,NA,3000K, CRI>97,Φ100*H45mm,90°,6W,AJ/CG,ATAF0610/30/B,R-41231258,IS 10322 (PART 5/SEC 1) : 2012,12899,"Guangdong Sat Technology Co. Ltd., No. 11 Lianbao Rd, Shengfeng District, Xiaolan Town, Zhongshan City, Guangdong, China – 528400",./assets/images/tracklights/nembus-03-mat-black-default.webp
Nembus,TSL080T,48V DC,NA,3000K, CRI>97,Φ100*H45mm,90°,6W,AJ/CG,ATAF0610/30/CG,R-41231258,IS 10322 (PART 5/SEC 1) : 2012,13899,"Guangdong Sat Technology Co. Ltd., No. 11 Lianbao Rd, Shengfeng District, Xiaolan Town, Zhongshan City, Guangdong, China – 528400",./assets/images/tracklights/nembus-04-champeing-gold.webp
Nembus,TSL080T,48V DC,NA,3000K, CRI>97,Φ100*H45mm,90°,6W,AJ/CG,ATAF0610/30/RG,R-41231258,IS 10322 (PART 5/SEC 1) : 2012,13899,"Guangdong Sat Technology Co. Ltd., No. 11 Lianbao Rd, Shengfeng District, Xiaolan Town, Zhongshan City, Guangdong, China – 528400",./assets/images/tracklights/nembus-08-rose-gold.webp
Nembus,TSL080T,48V DC,NA,3000K, CRI>97,Φ100*H45mm,90°,6W,AJ/CG,ATAF0610/30/BR,R-41231258,IS 10322 (PART 5/SEC 1) : 2012,13899,"Guangdong Sat Technology Co. Ltd., No. 11 Lianbao Rd, Shengfeng District, Xiaolan Town, Zhongshan City, Guangdong, China – 528400",./assets/images/tracklights/nembus-10-brown.webp
Nembus,TSL080T,48V DC,NA,3000K, CRI>97,Φ100*H45mm,90°,6W,AJ/CG,ATAF0610/30/COF,R-41231258,IS 10322 (PART 5/SEC 1) : 2012,13899,"Guangdong Sat Technology Co. Ltd., No. 11 Lianbao Rd, Shengfeng District, Xiaolan Town, Zhongshan City, Guangdong, China – 528400",./assets/images/tracklights/nembus-07-coffee.webp
Nembus,TSL080T,48V DC,NA,3000K, CRI>97,Φ100*H45mm,90°,6W,AJ/CG,ATAF0610/30/DGR,R-41231258,IS 10322 (PART 5/SEC 1) : 2012,13899,"Guangdong Sat Technology Co. Ltd., No. 11 Lianbao Rd, Shengfeng District, Xiaolan Town, Zhongshan City, Guangdong, China – 528400",./assets/images/tracklights/nembus-09-dark-gray-default.webp
Nembus,TSL080T,48V DC,NA,3000K, CRI>97,Φ100*H45mm,90°,6W,AJ/CG,ATAF0610/30/BB,R-41231258,IS 10322 (PART 5/SEC 1) : 2012,13899,"Guangdong Sat Technology Co. Ltd., No. 11 Lianbao Rd, Shengfeng District, Xiaolan Town, Zhongshan City, Guangdong, China – 528400",./assets/images/tracklights/nembus-06-ballet-blue.webp
Nembus,TSL080T,48V DC,NA,3000K, CRI>97,Φ100*H45mm,90°,6W,AJ/CG,ATAF0610/30/CH,R-41231258,IS 10322 (PART 5/SEC 1) : 2012,13899,"Guangdong Sat Technology Co. Ltd., No. 11 Lianbao Rd, Shengfeng District, Xiaolan Town, Zhongshan City, Guangdong, China – 528400",./assets/images/tracklights/nembus-01-chrome.webp
Nembus,TSL080T,48V DC,NA,3000K, CRI>97,Φ100*H45mm,90°,6W,AJ/CG,ATAF0610/30/CHB,R-41231258,IS 10322 (PART 5/SEC 1) : 2012,13899,"Guangdong Sat Technology Co. Ltd., No. 11 Lianbao Rd, Shengfeng District, Xiaolan Town, Zhongshan City, Guangdong, China – 528400",./assets/images/tracklights/nembus-02-chrome-black.webp
Nembus,TSL080T,48V DC,NA,3500K, CRI>97,Φ100*H45mm,90°,6W,AJ/CG,ATAF0610/35/W,R-41231258,IS 10322 (PART 5/SEC 1) : 2012,12899,"Guangdong Sat Technology Co. Ltd., No. 11 Lianbao Rd, Shengfeng District, Xiaolan Town, Zhongshan City, Guangdong, China – 528400",./assets/images/tracklights/nembus-05-white-alt.webp
Nembus,TSL080T,48V DC,NA,3500K, CRI>97,Φ100*H45mm,90°,6W,AJ/CG,ATAF0610/35/B,R-41231258,IS 10322 (PART 5/SEC 1) : 2012,12899,"Guangdong Sat Technology Co. Ltd., No. 11 Lianbao Rd, Shengfeng District, Xiaolan Town, Zhongshan City, Guangdong, China – 528400",./assets/images/tracklights/nembus-03-mat-black-default.webp
Nembus,TSL080T,48V DC,NA,3500K, CRI>97,Φ100*H45mm,90°,6W,AJ/CG,ATAF0610/35/CG,R-41231258,IS 10322 (PART 5/SEC 1) : 2012,13899,"Guangdong Sat Technology Co. Ltd., No. 11 Lianbao Rd, Shengfeng District, Xiaolan Town, Zhongshan City, Guangdong, China – 528400",./assets/images/tracklights/nembus-04-champeing-gold.webp
Nembus,TSL080T,48V DC,NA,3500K, CRI>97,Φ100*H45mm,90°,6W,AJ/CG,ATAF0610/35/RG,R-41231258,IS 10322 (PART 5/SEC 1) : 2012,13899,"Guangdong Sat Technology Co. Ltd., No. 11 Lianbao Rd, Shengfeng District, Xiaolan Town, Zhongshan City, Guangdong, China – 528400",./assets/images/tracklights/nembus-08-rose-gold.webp
Nembus,TSL080T,48V DC,NA,3500K, CRI>97,Φ100*H45mm,90°,6W,AJ/CG,ATAF0610/35/BR,R-41231258,IS 10322 (PART 5/SEC 1) : 2012,13899,"Guangdong Sat Technology Co. Ltd., No. 11 Lianbao Rd, Shengfeng District, Xiaolan Town, Zhongshan City, Guangdong, China – 528400",./assets/images/tracklights/nembus-10-brown.webp
Nembus,TSL080T,48V DC,NA,3500K, CRI>97,Φ100*H45mm,90°,6W,AJ/CG,ATAF0610/35/COF,R-41231258,IS 10322 (PART 5/SEC 1) : 2012,13899,"Guangdong Sat Technology Co. Ltd., No. 11 Lianbao Rd, Shengfeng District, Xiaolan Town, Zhongshan City, Guangdong, China – 528400",./assets/images/tracklights/nembus-07-coffee.webp
Nembus,TSL080T,48V DC,NA,3500K, CRI>97,Φ100*H45mm,90°,6W,AJ/CG,ATAF0610/35/DGR,R-41231258,IS 10322 (PART 5/SEC 1) : 2012,13899,"Guangdong Sat Technology Co. Ltd., No. 11 Lianbao Rd, Shengfeng District, Xiaolan Town, Zhongshan City, Guangdong, China – 528400",./assets/images/tracklights/nembus-09-dark-gray-default.webp
Nembus,TSL080T,48V DC,NA,3500K, CRI>97,Φ100*H45mm,90°,6W,AJ/CG,ATAF0610/35/BB,R-41231258,IS 10322 (PART 5/SEC 1) : 2012,13899,"Guangdong Sat Technology Co. Ltd., No. 11 Lianbao Rd, Shengfeng District, Xiaolan Town, Zhongshan City, Guangdong, China – 528400",./assets/images/tracklights/nembus-06-ballet-blue.webp
Nembus,TSL080T,48V DC,NA,3500K, CRI>97,Φ100*H45mm,90°,6W,AJ/CG,ATAF0610/35/CH,R-41231258,IS 10322 (PART 5/SEC 1) : 2012,13899,"Guangdong Sat Technology Co. Ltd., No. 11 Lianbao Rd, Shengfeng District, Xiaolan Town, Zhongshan City, Guangdong, China – 528400",./assets/images/tracklights/nembus-01-chrome.webp
Nembus,TSL080T,48V DC,NA,3500K, CRI>97,Φ100*H45mm,90°,6W,AJ/CG,ATAF0610/35/CHB,R-41231258,IS 10322 (PART 5/SEC 1) : 2012,13899,"Guangdong Sat Technology Co. Ltd., No. 11 Lianbao Rd, Shengfeng District, Xiaolan Town, Zhongshan City, Guangdong, China – 528400",./assets/images/tracklights/nembus-02-chrome-black.webp
Nembus,TSL080T,48V DC,NA,4000K, CRI>97,Φ100*H45mm,90°,6W,AJ/CG,ATAF0610/40/W,R-41231258,IS 10322 (PART 5/SEC 1) : 2012,12899,"Guangdong Sat Technology Co. Ltd., No. 11 Lianbao Rd, Shengfeng District, Xiaolan Town, Zhongshan City, Guangdong, China – 528400",./assets/images/tracklights/nembus-05-white-alt.webp
Nembus,TSL080T,48V DC,NA,4000K, CRI>97,Φ100*H45mm,90°,6W,AJ/CG,ATAF0610/40/B,R-41231258,IS 10322 (PART 5/SEC 1) : 2012,12899,"Guangdong Sat Technology Co. Ltd., No. 11 Lianbao Rd, Shengfeng District, Xiaolan Town, Zhongshan City, Guangdong, China – 528400",./assets/images/tracklights/nembus-03-mat-black-default.webp
Nembus,TSL080T,48V DC,NA,4000K, CRI>97,Φ100*H45mm,90°,6W,AJ/CG,ATAF0610/40/CG,R-41231258,IS 10322 (PART 5/SEC 1) : 2012,13899,"Guangdong Sat Technology Co. Ltd., No. 11 Lianbao Rd, Shengfeng District, Xiaolan Town, Zhongshan City, Guangdong, China – 528400",./assets/images/tracklights/nembus-04-champeing-gold.webp
Nembus,TSL080T,48V DC,NA,4000K, CRI>97,Φ100*H45mm,90°,6W,AJ/CG,ATAF0610/40/RG,R-41231258,IS 10322 (PART 5/SEC 1) : 2012,13899,"Guangdong Sat Technology Co. Ltd., No. 11 Lianbao Rd, Shengfeng District, Xiaolan Town, Zhongshan City, Guangdong, China – 528400",./assets/images/tracklights/nembus-08-rose-gold.webp
Nembus,TSL080T,48V DC,NA,4000K, CRI>97,Φ100*H45mm,90°,6W,AJ/CG,ATAF0610/40/BR,R-41231258,IS 10322 (PART 5/SEC 1) : 2012,13899,"Guangdong Sat Technology Co. Ltd., No. 11 Lianbao Rd, Shengfeng District, Xiaolan Town, Zhongshan City, Guangdong, China – 528400",./assets/images/tracklights/nembus-10-brown.webp
Nembus,TSL080T,48V DC,NA,4000K, CRI>97,Φ100*H45mm,90°,6W,AJ/CG,ATAF0610/40/COF,R-41231258,IS 10322 (PART 5/SEC 1) : 2012,13899,"Guangdong Sat Technology Co. Ltd., No. 11 Lianbao Rd, Shengfeng District, Xiaolan Town, Zhongshan City, Guangdong, China – 528400",./assets/images/tracklights/nembus-07-coffee.webp
Nembus,TSL080T,48V DC,NA,4000K, CRI>97,Φ100*H45mm,90°,6W,AJ/CG,ATAF0610/40/DGR,R-41231258,IS 10322 (PART 5/SEC 1) : 2012,13899,"Guangdong Sat Technology Co. Ltd., No. 11 Lianbao Rd, Shengfeng District, Xiaolan Town, Zhongshan City, Guangdong, China – 528400",./assets/images/tracklights/nembus-09-dark-gray-default.webp
Nembus,TSL080T,48V DC,NA,4000K, CRI>97,Φ100*H45mm,90°,6W,AJ/CG,ATAF0610/40/BB,R-41231258,IS 10322 (PART 5/SEC 1) : 2012,13899,"Guangdong Sat Technology Co. Ltd., No. 11 Lianbao Rd, Shengfeng District, Xiaolan Town, Zhongshan City, Guangdong, China – 528400",./assets/images/tracklights/nembus-06-ballet-blue.webp
Nembus,TSL080T,48V DC,NA,4000K, CRI>97,Φ100*H45mm,90°,6W,AJ/CG,ATAF0610/40/CH,R-41231258,IS 10322 (PART 5/SEC 1) : 2012,13899,"Guangdong Sat Technology Co. Ltd., No. 11 Lianbao Rd, Shengfeng District, Xiaolan Town, Zhongshan City, Guangdong, China – 528400",./assets/images/tracklights/nembus-01-chrome.webp
Nembus,TSL080T,48V DC,NA,4000K, CRI>97,Φ100*H45mm,90°,6W,AJ/CG,ATAF0610/40/CHB,R-41231258,IS 10322 (PART 5/SEC 1) : 2012,13899,"Guangdong Sat Technology Co. Ltd., No. 11 Lianbao Rd, Shengfeng District, Xiaolan Town, Zhongshan City, Guangdong, China – 528400",./assets/images/tracklights/nembus-02-chrome-black.webp
Nembus,TSL080T,48V DC,NA,5000K, CRI>97,Φ100*H45mm,90°,6W,AJ/CG,ATAF0610/50/W,R-41231258,IS 10322 (PART 5/SEC 1) : 2012,12899,"Guangdong Sat Technology Co. Ltd., No. 11 Lianbao Rd, Shengfeng District, Xiaolan Town, Zhongshan City, Guangdong, China – 528400",./assets/images/tracklights/nembus-05-white-alt.webp
Nembus,TSL080T,48V DC,NA,5000K, CRI>97,Φ100*H45mm,90°,6W,AJ/CG,ATAF0610/50/B,R-41231258,IS 10322 (PART 5/SEC 1) : 2012,12899,"Guangdong Sat Technology Co. Ltd., No. 11 Lianbao Rd, Shengfeng District, Xiaolan Town, Zhongshan City, Guangdong, China – 528400",./assets/images/tracklights/nembus-03-mat-black-default.webp
Nembus,TSL080T,48V DC,NA,5000K, CRI>97,Φ100*H45mm,90°,6W,AJ/CG,ATAF0610/50/CG,R-41231258,IS 10322 (PART 5/SEC 1) : 2012,13899,"Guangdong Sat Technology Co. Ltd., No. 11 Lianbao Rd, Shengfeng District, Xiaolan Town, Zhongshan City, Guangdong, China – 528400",./assets/images/tracklights/nembus-04-champeing-gold.webp
Nembus,TSL080T,48V DC,NA,5000K, CRI>97,Φ100*H45mm,90°,6W,AJ/CG,ATAF0610/50/RG,R-41231258,IS 10322 (PART 5/SEC 1) : 2012,13899,"Guangdong Sat Technology Co. Ltd., No. 11 Lianbao Rd, Shengfeng District, Xiaolan Town, Zhongshan City, Guangdong, China – 528400",./assets/images/tracklights/nembus-08-rose-gold.webp
Nembus,TSL080T,48V DC,NA,5000K, CRI>97,Φ100*H45mm,90°,6W,AJ/CG,ATAF0610/50/BR,R-41231258,IS 10322 (PART 5/SEC 1) : 2012,13899,"Guangdong Sat Technology Co. Ltd., No. 11 Lianbao Rd, Shengfeng District, Xiaolan Town, Zhongshan City, Guangdong, China – 528400",./assets/images/tracklights/nembus-10-brown.webp
Nembus,TSL080T,48V DC,NA,5000K, CRI>97,Φ100*H45mm,90°,6W,AJ/CG,ATAF0610/50/COF,R-41231258,IS 10322 (PART 5/SEC 1) : 2012,13899,"Guangdong Sat Technology Co. Ltd., No. 11 Lianbao Rd, Shengfeng District, Xiaolan Town, Zhongshan City, Guangdong, China – 528400",./assets/images/tracklights/nembus-07-coffee.webp
Nembus,TSL080T,48V DC,NA,5000K, CRI>97,Φ100*H45mm,90°,6W,AJ/CG,ATAF0610/50/DGR,R-41231258,IS 10322 (PART 5/SEC 1) : 2012,13899,"Guangdong Sat Technology Co. Ltd., No. 11 Lianbao Rd, Shengfeng District, Xiaolan Town, Zhongshan City, Guangdong, China – 528400",./assets/images/tracklights/nembus-09-dark-gray-default.webp
Nembus,TSL080T,48V DC,NA,5000K, CRI>97,Φ100*H45mm,90°,6W,AJ/CG,ATAF0610/50/BB,R-41231258,IS 10322 (PART 5/SEC 1) : 2012,13899,"Guangdong Sat Technology Co. Ltd., No. 11 Lianbao Rd, Shengfeng District, Xiaolan Town, Zhongshan City, Guangdong, China – 528400",./assets/images/tracklights/nembus-06-ballet-blue.webp
Nembus,TSL080T,48V DC,NA,5000K, CRI>97,Φ100*H45mm,90°,6W,AJ/CG,ATAF0610/50/CH,R-41231258,IS 10322 (PART 5/SEC 1) : 2012,13899,"Guangdong Sat Technology Co. Ltd., No. 11 Lianbao Rd, Shengfeng District, Xiaolan Town, Zhongshan City, Guangdong, China – 528400",./assets/images/tracklights/nembus-01-chrome.webp
Nembus,TSL080T,48V DC,NA,5000K, CRI>97,Φ100*H45mm,90°,6W,AJ/CG,ATAF0610/50/CHB,R-41231258,IS 10322 (PART 5/SEC 1) : 2012,13899,"Guangdong Sat Technology Co. Ltd., No. 11 Lianbao Rd, Shengfeng District, Xiaolan Town, Zhongshan City, Guangdong, China – 528400",./assets/images/tracklights/nembus-02-chrome-black.webp
Nembus Tunable,TSL080T,48V DC,NA,2700K~6500K, CRI>97,Φ100*H45mm,90°,6W,AJ/CG,ATAF0610/CT/W,R-41231258,IS 10322 (PART 5/SEC 1) : 2012,14099,"Guangdong Sat Technology Co. Ltd., No. 11 Lianbao Rd, Shengfeng District, Xiaolan Town, Zhongshan City, Guangdong, China – 528400",./assets/images/tracklights/nembus-05-white-alt.webp
Nembus Tunable,TSL080T,48V DC,NA,2700K~6500K, CRI>97,Φ100*H45mm,90°,6W,AJ/CG,ATAF0610/CT/B,R-41231258,IS 10322 (PART 5/SEC 1) : 2012,14099,"Guangdong Sat Technology Co. Ltd., No. 11 Lianbao Rd, Shengfeng District, Xiaolan Town, Zhongshan City, Guangdong, China – 528400",./assets/images/tracklights/nembus-03-mat-black-default.webp
Nembus Tunable,TSL080T,48V DC,NA,2700K~6500K, CRI>97,Φ100*H45mm,90°,6W,AJ/CG,ATAF0610/CT/CG,R-41231258,IS 10322 (PART 5/SEC 1) : 2012,15099,"Guangdong Sat Technology Co. Ltd., No. 11 Lianbao Rd, Shengfeng District, Xiaolan Town, Zhongshan City, Guangdong, China – 528400",./assets/images/tracklights/nembus-04-champeing-gold.webp
Nembus Tunable,TSL080T,48V DC,NA,2700K~6500K, CRI>97,Φ100*H45mm,90°,6W,AJ/CG,ATAF0610/CT/RG,R-41231258,IS 10322 (PART 5/SEC 1) : 2012,15099,"Guangdong Sat Technology Co. Ltd., No. 11 Lianbao Rd, Shengfeng District, Xiaolan Town, Zhongshan City, Guangdong, China – 528400",./assets/images/tracklights/nembus-08-rose-gold.webp
Nembus Tunable,TSL080T,48V DC,NA,2700K~6500K, CRI>97,Φ100*H45mm,90°,6W,AJ/CG,ATAF0610/CT/BR,R-41231258,IS 10322 (PART 5/SEC 1) : 2012,15099,"Guangdong Sat Technology Co. Ltd., No. 11 Lianbao Rd, Shengfeng District, Xiaolan Town, Zhongshan City, Guangdong, China – 528400",./assets/images/tracklights/nembus-10-brown.webp
Nembus Tunable,TSL080T,48V DC,NA,2700K~6500K, CRI>97,Φ100*H45mm,90°,6W,AJ/CG,ATAF0610/CT/COF,R-41231258,IS 10322 (PART 5/SEC 1) : 2012,15099,"Guangdong Sat Technology Co. Ltd., No. 11 Lianbao Rd, Shengfeng District, Xiaolan Town, Zhongshan City, Guangdong, China – 528400",./assets/images/tracklights/nembus-07-coffee.webp
Nembus Tunable,TSL080T,48V DC,NA,2700K~6500K, CRI>97,Φ100*H45mm,90°,6W,AJ/CG,ATAF0610/CT/DGR,R-41231258,IS 10322 (PART 5/SEC 1) : 2012,15099,"Guangdong Sat Technology Co. Ltd., No. 11 Lianbao Rd, Shengfeng District, Xiaolan Town, Zhongshan City, Guangdong, China – 528400",./assets/images/tracklights/nembus-09-dark-gray-default.webp
Nembus Tunable,TSL080T,48V DC,NA,2700K~6500K, CRI>97,Φ100*H45mm,90°,6W,AJ/CG,ATAF0610/CT/BB,R-41231258,IS 10322 (PART 5/SEC 1) : 2012,15099,"Guangdong Sat Technology Co. Ltd., No. 11 Lianbao Rd, Shengfeng District, Xiaolan Town, Zhongshan City, Guangdong, China – 528400",./assets/images/tracklights/nembus-06-ballet-blue.webp
Nembus Tunable,TSL080T,48V DC,NA,2700K~6500K, CRI>97,Φ100*H45mm,90°,6W,AJ/CG,ATAF0610/CT/CH,R-41231258,IS 10322 (PART 5/SEC 1) : 2012,15099,"Guangdong Sat Technology Co. Ltd., No. 11 Lianbao Rd, Shengfeng District, Xiaolan Town, Zhongshan City, Guangdong, China – 528400",./assets/images/tracklights/nembus-01-chrome.webp
Nembus Tunable,TSL080T,48V DC,NA,2700K~6500K, CRI>97,Φ100*H45mm,90°,6W,AJ/CG,ATAF0610/CT/CHB,R-41231258,IS 10322 (PART 5/SEC 1) : 2012,15099,"Guangdong Sat Technology Co. Ltd., No. 11 Lianbao Rd, Shengfeng District, Xiaolan Town, Zhongshan City, Guangdong, China – 528400",./assets/images/tracklights/nembus-02-chrome-black.webp
Upsilon,TSL080X,48V DC,NA,2700K, CRI>97,Φ75*H60mm,15°,12W,AJ/CG,ATAS1275/27/15/W,R-41231258,IS 10322 (PART 5/SEC 1) : 2012,13999,"Guangdong Sat Technology Co. Ltd., No. 11 Lianbao Rd, Shengfeng District, Xiaolan Town, Zhongshan City, Guangdong, China – 528400",./assets/images/tracklights/upsilon-05-white-2.webp
Upsilon,TSL080X,48V DC,NA,2700K, CRI>97,Φ75*H60mm,15°,12W,AJ/CG,ATAS1275/27/15/B,R-41231258,IS 10322 (PART 5/SEC 1) : 2012,13999,"Guangdong Sat Technology Co. Ltd., No. 11 Lianbao Rd, Shengfeng District, Xiaolan Town, Zhongshan City, Guangdong, China – 528400",./assets/images/tracklights/upsilon-03-mat-black-default.webp
Upsilon,TSL080X,48V DC,NA,2700K, CRI>97,Φ75*H60mm,15°,12W,AJ/CG,ATAS1275/27/15/CG,R-41231258,IS 10322 (PART 5/SEC 1) : 2012,14999,"Guangdong Sat Technology Co. Ltd., No. 11 Lianbao Rd, Shengfeng District, Xiaolan Town, Zhongshan City, Guangdong, China – 528400",./assets/images/tracklights/upsilon-04-champeing-gold.webp
Upsilon,TSL080X,48V DC,NA,2700K, CRI>97,Φ75*H60mm,15°,12W,AJ/CG,ATAS1275/27/15/RG,R-41231258,IS 10322 (PART 5/SEC 1) : 2012,14999,"Guangdong Sat Technology Co. Ltd., No. 11 Lianbao Rd, Shengfeng District, Xiaolan Town, Zhongshan City, Guangdong, China – 528400",./assets/images/tracklights/upsilon-08-rose-gold.webp
Upsilon,TSL080X,48V DC,NA,2700K, CRI>97,Φ75*H60mm,15°,12W,AJ/CG,ATAS1275/27/15/BR,R-41231258,IS 10322 (PART 5/SEC 1) : 2012,14999,"Guangdong Sat Technology Co. Ltd., No. 11 Lianbao Rd, Shengfeng District, Xiaolan Town, Zhongshan City, Guangdong, China – 528400",./assets/images/tracklights/upsilon-10-brown.webp
Upsilon,TSL080X,48V DC,NA,2700K, CRI>97,Φ75*H60mm,15°,12W,AJ/CG,ATAS1275/27/15/COF,R-41231258,IS 10322 (PART 5/SEC 1) : 2012,14999,"Guangdong Sat Technology Co. Ltd., No. 11 Lianbao Rd, Shengfeng District, Xiaolan Town, Zhongshan City, Guangdong, China – 528400",./assets/images/tracklights/upsilon-07-coffee.webp
Upsilon,TSL080X,48V DC,NA,2700K, CRI>97,Φ75*H60mm,15°,12W,AJ/CG,ATAS1275/27/15/DGR,R-41231258,IS 10322 (PART 5/SEC 1) : 2012,14999,"Guangdong Sat Technology Co. Ltd., No. 11 Lianbao Rd, Shengfeng District, Xiaolan Town, Zhongshan City, Guangdong, China – 528400",./assets/images/tracklights/upsilon-09-dark-gray-default.webp
Upsilon,TSL080X,48V DC,NA,2700K, CRI>97,Φ75*H60mm,15°,12W,AJ/CG,ATAS1275/27/15/BB,R-41231258,IS 10322 (PART 5/SEC 1) : 2012,14999,"Guangdong Sat Technology Co. Ltd., No. 11 Lianbao Rd, Shengfeng District, Xiaolan Town, Zhongshan City, Guangdong, China – 528400",./assets/images/tracklights/upsilon-05-ballet-blue.webp
Upsilon,TSL080X,48V DC,NA,2700K, CRI>97,Φ75*H60mm,15°,12W,AJ/CG,ATAS1275/27/15/CH,R-41231258,IS 10322 (PART 5/SEC 1) : 2012,14999,"Guangdong Sat Technology Co. Ltd., No. 11 Lianbao Rd, Shengfeng District, Xiaolan Town, Zhongshan City, Guangdong, China – 528400",./assets/images/tracklights/upsilon-01-chrome.webp
Upsilon,TSL080X,48V DC,NA,2700K, CRI>97,Φ75*H60mm,15°,12W,AJ/CG,ATAS1275/27/15/CHB,R-41231258,IS 10322 (PART 5/SEC 1) : 2012,14999,"Guangdong Sat Technology Co. Ltd., No. 11 Lianbao Rd, Shengfeng District, Xiaolan Town, Zhongshan City, Guangdong, China – 528400",./assets/images/tracklights/upsilon-02-chrome-black.webp
Upsilon,TSL080X,48V DC,NA,3000K, CRI>97,Φ75*H60mm,15°,12W,AJ/CG,ATAS1275/30/15/W,R-41231258,IS 10322 (PART 5/SEC 1) : 2012,13999,"Guangdong Sat Technology Co. Ltd., No. 11 Lianbao Rd, Shengfeng District, Xiaolan Town, Zhongshan City, Guangdong, China – 528400",./assets/images/tracklights/upsilon-05-white-2.webp
Upsilon,TSL080X,48V DC,NA,3000K, CRI>97,Φ75*H60mm,15°,12W,AJ/CG,ATAS1275/30/15/B,R-41231258,IS 10322 (PART 5/SEC 1) : 2012,13999,"Guangdong Sat Technology Co. Ltd., No. 11 Lianbao Rd, Shengfeng District, Xiaolan Town, Zhongshan City, Guangdong, China – 528400",./assets/images/tracklights/upsilon-03-mat-black-default.webp
Upsilon,TSL080X,48V DC,NA,3000K, CRI>97,Φ75*H60mm,15°,12W,AJ/CG,ATAS1275/30/15/CG,R-41231258,IS 10322 (PART 5/SEC 1) : 2012,14999,"Guangdong Sat Technology Co. Ltd., No. 11 Lianbao Rd, Shengfeng District, Xiaolan Town, Zhongshan City, Guangdong, China – 528400",./assets/images/tracklights/upsilon-04-champeing-gold.webp
Upsilon,TSL080X,48V DC,NA,3000K, CRI>97,Φ75*H60mm,15°,12W,AJ/CG,ATAS1275/30/15/RG,R-41231258,IS 10322 (PART 5/SEC 1) : 2012,14999,"Guangdong Sat Technology Co. Ltd., No. 11 Lianbao Rd, Shengfeng District, Xiaolan Town, Zhongshan City, Guangdong, China – 528400",./assets/images/tracklights/upsilon-08-rose-gold.webp
Upsilon,TSL080X,48V DC,NA,3000K, CRI>97,Φ75*H60mm,15°,12W,AJ/CG,ATAS1275/30/15/BR,R-41231258,IS 10322 (PART 5/SEC 1) : 2012,14999,"Guangdong Sat Technology Co. Ltd., No. 11 Lianbao Rd, Shengfeng District, Xiaolan Town, Zhongshan City, Guangdong, China – 528400",./assets/images/tracklights/upsilon-10-brown.webp
Upsilon,TSL080X,48V DC,NA,3000K, CRI>97,Φ75*H60mm,15°,12W,AJ/CG,ATAS1275/30/15/COF,R-41231258,IS 10322 (PART 5/SEC 1) : 2012,14999,"Guangdong Sat Technology Co. Ltd., No. 11 Lianbao Rd, Shengfeng District, Xiaolan Town, Zhongshan City, Guangdong, China – 528400",./assets/images/tracklights/upsilon-07-coffee.webp
Upsilon,TSL080X,48V DC,NA,3000K, CRI>97,Φ75*H60mm,15°,12W,AJ/CG,ATAS1275/30/15/DGR,R-41231258,IS 10322 (PART 5/SEC 1) : 2012,14999,"Guangdong Sat Technology Co. Ltd., No. 11 Lianbao Rd, Shengfeng District, Xiaolan Town, Zhongshan City, Guangdong, China – 528400",./assets/images/tracklights/upsilon-09-dark-gray-default.webp
Upsilon,TSL080X,48V DC,NA,3000K, CRI>97,Φ75*H60mm,15°,12W,AJ/CG,ATAS1275/30/15/BB,R-41231258,IS 10322 (PART 5/SEC 1) : 2012,14999,"Guangdong Sat Technology Co. Ltd., No. 11 Lianbao Rd, Shengfeng District, Xiaolan Town, Zhongshan City, Guangdong, China – 528400",./assets/images/tracklights/upsilon-05-ballet-blue.webp
Upsilon,TSL080X,48V DC,NA,3000K, CRI>97,Φ75*H60mm,15°,12W,AJ/CG,ATAS1275/30/15/CH,R-41231258,IS 10322 (PART 5/SEC 1) : 2012,14999,"Guangdong Sat Technology Co. Ltd., No. 11 Lianbao Rd, Shengfeng District, Xiaolan Town, Zhongshan City, Guangdong, China – 528400",./assets/images/tracklights/upsilon-01-chrome.webp
Upsilon,TSL080X,48V DC,NA,3000K, CRI>97,Φ75*H60mm,15°,12W,AJ/CG,ATAS1275/30/15/CHB,R-41231258,IS 10322 (PART 5/SEC 1) : 2012,14999,"Guangdong Sat Technology Co. Ltd., No. 11 Lianbao Rd, Shengfeng District, Xiaolan Town, Zhongshan City, Guangdong, China – 528400",./assets/images/tracklights/upsilon-02-chrome-black.webp
Upsilon,TSL080X,48V DC,NA,3500K, CRI>97,Φ75*H60mm,15°,12W,AJ/CG,ATAS1275/35/15/W,R-41231258,IS 10322 (PART 5/SEC 1) : 2012,13999,"Guangdong Sat Technology Co. Ltd., No. 11 Lianbao Rd, Shengfeng District, Xiaolan Town, Zhongshan City, Guangdong, China – 528400",./assets/images/tracklights/upsilon-05-white-2.webp
Upsilon,TSL080X,48V DC,NA,3500K, CRI>97,Φ75*H60mm,15°,12W,AJ/CG,ATAS1275/35/15/B,R-41231258,IS 10322 (PART 5/SEC 1) : 2012,13999,"Guangdong Sat Technology Co. Ltd., No. 11 Lianbao Rd, Shengfeng District, Xiaolan Town, Zhongshan City, Guangdong, China – 528400",./assets/images/tracklights/upsilon-03-mat-black-default.webp
Upsilon,TSL080X,48V DC,NA,3500K, CRI>97,Φ75*H60mm,15°,12W,AJ/CG,ATAS1275/35/15/CG,R-41231258,IS 10322 (PART 5/SEC 1) : 2012,14999,"Guangdong Sat Technology Co. Ltd., No. 11 Lianbao Rd, Shengfeng District, Xiaolan Town, Zhongshan City, Guangdong, China – 528400",./assets/images/tracklights/upsilon-04-champeing-gold.webp
Upsilon,TSL080X,48V DC,NA,3500K, CRI>97,Φ75*H60mm,15°,12W,AJ/CG,ATAS1275/35/15/RG,R-41231258,IS 10322 (PART 5/SEC 1) : 2012,14999,"Guangdong Sat Technology Co. Ltd., No. 11 Lianbao Rd, Shengfeng District, Xiaolan Town, Zhongshan City, Guangdong, China – 528400",./assets/images/tracklights/upsilon-08-rose-gold.webp
Upsilon,TSL080X,48V DC,NA,3500K, CRI>97,Φ75*H60mm,15°,12W,AJ/CG,ATAS1275/35/15/BR,R-41231258,IS 10322 (PART 5/SEC 1) : 2012,14999,"Guangdong Sat Technology Co. Ltd., No. 11 Lianbao Rd, Shengfeng District, Xiaolan Town, Zhongshan City, Guangdong, China – 528400",./assets/images/tracklights/upsilon-10-brown.webp
Upsilon,TSL080X,48V DC,NA,3500K, CRI>97,Φ75*H60mm,15°,12W,AJ/CG,ATAS1275/35/15/COF,R-41231258,IS 10322 (PART 5/SEC 1) : 2012,14999,"Guangdong Sat Technology Co. Ltd., No. 11 Lianbao Rd, Shengfeng District, Xiaolan Town, Zhongshan City, Guangdong, China – 528400",./assets/images/tracklights/upsilon-07-coffee.webp
Upsilon,TSL080X,48V DC,NA,3500K, CRI>97,Φ75*H60mm,15°,12W,AJ/CG,ATAS1275/35/15/DGR,R-41231258,IS 10322 (PART 5/SEC 1) : 2012,14999,"Guangdong Sat Technology Co. Ltd., No. 11 Lianbao Rd, Shengfeng District, Xiaolan Town, Zhongshan City, Guangdong, China – 528400",./assets/images/tracklights/upsilon-09-dark-gray-default.webp
Upsilon,TSL080X,48V DC,NA,3500K, CRI>97,Φ75*H60mm,15°,12W,AJ/CG,ATAS1275/35/15/BB,R-41231258,IS 10322 (PART 5/SEC 1) : 2012,14999,"Guangdong Sat Technology Co. Ltd., No. 11 Lianbao Rd, Shengfeng District, Xiaolan Town, Zhongshan City, Guangdong, China – 528400",./assets/images/tracklights/upsilon-05-ballet-blue.webp
Upsilon,TSL080X,48V DC,NA,3500K, CRI>97,Φ75*H60mm,15°,12W,AJ/CG,ATAS1275/35/15/CH,R-41231258,IS 10322 (PART 5/SEC 1) : 2012,14999,"Guangdong Sat Technology Co. Ltd., No. 11 Lianbao Rd, Shengfeng District, Xiaolan Town, Zhongshan City, Guangdong, China – 528400",./assets/images/tracklights/upsilon-01-chrome.webp
Upsilon,TSL080X,48V DC,NA,3500K, CRI>97,Φ75*H60mm,15°,12W,AJ/CG,ATAS1275/35/15/CHB,R-41231258,IS 10322 (PART 5/SEC 1) : 2012,14999,"Guangdong Sat Technology Co. Ltd., No. 11 Lianbao Rd, Shengfeng District, Xiaolan Town, Zhongshan City, Guangdong, China – 528400",./assets/images/tracklights/upsilon-02-chrome-black.webp
Upsilon,TSL080X,48V DC,NA,4000K, CRI>97,Φ75*H60mm,15°,12W,AJ/CG,ATAS1275/40/15/W,R-41231258,IS 10322 (PART 5/SEC 1) : 2012,13999,"Guangdong Sat Technology Co. Ltd., No. 11 Lianbao Rd, Shengfeng District, Xiaolan Town, Zhongshan City, Guangdong, China – 528400",./assets/images/tracklights/upsilon-05-white-2.webp
Upsilon,TSL080X,48V DC,NA,4000K, CRI>97,Φ75*H60mm,15°,12W,AJ/CG,ATAS1275/40/15/B,R-41231258,IS 10322 (PART 5/SEC 1) : 2012,13999,"Guangdong Sat Technology Co. Ltd., No. 11 Lianbao Rd, Shengfeng District, Xiaolan Town, Zhongshan City, Guangdong, China – 528400",./assets/images/tracklights/upsilon-03-mat-black-default.webp
Upsilon,TSL080X,48V DC,NA,4000K, CRI>97,Φ75*H60mm,15°,12W,AJ/CG,ATAS1275/40/15/CG,R-41231258,IS 10322 (PART 5/SEC 1) : 2012,14999,"Guangdong Sat Technology Co. Ltd., No. 11 Lianbao Rd, Shengfeng District, Xiaolan Town, Zhongshan City, Guangdong, China – 528400",./assets/images/tracklights/upsilon-04-champeing-gold.webp
Upsilon,TSL080X,48V DC,NA,4000K, CRI>97,Φ75*H60mm,15°,12W,AJ/CG,ATAS1275/40/15/RG,R-41231258,IS 10322 (PART 5/SEC 1) : 2012,14999,"Guangdong Sat Technology Co. Ltd., No. 11 Lianbao Rd, Shengfeng District, Xiaolan Town, Zhongshan City, Guangdong, China – 528400",./assets/images/tracklights/upsilon-08-rose-gold.webp
Upsilon,TSL080X,48V DC,NA,4000K, CRI>97,Φ75*H60mm,15°,12W,AJ/CG,ATAS1275/40/15/BR,R-41231258,IS 10322 (PART 5/SEC 1) : 2012,14999,"Guangdong Sat Technology Co. Ltd., No. 11 Lianbao Rd, Shengfeng District, Xiaolan Town, Zhongshan City, Guangdong, China – 528400",./assets/images/tracklights/upsilon-10-brown.webp
Upsilon,TSL080X,48V DC,NA,4000K, CRI>97,Φ75*H60mm,15°,12W,AJ/CG,ATAS1275/40/15/COF,R-41231258,IS 10322 (PART 5/SEC 1) : 2012,14999,"Guangdong Sat Technology Co. Ltd., No. 11 Lianbao Rd, Shengfeng District, Xiaolan Town, Zhongshan City, Guangdong, China – 528400",./assets/images/tracklights/upsilon-07-coffee.webp
Upsilon,TSL080X,48V DC,NA,4000K, CRI>97,Φ75*H60mm,15°,12W,AJ/CG,ATAS1275/40/15/DGR,R-41231258,IS 10322 (PART 5/SEC 1) : 2012,14999,"Guangdong Sat Technology Co. Ltd., No. 11 Lianbao Rd, Shengfeng District, Xiaolan Town, Zhongshan City, Guangdong, China – 528400",./assets/images/tracklights/upsilon-09-dark-gray-default.webp
Upsilon,TSL080X,48V DC,NA,4000K, CRI>97,Φ75*H60mm,15°,12W,AJ/CG,ATAS1275/40/15/BB,R-41231258,IS 10322 (PART 5/SEC 1) : 2012,14999,"Guangdong Sat Technology Co. Ltd., No. 11 Lianbao Rd, Shengfeng District, Xiaolan Town, Zhongshan City, Guangdong, China – 528400",./assets/images/tracklights/upsilon-05-ballet-blue.webp
Upsilon,TSL080X,48V DC,NA,4000K, CRI>97,Φ75*H60mm,15°,12W,AJ/CG,ATAS1275/40/15/CH,R-41231258,IS 10322 (PART 5/SEC 1) : 2012,14999,"Guangdong Sat Technology Co. Ltd., No. 11 Lianbao Rd, Shengfeng District, Xiaolan Town, Zhongshan City, Guangdong, China – 528400",./assets/images/tracklights/upsilon-01-chrome.webp
Upsilon,TSL080X,48V DC,NA,4000K, CRI>97,Φ75*H60mm,15°,12W,AJ/CG,ATAS1275/40/15/CHB,R-41231258,IS 10322 (PART 5/SEC 1) : 2012,14999,"Guangdong Sat Technology Co. Ltd., No. 11 Lianbao Rd, Shengfeng District, Xiaolan Town, Zhongshan City, Guangdong, China – 528400",./assets/images/tracklights/upsilon-02-chrome-black.webp
Upsilon,TSL080X,48V DC,NA,5000K, CRI>97,Φ75*H60mm,15°,12W,AJ/CG,ATAS1275/50/15/W,R-41231258,IS 10322 (PART 5/SEC 1) : 2012,13999,"Guangdong Sat Technology Co. Ltd., No. 11 Lianbao Rd, Shengfeng District, Xiaolan Town, Zhongshan City, Guangdong, China – 528400",./assets/images/tracklights/upsilon-05-white-2.webp
Upsilon,TSL080X,48V DC,NA,5000K, CRI>97,Φ75*H60mm,15°,12W,AJ/CG,ATAS1275/50/15/B,R-41231258,IS 10322 (PART 5/SEC 1) : 2012,13999,"Guangdong Sat Technology Co. Ltd., No. 11 Lianbao Rd, Shengfeng District, Xiaolan Town, Zhongshan City, Guangdong, China – 528400",./assets/images/tracklights/upsilon-03-mat-black-default.webp
Upsilon,TSL080X,48V DC,NA,5000K, CRI>97,Φ75*H60mm,15°,12W,AJ/CG,ATAS1275/50/15/CG,R-41231258,IS 10322 (PART 5/SEC 1) : 2012,14999,"Guangdong Sat Technology Co. Ltd., No. 11 Lianbao Rd, Shengfeng District, Xiaolan Town, Zhongshan City, Guangdong, China – 528400",./assets/images/tracklights/upsilon-04-champeing-gold.webp
Upsilon,TSL080X,48V DC,NA,5000K, CRI>97,Φ75*H60mm,15°,12W,AJ/CG,ATAS1275/50/15/RG,R-41231258,IS 10322 (PART 5/SEC 1) : 2012,14999,"Guangdong Sat Technology Co. Ltd., No. 11 Lianbao Rd, Shengfeng District, Xiaolan Town, Zhongshan City, Guangdong, China – 528400",./assets/images/tracklights/upsilon-08-rose-gold.webp
Upsilon,TSL080X,48V DC,NA,5000K, CRI>97,Φ75*H60mm,15°,12W,AJ/CG,ATAS1275/50/15/BR,R-41231258,IS 10322 (PART 5/SEC 1) : 2012,14999,"Guangdong Sat Technology Co. Ltd., No. 11 Lianbao Rd, Shengfeng District, Xiaolan Town, Zhongshan City, Guangdong, China – 528400",./assets/images/tracklights/upsilon-10-brown.webp
Upsilon,TSL080X,48V DC,NA,5000K, CRI>97,Φ75*H60mm,15°,12W,AJ/CG,ATAS1275/50/15/COF,R-41231258,IS 10322 (PART 5/SEC 1) : 2012,14999,"Guangdong Sat Technology Co. Ltd., No. 11 Lianbao Rd, Shengfeng District, Xiaolan Town, Zhongshan City, Guangdong, China – 528400",./assets/images/tracklights/upsilon-07-coffee.webp
Upsilon,TSL080X,48V DC,NA,5000K, CRI>97,Φ75*H60mm,15°,12W,AJ/CG,ATAS1275/50/15/DGR,R-41231258,IS 10322 (PART 5/SEC 1) : 2012,14999,"Guangdong Sat Technology Co. Ltd., No. 11 Lianbao Rd, Shengfeng District, Xiaolan Town, Zhongshan City, Guangdong, China – 528400",./assets/images/tracklights/upsilon-09-dark-gray-default.webp
Upsilon,TSL080X,48V DC,NA,5000K, CRI>97,Φ75*H60mm,15°,12W,AJ/CG,ATAS1275/50/15/BB,R-41231258,IS 10322 (PART 5/SEC 1) : 2012,14999,"Guangdong Sat Technology Co. Ltd., No. 11 Lianbao Rd, Shengfeng District, Xiaolan Town, Zhongshan City, Guangdong, China – 528400",./assets/images/tracklights/upsilon-05-ballet-blue.webp
Upsilon,TSL080X,48V DC,NA,5000K, CRI>97,Φ75*H60mm,15°,12W,AJ/CG,ATAS1275/50/15/CH,R-41231258,IS 10322 (PART 5/SEC 1) : 2012,14999,"Guangdong Sat Technology Co. Ltd., No. 11 Lianbao Rd, Shengfeng District, Xiaolan Town, Zhongshan City, Guangdong, China – 528400",./assets/images/tracklights/upsilon-01-chrome.webp
Upsilon,TSL080X,48V DC,NA,5000K, CRI>97,Φ75*H60mm,15°,12W,AJ/CG,ATAS1275/50/15/CHB,R-41231258,IS 10322 (PART 5/SEC 1) : 2012,14999,"Guangdong Sat Technology Co. Ltd., No. 11 Lianbao Rd, Shengfeng District, Xiaolan Town, Zhongshan City, Guangdong, China – 528400",./assets/images/tracklights/upsilon-02-chrome-black.webp
Upsilon,TSL080X,48V DC,NA,2700K, CRI>97,Φ75*H60mm,24°,12W,AJ/CG,ATAS1275/27/24/W,R-41231258,IS 10322 (PART 5/SEC 1) : 2012,13999,"Guangdong Sat Technology Co. Ltd., No. 11 Lianbao Rd, Shengfeng District, Xiaolan Town, Zhongshan City, Guangdong, China – 528400",./assets/images/tracklights/upsilon-05-white-2.webp
Upsilon,TSL080X,48V DC,NA,2700K, CRI>97,Φ75*H60mm,24°,12W,AJ/CG,ATAS1275/27/24/B,R-41231258,IS 10322 (PART 5/SEC 1) : 2012,13999,"Guangdong Sat Technology Co. Ltd., No. 11 Lianbao Rd, Shengfeng District, Xiaolan Town, Zhongshan City, Guangdong, China – 528400",./assets/images/tracklights/upsilon-03-mat-black-default.webp
Upsilon,TSL080X,48V DC,NA,2700K, CRI>97,Φ75*H60mm,24°,12W,AJ/CG,ATAS1275/27/24/CG,R-41231258,IS 10322 (PART 5/SEC 1) : 2012,14999,"Guangdong Sat Technology Co. Ltd., No. 11 Lianbao Rd, Shengfeng District, Xiaolan Town, Zhongshan City, Guangdong, China – 528400",./assets/images/tracklights/upsilon-04-champeing-gold.webp
Upsilon,TSL080X,48V DC,NA,2700K, CRI>97,Φ75*H60mm,24°,12W,AJ/CG,ATAS1275/27/24/RG,R-41231258,IS 10322 (PART 5/SEC 1) : 2012,14999,"Guangdong Sat Technology Co. Ltd., No. 11 Lianbao Rd, Shengfeng District, Xiaolan Town, Zhongshan City, Guangdong, China – 528400",./assets/images/tracklights/upsilon-08-rose-gold.webp
Upsilon,TSL080X,48V DC,NA,2700K, CRI>97,Φ75*H60mm,24°,12W,AJ/CG,ATAS1275/27/24/BR,R-41231258,IS 10322 (PART 5/SEC 1) : 2012,14999,"Guangdong Sat Technology Co. Ltd., No. 11 Lianbao Rd, Shengfeng District, Xiaolan Town, Zhongshan City, Guangdong, China – 528400",./assets/images/tracklights/upsilon-10-brown.webp
Upsilon,TSL080X,48V DC,NA,2700K, CRI>97,Φ75*H60mm,24°,12W,AJ/CG,ATAS1275/27/24/COF,R-41231258,IS 10322 (PART 5/SEC 1) : 2012,14999,"Guangdong Sat Technology Co. Ltd., No. 11 Lianbao Rd, Shengfeng District, Xiaolan Town, Zhongshan City, Guangdong, China – 528400",./assets/images/tracklights/upsilon-07-coffee.webp
Upsilon,TSL080X,48V DC,NA,2700K, CRI>97,Φ75*H60mm,24°,12W,AJ/CG,ATAS1275/27/24/DGR,R-41231258,IS 10322 (PART 5/SEC 1) : 2012,14999,"Guangdong Sat Technology Co. Ltd., No. 11 Lianbao Rd, Shengfeng District, Xiaolan Town, Zhongshan City, Guangdong, China – 528400",./assets/images/tracklights/upsilon-09-dark-gray-default.webp
Upsilon,TSL080X,48V DC,NA,2700K, CRI>97,Φ75*H60mm,24°,12W,AJ/CG,ATAS1275/27/24/BB,R-41231258,IS 10322 (PART 5/SEC 1) : 2012,14999,"Guangdong Sat Technology Co. Ltd., No. 11 Lianbao Rd, Shengfeng District, Xiaolan Town, Zhongshan City, Guangdong, China – 528400",./assets/images/tracklights/upsilon-05-ballet-blue.webp
Upsilon,TSL080X,48V DC,NA,2700K, CRI>97,Φ75*H60mm,24°,12W,AJ/CG,ATAS1275/27/24/CH,R-41231258,IS 10322 (PART 5/SEC 1) : 2012,14999,"Guangdong Sat Technology Co. Ltd., No. 11 Lianbao Rd, Shengfeng District, Xiaolan Town, Zhongshan City, Guangdong, China – 528400",./assets/images/tracklights/upsilon-01-chrome.webp
Upsilon,TSL080X,48V DC,NA,2700K, CRI>97,Φ75*H60mm,24°,12W,AJ/CG,ATAS1275/27/24/CHB,R-41231258,IS 10322 (PART 5/SEC 1) : 2012,14999,"Guangdong Sat Technology Co. Ltd., No. 11 Lianbao Rd, Shengfeng District, Xiaolan Town, Zhongshan City, Guangdong, China – 528400",./assets/images/tracklights/upsilon-02-chrome-black.webp
Upsilon,TSL080X,48V DC,NA,3000K, CRI>97,Φ75*H60mm,24°,12W,AJ/CG,ATAS1275/30/24/W,R-41231258,IS 10322 (PART 5/SEC 1) : 2012,13999,"Guangdong Sat Technology Co. Ltd., No. 11 Lianbao Rd, Shengfeng District, Xiaolan Town, Zhongshan City, Guangdong, China – 528400",./assets/images/tracklights/upsilon-05-white-2.webp
Upsilon,TSL080X,48V DC,NA,3000K, CRI>97,Φ75*H60mm,24°,12W,AJ/CG,ATAS1275/30/24/B,R-41231258,IS 10322 (PART 5/SEC 1) : 2012,13999,"Guangdong Sat Technology Co. Ltd., No. 11 Lianbao Rd, Shengfeng District, Xiaolan Town, Zhongshan City, Guangdong, China – 528400",./assets/images/tracklights/upsilon-03-mat-black-default.webp
Upsilon,TSL080X,48V DC,NA,3000K, CRI>97,Φ75*H60mm,24°,12W,AJ/CG,ATAS1275/30/24/CG,R-41231258,IS 10322 (PART 5/SEC 1) : 2012,14999,"Guangdong Sat Technology Co. Ltd., No. 11 Lianbao Rd, Shengfeng District, Xiaolan Town, Zhongshan City, Guangdong, China – 528400",./assets/images/tracklights/upsilon-04-champeing-gold.webp
Upsilon,TSL080X,48V DC,NA,3000K, CRI>97,Φ75*H60mm,24°,12W,AJ/CG,ATAS1275/30/24/RG,R-41231258,IS 10322 (PART 5/SEC 1) : 2012,14999,"Guangdong Sat Technology Co. Ltd., No. 11 Lianbao Rd, Shengfeng District, Xiaolan Town, Zhongshan City, Guangdong, China – 528400",./assets/images/tracklights/upsilon-08-rose-gold.webp
Upsilon,TSL080X,48V DC,NA,3000K, CRI>97,Φ75*H60mm,24°,12W,AJ/CG,ATAS1275/30/24/BR,R-41231258,IS 10322 (PART 5/SEC 1) : 2012,14999,"Guangdong Sat Technology Co. Ltd., No. 11 Lianbao Rd, Shengfeng District, Xiaolan Town, Zhongshan City, Guangdong, China – 528400",./assets/images/tracklights/upsilon-10-brown.webp
Upsilon,TSL080X,48V DC,NA,3000K, CRI>97,Φ75*H60mm,24°,12W,AJ/CG,ATAS1275/30/24/COF,R-41231258,IS 10322 (PART 5/SEC 1) : 2012,14999,"Guangdong Sat Technology Co. Ltd., No. 11 Lianbao Rd, Shengfeng District, Xiaolan Town, Zhongshan City, Guangdong, China – 528400",./assets/images/tracklights/upsilon-07-coffee.webp
Upsilon,TSL080X,48V DC,NA,3000K, CRI>97,Φ75*H60mm,24°,12W,AJ/CG,ATAS1275/30/24/DGR,R-41231258,IS 10322 (PART 5/SEC 1) : 2012,14999,"Guangdong Sat Technology Co. Ltd., No. 11 Lianbao Rd, Shengfeng District, Xiaolan Town, Zhongshan City, Guangdong, China – 528400",./assets/images/tracklights/upsilon-09-dark-gray-default.webp
Upsilon,TSL080X,48V DC,NA,3000K, CRI>97,Φ75*H60mm,24°,12W,AJ/CG,ATAS1275/30/24/BB,R-41231258,IS 10322 (PART 5/SEC 1) : 2012,14999,"Guangdong Sat Technology Co. Ltd., No. 11 Lianbao Rd, Shengfeng District, Xiaolan Town, Zhongshan City, Guangdong, China – 528400",./assets/images/tracklights/upsilon-05-ballet-blue.webp
Upsilon,TSL080X,48V DC,NA,3000K, CRI>97,Φ75*H60mm,24°,12W,AJ/CG,ATAS1275/30/24/CH,R-41231258,IS 10322 (PART 5/SEC 1) : 2012,14999,"Guangdong Sat Technology Co. Ltd., No. 11 Lianbao Rd, Shengfeng District, Xiaolan Town, Zhongshan City, Guangdong, China – 528400",./assets/images/tracklights/upsilon-01-chrome.webp
Upsilon,TSL080X,48V DC,NA,3000K, CRI>97,Φ75*H60mm,24°,12W,AJ/CG,ATAS1275/30/24/CHB,R-41231258,IS 10322 (PART 5/SEC 1) : 2012,14999,"Guangdong Sat Technology Co. Ltd., No. 11 Lianbao Rd, Shengfeng District, Xiaolan Town, Zhongshan City, Guangdong, China – 528400",./assets/images/tracklights/upsilon-02-chrome-black.webp
Upsilon,TSL080X,48V DC,NA,3500K, CRI>97,Φ75*H60mm,24°,12W,AJ/CG,ATAS1275/35/24/W,R-41231258,IS 10322 (PART 5/SEC 1) : 2012,13999,"Guangdong Sat Technology Co. Ltd., No. 11 Lianbao Rd, Shengfeng District, Xiaolan Town, Zhongshan City, Guangdong, China – 528400",./assets/images/tracklights/upsilon-05-white-2.webp
Upsilon,TSL080X,48V DC,NA,3500K, CRI>97,Φ75*H60mm,24°,12W,AJ/CG,ATAS1275/35/24/B,R-41231258,IS 10322 (PART 5/SEC 1) : 2012,13999,"Guangdong Sat Technology Co. Ltd., No. 11 Lianbao Rd, Shengfeng District, Xiaolan Town, Zhongshan City, Guangdong, China – 528400",./assets/images/tracklights/upsilon-03-mat-black-default.webp
Upsilon,TSL080X,48V DC,NA,3500K, CRI>97,Φ75*H60mm,24°,12W,AJ/CG,ATAS1275/35/24/CG,R-41231258,IS 10322 (PART 5/SEC 1) : 2012,14999,"Guangdong Sat Technology Co. Ltd., No. 11 Lianbao Rd, Shengfeng District, Xiaolan Town, Zhongshan City, Guangdong, China – 528400",./assets/images/tracklights/upsilon-04-champeing-gold.webp
Upsilon,TSL080X,48V DC,NA,3500K, CRI>97,Φ75*H60mm,24°,12W,AJ/CG,ATAS1275/35/24/RG,R-41231258,IS 10322 (PART 5/SEC 1) : 2012,14999,"Guangdong Sat Technology Co. Ltd., No. 11 Lianbao Rd, Shengfeng District, Xiaolan Town, Zhongshan City, Guangdong, China – 528400",./assets/images/tracklights/upsilon-08-rose-gold.webp
Upsilon,TSL080X,48V DC,NA,3500K, CRI>97,Φ75*H60mm,24°,12W,AJ/CG,ATAS1275/35/24/BR,R-41231258,IS 10322 (PART 5/SEC 1) : 2012,14999,"Guangdong Sat Technology Co. Ltd., No. 11 Lianbao Rd, Shengfeng District, Xiaolan Town, Zhongshan City, Guangdong, China – 528400",./assets/images/tracklights/upsilon-10-brown.webp
Upsilon,TSL080X,48V DC,NA,3500K, CRI>97,Φ75*H60mm,24°,12W,AJ/CG,ATAS1275/35/24/COF,R-41231258,IS 10322 (PART 5/SEC 1) : 2012,14999,"Guangdong Sat Technology Co. Ltd., No. 11 Lianbao Rd, Shengfeng District, Xiaolan Town, Zhongshan City, Guangdong, China – 528400",./assets/images/tracklights/upsilon-07-coffee.webp
Upsilon,TSL080X,48V DC,NA,3500K, CRI>97,Φ75*H60mm,24°,12W,AJ/CG,ATAS1275/35/24/DGR,R-41231258,IS 10322 (PART 5/SEC 1) : 2012,14999,"Guangdong Sat Technology Co. Ltd., No. 11 Lianbao Rd, Shengfeng District, Xiaolan Town, Zhongshan City, Guangdong, China – 528400",./assets/images/tracklights/upsilon-09-dark-gray-default.webp
Upsilon,TSL080X,48V DC,NA,3500K, CRI>97,Φ75*H60mm,24°,12W,AJ/CG,ATAS1275/35/24/BB,R-41231258,IS 10322 (PART 5/SEC 1) : 2012,14999,"Guangdong Sat Technology Co. Ltd., No. 11 Lianbao Rd, Shengfeng District, Xiaolan Town, Zhongshan City, Guangdong, China – 528400",./assets/images/tracklights/upsilon-05-ballet-blue.webp
Upsilon,TSL080X,48V DC,NA,3500K, CRI>97,Φ75*H60mm,24°,12W,AJ/CG,ATAS1275/35/24/CH,R-41231258,IS 10322 (PART 5/SEC 1) : 2012,14999,"Guangdong Sat Technology Co. Ltd., No. 11 Lianbao Rd, Shengfeng District, Xiaolan Town, Zhongshan City, Guangdong, China – 528400",./assets/images/tracklights/upsilon-01-chrome.webp
Upsilon,TSL080X,48V DC,NA,3500K, CRI>97,Φ75*H60mm,24°,12W,AJ/CG,ATAS1275/35/24/CHB,R-41231258,IS 10322 (PART 5/SEC 1) : 2012,14999,"Guangdong Sat Technology Co. Ltd., No. 11 Lianbao Rd, Shengfeng District, Xiaolan Town, Zhongshan City, Guangdong, China – 528400",./assets/images/tracklights/upsilon-02-chrome-black.webp
Upsilon,TSL080X,48V DC,NA,4000K, CRI>97,Φ75*H60mm,24°,12W,AJ/CG,ATAS1275/40/24/W,R-41231258,IS 10322 (PART 5/SEC 1) : 2012,13999,"Guangdong Sat Technology Co. Ltd., No. 11 Lianbao Rd, Shengfeng District, Xiaolan Town, Zhongshan City, Guangdong, China – 528400",./assets/images/tracklights/upsilon-05-white-2.webp
Upsilon,TSL080X,48V DC,NA,4000K, CRI>97,Φ75*H60mm,24°,12W,AJ/CG,ATAS1275/40/24/B,R-41231258,IS 10322 (PART 5/SEC 1) : 2012,13999,"Guangdong Sat Technology Co. Ltd., No. 11 Lianbao Rd, Shengfeng District, Xiaolan Town, Zhongshan City, Guangdong, China – 528400",./assets/images/tracklights/upsilon-03-mat-black-default.webp
Upsilon,TSL080X,48V DC,NA,4000K, CRI>97,Φ75*H60mm,24°,12W,AJ/CG,ATAS1275/40/24/CG,R-41231258,IS 10322 (PART 5/SEC 1) : 2012,14999,"Guangdong Sat Technology Co. Ltd., No. 11 Lianbao Rd, Shengfeng District, Xiaolan Town, Zhongshan City, Guangdong, China – 528400",./assets/images/tracklights/upsilon-04-champeing-gold.webp
Upsilon,TSL080X,48V DC,NA,4000K, CRI>97,Φ75*H60mm,24°,12W,AJ/CG,ATAS1275/40/24/RG,R-41231258,IS 10322 (PART 5/SEC 1) : 2012,14999,"Guangdong Sat Technology Co. Ltd., No. 11 Lianbao Rd, Shengfeng District, Xiaolan Town, Zhongshan City, Guangdong, China – 528400",./assets/images/tracklights/upsilon-08-rose-gold.webp
Upsilon,TSL080X,48V DC,NA,4000K, CRI>97,Φ75*H60mm,24°,12W,AJ/CG,ATAS1275/40/24/BR,R-41231258,IS 10322 (PART 5/SEC 1) : 2012,14999,"Guangdong Sat Technology Co. Ltd., No. 11 Lianbao Rd, Shengfeng District, Xiaolan Town, Zhongshan City, Guangdong, China – 528400",./assets/images/tracklights/upsilon-10-brown.webp
Upsilon,TSL080X,48V DC,NA,4000K, CRI>97,Φ75*H60mm,24°,12W,AJ/CG,ATAS1275/40/24/COF,R-41231258,IS 10322 (PART 5/SEC 1) : 2012,14999,"Guangdong Sat Technology Co. Ltd., No. 11 Lianbao Rd, Shengfeng District, Xiaolan Town, Zhongshan City, Guangdong, China – 528400",./assets/images/tracklights/upsilon-07-coffee.webp
Upsilon,TSL080X,48V DC,NA,4000K, CRI>97,Φ75*H60mm,24°,12W,AJ/CG,ATAS1275/40/24/DGR,R-41231258,IS 10322 (PART 5/SEC 1) : 2012,14999,"Guangdong Sat Technology Co. Ltd., No. 11 Lianbao Rd, Shengfeng District, Xiaolan Town, Zhongshan City, Guangdong, China – 528400",./assets/images/tracklights/upsilon-09-dark-gray-default.webp
Upsilon,TSL080X,48V DC,NA,4000K, CRI>97,Φ75*H60mm,24°,12W,AJ/CG,ATAS1275/40/24/BB,R-41231258,IS 10322 (PART 5/SEC 1) : 2012,14999,"Guangdong Sat Technology Co. Ltd., No. 11 Lianbao Rd, Shengfeng District, Xiaolan Town, Zhongshan City, Guangdong, China – 528400",./assets/images/tracklights/upsilon-05-ballet-blue.webp
Upsilon,TSL080X,48V DC,NA,4000K, CRI>97,Φ75*H60mm,24°,12W,AJ/CG,ATAS1275/40/24/CH,R-41231258,IS 10322 (PART 5/SEC 1) : 2012,14999,"Guangdong Sat Technology Co. Ltd., No. 11 Lianbao Rd, Shengfeng District, Xiaolan Town, Zhongshan City, Guangdong, China – 528400",./assets/images/tracklights/upsilon-01-chrome.webp
Upsilon,TSL080X,48V DC,NA,4000K, CRI>97,Φ75*H60mm,24°,12W,AJ/CG,ATAS1275/40/24/CHB,R-41231258,IS 10322 (PART 5/SEC 1) : 2012,14999,"Guangdong Sat Technology Co. Ltd., No. 11 Lianbao Rd, Shengfeng District, Xiaolan Town, Zhongshan City, Guangdong, China – 528400",./assets/images/tracklights/upsilon-02-chrome-black.webp
Upsilon,TSL080X,48V DC,NA,5000K, CRI>97,Φ75*H60mm,24°,12W,AJ/CG,ATAS1275/50/24/W,R-41231258,IS 10322 (PART 5/SEC 1) : 2012,13999,"Guangdong Sat Technology Co. Ltd., No. 11 Lianbao Rd, Shengfeng District, Xiaolan Town, Zhongshan City, Guangdong, China – 528400",./assets/images/tracklights/upsilon-05-white-2.webp
Upsilon,TSL080X,48V DC,NA,5000K, CRI>97,Φ75*H60mm,24°,12W,AJ/CG,ATAS1275/50/24/B,R-41231258,IS 10322 (PART 5/SEC 1) : 2012,13999,"Guangdong Sat Technology Co. Ltd., No. 11 Lianbao Rd, Shengfeng District, Xiaolan Town, Zhongshan City, Guangdong, China – 528400",./assets/images/tracklights/upsilon-03-mat-black-default.webp
Upsilon,TSL080X,48V DC,NA,5000K, CRI>97,Φ75*H60mm,24°,12W,AJ/CG,ATAS1275/50/24/CG,R-41231258,IS 10322 (PART 5/SEC 1) : 2012,14999,"Guangdong Sat Technology Co. Ltd., No. 11 Lianbao Rd, Shengfeng District, Xiaolan Town, Zhongshan City, Guangdong, China – 528400",./assets/images/tracklights/upsilon-04-champeing-gold.webp
Upsilon,TSL080X,48V DC,NA,5000K, CRI>97,Φ75*H60mm,24°,12W,AJ/CG,ATAS1275/50/24/RG,R-41231258,IS 10322 (PART 5/SEC 1) : 2012,14999,"Guangdong Sat Technology Co. Ltd., No. 11 Lianbao Rd, Shengfeng District, Xiaolan Town, Zhongshan City, Guangdong, China – 528400",./assets/images/tracklights/upsilon-08-rose-gold.webp
Upsilon,TSL080X,48V DC,NA,5000K, CRI>97,Φ75*H60mm,24°,12W,AJ/CG,ATAS1275/50/24/BR,R-41231258,IS 10322 (PART 5/SEC 1) : 2012,14999,"Guangdong Sat Technology Co. Ltd., No. 11 Lianbao Rd, Shengfeng District, Xiaolan Town, Zhongshan City, Guangdong, China – 528400",./assets/images/tracklights/upsilon-10-brown.webp
Upsilon,TSL080X,48V DC,NA,5000K, CRI>97,Φ75*H60mm,24°,12W,AJ/CG,ATAS1275/50/24/COF,R-41231258,IS 10322 (PART 5/SEC 1) : 2012,14999,"Guangdong Sat Technology Co. Ltd., No. 11 Lianbao Rd, Shengfeng District, Xiaolan Town, Zhongshan City, Guangdong, China – 528400",./assets/images/tracklights/upsilon-07-coffee.webp
Upsilon,TSL080X,48V DC,NA,5000K, CRI>97,Φ75*H60mm,24°,12W,AJ/CG,ATAS1275/50/24/DGR,R-41231258,IS 10322 (PART 5/SEC 1) : 2012,14999,"Guangdong Sat Technology Co. Ltd., No. 11 Lianbao Rd, Shengfeng District, Xiaolan Town, Zhongshan City, Guangdong, China – 528400",./assets/images/tracklights/upsilon-09-dark-gray-default.webp
Upsilon,TSL080X,48V DC,NA,5000K, CRI>97,Φ75*H60mm,24°,12W,AJ/CG,ATAS1275/50/24/BB,R-41231258,IS 10322 (PART 5/SEC 1) : 2012,14999,"Guangdong Sat Technology Co. Ltd., No. 11 Lianbao Rd, Shengfeng District, Xiaolan Town, Zhongshan City, Guangdong, China – 528400",./assets/images/tracklights/upsilon-05-ballet-blue.webp
Upsilon,TSL080X,48V DC,NA,5000K, CRI>97,Φ75*H60mm,24°,12W,AJ/CG,ATAS1275/50/24/CH,R-41231258,IS 10322 (PART 5/SEC 1) : 2012,14999,"Guangdong Sat Technology Co. Ltd., No. 11 Lianbao Rd, Shengfeng District, Xiaolan Town, Zhongshan City, Guangdong, China – 528400",./assets/images/tracklights/upsilon-01-chrome.webp
Upsilon,TSL080X,48V DC,NA,5000K, CRI>97,Φ75*H60mm,24°,12W,AJ/CG,ATAS1275/50/24/CHB,R-41231258,IS 10322 (PART 5/SEC 1) : 2012,14999,"Guangdong Sat Technology Co. Ltd., No. 11 Lianbao Rd, Shengfeng District, Xiaolan Town, Zhongshan City, Guangdong, China – 528400",./assets/images/tracklights/upsilon-02-chrome-black.webp
Upsilon,TSL080X,48V DC,NA,2700K, CRI>97,Φ75*H60mm,36°,12W,AJ/CG,ATAS1275/27/36/W,R-41231258,IS 10322 (PART 5/SEC 1) : 2012,13999,"Guangdong Sat Technology Co. Ltd., No. 11 Lianbao Rd, Shengfeng District, Xiaolan Town, Zhongshan City, Guangdong, China – 528400",./assets/images/tracklights/upsilon-05-white-2.webp
Upsilon,TSL080X,48V DC,NA,2700K, CRI>97,Φ75*H60mm,36°,12W,AJ/CG,ATAS1275/27/36/B,R-41231258,IS 10322 (PART 5/SEC 1) : 2012,13999,"Guangdong Sat Technology Co. Ltd., No. 11 Lianbao Rd, Shengfeng District, Xiaolan Town, Zhongshan City, Guangdong, China – 528400",./assets/images/tracklights/upsilon-03-mat-black-default.webp
Upsilon,TSL080X,48V DC,NA,2700K, CRI>97,Φ75*H60mm,36°,12W,AJ/CG,ATAS1275/27/36/CG,R-41231258,IS 10322 (PART 5/SEC 1) : 2012,14999,"Guangdong Sat Technology Co. Ltd., No. 11 Lianbao Rd, Shengfeng District, Xiaolan Town, Zhongshan City, Guangdong, China – 528400",./assets/images/tracklights/upsilon-04-champeing-gold.webp
Upsilon,TSL080X,48V DC,NA,2700K, CRI>97,Φ75*H60mm,36°,12W,AJ/CG,ATAS1275/27/36/RG,R-41231258,IS 10322 (PART 5/SEC 1) : 2012,14999,"Guangdong Sat Technology Co. Ltd., No. 11 Lianbao Rd, Shengfeng District, Xiaolan Town, Zhongshan City, Guangdong, China – 528400",./assets/images/tracklights/upsilon-08-rose-gold.webp
Upsilon,TSL080X,48V DC,NA,2700K, CRI>97,Φ75*H60mm,36°,12W,AJ/CG,ATAS1275/27/36/BR,R-41231258,IS 10322 (PART 5/SEC 1) : 2012,14999,"Guangdong Sat Technology Co. Ltd., No. 11 Lianbao Rd, Shengfeng District, Xiaolan Town, Zhongshan City, Guangdong, China – 528400",./assets/images/tracklights/upsilon-10-brown.webp
Upsilon,TSL080X,48V DC,NA,2700K, CRI>97,Φ75*H60mm,36°,12W,AJ/CG,ATAS1275/27/36/COF,R-41231258,IS 10322 (PART 5/SEC 1) : 2012,14999,"Guangdong Sat Technology Co. Ltd., No. 11 Lianbao Rd, Shengfeng District, Xiaolan Town, Zhongshan City, Guangdong, China – 528400",./assets/images/tracklights/upsilon-07-coffee.webp
Upsilon,TSL080X,48V DC,NA,2700K, CRI>97,Φ75*H60mm,36°,12W,AJ/CG,ATAS1275/27/36/DGR,R-41231258,IS 10322 (PART 5/SEC 1) : 2012,14999,"Guangdong Sat Technology Co. Ltd., No. 11 Lianbao Rd, Shengfeng District, Xiaolan Town, Zhongshan City, Guangdong, China – 528400",./assets/images/tracklights/upsilon-09-dark-gray-default.webp
Upsilon,TSL080X,48V DC,NA,2700K, CRI>97,Φ75*H60mm,36°,12W,AJ/CG,ATAS1275/27/36/BB,R-41231258,IS 10322 (PART 5/SEC 1) : 2012,14999,"Guangdong Sat Technology Co. Ltd., No. 11 Lianbao Rd, Shengfeng District, Xiaolan Town, Zhongshan City, Guangdong, China – 528400",./assets/images/tracklights/upsilon-05-ballet-blue.webp
Upsilon,TSL080X,48V DC,NA,2700K, CRI>97,Φ75*H60mm,36°,12W,AJ/CG,ATAS1275/27/36/CH,R-41231258,IS 10322 (PART 5/SEC 1) : 2012,14999,"Guangdong Sat Technology Co. Ltd., No. 11 Lianbao Rd, Shengfeng District, Xiaolan Town, Zhongshan City, Guangdong, China – 528400",./assets/images/tracklights/upsilon-01-chrome.webp
Upsilon,TSL080X,48V DC,NA,2700K, CRI>97,Φ75*H60mm,36°,12W,AJ/CG,ATAS1275/27/36/CHB,R-41231258,IS 10322 (PART 5/SEC 1) : 2012,14999,"Guangdong Sat Technology Co. Ltd., No. 11 Lianbao Rd, Shengfeng District, Xiaolan Town, Zhongshan City, Guangdong, China – 528400",./assets/images/tracklights/upsilon-02-chrome-black.webp
Upsilon,TSL080X,48V DC,NA,3000K, CRI>97,Φ75*H60mm,36°,12W,AJ/CG,ATAS1275/30/36/W,R-41231258,IS 10322 (PART 5/SEC 1) : 2012,13999,"Guangdong Sat Technology Co. Ltd., No. 11 Lianbao Rd, Shengfeng District, Xiaolan Town, Zhongshan City, Guangdong, China – 528400",./assets/images/tracklights/upsilon-05-white-2.webp
Upsilon,TSL080X,48V DC,NA,3000K, CRI>97,Φ75*H60mm,36°,12W,AJ/CG,ATAS1275/30/36/B,R-41231258,IS 10322 (PART 5/SEC 1) : 2012,13999,"Guangdong Sat Technology Co. Ltd., No. 11 Lianbao Rd, Shengfeng District, Xiaolan Town, Zhongshan City, Guangdong, China – 528400",./assets/images/tracklights/upsilon-03-mat-black-default.webp
Upsilon,TSL080X,48V DC,NA,3000K, CRI>97,Φ75*H60mm,36°,12W,AJ/CG,ATAS1275/30/36/CG,R-41231258,IS 10322 (PART 5/SEC 1) : 2012,14999,"Guangdong Sat Technology Co. Ltd., No. 11 Lianbao Rd, Shengfeng District, Xiaolan Town, Zhongshan City, Guangdong, China – 528400",./assets/images/tracklights/upsilon-04-champeing-gold.webp
Upsilon,TSL080X,48V DC,NA,3000K, CRI>97,Φ75*H60mm,36°,12W,AJ/CG,ATAS1275/30/36/RG,R-41231258,IS 10322 (PART 5/SEC 1) : 2012,14999,"Guangdong Sat Technology Co. Ltd., No. 11 Lianbao Rd, Shengfeng District, Xiaolan Town, Zhongshan City, Guangdong, China – 528400",./assets/images/tracklights/upsilon-08-rose-gold.webp
Upsilon,TSL080X,48V DC,NA,3000K, CRI>97,Φ75*H60mm,36°,12W,AJ/CG,ATAS1275/30/36/BR,R-41231258,IS 10322 (PART 5/SEC 1) : 2012,14999,"Guangdong Sat Technology Co. Ltd., No. 11 Lianbao Rd, Shengfeng District, Xiaolan Town, Zhongshan City, Guangdong, China – 528400",./assets/images/tracklights/upsilon-10-brown.webp
Upsilon,TSL080X,48V DC,NA,3000K, CRI>97,Φ75*H60mm,36°,12W,AJ/CG,ATAS1275/30/36/COF,R-41231258,IS 10322 (PART 5/SEC 1) : 2012,14999,"Guangdong Sat Technology Co. Ltd., No. 11 Lianbao Rd, Shengfeng District, Xiaolan Town, Zhongshan City, Guangdong, China – 528400",./assets/images/tracklights/upsilon-07-coffee.webp
Upsilon,TSL080X,48V DC,NA,3000K, CRI>97,Φ75*H60mm,36°,12W,AJ/CG,ATAS1275/30/36/DGR,R-41231258,IS 10322 (PART 5/SEC 1) : 2012,14999,"Guangdong Sat Technology Co. Ltd., No. 11 Lianbao Rd, Shengfeng District, Xiaolan Town, Zhongshan City, Guangdong, China – 528400",./assets/images/tracklights/upsilon-09-dark-gray-default.webp
Upsilon,TSL080X,48V DC,NA,3000K, CRI>97,Φ75*H60mm,36°,12W,AJ/CG,ATAS1275/30/36/BB,R-41231258,IS 10322 (PART 5/SEC 1) : 2012,14999,"Guangdong Sat Technology Co. Ltd., No. 11 Lianbao Rd, Shengfeng District, Xiaolan Town, Zhongshan City, Guangdong, China – 528400",./assets/images/tracklights/upsilon-05-ballet-blue.webp
Upsilon,TSL080X,48V DC,NA,3000K, CRI>97,Φ75*H60mm,36°,12W,AJ/CG,ATAS1275/30/36/CH,R-41231258,IS 10322 (PART 5/SEC 1) : 2012,14999,"Guangdong Sat Technology Co. Ltd., No. 11 Lianbao Rd, Shengfeng District, Xiaolan Town, Zhongshan City, Guangdong, China – 528400",./assets/images/tracklights/upsilon-01-chrome.webp
Upsilon,TSL080X,48V DC,NA,3000K, CRI>97,Φ75*H60mm,36°,12W,AJ/CG,ATAS1275/30/36/CHB,R-41231258,IS 10322 (PART 5/SEC 1) : 2012,14999,"Guangdong Sat Technology Co. Ltd., No. 11 Lianbao Rd, Shengfeng District, Xiaolan Town, Zhongshan City, Guangdong, China – 528400",./assets/images/tracklights/upsilon-02-chrome-black.webp
Upsilon,TSL080X,48V DC,NA,3500K, CRI>97,Φ75*H60mm,36°,12W,AJ/CG,ATAS1275/35/36/W,R-41231258,IS 10322 (PART 5/SEC 1) : 2012,13999,"Guangdong Sat Technology Co. Ltd., No. 11 Lianbao Rd, Shengfeng District, Xiaolan Town, Zhongshan City, Guangdong, China – 528400",./assets/images/tracklights/upsilon-05-white-2.webp
Upsilon,TSL080X,48V DC,NA,3500K, CRI>97,Φ75*H60mm,36°,12W,AJ/CG,ATAS1275/35/36/B,R-41231258,IS 10322 (PART 5/SEC 1) : 2012,13999,"Guangdong Sat Technology Co. Ltd., No. 11 Lianbao Rd, Shengfeng District, Xiaolan Town, Zhongshan City, Guangdong, China – 528400",./assets/images/tracklights/upsilon-03-mat-black-default.webp
Upsilon,TSL080X,48V DC,NA,3500K, CRI>97,Φ75*H60mm,36°,12W,AJ/CG,ATAS1275/35/36/CG,R-41231258,IS 10322 (PART 5/SEC 1) : 2012,14999,"Guangdong Sat Technology Co. Ltd., No. 11 Lianbao Rd, Shengfeng District, Xiaolan Town, Zhongshan City, Guangdong, China – 528400",./assets/images/tracklights/upsilon-04-champeing-gold.webp
Upsilon,TSL080X,48V DC,NA,3500K, CRI>97,Φ75*H60mm,36°,12W,AJ/CG,ATAS1275/35/36/RG,R-41231258,IS 10322 (PART 5/SEC 1) : 2012,14999,"Guangdong Sat Technology Co. Ltd., No. 11 Lianbao Rd, Shengfeng District, Xiaolan Town, Zhongshan City, Guangdong, China – 528400",./assets/images/tracklights/upsilon-08-rose-gold.webp
Upsilon,TSL080X,48V DC,NA,3500K, CRI>97,Φ75*H60mm,36°,12W,AJ/CG,ATAS1275/35/36/BR,R-41231258,IS 10322 (PART 5/SEC 1) : 2012,14999,"Guangdong Sat Technology Co. Ltd., No. 11 Lianbao Rd, Shengfeng District, Xiaolan Town, Zhongshan City, Guangdong, China – 528400",./assets/images/tracklights/upsilon-10-brown.webp
Upsilon,TSL080X,48V DC,NA,3500K, CRI>97,Φ75*H60mm,36°,12W,AJ/CG,ATAS1275/35/36/COF,R-41231258,IS 10322 (PART 5/SEC 1) : 2012,14999,"Guangdong Sat Technology Co. Ltd., No. 11 Lianbao Rd, Shengfeng District, Xiaolan Town, Zhongshan City, Guangdong, China – 528400",./assets/images/tracklights/upsilon-07-coffee.webp
Upsilon,TSL080X,48V DC,NA,3500K, CRI>97,Φ75*H60mm,36°,12W,AJ/CG,ATAS1275/35/36/DGR,R-41231258,IS 10322 (PART 5/SEC 1) : 2012,14999,"Guangdong Sat Technology Co. Ltd., No. 11 Lianbao Rd, Shengfeng District, Xiaolan Town, Zhongshan City, Guangdong, China – 528400",./assets/images/tracklights/upsilon-09-dark-gray-default.webp
Upsilon,TSL080X,48V DC,NA,3500K, CRI>97,Φ75*H60mm,36°,12W,AJ/CG,ATAS1275/35/36/BB,R-41231258,IS 10322 (PART 5/SEC 1) : 2012,14999,"Guangdong Sat Technology Co. Ltd., No. 11 Lianbao Rd, Shengfeng District, Xiaolan Town, Zhongshan City, Guangdong, China – 528400",./assets/images/tracklights/upsilon-05-ballet-blue.webp
Upsilon,TSL080X,48V DC,NA,3500K, CRI>97,Φ75*H60mm,36°,12W,AJ/CG,ATAS1275/35/36/CH,R-41231258,IS 10322 (PART 5/SEC 1) : 2012,14999,"Guangdong Sat Technology Co. Ltd., No. 11 Lianbao Rd, Shengfeng District, Xiaolan Town, Zhongshan City, Guangdong, China – 528400",./assets/images/tracklights/upsilon-01-chrome.webp
Upsilon,TSL080X,48V DC,NA,3500K, CRI>97,Φ75*H60mm,36°,12W,AJ/CG,ATAS1275/35/36/CHB,R-41231258,IS 10322 (PART 5/SEC 1) : 2012,14999,"Guangdong Sat Technology Co. Ltd., No. 11 Lianbao Rd, Shengfeng District, Xiaolan Town, Zhongshan City, Guangdong, China – 528400",./assets/images/tracklights/upsilon-02-chrome-black.webp
Upsilon,TSL080X,48V DC,NA,4000K, CRI>97,Φ75*H60mm,36°,12W,AJ/CG,ATAS1275/40/36/W,R-41231258,IS 10322 (PART 5/SEC 1) : 2012,13999,"Guangdong Sat Technology Co. Ltd., No. 11 Lianbao Rd, Shengfeng District, Xiaolan Town, Zhongshan City, Guangdong, China – 528400",./assets/images/tracklights/upsilon-05-white-2.webp
Upsilon,TSL080X,48V DC,NA,4000K, CRI>97,Φ75*H60mm,36°,12W,AJ/CG,ATAS1275/40/36/B,R-41231258,IS 10322 (PART 5/SEC 1) : 2012,13999,"Guangdong Sat Technology Co. Ltd., No. 11 Lianbao Rd, Shengfeng District, Xiaolan Town, Zhongshan City, Guangdong, China – 528400",./assets/images/tracklights/upsilon-03-mat-black-default.webp
Upsilon,TSL080X,48V DC,NA,4000K, CRI>97,Φ75*H60mm,36°,12W,AJ/CG,ATAS1275/40/36/CG,R-41231258,IS 10322 (PART 5/SEC 1) : 2012,14999,"Guangdong Sat Technology Co. Ltd., No. 11 Lianbao Rd, Shengfeng District, Xiaolan Town, Zhongshan City, Guangdong, China – 528400",./assets/images/tracklights/upsilon-04-champeing-gold.webp
Upsilon,TSL080X,48V DC,NA,4000K, CRI>97,Φ75*H60mm,36°,12W,AJ/CG,ATAS1275/40/36/RG,R-41231258,IS 10322 (PART 5/SEC 1) : 2012,14999,"Guangdong Sat Technology Co. Ltd., No. 11 Lianbao Rd, Shengfeng District, Xiaolan Town, Zhongshan City, Guangdong, China – 528400",./assets/images/tracklights/upsilon-08-rose-gold.webp
Upsilon,TSL080X,48V DC,NA,4000K, CRI>97,Φ75*H60mm,36°,12W,AJ/CG,ATAS1275/40/36/BR,R-41231258,IS 10322 (PART 5/SEC 1) : 2012,14999,"Guangdong Sat Technology Co. Ltd., No. 11 Lianbao Rd, Shengfeng District, Xiaolan Town, Zhongshan City, Guangdong, China – 528400",./assets/images/tracklights/upsilon-10-brown.webp
Upsilon,TSL080X,48V DC,NA,4000K, CRI>97,Φ75*H60mm,36°,12W,AJ/CG,ATAS1275/40/36/COF,R-41231258,IS 10322 (PART 5/SEC 1) : 2012,14999,"Guangdong Sat Technology Co. Ltd., No. 11 Lianbao Rd, Shengfeng District, Xiaolan Town, Zhongshan City, Guangdong, China – 528400",./assets/images/tracklights/upsilon-07-coffee.webp
Upsilon,TSL080X,48V DC,NA,4000K, CRI>97,Φ75*H60mm,36°,12W,AJ/CG,ATAS1275/40/36/DGR,R-41231258,IS 10322 (PART 5/SEC 1) : 2012,14999,"Guangdong Sat Technology Co. Ltd., No. 11 Lianbao Rd, Shengfeng District, Xiaolan Town, Zhongshan City, Guangdong, China – 528400",./assets/images/tracklights/upsilon-09-dark-gray-default.webp
Upsilon,TSL080X,48V DC,NA,4000K, CRI>97,Φ75*H60mm,36°,12W,AJ/CG,ATAS1275/40/36/BB,R-41231258,IS 10322 (PART 5/SEC 1) : 2012,14999,"Guangdong Sat Technology Co. Ltd., No. 11 Lianbao Rd, Shengfeng District, Xiaolan Town, Zhongshan City, Guangdong, China – 528400",./assets/images/tracklights/upsilon-05-ballet-blue.webp
Upsilon,TSL080X,48V DC,NA,4000K, CRI>97,Φ75*H60mm,36°,12W,AJ/CG,ATAS1275/40/36/CH,R-41231258,IS 10322 (PART 5/SEC 1) : 2012,14999,"Guangdong Sat Technology Co. Ltd., No. 11 Lianbao Rd, Shengfeng District, Xiaolan Town, Zhongshan City, Guangdong, China – 528400",./assets/images/tracklights/upsilon-01-chrome.webp
Upsilon,TSL080X,48V DC,NA,4000K, CRI>97,Φ75*H60mm,36°,12W,AJ/CG,ATAS1275/40/36/CHB,R-41231258,IS 10322 (PART 5/SEC 1) : 2012,14999,"Guangdong Sat Technology Co. Ltd., No. 11 Lianbao Rd, Shengfeng District, Xiaolan Town, Zhongshan City, Guangdong, China – 528400",./assets/images/tracklights/upsilon-02-chrome-black.webp
Upsilon,TSL080X,48V DC,NA,5000K, CRI>97,Φ75*H60mm,36°,12W,AJ/CG,ATAS1275/50/36/W,R-41231258,IS 10322 (PART 5/SEC 1) : 2012,13999,"Guangdong Sat Technology Co. Ltd., No. 11 Lianbao Rd, Shengfeng District, Xiaolan Town, Zhongshan City, Guangdong, China – 528400",./assets/images/tracklights/upsilon-05-white-2.webp
Upsilon,TSL080X,48V DC,NA,5000K, CRI>97,Φ75*H60mm,36°,12W,AJ/CG,ATAS1275/50/36/B,R-41231258,IS 10322 (PART 5/SEC 1) : 2012,13999,"Guangdong Sat Technology Co. Ltd., No. 11 Lianbao Rd, Shengfeng District, Xiaolan Town, Zhongshan City, Guangdong, China – 528400",./assets/images/tracklights/upsilon-03-mat-black-default.webp
Upsilon,TSL080X,48V DC,NA,5000K, CRI>97,Φ75*H60mm,36°,12W,AJ/CG,ATAS1275/50/36/CG,R-41231258,IS 10322 (PART 5/SEC 1) : 2012,14999,"Guangdong Sat Technology Co. Ltd., No. 11 Lianbao Rd, Shengfeng District, Xiaolan Town, Zhongshan City, Guangdong, China – 528400",./assets/images/tracklights/upsilon-04-champeing-gold.webp
Upsilon,TSL080X,48V DC,NA,5000K, CRI>97,Φ75*H60mm,36°,12W,AJ/CG,ATAS1275/50/36/RG,R-41231258,IS 10322 (PART 5/SEC 1) : 2012,14999,"Guangdong Sat Technology Co. Ltd., No. 11 Lianbao Rd, Shengfeng District, Xiaolan Town, Zhongshan City, Guangdong, China – 528400",./assets/images/tracklights/upsilon-08-rose-gold.webp
Upsilon,TSL080X,48V DC,NA,5000K, CRI>97,Φ75*H60mm,36°,12W,AJ/CG,ATAS1275/50/36/BR,R-41231258,IS 10322 (PART 5/SEC 1) : 2012,14999,"Guangdong Sat Technology Co. Ltd., No. 11 Lianbao Rd, Shengfeng District, Xiaolan Town, Zhongshan City, Guangdong, China – 528400",./assets/images/tracklights/upsilon-10-brown.webp
Upsilon,TSL080X,48V DC,NA,5000K, CRI>97,Φ75*H60mm,36°,12W,AJ/CG,ATAS1275/50/36/COF,R-41231258,IS 10322 (PART 5/SEC 1) : 2012,14999,"Guangdong Sat Technology Co. Ltd., No. 11 Lianbao Rd, Shengfeng District, Xiaolan Town, Zhongshan City, Guangdong, China – 528400",./assets/images/tracklights/upsilon-07-coffee.webp
Upsilon,TSL080X,48V DC,NA,5000K, CRI>97,Φ75*H60mm,36°,12W,AJ/CG,ATAS1275/50/36/DGR,R-41231258,IS 10322 (PART 5/SEC 1) : 2012,14999,"Guangdong Sat Technology Co. Ltd., No. 11 Lianbao Rd, Shengfeng District, Xiaolan Town, Zhongshan City, Guangdong, China – 528400",./assets/images/tracklights/upsilon-09-dark-gray-default.webp
Upsilon,TSL080X,48V DC,NA,5000K, CRI>97,Φ75*H60mm,36°,12W,AJ/CG,ATAS1275/50/36/BB,R-41231258,IS 10322 (PART 5/SEC 1) : 2012,14999,"Guangdong Sat Technology Co. Ltd., No. 11 Lianbao Rd, Shengfeng District, Xiaolan Town, Zhongshan City, Guangdong, China – 528400",./assets/images/tracklights/upsilon-05-ballet-blue.webp
Upsilon,TSL080X,48V DC,NA,5000K, CRI>97,Φ75*H60mm,36°,12W,AJ/CG,ATAS1275/50/36/CH,R-41231258,IS 10322 (PART 5/SEC 1) : 2012,14999,"Guangdong Sat Technology Co. Ltd., No. 11 Lianbao Rd, Shengfeng District, Xiaolan Town, Zhongshan City, Guangdong, China – 528400",./assets/images/tracklights/upsilon-01-chrome.webp
Upsilon,TSL080X,48V DC,NA,5000K, CRI>97,Φ75*H60mm,36°,12W,AJ/CG,ATAS1275/50/36/CHB,R-41231258,IS 10322 (PART 5/SEC 1) : 2012,14999,"Guangdong Sat Technology Co. Ltd., No. 11 Lianbao Rd, Shengfeng District, Xiaolan Town, Zhongshan City, Guangdong, China – 528400",./assets/images/tracklights/upsilon-02-chrome-black.webp
Upsilon Tunable,TSL080X,48V DC,NA,2700K~6500K, CRI>97,Φ75*H60mm,15°,12W,AJ/CG,ATAS1275/CT/15/W,R-41231258,IS 10322 (PART 5/SEC 1) : 2012,15199,"Guangdong Sat Technology Co. Ltd., No. 11 Lianbao Rd, Shengfeng District, Xiaolan Town, Zhongshan City, Guangdong, China – 528400",./assets/images/tracklights/upsilon-05-white-2.webp
Upsilon Tunable,TSL080X,48V DC,NA,2700K~6500K, CRI>97,Φ75*H60mm,15°,12W,AJ/CG,ATAS1275/CT/15/B,R-41231258,IS 10322 (PART 5/SEC 1) : 2012,15199,"Guangdong Sat Technology Co. Ltd., No. 11 Lianbao Rd, Shengfeng District, Xiaolan Town, Zhongshan City, Guangdong, China – 528400",./assets/images/tracklights/upsilon-03-mat-black-default.webp
Upsilon Tunable,TSL080X,48V DC,NA,2700K~6500K, CRI>97,Φ75*H60mm,15°,12W,AJ/CG,ATAS1275/CT/15/CG,R-41231258,IS 10322 (PART 5/SEC 1) : 2012,16199,"Guangdong Sat Technology Co. Ltd., No. 11 Lianbao Rd, Shengfeng District, Xiaolan Town, Zhongshan City, Guangdong, China – 528400",./assets/images/tracklights/upsilon-04-champeing-gold.webp
Upsilon Tunable,TSL080X,48V DC,NA,2700K~6500K, CRI>97,Φ75*H60mm,15°,12W,AJ/CG,ATAS1275/CT/15/RG,R-41231258,IS 10322 (PART 5/SEC 1) : 2012,16199,"Guangdong Sat Technology Co. Ltd., No. 11 Lianbao Rd, Shengfeng District, Xiaolan Town, Zhongshan City, Guangdong, China – 528400",./assets/images/tracklights/upsilon-08-rose-gold.webp
Upsilon Tunable,TSL080X,48V DC,NA,2700K~6500K, CRI>97,Φ75*H60mm,15°,12W,AJ/CG,ATAS1275/CT/15/BR,R-41231258,IS 10322 (PART 5/SEC 1) : 2012,16199,"Guangdong Sat Technology Co. Ltd., No. 11 Lianbao Rd, Shengfeng District, Xiaolan Town, Zhongshan City, Guangdong, China – 528400",./assets/images/tracklights/upsilon-10-brown.webp
Upsilon Tunable,TSL080X,48V DC,NA,2700K~6500K, CRI>97,Φ75*H60mm,15°,12W,AJ/CG,ATAS1275/CT/15/COF,R-41231258,IS 10322 (PART 5/SEC 1) : 2012,16199,"Guangdong Sat Technology Co. Ltd., No. 11 Lianbao Rd, Shengfeng District, Xiaolan Town, Zhongshan City, Guangdong, China – 528400",./assets/images/tracklights/upsilon-07-coffee.webp
Upsilon Tunable,TSL080X,48V DC,NA,2700K~6500K, CRI>97,Φ75*H60mm,15°,12W,AJ/CG,ATAS1275/CT/15/DGR,R-41231258,IS 10322 (PART 5/SEC 1) : 2012,16199,"Guangdong Sat Technology Co. Ltd., No. 11 Lianbao Rd, Shengfeng District, Xiaolan Town, Zhongshan City, Guangdong, China – 528400",./assets/images/tracklights/upsilon-09-dark-gray-default.webp
Upsilon Tunable,TSL080X,48V DC,NA,2700K~6500K, CRI>97,Φ75*H60mm,15°,12W,AJ/CG,ATAS1275/CT/15/BB,R-41231258,IS 10322 (PART 5/SEC 1) : 2012,16199,"Guangdong Sat Technology Co. Ltd., No. 11 Lianbao Rd, Shengfeng District, Xiaolan Town, Zhongshan City, Guangdong, China – 528400",./assets/images/tracklights/upsilon-05-ballet-blue.webp
Upsilon Tunable,TSL080X,48V DC,NA,2700K~6500K, CRI>97,Φ75*H60mm,15°,12W,AJ/CG,ATAS1275/CT/15/CH,R-41231258,IS 10322 (PART 5/SEC 1) : 2012,16199,"Guangdong Sat Technology Co. Ltd., No. 11 Lianbao Rd, Shengfeng District, Xiaolan Town, Zhongshan City, Guangdong, China – 528400",./assets/images/tracklights/upsilon-01-chrome.webp
Upsilon Tunable,TSL080X,48V DC,NA,2700K~6500K, CRI>97,Φ75*H60mm,15°,12W,AJ/CG,ATAS1275/CT/15/CHB,R-41231258,IS 10322 (PART 5/SEC 1) : 2012,16199,"Guangdong Sat Technology Co. Ltd., No. 11 Lianbao Rd, Shengfeng District, Xiaolan Town, Zhongshan City, Guangdong, China – 528400",./assets/images/tracklights/upsilon-02-chrome-black.webp
Upsilon Tunable,TSL080X,48V DC,NA,2700K~6500K, CRI>97,Φ75*H60mm,24°,12W,AJ/CG,ATAS1275/CT/24/W,R-41231258,IS 10322 (PART 5/SEC 1) : 2012,15199,"Guangdong Sat Technology Co. Ltd., No. 11 Lianbao Rd, Shengfeng District, Xiaolan Town, Zhongshan City, Guangdong, China – 528400",./assets/images/tracklights/upsilon-05-white-2.webp
Upsilon Tunable,TSL080X,48V DC,NA,2700K~6500K, CRI>97,Φ75*H60mm,24°,12W,AJ/CG,ATAS1275/CT/24/B,R-41231258,IS 10322 (PART 5/SEC 1) : 2012,15199,"Guangdong Sat Technology Co. Ltd., No. 11 Lianbao Rd, Shengfeng District, Xiaolan Town, Zhongshan City, Guangdong, China – 528400",./assets/images/tracklights/upsilon-03-mat-black-default.webp
Upsilon Tunable,TSL080X,48V DC,NA,2700K~6500K, CRI>97,Φ75*H60mm,24°,12W,AJ/CG,ATAS1275/CT/24/CG,R-41231258,IS 10322 (PART 5/SEC 1) : 2012,16199,"Guangdong Sat Technology Co. Ltd., No. 11 Lianbao Rd, Shengfeng District, Xiaolan Town, Zhongshan City, Guangdong, China – 528400",./assets/images/tracklights/upsilon-04-champeing-gold.webp
Upsilon Tunable,TSL080X,48V DC,NA,2700K~6500K, CRI>97,Φ75*H60mm,24°,12W,AJ/CG,ATAS1275/CT/24/RG,R-41231258,IS 10322 (PART 5/SEC 1) : 2012,16199,"Guangdong Sat Technology Co. Ltd., No. 11 Lianbao Rd, Shengfeng District, Xiaolan Town, Zhongshan City, Guangdong, China – 528400",./assets/images/tracklights/upsilon-08-rose-gold.webp
Upsilon Tunable,TSL080X,48V DC,NA,2700K~6500K, CRI>97,Φ75*H60mm,24°,12W,AJ/CG,ATAS1275/CT/24/BR,R-41231258,IS 10322 (PART 5/SEC 1) : 2012,16199,"Guangdong Sat Technology Co. Ltd., No. 11 Lianbao Rd, Shengfeng District, Xiaolan Town, Zhongshan City, Guangdong, China – 528400",./assets/images/tracklights/upsilon-10-brown.webp
Upsilon Tunable,TSL080X,48V DC,NA,2700K~6500K, CRI>97,Φ75*H60mm,24°,12W,AJ/CG,ATAS1275/CT/24/COF,R-41231258,IS 10322 (PART 5/SEC 1) : 2012,16199,"Guangdong Sat Technology Co. Ltd., No. 11 Lianbao Rd, Shengfeng District, Xiaolan Town, Zhongshan City, Guangdong, China – 528400",./assets/images/tracklights/upsilon-07-coffee.webp
Upsilon Tunable,TSL080X,48V DC,NA,2700K~6500K, CRI>97,Φ75*H60mm,24°,12W,AJ/CG,ATAS1275/CT/24/DGR,R-41231258,IS 10322 (PART 5/SEC 1) : 2012,16199,"Guangdong Sat Technology Co. Ltd., No. 11 Lianbao Rd, Shengfeng District, Xiaolan Town, Zhongshan City, Guangdong, China – 528400",./assets/images/tracklights/upsilon-09-dark-gray-default.webp
Upsilon Tunable,TSL080X,48V DC,NA,2700K~6500K, CRI>97,Φ75*H60mm,24°,12W,AJ/CG,ATAS1275/CT/24/BB,R-41231258,IS 10322 (PART 5/SEC 1) : 2012,16199,"Guangdong Sat Technology Co. Ltd., No. 11 Lianbao Rd, Shengfeng District, Xiaolan Town, Zhongshan City, Guangdong, China – 528400",./assets/images/tracklights/upsilon-05-ballet-blue.webp
Upsilon Tunable,TSL080X,48V DC,NA,2700K~6500K, CRI>97,Φ75*H60mm,24°,12W,AJ/CG,ATAS1275/CT/24/CH,R-41231258,IS 10322 (PART 5/SEC 1) : 2012,16199,"Guangdong Sat Technology Co. Ltd., No. 11 Lianbao Rd, Shengfeng District, Xiaolan Town, Zhongshan City, Guangdong, China – 528400",./assets/images/tracklights/upsilon-01-chrome.webp
Upsilon Tunable,TSL080X,48V DC,NA,2700K~6500K, CRI>97,Φ75*H60mm,24°,12W,AJ/CG,ATAS1275/CT/24/CHB,R-41231258,IS 10322 (PART 5/SEC 1) : 2012,16199,"Guangdong Sat Technology Co. Ltd., No. 11 Lianbao Rd, Shengfeng District, Xiaolan Town, Zhongshan City, Guangdong, China – 528400",./assets/images/tracklights/upsilon-02-chrome-black.webp
Upsilon Tunable,TSL080X,48V DC,NA,2700K~6500K, CRI>97,Φ75*H60mm,36°,12W,AJ/CG,ATAS1275/CT/36/W,R-41231258,IS 10322 (PART 5/SEC 1) : 2012,15199,"Guangdong Sat Technology Co. Ltd., No. 11 Lianbao Rd, Shengfeng District, Xiaolan Town, Zhongshan City, Guangdong, China – 528400",./assets/images/tracklights/upsilon-05-white-2.webp
Upsilon Tunable,TSL080X,48V DC,NA,2700K~6500K, CRI>97,Φ75*H60mm,36°,12W,AJ/CG,ATAS1275/CT/36/B,R-41231258,IS 10322 (PART 5/SEC 1) : 2012,15199,"Guangdong Sat Technology Co. Ltd., No. 11 Lianbao Rd, Shengfeng District, Xiaolan Town, Zhongshan City, Guangdong, China – 528400",./assets/images/tracklights/upsilon-03-mat-black-default.webp
Upsilon Tunable,TSL080X,48V DC,NA,2700K~6500K, CRI>97,Φ75*H60mm,36°,12W,AJ/CG,ATAS1275/CT/36/CG,R-41231258,IS 10322 (PART 5/SEC 1) : 2012,16199,"Guangdong Sat Technology Co. Ltd., No. 11 Lianbao Rd, Shengfeng District, Xiaolan Town, Zhongshan City, Guangdong, China – 528400",./assets/images/tracklights/upsilon-04-champeing-gold.webp
Upsilon Tunable,TSL080X,48V DC,NA,2700K~6500K, CRI>97,Φ75*H60mm,36°,12W,AJ/CG,ATAS1275/CT/36/RG,R-41231258,IS 10322 (PART 5/SEC 1) : 2012,16199,"Guangdong Sat Technology Co. Ltd., No. 11 Lianbao Rd, Shengfeng District, Xiaolan Town, Zhongshan City, Guangdong, China – 528400",./assets/images/tracklights/upsilon-08-rose-gold.webp
Upsilon Tunable,TSL080X,48V DC,NA,2700K~6500K, CRI>97,Φ75*H60mm,36°,12W,AJ/CG,ATAS1275/CT/36/BR,R-41231258,IS 10322 (PART 5/SEC 1) : 2012,16199,"Guangdong Sat Technology Co. Ltd., No. 11 Lianbao Rd, Shengfeng District, Xiaolan Town, Zhongshan City, Guangdong, China – 528400",./assets/images/tracklights/upsilon-10-brown.webp
Upsilon Tunable,TSL080X,48V DC,NA,2700K~6500K, CRI>97,Φ75*H60mm,36°,12W,AJ/CG,ATAS1275/CT/36/COF,R-41231258,IS 10322 (PART 5/SEC 1) : 2012,16199,"Guangdong Sat Technology Co. Ltd., No. 11 Lianbao Rd, Shengfeng District, Xiaolan Town, Zhongshan City, Guangdong, China – 528400",./assets/images/tracklights/upsilon-07-coffee.webp
Upsilon Tunable,TSL080X,48V DC,NA,2700K~6500K, CRI>97,Φ75*H60mm,36°,12W,AJ/CG,ATAS1275/CT/36/DGR,R-41231258,IS 10322 (PART 5/SEC 1) : 2012,16199,"Guangdong Sat Technology Co. Ltd., No. 11 Lianbao Rd, Shengfeng District, Xiaolan Town, Zhongshan City, Guangdong, China – 528400",./assets/images/tracklights/upsilon-09-dark-gray-default.webp
Upsilon Tunable,TSL080X,48V DC,NA,2700K~6500K, CRI>97,Φ75*H60mm,36°,12W,AJ/CG,ATAS1275/CT/36/BB,R-41231258,IS 10322 (PART 5/SEC 1) : 2012,16199,"Guangdong Sat Technology Co. Ltd., No. 11 Lianbao Rd, Shengfeng District, Xiaolan Town, Zhongshan City, Guangdong, China – 528400",./assets/images/tracklights/upsilon-05-ballet-blue.webp
Upsilon Tunable,TSL080X,48V DC,NA,2700K~6500K, CRI>97,Φ75*H60mm,36°,12W,AJ/CG,ATAS1275/CT/36/CH,R-41231258,IS 10322 (PART 5/SEC 1) : 2012,16199,"Guangdong Sat Technology Co. Ltd., No. 11 Lianbao Rd, Shengfeng District, Xiaolan Town, Zhongshan City, Guangdong, China – 528400",./assets/images/tracklights/upsilon-01-chrome.webp
Upsilon Tunable,TSL080X,48V DC,NA,2700K~6500K, CRI>97,Φ75*H60mm,36°,12W,AJ/CG,ATAS1275/CT/36/CHB,R-41231258,IS 10322 (PART 5/SEC 1) : 2012,16199,"Guangdong Sat Technology Co. Ltd., No. 11 Lianbao Rd, Shengfeng District, Xiaolan Town, Zhongshan City, Guangdong, China – 528400",./assets/images/tracklights/upsilon-02-chrome-black.webp
Veritate,TTT050A,48V DC,NA,2700K, CRI>97,Φ214*H78mm,45°,20W,AJ/CG,ATAG2021/27/W,R-41231258,IS 10322 (PART 5/SEC 1) : 2012,16399,"Guangdong Sat Technology Co. Ltd., No. 11 Lianbao Rd, Shengfeng District, Xiaolan Town, Zhongshan City, Guangdong, China – 528400",./assets/images/tracklights/veritate-05-white.webp
Veritate,TTT050A,48V DC,NA,2700K, CRI>97,Φ214*H78mm,45°,20W,AJ/CG,ATAG2021/27/B,R-41231258,IS 10322 (PART 5/SEC 1) : 2012,16399,"Guangdong Sat Technology Co. Ltd., No. 11 Lianbao Rd, Shengfeng District, Xiaolan Town, Zhongshan City, Guangdong, China – 528400",./assets/images/tracklights/veritate-03-mat-black-default.webp
Veritate,TTT050A,48V DC,NA,2700K, CRI>97,Φ214*H78mm,45°,20W,AJ/CG,ATAG2021/27/CG,R-41231258,IS 10322 (PART 5/SEC 1) : 2012,17399,"Guangdong Sat Technology Co. Ltd., No. 11 Lianbao Rd, Shengfeng District, Xiaolan Town, Zhongshan City, Guangdong, China – 528400",./assets/images/tracklights/veritate-04-champeing-gold.webp
Veritate,TTT050A,48V DC,NA,2700K, CRI>97,Φ214*H78mm,45°,20W,AJ/CG,ATAG2021/27/RG,R-41231258,IS 10322 (PART 5/SEC 1) : 2012,17399,"Guangdong Sat Technology Co. Ltd., No. 11 Lianbao Rd, Shengfeng District, Xiaolan Town, Zhongshan City, Guangdong, China – 528400",./assets/images/tracklights/veritate-08-rose-gold.webp
Veritate,TTT050A,48V DC,NA,2700K, CRI>97,Φ214*H78mm,45°,20W,AJ/CG,ATAG2021/27/BR,R-41231258,IS 10322 (PART 5/SEC 1) : 2012,17399,"Guangdong Sat Technology Co. Ltd., No. 11 Lianbao Rd, Shengfeng District, Xiaolan Town, Zhongshan City, Guangdong, China – 528400",./assets/images/tracklights/veritate-10-brown.webp
Veritate,TTT050A,48V DC,NA,2700K, CRI>97,Φ214*H78mm,45°,20W,AJ/CG,ATAG2021/27/COF,R-41231258,IS 10322 (PART 5/SEC 1) : 2012,17399,"Guangdong Sat Technology Co. Ltd., No. 11 Lianbao Rd, Shengfeng District, Xiaolan Town, Zhongshan City, Guangdong, China – 528400",./assets/images/tracklights/veritate-07-coffee.webp
Veritate,TTT050A,48V DC,NA,2700K, CRI>97,Φ214*H78mm,45°,20W,AJ/CG,ATAG2021/27/DGR,R-41231258,IS 10322 (PART 5/SEC 1) : 2012,17399,"Guangdong Sat Technology Co. Ltd., No. 11 Lianbao Rd, Shengfeng District, Xiaolan Town, Zhongshan City, Guangdong, China – 528400",./assets/images/tracklights/veritate-09-dark-gray-default.webp
Veritate,TTT050A,48V DC,NA,2700K, CRI>97,Φ214*H78mm,45°,20W,AJ/CG,ATAG2021/27/BB,R-41231258,IS 10322 (PART 5/SEC 1) : 2012,17399,"Guangdong Sat Technology Co. Ltd., No. 11 Lianbao Rd, Shengfeng District, Xiaolan Town, Zhongshan City, Guangdong, China – 528400",./assets/images/tracklights/veritate-06-ballet-blue.webp
Veritate,TTT050A,48V DC,NA,2700K, CRI>97,Φ214*H78mm,45°,20W,AJ/CG,ATAG2021/27/CH,R-41231258,IS 10322 (PART 5/SEC 1) : 2012,17399,"Guangdong Sat Technology Co. Ltd., No. 11 Lianbao Rd, Shengfeng District, Xiaolan Town, Zhongshan City, Guangdong, China – 528400",./assets/images/tracklights/veritate-01-chrome.webp
Veritate,TTT050A,48V DC,NA,2700K, CRI>97,Φ214*H78mm,45°,20W,AJ/CG,ATAG2021/27/CHB,R-41231258,IS 10322 (PART 5/SEC 1) : 2012,17399,"Guangdong Sat Technology Co. Ltd., No. 11 Lianbao Rd, Shengfeng District, Xiaolan Town, Zhongshan City, Guangdong, China – 528400",./assets/images/tracklights/veritate-02-chrome-black.webp
Veritate,TTT050A,48V DC,NA,3000K, CRI>97,Φ214*H78mm,45°,20W,AJ/CG,ATAG2021/30/W,R-41231258,IS 10322 (PART 5/SEC 1) : 2012,16399,"Guangdong Sat Technology Co. Ltd., No. 11 Lianbao Rd, Shengfeng District, Xiaolan Town, Zhongshan City, Guangdong, China – 528400",./assets/images/tracklights/veritate-05-white.webp
Veritate,TTT050A,48V DC,NA,3000K, CRI>97,Φ214*H78mm,45°,20W,AJ/CG,ATAG2021/30/B,R-41231258,IS 10322 (PART 5/SEC 1) : 2012,16399,"Guangdong Sat Technology Co. Ltd., No. 11 Lianbao Rd, Shengfeng District, Xiaolan Town, Zhongshan City, Guangdong, China – 528400",./assets/images/tracklights/veritate-03-mat-black-default.webp
Veritate,TTT050A,48V DC,NA,3000K, CRI>97,Φ214*H78mm,45°,20W,AJ/CG,ATAG2021/30/CG,R-41231258,IS 10322 (PART 5/SEC 1) : 2012,17399,"Guangdong Sat Technology Co. Ltd., No. 11 Lianbao Rd, Shengfeng District, Xiaolan Town, Zhongshan City, Guangdong, China – 528400",./assets/images/tracklights/veritate-04-champeing-gold.webp
Veritate,TTT050A,48V DC,NA,3000K, CRI>97,Φ214*H78mm,45°,20W,AJ/CG,ATAG2021/30/RG,R-41231258,IS 10322 (PART 5/SEC 1) : 2012,17399,"Guangdong Sat Technology Co. Ltd., No. 11 Lianbao Rd, Shengfeng District, Xiaolan Town, Zhongshan City, Guangdong, China – 528400",./assets/images/tracklights/veritate-08-rose-gold.webp
Veritate,TTT050A,48V DC,NA,3000K, CRI>97,Φ214*H78mm,45°,20W,AJ/CG,ATAG2021/30/BR,R-41231258,IS 10322 (PART 5/SEC 1) : 2012,17399,"Guangdong Sat Technology Co. Ltd., No. 11 Lianbao Rd, Shengfeng District, Xiaolan Town, Zhongshan City, Guangdong, China – 528400",./assets/images/tracklights/veritate-10-brown.webp
Veritate,TTT050A,48V DC,NA,3000K, CRI>97,Φ214*H78mm,45°,20W,AJ/CG,ATAG2021/30/COF,R-41231258,IS 10322 (PART 5/SEC 1) : 2012,17399,"Guangdong Sat Technology Co. Ltd., No. 11 Lianbao Rd, Shengfeng District, Xiaolan Town, Zhongshan City, Guangdong, China – 528400",./assets/images/tracklights/veritate-07-coffee.webp
Veritate,TTT050A,48V DC,NA,3000K, CRI>97,Φ214*H78mm,45°,20W,AJ/CG,ATAG2021/30/DGR,R-41231258,IS 10322 (PART 5/SEC 1) : 2012,17399,"Guangdong Sat Technology Co. Ltd., No. 11 Lianbao Rd, Shengfeng District, Xiaolan Town, Zhongshan City, Guangdong, China – 528400",./assets/images/tracklights/veritate-09-dark-gray-default.webp
Veritate,TTT050A,48V DC,NA,3000K, CRI>97,Φ214*H78mm,45°,20W,AJ/CG,ATAG2021/30/BB,R-41231258,IS 10322 (PART 5/SEC 1) : 2012,17399,"Guangdong Sat Technology Co. Ltd., No. 11 Lianbao Rd, Shengfeng District, Xiaolan Town, Zhongshan City, Guangdong, China – 528400",./assets/images/tracklights/veritate-06-ballet-blue.webp
Veritate,TTT050A,48V DC,NA,3000K, CRI>97,Φ214*H78mm,45°,20W,AJ/CG,ATAG2021/30/CH,R-41231258,IS 10322 (PART 5/SEC 1) : 2012,17399,"Guangdong Sat Technology Co. Ltd., No. 11 Lianbao Rd, Shengfeng District, Xiaolan Town, Zhongshan City, Guangdong, China – 528400",./assets/images/tracklights/veritate-01-chrome.webp
Veritate,TTT050A,48V DC,NA,3000K, CRI>97,Φ214*H78mm,45°,20W,AJ/CG,ATAG2021/30/CHB,R-41231258,IS 10322 (PART 5/SEC 1) : 2012,17399,"Guangdong Sat Technology Co. Ltd., No. 11 Lianbao Rd, Shengfeng District, Xiaolan Town, Zhongshan City, Guangdong, China – 528400",./assets/images/tracklights/veritate-02-chrome-black.webp
Veritate,TTT050A,48V DC,NA,3500K, CRI>97,Φ214*H78mm,45°,20W,AJ/CG,ATAG2021/35/W,R-41231258,IS 10322 (PART 5/SEC 1) : 2012,16399,"Guangdong Sat Technology Co. Ltd., No. 11 Lianbao Rd, Shengfeng District, Xiaolan Town, Zhongshan City, Guangdong, China – 528400",./assets/images/tracklights/veritate-05-white.webp
Veritate,TTT050A,48V DC,NA,3500K, CRI>97,Φ214*H78mm,45°,20W,AJ/CG,ATAG2021/35/B,R-41231258,IS 10322 (PART 5/SEC 1) : 2012,16399,"Guangdong Sat Technology Co. Ltd., No. 11 Lianbao Rd, Shengfeng District, Xiaolan Town, Zhongshan City, Guangdong, China – 528400",./assets/images/tracklights/veritate-03-mat-black-default.webp
Veritate,TTT050A,48V DC,NA,3500K, CRI>97,Φ214*H78mm,45°,20W,AJ/CG,ATAG2021/35/CG,R-41231258,IS 10322 (PART 5/SEC 1) : 2012,17399,"Guangdong Sat Technology Co. Ltd., No. 11 Lianbao Rd, Shengfeng District, Xiaolan Town, Zhongshan City, Guangdong, China – 528400",./assets/images/tracklights/veritate-04-champeing-gold.webp
Veritate,TTT050A,48V DC,NA,3500K, CRI>97,Φ214*H78mm,45°,20W,AJ/CG,ATAG2021/35/RG,R-41231258,IS 10322 (PART 5/SEC 1) : 2012,17399,"Guangdong Sat Technology Co. Ltd., No. 11 Lianbao Rd, Shengfeng District, Xiaolan Town, Zhongshan City, Guangdong, China – 528400",./assets/images/tracklights/veritate-08-rose-gold.webp
Veritate,TTT050A,48V DC,NA,3500K, CRI>97,Φ214*H78mm,45°,20W,AJ/CG,ATAG2021/35/BR,R-41231258,IS 10322 (PART 5/SEC 1) : 2012,17399,"Guangdong Sat Technology Co. Ltd., No. 11 Lianbao Rd, Shengfeng District, Xiaolan Town, Zhongshan City, Guangdong, China – 528400",./assets/images/tracklights/veritate-10-brown.webp
Veritate,TTT050A,48V DC,NA,3500K, CRI>97,Φ214*H78mm,45°,20W,AJ/CG,ATAG2021/35/COF,R-41231258,IS 10322 (PART 5/SEC 1) : 2012,17399,"Guangdong Sat Technology Co. Ltd., No. 11 Lianbao Rd, Shengfeng District, Xiaolan Town, Zhongshan City, Guangdong, China – 528400",./assets/images/tracklights/veritate-07-coffee.webp
Veritate,TTT050A,48V DC,NA,3500K, CRI>97,Φ214*H78mm,45°,20W,AJ/CG,ATAG2021/35/DGR,R-41231258,IS 10322 (PART 5/SEC 1) : 2012,17399,"Guangdong Sat Technology Co. Ltd., No. 11 Lianbao Rd, Shengfeng District, Xiaolan Town, Zhongshan City, Guangdong, China – 528400",./assets/images/tracklights/veritate-09-dark-gray-default.webp
Veritate,TTT050A,48V DC,NA,3500K, CRI>97,Φ214*H78mm,45°,20W,AJ/CG,ATAG2021/35/BB,R-41231258,IS 10322 (PART 5/SEC 1) : 2012,17399,"Guangdong Sat Technology Co. Ltd., No. 11 Lianbao Rd, Shengfeng District, Xiaolan Town, Zhongshan City, Guangdong, China – 528400",./assets/images/tracklights/veritate-06-ballet-blue.webp
Veritate,TTT050A,48V DC,NA,3500K, CRI>97,Φ214*H78mm,45°,20W,AJ/CG,ATAG2021/35/CH,R-41231258,IS 10322 (PART 5/SEC 1) : 2012,17399,"Guangdong Sat Technology Co. Ltd., No. 11 Lianbao Rd, Shengfeng District, Xiaolan Town, Zhongshan City, Guangdong, China – 528400",./assets/images/tracklights/veritate-01-chrome.webp
Veritate,TTT050A,48V DC,NA,3500K, CRI>97,Φ214*H78mm,45°,20W,AJ/CG,ATAG2021/35/CHB,R-41231258,IS 10322 (PART 5/SEC 1) : 2012,17399,"Guangdong Sat Technology Co. Ltd., No. 11 Lianbao Rd, Shengfeng District, Xiaolan Town, Zhongshan City, Guangdong, China – 528400",./assets/images/tracklights/veritate-02-chrome-black.webp
Veritate,TTT050A,48V DC,NA,4000K, CRI>97,Φ214*H78mm,45°,20W,AJ/CG,ATAG2021/40/W,R-41231258,IS 10322 (PART 5/SEC 1) : 2012,16399,"Guangdong Sat Technology Co. Ltd., No. 11 Lianbao Rd, Shengfeng District, Xiaolan Town, Zhongshan City, Guangdong, China – 528400",./assets/images/tracklights/veritate-05-white.webp
Veritate,TTT050A,48V DC,NA,4000K, CRI>97,Φ214*H78mm,45°,20W,AJ/CG,ATAG2021/40/B,R-41231258,IS 10322 (PART 5/SEC 1) : 2012,16399,"Guangdong Sat Technology Co. Ltd., No. 11 Lianbao Rd, Shengfeng District, Xiaolan Town, Zhongshan City, Guangdong, China – 528400",./assets/images/tracklights/veritate-03-mat-black-default.webp
Veritate,TTT050A,48V DC,NA,4000K, CRI>97,Φ214*H78mm,45°,20W,AJ/CG,ATAG2021/40/CG,R-41231258,IS 10322 (PART 5/SEC 1) : 2012,17399,"Guangdong Sat Technology Co. Ltd., No. 11 Lianbao Rd, Shengfeng District, Xiaolan Town, Zhongshan City, Guangdong, China – 528400",./assets/images/tracklights/veritate-04-champeing-gold.webp
Veritate,TTT050A,48V DC,NA,4000K, CRI>97,Φ214*H78mm,45°,20W,AJ/CG,ATAG2021/40/RG,R-41231258,IS 10322 (PART 5/SEC 1) : 2012,17399,"Guangdong Sat Technology Co. Ltd., No. 11 Lianbao Rd, Shengfeng District, Xiaolan Town, Zhongshan City, Guangdong, China – 528400",./assets/images/tracklights/veritate-08-rose-gold.webp
Veritate,TTT050A,48V DC,NA,4000K, CRI>97,Φ214*H78mm,45°,20W,AJ/CG,ATAG2021/40/BR,R-41231258,IS 10322 (PART 5/SEC 1) : 2012,17399,"Guangdong Sat Technology Co. Ltd., No. 11 Lianbao Rd, Shengfeng District, Xiaolan Town, Zhongshan City, Guangdong, China – 528400",./assets/images/tracklights/veritate-10-brown.webp
Veritate,TTT050A,48V DC,NA,4000K, CRI>97,Φ214*H78mm,45°,20W,AJ/CG,ATAG2021/40/COF,R-41231258,IS 10322 (PART 5/SEC 1) : 2012,17399,"Guangdong Sat Technology Co. Ltd., No. 11 Lianbao Rd, Shengfeng District, Xiaolan Town, Zhongshan City, Guangdong, China – 528400",./assets/images/tracklights/veritate-07-coffee.webp
Veritate,TTT050A,48V DC,NA,4000K, CRI>97,Φ214*H78mm,45°,20W,AJ/CG,ATAG2021/40/DGR,R-41231258,IS 10322 (PART 5/SEC 1) : 2012,17399,"Guangdong Sat Technology Co. Ltd., No. 11 Lianbao Rd, Shengfeng District, Xiaolan Town, Zhongshan City, Guangdong, China – 528400",./assets/images/tracklights/veritate-09-dark-gray-default.webp
Veritate,TTT050A,48V DC,NA,4000K, CRI>97,Φ214*H78mm,45°,20W,AJ/CG,ATAG2021/40/BB,R-41231258,IS 10322 (PART 5/SEC 1) : 2012,17399,"Guangdong Sat Technology Co. Ltd., No. 11 Lianbao Rd, Shengfeng District, Xiaolan Town, Zhongshan City, Guangdong, China – 528400",./assets/images/tracklights/veritate-06-ballet-blue.webp
Veritate,TTT050A,48V DC,NA,4000K, CRI>97,Φ214*H78mm,45°,20W,AJ/CG,ATAG2021/40/CH,R-41231258,IS 10322 (PART 5/SEC 1) : 2012,17399,"Guangdong Sat Technology Co. Ltd., No. 11 Lianbao Rd, Shengfeng District, Xiaolan Town, Zhongshan City, Guangdong, China – 528400",./assets/images/tracklights/veritate-01-chrome.webp
Veritate,TTT050A,48V DC,NA,4000K, CRI>97,Φ214*H78mm,45°,20W,AJ/CG,ATAG2021/40/CHB,R-41231258,IS 10322 (PART 5/SEC 1) : 2012,17399,"Guangdong Sat Technology Co. Ltd., No. 11 Lianbao Rd, Shengfeng District, Xiaolan Town, Zhongshan City, Guangdong, China – 528400",./assets/images/tracklights/veritate-02-chrome-black.webp
Veritate,TTT050A,48V DC,NA,5000K, CRI>97,Φ214*H78mm,45°,20W,AJ/CG,ATAG2021/50/W,R-41231258,IS 10322 (PART 5/SEC 1) : 2012,16399,"Guangdong Sat Technology Co. Ltd., No. 11 Lianbao Rd, Shengfeng District, Xiaolan Town, Zhongshan City, Guangdong, China – 528400",./assets/images/tracklights/veritate-05-white.webp
Veritate,TTT050A,48V DC,NA,5000K, CRI>97,Φ214*H78mm,45°,20W,AJ/CG,ATAG2021/50/B,R-41231258,IS 10322 (PART 5/SEC 1) : 2012,16399,"Guangdong Sat Technology Co. Ltd., No. 11 Lianbao Rd, Shengfeng District, Xiaolan Town, Zhongshan City, Guangdong, China – 528400",./assets/images/tracklights/veritate-03-mat-black-default.webp
Veritate,TTT050A,48V DC,NA,5000K, CRI>97,Φ214*H78mm,45°,20W,AJ/CG,ATAG2021/50/CG,R-41231258,IS 10322 (PART 5/SEC 1) : 2012,17399,"Guangdong Sat Technology Co. Ltd., No. 11 Lianbao Rd, Shengfeng District, Xiaolan Town, Zhongshan City, Guangdong, China – 528400",./assets/images/tracklights/veritate-04-champeing-gold.webp
Veritate,TTT050A,48V DC,NA,5000K, CRI>97,Φ214*H78mm,45°,20W,AJ/CG,ATAG2021/50/RG,R-41231258,IS 10322 (PART 5/SEC 1) : 2012,17399,"Guangdong Sat Technology Co. Ltd., No. 11 Lianbao Rd, Shengfeng District, Xiaolan Town, Zhongshan City, Guangdong, China – 528400",./assets/images/tracklights/veritate-08-rose-gold.webp
Veritate,TTT050A,48V DC,NA,5000K, CRI>97,Φ214*H78mm,45°,20W,AJ/CG,ATAG2021/50/BR,R-41231258,IS 10322 (PART 5/SEC 1) : 2012,17399,"Guangdong Sat Technology Co. Ltd., No. 11 Lianbao Rd, Shengfeng District, Xiaolan Town, Zhongshan City, Guangdong, China – 528400",./assets/images/tracklights/veritate-10-brown.webp
Veritate,TTT050A,48V DC,NA,5000K, CRI>97,Φ214*H78mm,45°,20W,AJ/CG,ATAG2021/50/COF,R-41231258,IS 10322 (PART 5/SEC 1) : 2012,17399,"Guangdong Sat Technology Co. Ltd., No. 11 Lianbao Rd, Shengfeng District, Xiaolan Town, Zhongshan City, Guangdong, China – 528400",./assets/images/tracklights/veritate-07-coffee.webp
Veritate,TTT050A,48V DC,NA,5000K, CRI>97,Φ214*H78mm,45°,20W,AJ/CG,ATAG2021/50/DGR,R-41231258,IS 10322 (PART 5/SEC 1) : 2012,17399,"Guangdong Sat Technology Co. Ltd., No. 11 Lianbao Rd, Shengfeng District, Xiaolan Town, Zhongshan City, Guangdong, China – 528400",./assets/images/tracklights/veritate-09-dark-gray-default.webp
Veritate,TTT050A,48V DC,NA,5000K, CRI>97,Φ214*H78mm,45°,20W,AJ/CG,ATAG2021/50/BB,R-41231258,IS 10322 (PART 5/SEC 1) : 2012,17399,"Guangdong Sat Technology Co. Ltd., No. 11 Lianbao Rd, Shengfeng District, Xiaolan Town, Zhongshan City, Guangdong, China – 528400",./assets/images/tracklights/veritate-06-ballet-blue.webp
Veritate,TTT050A,48V DC,NA,5000K, CRI>97,Φ214*H78mm,45°,20W,AJ/CG,ATAG2021/50/CH,R-41231258,IS 10322 (PART 5/SEC 1) : 2012,17399,"Guangdong Sat Technology Co. Ltd., No. 11 Lianbao Rd, Shengfeng District, Xiaolan Town, Zhongshan City, Guangdong, China – 528400",./assets/images/tracklights/veritate-01-chrome.webp
Veritate,TTT050A,48V DC,NA,5000K, CRI>97,Φ214*H78mm,45°,20W,AJ/CG,ATAG2021/50/CHB,R-41231258,IS 10322 (PART 5/SEC 1) : 2012,17399,"Guangdong Sat Technology Co. Ltd., No. 11 Lianbao Rd, Shengfeng District, Xiaolan Town, Zhongshan City, Guangdong, China – 528400",./assets/images/tracklights/veritate-02-chrome-black.webp
Veritate Tunable,TTT050A,48V DC,NA,2700K~6500K, CRI>97,Φ214*H78mm,45°,20W,AJ/CG,ATAG2021/CT/W,R-41231258,IS 10322 (PART 5/SEC 1) : 2012,17599,"Guangdong Sat Technology Co. Ltd., No. 11 Lianbao Rd, Shengfeng District, Xiaolan Town, Zhongshan City, Guangdong, China – 528400",./assets/images/tracklights/veritate-05-white.webp
Veritate Tunable,TTT050A,48V DC,NA,2700K~6500K, CRI>97,Φ214*H78mm,45°,20W,AJ/CG,ATAG2021/CT/B,R-41231258,IS 10322 (PART 5/SEC 1) : 2012,17599,"Guangdong Sat Technology Co. Ltd., No. 11 Lianbao Rd, Shengfeng District, Xiaolan Town, Zhongshan City, Guangdong, China – 528400",./assets/images/tracklights/veritate-03-mat-black-default.webp
Veritate Tunable,TTT050A,48V DC,NA,2700K~6500K, CRI>97,Φ214*H78mm,45°,20W,AJ/CG,ATAG2021/CT/CG,R-41231258,IS 10322 (PART 5/SEC 1) : 2012,18599,"Guangdong Sat Technology Co. Ltd., No. 11 Lianbao Rd, Shengfeng District, Xiaolan Town, Zhongshan City, Guangdong, China – 528400",./assets/images/tracklights/veritate-04-champeing-gold.webp
Veritate Tunable,TTT050A,48V DC,NA,2700K~6500K, CRI>97,Φ214*H78mm,45°,20W,AJ/CG,ATAG2021/CT/RG,R-41231258,IS 10322 (PART 5/SEC 1) : 2012,18599,"Guangdong Sat Technology Co. Ltd., No. 11 Lianbao Rd, Shengfeng District, Xiaolan Town, Zhongshan City, Guangdong, China – 528400",./assets/images/tracklights/veritate-08-rose-gold.webp
Veritate Tunable,TTT050A,48V DC,NA,2700K~6500K, CRI>97,Φ214*H78mm,45°,20W,AJ/CG,ATAG2021/CT/BR,R-41231258,IS 10322 (PART 5/SEC 1) : 2012,18599,"Guangdong Sat Technology Co. Ltd., No. 11 Lianbao Rd, Shengfeng District, Xiaolan Town, Zhongshan City, Guangdong, China – 528400",./assets/images/tracklights/veritate-10-brown.webp
Veritate Tunable,TTT050A,48V DC,NA,2700K~6500K, CRI>97,Φ214*H78mm,45°,20W,AJ/CG,ATAG2021/CT/COF,R-41231258,IS 10322 (PART 5/SEC 1) : 2012,18599,"Guangdong Sat Technology Co. Ltd., No. 11 Lianbao Rd, Shengfeng District, Xiaolan Town, Zhongshan City, Guangdong, China – 528400",./assets/images/tracklights/veritate-07-coffee.webp
Veritate Tunable,TTT050A,48V DC,NA,2700K~6500K, CRI>97,Φ214*H78mm,45°,20W,AJ/CG,ATAG2021/CT/DGR,R-41231258,IS 10322 (PART 5/SEC 1) : 2012,18599,"Guangdong Sat Technology Co. Ltd., No. 11 Lianbao Rd, Shengfeng District, Xiaolan Town, Zhongshan City, Guangdong, China – 528400",./assets/images/tracklights/veritate-09-dark-gray-default.webp
Veritate Tunable,TTT050A,48V DC,NA,2700K~6500K, CRI>97,Φ214*H78mm,45°,20W,AJ/CG,ATAG2021/CT/BB,R-41231258,IS 10322 (PART 5/SEC 1) : 2012,18599,"Guangdong Sat Technology Co. Ltd., No. 11 Lianbao Rd, Shengfeng District, Xiaolan Town, Zhongshan City, Guangdong, China – 528400",./assets/images/tracklights/veritate-06-ballet-blue.webp
Veritate Tunable,TTT050A,48V DC,NA,2700K~6500K, CRI>97,Φ214*H78mm,45°,20W,AJ/CG,ATAG2021/CT/CH,R-41231258,IS 10322 (PART 5/SEC 1) : 2012,18599,"Guangdong Sat Technology Co. Ltd., No. 11 Lianbao Rd, Shengfeng District, Xiaolan Town, Zhongshan City, Guangdong, China – 528400",./assets/images/tracklights/veritate-01-chrome.webp
Veritate Tunable,TTT050A,48V DC,NA,2700K~6500K, CRI>97,Φ214*H78mm,45°,20W,AJ/CG,ATAG2021/CT/CHB,R-41231258,IS 10322 (PART 5/SEC 1) : 2012,18599,"Guangdong Sat Technology Co. Ltd., No. 11 Lianbao Rd, Shengfeng District, Xiaolan Town, Zhongshan City, Guangdong, China – 528400",./assets/images/tracklights/veritate-02-chrome-black.webp
Adhil Mini 6,TTT060X,48V DC,NA,2700K, CRI>97, φ30*80mm,15°,6W,AJ/CG,ASTS0630/27/15/B,R-41231258,IS 10322 (PART 5/SEC 1) : 2012,14099,"Guangdong Sat Technology Co. Ltd., No. 11 Lianbao Rd, Shengfeng District, Xiaolan Town, Zhongshan City, Guangdong, China – 528400",./assets/images/tracklights/adhil-mini-6-03-mat-black-default.webp
Adhil Mini 6,TTT060X,48V DC,NA,2700K, CRI>97, φ30*80mm,15°,6W,AJ/CG,ASTS0630/27/15/W,R-41231258,IS 10322 (PART 5/SEC 1) : 2012,14099,"Guangdong Sat Technology Co. Ltd., No. 11 Lianbao Rd, Shengfeng District, Xiaolan Town, Zhongshan City, Guangdong, China – 528400",./assets/images/tracklights/adhil-mini-6-06-white.webp
Adhil Mini 6,TTT060X,48V DC,NA,2700K, CRI>97, φ30*80mm,15°,6W,AJ/CG,ASTS0630/27/15/CG,R-41231258,IS 10322 (PART 5/SEC 1) : 2012,15099,"Guangdong Sat Technology Co. Ltd., No. 11 Lianbao Rd, Shengfeng District, Xiaolan Town, Zhongshan City, Guangdong, China – 528400",./assets/images/tracklights/adhil-mini-6-04-champeing-gold.webp
Adhil Mini 6,TTT060X,48V DC,NA,2700K, CRI>97, φ30*80mm,15°,6W,AJ/CG,ASTS0630/27/15/RG,R-41231258,IS 10322 (PART 5/SEC 1) : 2012,15099,"Guangdong Sat Technology Co. Ltd., No. 11 Lianbao Rd, Shengfeng District, Xiaolan Town, Zhongshan City, Guangdong, China – 528400",./assets/images/tracklights/adhil-mini-6-08-rose-gold.webp
Adhil Mini 6,TTT060X,48V DC,NA,2700K, CRI>97, φ30*80mm,15°,6W,AJ/CG,ASTS0630/27/15/BR,R-41231258,IS 10322 (PART 5/SEC 1) : 2012,15099,"Guangdong Sat Technology Co. Ltd., No. 11 Lianbao Rd, Shengfeng District, Xiaolan Town, Zhongshan City, Guangdong, China – 528400",./assets/images/tracklights/adhil-mini-6-10-brown.webp
Adhil Mini 6,TTT060X,48V DC,NA,2700K, CRI>97, φ30*80mm,15°,6W,AJ/CG,ASTS0630/27/15/BB,R-41231258,IS 10322 (PART 5/SEC 1) : 2012,15099,"Guangdong Sat Technology Co. Ltd., No. 11 Lianbao Rd, Shengfeng District, Xiaolan Town, Zhongshan City, Guangdong, China – 528400",./assets/images/tracklights/adhil-mini-6-06-ballet-blue.webp
Adhil Mini 6,TTT060X,48V DC,NA,2700K, CRI>97, φ30*80mm,15°,6W,AJ/CG,ASTS0630/27/15/COF,R-41231258,IS 10322 (PART 5/SEC 1) : 2012,15099,"Guangdong Sat Technology Co. Ltd., No. 11 Lianbao Rd, Shengfeng District, Xiaolan Town, Zhongshan City, Guangdong, China – 528400",./assets/images/tracklights/adhil-mini-6-07-coffee.webp
Adhil Mini 6,TTT060X,48V DC,NA,2700K, CRI>97, φ30*80mm,15°,6W,AJ/CG,ASTS0630/27/15/DGR,R-41231258,IS 10322 (PART 5/SEC 1) : 2012,15099,"Guangdong Sat Technology Co. Ltd., No. 11 Lianbao Rd, Shengfeng District, Xiaolan Town, Zhongshan City, Guangdong, China – 528400",./assets/images/tracklights/adhil-mini-6-09-dark-gray-default.webp
Adhil Mini 6,TTT060X,48V DC,NA,2700K, CRI>97, φ30*80mm,15°,6W,AJ/CG,ASTS0630/27/15/CH,R-41231258,IS 10322 (PART 5/SEC 1) : 2012,15099,"Guangdong Sat Technology Co. Ltd., No. 11 Lianbao Rd, Shengfeng District, Xiaolan Town, Zhongshan City, Guangdong, China – 528400",./assets/images/tracklights/adhil-mini-6-01-chrome.webp
Adhil Mini 6,TTT060X,48V DC,NA,2700K, CRI>97, φ30*80mm,15°,6W,AJ/CG,ASTS0630/27/15/CHB,R-41231258,IS 10322 (PART 5/SEC 1) : 2012,15099,"Guangdong Sat Technology Co. Ltd., No. 11 Lianbao Rd, Shengfeng District, Xiaolan Town, Zhongshan City, Guangdong, China – 528400",./assets/images/tracklights/adhil-mini-6-02-chrome-black.webp
Adhil Mini 6,TTT060X,48V DC,NA,2700K, CRI>97, φ30*80mm,24°,6W,AJ/CG,ASTS0630/27/24/B,R-41231258,IS 10322 (PART 5/SEC 1) : 2012,14099,"Guangdong Sat Technology Co. Ltd., No. 11 Lianbao Rd, Shengfeng District, Xiaolan Town, Zhongshan City, Guangdong, China – 528400",./assets/images/tracklights/adhil-mini-6-03-mat-black-default.webp
Adhil Mini 6,TTT060X,48V DC,NA,2700K, CRI>97, φ30*80mm,24°,6W,AJ/CG,ASTS0630/27/24/W,R-41231258,IS 10322 (PART 5/SEC 1) : 2012,14099,"Guangdong Sat Technology Co. Ltd., No. 11 Lianbao Rd, Shengfeng District, Xiaolan Town, Zhongshan City, Guangdong, China – 528400",./assets/images/tracklights/adhil-mini-6-06-white.webp
Adhil Mini 6,TTT060X,48V DC,NA,2700K, CRI>97, φ30*80mm,24°,6W,AJ/CG,ASTS0630/27/24/CG,R-41231258,IS 10322 (PART 5/SEC 1) : 2012,15099,"Guangdong Sat Technology Co. Ltd., No. 11 Lianbao Rd, Shengfeng District, Xiaolan Town, Zhongshan City, Guangdong, China – 528400",./assets/images/tracklights/adhil-mini-6-04-champeing-gold.webp
Adhil Mini 6,TTT060X,48V DC,NA,2700K, CRI>97, φ30*80mm,24°,6W,AJ/CG,ASTS0630/27/24/RG,R-41231258,IS 10322 (PART 5/SEC 1) : 2012,15099,"Guangdong Sat Technology Co. Ltd., No. 11 Lianbao Rd, Shengfeng District, Xiaolan Town, Zhongshan City, Guangdong, China – 528400",./assets/images/tracklights/adhil-mini-6-08-rose-gold.webp
Adhil Mini 6,TTT060X,48V DC,NA,2700K, CRI>97, φ30*80mm,24°,6W,AJ/CG,ASTS0630/27/24/BR,R-41231258,IS 10322 (PART 5/SEC 1) : 2012,15099,"Guangdong Sat Technology Co. Ltd., No. 11 Lianbao Rd, Shengfeng District, Xiaolan Town, Zhongshan City, Guangdong, China – 528400",./assets/images/tracklights/adhil-mini-6-10-brown.webp
Adhil Mini 6,TTT060X,48V DC,NA,2700K, CRI>97, φ30*80mm,24°,6W,AJ/CG,ASTS0630/27/24/BB,R-41231258,IS 10322 (PART 5/SEC 1) : 2012,15099,"Guangdong Sat Technology Co. Ltd., No. 11 Lianbao Rd, Shengfeng District, Xiaolan Town, Zhongshan City, Guangdong, China – 528400",./assets/images/tracklights/adhil-mini-6-06-ballet-blue.webp
Adhil Mini 6,TTT060X,48V DC,NA,2700K, CRI>97, φ30*80mm,24°,6W,AJ/CG,ASTS0630/27/24/COF,R-41231258,IS 10322 (PART 5/SEC 1) : 2012,15099,"Guangdong Sat Technology Co. Ltd., No. 11 Lianbao Rd, Shengfeng District, Xiaolan Town, Zhongshan City, Guangdong, China – 528400",./assets/images/tracklights/adhil-mini-6-07-coffee.webp
Adhil Mini 6,TTT060X,48V DC,NA,2700K, CRI>97, φ30*80mm,24°,6W,AJ/CG,ASTS0630/27/24/DGR,R-41231258,IS 10322 (PART 5/SEC 1) : 2012,15099,"Guangdong Sat Technology Co. Ltd., No. 11 Lianbao Rd, Shengfeng District, Xiaolan Town, Zhongshan City, Guangdong, China – 528400",./assets/images/tracklights/adhil-mini-6-09-dark-gray-default.webp
Adhil Mini 6,TTT060X,48V DC,NA,2700K, CRI>97, φ30*80mm,24°,6W,AJ/CG,ASTS0630/27/24/CH,R-41231258,IS 10322 (PART 5/SEC 1) : 2012,15099,"Guangdong Sat Technology Co. Ltd., No. 11 Lianbao Rd, Shengfeng District, Xiaolan Town, Zhongshan City, Guangdong, China – 528400",./assets/images/tracklights/adhil-mini-6-01-chrome.webp
Adhil Mini 6,TTT060X,48V DC,NA,2700K, CRI>97, φ30*80mm,24°,6W,AJ/CG,ASTS0630/27/24/CHB,R-41231258,IS 10322 (PART 5/SEC 1) : 2012,15099,"Guangdong Sat Technology Co. Ltd., No. 11 Lianbao Rd, Shengfeng District, Xiaolan Town, Zhongshan City, Guangdong, China – 528400",./assets/images/tracklights/adhil-mini-6-02-chrome-black.webp
Adhil Mini 6,TTT060X,48V DC,NA,2700K, CRI>97, φ30*80mm,36°,6W,AJ/CG,ASTS0630/27/36/B,R-41231258,IS 10322 (PART 5/SEC 1) : 2012,14099,"Guangdong Sat Technology Co. Ltd., No. 11 Lianbao Rd, Shengfeng District, Xiaolan Town, Zhongshan City, Guangdong, China – 528400",./assets/images/tracklights/adhil-mini-6-03-mat-black-default.webp
Adhil Mini 6,TTT060X,48V DC,NA,2700K, CRI>97, φ30*80mm,36°,6W,AJ/CG,ASTS0630/27/36/W,R-41231258,IS 10322 (PART 5/SEC 1) : 2012,14099,"Guangdong Sat Technology Co. Ltd., No. 11 Lianbao Rd, Shengfeng District, Xiaolan Town, Zhongshan City, Guangdong, China – 528400",./assets/images/tracklights/adhil-mini-6-06-white.webp
Adhil Mini 6,TTT060X,48V DC,NA,2700K, CRI>97, φ30*80mm,36°,6W,AJ/CG,ASTS0630/27/36/CG,R-41231258,IS 10322 (PART 5/SEC 1) : 2012,15099,"Guangdong Sat Technology Co. Ltd., No. 11 Lianbao Rd, Shengfeng District, Xiaolan Town, Zhongshan City, Guangdong, China – 528400",./assets/images/tracklights/adhil-mini-6-04-champeing-gold.webp
Adhil Mini 6,TTT060X,48V DC,NA,2700K, CRI>97, φ30*80mm,36°,6W,AJ/CG,ASTS0630/27/36/RG,R-41231258,IS 10322 (PART 5/SEC 1) : 2012,15099,"Guangdong Sat Technology Co. Ltd., No. 11 Lianbao Rd, Shengfeng District, Xiaolan Town, Zhongshan City, Guangdong, China – 528400",./assets/images/tracklights/adhil-mini-6-08-rose-gold.webp
Adhil Mini 6,TTT060X,48V DC,NA,2700K, CRI>97, φ30*80mm,36°,6W,AJ/CG,ASTS0630/27/36/BR,R-41231258,IS 10322 (PART 5/SEC 1) : 2012,15099,"Guangdong Sat Technology Co. Ltd., No. 11 Lianbao Rd, Shengfeng District, Xiaolan Town, Zhongshan City, Guangdong, China – 528400",./assets/images/tracklights/adhil-mini-6-10-brown.webp
Adhil Mini 6,TTT060X,48V DC,NA,2700K, CRI>97, φ30*80mm,36°,6W,AJ/CG,ASTS0630/27/36/BB,R-41231258,IS 10322 (PART 5/SEC 1) : 2012,15099,"Guangdong Sat Technology Co. Ltd., No. 11 Lianbao Rd, Shengfeng District, Xiaolan Town, Zhongshan City, Guangdong, China – 528400",./assets/images/tracklights/adhil-mini-6-06-ballet-blue.webp
Adhil Mini 6,TTT060X,48V DC,NA,2700K, CRI>97, φ30*80mm,36°,6W,AJ/CG,ASTS0630/27/36/COF,R-41231258,IS 10322 (PART 5/SEC 1) : 2012,15099,"Guangdong Sat Technology Co. Ltd., No. 11 Lianbao Rd, Shengfeng District, Xiaolan Town, Zhongshan City, Guangdong, China – 528400",./assets/images/tracklights/adhil-mini-6-07-coffee.webp
Adhil Mini 6,TTT060X,48V DC,NA,2700K, CRI>97, φ30*80mm,36°,6W,AJ/CG,ASTS0630/27/36/DGR,R-41231258,IS 10322 (PART 5/SEC 1) : 2012,15099,"Guangdong Sat Technology Co. Ltd., No. 11 Lianbao Rd, Shengfeng District, Xiaolan Town, Zhongshan City, Guangdong, China – 528400",./assets/images/tracklights/adhil-mini-6-09-dark-gray-default.webp
Adhil Mini 6,TTT060X,48V DC,NA,2700K, CRI>97, φ30*80mm,36°,6W,AJ/CG,ASTS0630/27/36/CH,R-41231258,IS 10322 (PART 5/SEC 1) : 2012,15099,"Guangdong Sat Technology Co. Ltd., No. 11 Lianbao Rd, Shengfeng District, Xiaolan Town, Zhongshan City, Guangdong, China – 528400",./assets/images/tracklights/adhil-mini-6-01-chrome.webp
Adhil Mini 6,TTT060X,48V DC,NA,2700K, CRI>97, φ30*80mm,36°,6W,AJ/CG,ASTS0630/27/36/CHB,R-41231258,IS 10322 (PART 5/SEC 1) : 2012,15099,"Guangdong Sat Technology Co. Ltd., No. 11 Lianbao Rd, Shengfeng District, Xiaolan Town, Zhongshan City, Guangdong, China – 528400",./assets/images/tracklights/adhil-mini-6-02-chrome-black.webp
Adhil Mini 6,TTT060X,48V DC,NA,3000K, CRI>97, φ30*80mm,15°,6W,AJ/CG,ASTS0630/30/15/B,R-41231258,IS 10322 (PART 5/SEC 1) : 2012,14099,"Guangdong Sat Technology Co. Ltd., No. 11 Lianbao Rd, Shengfeng District, Xiaolan Town, Zhongshan City, Guangdong, China – 528400",./assets/images/tracklights/adhil-mini-6-03-mat-black-default.webp
Adhil Mini 6,TTT060X,48V DC,NA,3000K, CRI>97, φ30*80mm,15°,6W,AJ/CG,ASTS0630/30/15/W,R-41231258,IS 10322 (PART 5/SEC 1) : 2012,14099,"Guangdong Sat Technology Co. Ltd., No. 11 Lianbao Rd, Shengfeng District, Xiaolan Town, Zhongshan City, Guangdong, China – 528400",./assets/images/tracklights/adhil-mini-6-06-white.webp
Adhil Mini 6,TTT060X,48V DC,NA,3000K, CRI>97, φ30*80mm,15°,6W,AJ/CG,ASTS0630/30/15/CG,R-41231258,IS 10322 (PART 5/SEC 1) : 2012,15099,"Guangdong Sat Technology Co. Ltd., No. 11 Lianbao Rd, Shengfeng District, Xiaolan Town, Zhongshan City, Guangdong, China – 528400",./assets/images/tracklights/adhil-mini-6-04-champeing-gold.webp
Adhil Mini 6,TTT060X,48V DC,NA,3000K, CRI>97, φ30*80mm,15°,6W,AJ/CG,ASTS0630/30/15/RG,R-41231258,IS 10322 (PART 5/SEC 1) : 2012,15099,"Guangdong Sat Technology Co. Ltd., No. 11 Lianbao Rd, Shengfeng District, Xiaolan Town, Zhongshan City, Guangdong, China – 528400",./assets/images/tracklights/adhil-mini-6-08-rose-gold.webp
Adhil Mini 6,TTT060X,48V DC,NA,3000K, CRI>97, φ30*80mm,15°,6W,AJ/CG,ASTS0630/30/15/BR,R-41231258,IS 10322 (PART 5/SEC 1) : 2012,15099,"Guangdong Sat Technology Co. Ltd., No. 11 Lianbao Rd, Shengfeng District, Xiaolan Town, Zhongshan City, Guangdong, China – 528400",./assets/images/tracklights/adhil-mini-6-10-brown.webp
Adhil Mini 6,TTT060X,48V DC,NA,3000K, CRI>97, φ30*80mm,15°,6W,AJ/CG,ASTS0630/30/15/BB,R-41231258,IS 10322 (PART 5/SEC 1) : 2012,15099,"Guangdong Sat Technology Co. Ltd., No. 11 Lianbao Rd, Shengfeng District, Xiaolan Town, Zhongshan City, Guangdong, China – 528400",./assets/images/tracklights/adhil-mini-6-06-ballet-blue.webp
Adhil Mini 6,TTT060X,48V DC,NA,3000K, CRI>97, φ30*80mm,15°,6W,AJ/CG,ASTS0630/30/15/COF,R-41231258,IS 10322 (PART 5/SEC 1) : 2012,15099,"Guangdong Sat Technology Co. Ltd., No. 11 Lianbao Rd, Shengfeng District, Xiaolan Town, Zhongshan City, Guangdong, China – 528400",./assets/images/tracklights/adhil-mini-6-07-coffee.webp
Adhil Mini 6,TTT060X,48V DC,NA,3000K, CRI>97, φ30*80mm,15°,6W,AJ/CG,ASTS0630/30/15/DGR,R-41231258,IS 10322 (PART 5/SEC 1) : 2012,15099,"Guangdong Sat Technology Co. Ltd., No. 11 Lianbao Rd, Shengfeng District, Xiaolan Town, Zhongshan City, Guangdong, China – 528400",./assets/images/tracklights/adhil-mini-6-09-dark-gray-default.webp
Adhil Mini 6,TTT060X,48V DC,NA,3000K, CRI>97, φ30*80mm,15°,6W,AJ/CG,ASTS0630/30/15/CH,R-41231258,IS 10322 (PART 5/SEC 1) : 2012,15099,"Guangdong Sat Technology Co. Ltd., No. 11 Lianbao Rd, Shengfeng District, Xiaolan Town, Zhongshan City, Guangdong, China – 528400",./assets/images/tracklights/adhil-mini-6-01-chrome.webp
Adhil Mini 6,TTT060X,48V DC,NA,3000K, CRI>97, φ30*80mm,15°,6W,AJ/CG,ASTS0630/30/15/CHB,R-41231258,IS 10322 (PART 5/SEC 1) : 2012,15099,"Guangdong Sat Technology Co. Ltd., No. 11 Lianbao Rd, Shengfeng District, Xiaolan Town, Zhongshan City, Guangdong, China – 528400",./assets/images/tracklights/adhil-mini-6-02-chrome-black.webp
Adhil Mini 6,TTT060X,48V DC,NA,3000K, CRI>97, φ30*80mm,24°,6W,AJ/CG,ASTS0630/30/24/B,R-41231258,IS 10322 (PART 5/SEC 1) : 2012,14099,"Guangdong Sat Technology Co. Ltd., No. 11 Lianbao Rd, Shengfeng District, Xiaolan Town, Zhongshan City, Guangdong, China – 528400",./assets/images/tracklights/adhil-mini-6-03-mat-black-default.webp
Adhil Mini 6,TTT060X,48V DC,NA,3000K, CRI>97, φ30*80mm,24°,6W,AJ/CG,ASTS0630/30/24/W,R-41231258,IS 10322 (PART 5/SEC 1) : 2012,14099,"Guangdong Sat Technology Co. Ltd., No. 11 Lianbao Rd, Shengfeng District, Xiaolan Town, Zhongshan City, Guangdong, China – 528400",./assets/images/tracklights/adhil-mini-6-06-white.webp
Adhil Mini 6,TTT060X,48V DC,NA,3000K, CRI>97, φ30*80mm,24°,6W,AJ/CG,ASTS0630/30/24/COF,R-41231258,IS 10322 (PART 5/SEC 1) : 2012,15099,"Guangdong Sat Technology Co. Ltd., No. 11 Lianbao Rd, Shengfeng District, Xiaolan Town, Zhongshan City, Guangdong, China – 528400",./assets/images/tracklights/adhil-mini-6-07-coffee.webp
Adhil Mini 6,TTT060X,48V DC,NA,3000K, CRI>97, φ30*80mm,24°,6W,AJ/CG,ASTS0630/30/24/DGR,R-41231258,IS 10322 (PART 5/SEC 1) : 2012,15099,"Guangdong Sat Technology Co. Ltd., No. 11 Lianbao Rd, Shengfeng District, Xiaolan Town, Zhongshan City, Guangdong, China – 528400",./assets/images/tracklights/adhil-mini-6-09-dark-gray-default.webp
Adhil Mini 6,TTT060X,48V DC,NA,3000K, CRI>97, φ30*80mm,24°,6W,AJ/CG,ASTS0630/30/24/CH,R-41231258,IS 10322 (PART 5/SEC 1) : 2012,15099,"Guangdong Sat Technology Co. Ltd., No. 11 Lianbao Rd, Shengfeng District, Xiaolan Town, Zhongshan City, Guangdong, China – 528400",./assets/images/tracklights/adhil-mini-6-01-chrome.webp
Adhil Mini 6,TTT060X,48V DC,NA,3000K, CRI>97, φ30*80mm,24°,6W,AJ/CG,ASTS0630/30/24/CG,R-41231258,IS 10322 (PART 5/SEC 1) : 2012,15099,"Guangdong Sat Technology Co. Ltd., No. 11 Lianbao Rd, Shengfeng District, Xiaolan Town, Zhongshan City, Guangdong, China – 528400",./assets/images/tracklights/adhil-mini-6-04-champeing-gold.webp
Adhil Mini 6,TTT060X,48V DC,NA,3000K, CRI>97, φ30*80mm,24°,6W,AJ/CG,ASTS0630/30/24/RG,R-41231258,IS 10322 (PART 5/SEC 1) : 2012,15099,"Guangdong Sat Technology Co. Ltd., No. 11 Lianbao Rd, Shengfeng District, Xiaolan Town, Zhongshan City, Guangdong, China – 528400",./assets/images/tracklights/adhil-mini-6-08-rose-gold.webp
Adhil Mini 6,TTT060X,48V DC,NA,3000K, CRI>97, φ30*80mm,24°,6W,AJ/CG,ASTS0630/30/24/BR,R-41231258,IS 10322 (PART 5/SEC 1) : 2012,15099,"Guangdong Sat Technology Co. Ltd., No. 11 Lianbao Rd, Shengfeng District, Xiaolan Town, Zhongshan City, Guangdong, China – 528400",./assets/images/tracklights/adhil-mini-6-10-brown.webp
Adhil Mini 6,TTT060X,48V DC,NA,3000K, CRI>97, φ30*80mm,24°,6W,AJ/CG,ASTS0630/30/24/BB,R-41231258,IS 10322 (PART 5/SEC 1) : 2012,15099,"Guangdong Sat Technology Co. Ltd., No. 11 Lianbao Rd, Shengfeng District, Xiaolan Town, Zhongshan City, Guangdong, China – 528400",./assets/images/tracklights/adhil-mini-6-06-ballet-blue.webp
Adhil Mini 6,TTT060X,48V DC,NA,3000K, CRI>97, φ30*80mm,24°,6W,AJ/CG,ASTS0630/30/24/CHB,R-41231258,IS 10322 (PART 5/SEC 1) : 2012,15099,"Guangdong Sat Technology Co. Ltd., No. 11 Lianbao Rd, Shengfeng District, Xiaolan Town, Zhongshan City, Guangdong, China – 528400",./assets/images/tracklights/adhil-mini-6-02-chrome-black.webp
Adhil Mini 6,TTT060X,48V DC,NA,3000K, CRI>97, φ30*80mm,36°,6W,AJ/CG,ASTS0630/30/36/B,R-41231258,IS 10322 (PART 5/SEC 1) : 2012,14099,"Guangdong Sat Technology Co. Ltd., No. 11 Lianbao Rd, Shengfeng District, Xiaolan Town, Zhongshan City, Guangdong, China – 528400",./assets/images/tracklights/adhil-mini-6-03-mat-black-default.webp
Adhil Mini 6,TTT060X,48V DC,NA,3000K, CRI>97, φ30*80mm,36°,6W,AJ/CG,ASTS0630/30/36/W,R-41231258,IS 10322 (PART 5/SEC 1) : 2012,14099,"Guangdong Sat Technology Co. Ltd., No. 11 Lianbao Rd, Shengfeng District, Xiaolan Town, Zhongshan City, Guangdong, China – 528400",./assets/images/tracklights/adhil-mini-6-06-white.webp
Adhil Mini 6,TTT060X,48V DC,NA,3000K, CRI>97, φ30*80mm,36°,6W,AJ/CG,ASTS0630/30/36/COF,R-41231258,IS 10322 (PART 5/SEC 1) : 2012,15099,"Guangdong Sat Technology Co. Ltd., No. 11 Lianbao Rd, Shengfeng District, Xiaolan Town, Zhongshan City, Guangdong, China – 528400",./assets/images/tracklights/adhil-mini-6-07-coffee.webp
Adhil Mini 6,TTT060X,48V DC,NA,3000K, CRI>97, φ30*80mm,36°,6W,AJ/CG,ASTS0630/30/36/DGR,R-41231258,IS 10322 (PART 5/SEC 1) : 2012,15099,"Guangdong Sat Technology Co. Ltd., No. 11 Lianbao Rd, Shengfeng District, Xiaolan Town, Zhongshan City, Guangdong, China – 528400",./assets/images/tracklights/adhil-mini-6-09-dark-gray-default.webp
Adhil Mini 6,TTT060X,48V DC,NA,3000K, CRI>97, φ30*80mm,36°,6W,AJ/CG,ASTS0630/30/36/CH,R-41231258,IS 10322 (PART 5/SEC 1) : 2012,15099,"Guangdong Sat Technology Co. Ltd., No. 11 Lianbao Rd, Shengfeng District, Xiaolan Town, Zhongshan City, Guangdong, China – 528400",./assets/images/tracklights/adhil-mini-6-01-chrome.webp
Adhil Mini 6,TTT060X,48V DC,NA,3000K, CRI>97, φ30*80mm,36°,6W,AJ/CG,ASTS0630/30/36/CG,R-41231258,IS 10322 (PART 5/SEC 1) : 2012,15099,"Guangdong Sat Technology Co. Ltd., No. 11 Lianbao Rd, Shengfeng District, Xiaolan Town, Zhongshan City, Guangdong, China – 528400",./assets/images/tracklights/adhil-mini-6-04-champeing-gold.webp
Adhil Mini 6,TTT060X,48V DC,NA,3000K, CRI>97, φ30*80mm,36°,6W,AJ/CG,ASTS0630/30/36/RG,R-41231258,IS 10322 (PART 5/SEC 1) : 2012,15099,"Guangdong Sat Technology Co. Ltd., No. 11 Lianbao Rd, Shengfeng District, Xiaolan Town, Zhongshan City, Guangdong, China – 528400",./assets/images/tracklights/adhil-mini-6-08-rose-gold.webp
Adhil Mini 6,TTT060X,48V DC,NA,3000K, CRI>97, φ30*80mm,36°,6W,AJ/CG,ASTS0630/30/36/BR,R-41231258,IS 10322 (PART 5/SEC 1) : 2012,15099,"Guangdong Sat Technology Co. Ltd., No. 11 Lianbao Rd, Shengfeng District, Xiaolan Town, Zhongshan City, Guangdong, China – 528400",./assets/images/tracklights/adhil-mini-6-10-brown.webp
Adhil Mini 6,TTT060X,48V DC,NA,3000K, CRI>97, φ30*80mm,36°,6W,AJ/CG,ASTS0630/30/36/BB,R-41231258,IS 10322 (PART 5/SEC 1) : 2012,15099,"Guangdong Sat Technology Co. Ltd., No. 11 Lianbao Rd, Shengfeng District, Xiaolan Town, Zhongshan City, Guangdong, China – 528400",./assets/images/tracklights/adhil-mini-6-06-ballet-blue.webp
Adhil Mini 6,TTT060X,48V DC,NA,3000K, CRI>97, φ30*80mm,36°,6W,AJ/CG,ASTS0630/30/36/CHB,R-41231258,IS 10322 (PART 5/SEC 1) : 2012,15099,"Guangdong Sat Technology Co. Ltd., No. 11 Lianbao Rd, Shengfeng District, Xiaolan Town, Zhongshan City, Guangdong, China – 528400",./assets/images/tracklights/adhil-mini-6-02-chrome-black.webp
Adhil Mini 6,TTT060X,48V DC,NA,3500K, CRI>97, φ30*80mm,15°,6W,AJ/CG,ASTS0630/35/15/B,R-41231258,IS 10322 (PART 5/SEC 1) : 2012,14099,"Guangdong Sat Technology Co. Ltd., No. 11 Lianbao Rd, Shengfeng District, Xiaolan Town, Zhongshan City, Guangdong, China – 528400",./assets/images/tracklights/adhil-mini-6-03-mat-black-default.webp
Adhil Mini 6,TTT060X,48V DC,NA,3500K, CRI>97, φ30*80mm,15°,6W,AJ/CG,ASTS0630/35/15/W,R-41231258,IS 10322 (PART 5/SEC 1) : 2012,14099,"Guangdong Sat Technology Co. Ltd., No. 11 Lianbao Rd, Shengfeng District, Xiaolan Town, Zhongshan City, Guangdong, China – 528400",./assets/images/tracklights/adhil-mini-6-06-white.webp
Adhil Mini 6,TTT060X,48V DC,NA,3500K, CRI>97, φ30*80mm,15°,6W,AJ/CG,ASTS0630/35/15/COF,R-41231258,IS 10322 (PART 5/SEC 1) : 2012,15099,"Guangdong Sat Technology Co. Ltd., No. 11 Lianbao Rd, Shengfeng District, Xiaolan Town, Zhongshan City, Guangdong, China – 528400",./assets/images/tracklights/adhil-mini-6-07-coffee.webp
Adhil Mini 6,TTT060X,48V DC,NA,3500K, CRI>97, φ30*80mm,15°,6W,AJ/CG,ASTS0630/35/15/DGR,R-41231258,IS 10322 (PART 5/SEC 1) : 2012,15099,"Guangdong Sat Technology Co. Ltd., No. 11 Lianbao Rd, Shengfeng District, Xiaolan Town, Zhongshan City, Guangdong, China – 528400",./assets/images/tracklights/adhil-mini-6-09-dark-gray-default.webp
Adhil Mini 6,TTT060X,48V DC,NA,3500K, CRI>97, φ30*80mm,15°,6W,AJ/CG,ASTS0630/35/15/CH,R-41231258,IS 10322 (PART 5/SEC 1) : 2012,15099,"Guangdong Sat Technology Co. Ltd., No. 11 Lianbao Rd, Shengfeng District, Xiaolan Town, Zhongshan City, Guangdong, China – 528400",./assets/images/tracklights/adhil-mini-6-01-chrome.webp
Adhil Mini 6,TTT060X,48V DC,NA,3500K, CRI>97, φ30*80mm,15°,6W,AJ/CG,ASTS0630/35/15/CG,R-41231258,IS 10322 (PART 5/SEC 1) : 2012,15099,"Guangdong Sat Technology Co. Ltd., No. 11 Lianbao Rd, Shengfeng District, Xiaolan Town, Zhongshan City, Guangdong, China – 528400",./assets/images/tracklights/adhil-mini-6-04-champeing-gold.webp
Adhil Mini 6,TTT060X,48V DC,NA,3500K, CRI>97, φ30*80mm,15°,6W,AJ/CG,ASTS0630/35/15/RG,R-41231258,IS 10322 (PART 5/SEC 1) : 2012,15099,"Guangdong Sat Technology Co. Ltd., No. 11 Lianbao Rd, Shengfeng District, Xiaolan Town, Zhongshan City, Guangdong, China – 528400",./assets/images/tracklights/adhil-mini-6-08-rose-gold.webp
Adhil Mini 6,TTT060X,48V DC,NA,3500K, CRI>97, φ30*80mm,15°,6W,AJ/CG,ASTS0630/35/15/BR,R-41231258,IS 10322 (PART 5/SEC 1) : 2012,15099,"Guangdong Sat Technology Co. Ltd., No. 11 Lianbao Rd, Shengfeng District, Xiaolan Town, Zhongshan City, Guangdong, China – 528400",./assets/images/tracklights/adhil-mini-6-10-brown.webp
Adhil Mini 6,TTT060X,48V DC,NA,3500K, CRI>97, φ30*80mm,15°,6W,AJ/CG,ASTS0630/35/15/BB,R-41231258,IS 10322 (PART 5/SEC 1) : 2012,15099,"Guangdong Sat Technology Co. Ltd., No. 11 Lianbao Rd, Shengfeng District, Xiaolan Town, Zhongshan City, Guangdong, China – 528400",./assets/images/tracklights/adhil-mini-6-06-ballet-blue.webp
Adhil Mini 6,TTT060X,48V DC,NA,3500K, CRI>97, φ30*80mm,15°,6W,AJ/CG,ASTS0630/35/15/CHB,R-41231258,IS 10322 (PART 5/SEC 1) : 2012,15099,"Guangdong Sat Technology Co. Ltd., No. 11 Lianbao Rd, Shengfeng District, Xiaolan Town, Zhongshan City, Guangdong, China – 528400",./assets/images/tracklights/adhil-mini-6-02-chrome-black.webp
Adhil Mini 6,TTT060X,48V DC,NA,3500K, CRI>97, φ30*80mm,24°,6W,AJ/CG,ASTS0630/35/24/B,R-41231258,IS 10322 (PART 5/SEC 1) : 2012,14099,"Guangdong Sat Technology Co. Ltd., No. 11 Lianbao Rd, Shengfeng District, Xiaolan Town, Zhongshan City, Guangdong, China – 528400",./assets/images/tracklights/adhil-mini-6-03-mat-black-default.webp
Adhil Mini 6,TTT060X,48V DC,NA,3500K, CRI>97, φ30*80mm,24°,6W,AJ/CG,ASTS0630/35/24/W,R-41231258,IS 10322 (PART 5/SEC 1) : 2012,14099,"Guangdong Sat Technology Co. Ltd., No. 11 Lianbao Rd, Shengfeng District, Xiaolan Town, Zhongshan City, Guangdong, China – 528400",./assets/images/tracklights/adhil-mini-6-06-white.webp
Adhil Mini 6,TTT060X,48V DC,NA,3500K, CRI>97, φ30*80mm,24°,6W,AJ/CG,ASTS0630/35/24/COF,R-41231258,IS 10322 (PART 5/SEC 1) : 2012,15099,"Guangdong Sat Technology Co. Ltd., No. 11 Lianbao Rd, Shengfeng District, Xiaolan Town, Zhongshan City, Guangdong, China – 528400",./assets/images/tracklights/adhil-mini-6-07-coffee.webp
Adhil Mini 6,TTT060X,48V DC,NA,3500K, CRI>97, φ30*80mm,24°,6W,AJ/CG,ASTS0630/35/24/DGR,R-41231258,IS 10322 (PART 5/SEC 1) : 2012,15099,"Guangdong Sat Technology Co. Ltd., No. 11 Lianbao Rd, Shengfeng District, Xiaolan Town, Zhongshan City, Guangdong, China – 528400",./assets/images/tracklights/adhil-mini-6-09-dark-gray-default.webp
Adhil Mini 6,TTT060X,48V DC,NA,3500K, CRI>97, φ30*80mm,24°,6W,AJ/CG,ASTS0630/35/24/CH,R-41231258,IS 10322 (PART 5/SEC 1) : 2012,15099,"Guangdong Sat Technology Co. Ltd., No. 11 Lianbao Rd, Shengfeng District, Xiaolan Town, Zhongshan City, Guangdong, China – 528400",./assets/images/tracklights/adhil-mini-6-01-chrome.webp
Adhil Mini 6,TTT060X,48V DC,NA,3500K, CRI>97, φ30*80mm,24°,6W,AJ/CG,ASTS0630/35/24/CG,R-41231258,IS 10322 (PART 5/SEC 1) : 2012,15099,"Guangdong Sat Technology Co. Ltd., No. 11 Lianbao Rd, Shengfeng District, Xiaolan Town, Zhongshan City, Guangdong, China – 528400",./assets/images/tracklights/adhil-mini-6-04-champeing-gold.webp
Adhil Mini 6,TTT060X,48V DC,NA,3500K, CRI>97, φ30*80mm,24°,6W,AJ/CG,ASTS0630/35/24/RG,R-41231258,IS 10322 (PART 5/SEC 1) : 2012,15099,"Guangdong Sat Technology Co. Ltd., No. 11 Lianbao Rd, Shengfeng District, Xiaolan Town, Zhongshan City, Guangdong, China – 528400",./assets/images/tracklights/adhil-mini-6-08-rose-gold.webp
Adhil Mini 6,TTT060X,48V DC,NA,3500K, CRI>97, φ30*80mm,24°,6W,AJ/CG,ASTS0630/35/24/BR,R-41231258,IS 10322 (PART 5/SEC 1) : 2012,15099,"Guangdong Sat Technology Co. Ltd., No. 11 Lianbao Rd, Shengfeng District, Xiaolan Town, Zhongshan City, Guangdong, China – 528400",./assets/images/tracklights/adhil-mini-6-10-brown.webp
Adhil Mini 6,TTT060X,48V DC,NA,3500K, CRI>97, φ30*80mm,24°,6W,AJ/CG,ASTS0630/35/24/BB,R-41231258,IS 10322 (PART 5/SEC 1) : 2012,15099,"Guangdong Sat Technology Co. Ltd., No. 11 Lianbao Rd, Shengfeng District, Xiaolan Town, Zhongshan City, Guangdong, China – 528400",./assets/images/tracklights/adhil-mini-6-06-ballet-blue.webp
Adhil Mini 6,TTT060X,48V DC,NA,3500K, CRI>97, φ30*80mm,24°,6W,AJ/CG,ASTS0630/35/24/CHB,R-41231258,IS 10322 (PART 5/SEC 1) : 2012,15099,"Guangdong Sat Technology Co. Ltd., No. 11 Lianbao Rd, Shengfeng District, Xiaolan Town, Zhongshan City, Guangdong, China – 528400",./assets/images/tracklights/adhil-mini-6-02-chrome-black.webp
Adhil Mini 6,TTT060X,48V DC,NA,3500K, CRI>97, φ30*80mm,36°,6W,AJ/CG,ASTS0630/35/36/B,R-41231258,IS 10322 (PART 5/SEC 1) : 2012,14099,"Guangdong Sat Technology Co. Ltd., No. 11 Lianbao Rd, Shengfeng District, Xiaolan Town, Zhongshan City, Guangdong, China – 528400",./assets/images/tracklights/adhil-mini-6-03-mat-black-default.webp
Adhil Mini 6,TTT060X,48V DC,NA,3500K, CRI>97, φ30*80mm,36°,6W,AJ/CG,ASTS0630/35/36/W,R-41231258,IS 10322 (PART 5/SEC 1) : 2012,14099,"Guangdong Sat Technology Co. Ltd., No. 11 Lianbao Rd, Shengfeng District, Xiaolan Town, Zhongshan City, Guangdong, China – 528400",./assets/images/tracklights/adhil-mini-6-06-white.webp
Adhil Mini 6,TTT060X,48V DC,NA,3500K, CRI>97, φ30*80mm,36°,6W,AJ/CG,ASTS0630/35/36/COF,R-41231258,IS 10322 (PART 5/SEC 1) : 2012,15099,"Guangdong Sat Technology Co. Ltd., No. 11 Lianbao Rd, Shengfeng District, Xiaolan Town, Zhongshan City, Guangdong, China – 528400",./assets/images/tracklights/adhil-mini-6-07-coffee.webp
Adhil Mini 6,TTT060X,48V DC,NA,3500K, CRI>97, φ30*80mm,36°,6W,AJ/CG,ASTS0630/35/36/DGR,R-41231258,IS 10322 (PART 5/SEC 1) : 2012,15099,"Guangdong Sat Technology Co. Ltd., No. 11 Lianbao Rd, Shengfeng District, Xiaolan Town, Zhongshan City, Guangdong, China – 528400",./assets/images/tracklights/adhil-mini-6-09-dark-gray-default.webp
Adhil Mini 6,TTT060X,48V DC,NA,3500K, CRI>97, φ30*80mm,36°,6W,AJ/CG,ASTS0630/35/36/CH,R-41231258,IS 10322 (PART 5/SEC 1) : 2012,15099,"Guangdong Sat Technology Co. Ltd., No. 11 Lianbao Rd, Shengfeng District, Xiaolan Town, Zhongshan City, Guangdong, China – 528400",./assets/images/tracklights/adhil-mini-6-01-chrome.webp
Adhil Mini 6,TTT060X,48V DC,NA,3500K, CRI>97, φ30*80mm,36°,6W,AJ/CG,ASTS0630/35/36/CG,R-41231258,IS 10322 (PART 5/SEC 1) : 2012,15099,"Guangdong Sat Technology Co. Ltd., No. 11 Lianbao Rd, Shengfeng District, Xiaolan Town, Zhongshan City, Guangdong, China – 528400",./assets/images/tracklights/adhil-mini-6-04-champeing-gold.webp
Adhil Mini 6,TTT060X,48V DC,NA,3500K, CRI>97, φ30*80mm,36°,6W,AJ/CG,ASTS0630/35/36/RG,R-41231258,IS 10322 (PART 5/SEC 1) : 2012,15099,"Guangdong Sat Technology Co. Ltd., No. 11 Lianbao Rd, Shengfeng District, Xiaolan Town, Zhongshan City, Guangdong, China – 528400",./assets/images/tracklights/adhil-mini-6-08-rose-gold.webp
Adhil Mini 6,TTT060X,48V DC,NA,3500K, CRI>97, φ30*80mm,36°,6W,AJ/CG,ASTS0630/35/36/BR,R-41231258,IS 10322 (PART 5/SEC 1) : 2012,15099,"Guangdong Sat Technology Co. Ltd., No. 11 Lianbao Rd, Shengfeng District, Xiaolan Town, Zhongshan City, Guangdong, China – 528400",./assets/images/tracklights/adhil-mini-6-10-brown.webp
Adhil Mini 6,TTT060X,48V DC,NA,3500K, CRI>97, φ30*80mm,36°,6W,AJ/CG,ASTS0630/35/36/BB,R-41231258,IS 10322 (PART 5/SEC 1) : 2012,15099,"Guangdong Sat Technology Co. Ltd., No. 11 Lianbao Rd, Shengfeng District, Xiaolan Town, Zhongshan City, Guangdong, China – 528400",./assets/images/tracklights/adhil-mini-6-06-ballet-blue.webp
Adhil Mini 6,TTT060X,48V DC,NA,3500K, CRI>97, φ30*80mm,36°,6W,AJ/CG,ASTS0630/35/36/CHB,R-41231258,IS 10322 (PART 5/SEC 1) : 2012,15099,"Guangdong Sat Technology Co. Ltd., No. 11 Lianbao Rd, Shengfeng District, Xiaolan Town, Zhongshan City, Guangdong, China – 528400",./assets/images/tracklights/adhil-mini-6-02-chrome-black.webp
Adhil Mini 6,TTT060X,48V DC,NA,4000K, CRI>97, φ30*80mm,15°,6W,AJ/CG,ASTS0630/40/15/B,R-41231258,IS 10322 (PART 5/SEC 1) : 2012,14099,"Guangdong Sat Technology Co. Ltd., No. 11 Lianbao Rd, Shengfeng District, Xiaolan Town, Zhongshan City, Guangdong, China – 528400",./assets/images/tracklights/adhil-mini-6-03-mat-black-default.webp
Adhil Mini 6,TTT060X,48V DC,NA,4000K, CRI>97, φ30*80mm,15°,6W,AJ/CG,ASTS0630/40/15/W,R-41231258,IS 10322 (PART 5/SEC 1) : 2012,14099,"Guangdong Sat Technology Co. Ltd., No. 11 Lianbao Rd, Shengfeng District, Xiaolan Town, Zhongshan City, Guangdong, China – 528400",./assets/images/tracklights/adhil-mini-6-06-white.webp
Adhil Mini 6,TTT060X,48V DC,NA,4000K, CRI>97, φ30*80mm,15°,6W,AJ/CG,ASTS0630/40/15/COF,R-41231258,IS 10322 (PART 5/SEC 1) : 2012,15099,"Guangdong Sat Technology Co. Ltd., No. 11 Lianbao Rd, Shengfeng District, Xiaolan Town, Zhongshan City, Guangdong, China – 528400",./assets/images/tracklights/adhil-mini-6-07-coffee.webp
Adhil Mini 6,TTT060X,48V DC,NA,4000K, CRI>97, φ30*80mm,15°,6W,AJ/CG,ASTS0630/40/15/DGR,R-41231258,IS 10322 (PART 5/SEC 1) : 2012,15099,"Guangdong Sat Technology Co. Ltd., No. 11 Lianbao Rd, Shengfeng District, Xiaolan Town, Zhongshan City, Guangdong, China – 528400",./assets/images/tracklights/adhil-mini-6-09-dark-gray-default.webp
Adhil Mini 6,TTT060X,48V DC,NA,4000K, CRI>97, φ30*80mm,15°,6W,AJ/CG,ASTS0630/40/15/CH,R-41231258,IS 10322 (PART 5/SEC 1) : 2012,15099,"Guangdong Sat Technology Co. Ltd., No. 11 Lianbao Rd, Shengfeng District, Xiaolan Town, Zhongshan City, Guangdong, China – 528400",./assets/images/tracklights/adhil-mini-6-01-chrome.webp
Adhil Mini 6,TTT060X,48V DC,NA,4000K, CRI>97, φ30*80mm,15°,6W,AJ/CG,ASTS0630/40/15/CG,R-41231258,IS 10322 (PART 5/SEC 1) : 2012,15099,"Guangdong Sat Technology Co. Ltd., No. 11 Lianbao Rd, Shengfeng District, Xiaolan Town, Zhongshan City, Guangdong, China – 528400",./assets/images/tracklights/adhil-mini-6-04-champeing-gold.webp
Adhil Mini 6,TTT060X,48V DC,NA,4000K, CRI>97, φ30*80mm,15°,6W,AJ/CG,ASTS0630/40/15/RG,R-41231258,IS 10322 (PART 5/SEC 1) : 2012,15099,"Guangdong Sat Technology Co. Ltd., No. 11 Lianbao Rd, Shengfeng District, Xiaolan Town, Zhongshan City, Guangdong, China – 528400",./assets/images/tracklights/adhil-mini-6-08-rose-gold.webp
Adhil Mini 6,TTT060X,48V DC,NA,4000K, CRI>97, φ30*80mm,15°,6W,AJ/CG,ASTS0630/40/15/BR,R-41231258,IS 10322 (PART 5/SEC 1) : 2012,15099,"Guangdong Sat Technology Co. Ltd., No. 11 Lianbao Rd, Shengfeng District, Xiaolan Town, Zhongshan City, Guangdong, China – 528400",./assets/images/tracklights/adhil-mini-6-10-brown.webp
Adhil Mini 6,TTT060X,48V DC,NA,4000K, CRI>97, φ30*80mm,15°,6W,AJ/CG,ASTS0630/40/15/BB,R-41231258,IS 10322 (PART 5/SEC 1) : 2012,15099,"Guangdong Sat Technology Co. Ltd., No. 11 Lianbao Rd, Shengfeng District, Xiaolan Town, Zhongshan City, Guangdong, China – 528400",./assets/images/tracklights/adhil-mini-6-06-ballet-blue.webp
Adhil Mini 6,TTT060X,48V DC,NA,4000K, CRI>97, φ30*80mm,15°,6W,AJ/CG,ASTS0630/40/15/CHB,R-41231258,IS 10322 (PART 5/SEC 1) : 2012,15099,"Guangdong Sat Technology Co. Ltd., No. 11 Lianbao Rd, Shengfeng District, Xiaolan Town, Zhongshan City, Guangdong, China – 528400",./assets/images/tracklights/adhil-mini-6-02-chrome-black.webp
Adhil Mini 6,TTT060X,48V DC,NA,4000K, CRI>97, φ30*80mm,24°,6W,AJ/CG,ASTS0630/40/24/B,R-41231258,IS 10322 (PART 5/SEC 1) : 2012,14099,"Guangdong Sat Technology Co. Ltd., No. 11 Lianbao Rd, Shengfeng District, Xiaolan Town, Zhongshan City, Guangdong, China – 528400",./assets/images/tracklights/adhil-mini-6-03-mat-black-default.webp
Adhil Mini 6,TTT060X,48V DC,NA,4000K, CRI>97, φ30*80mm,24°,6W,AJ/CG,ASTS0630/40/24/W,R-41231258,IS 10322 (PART 5/SEC 1) : 2012,14099,"Guangdong Sat Technology Co. Ltd., No. 11 Lianbao Rd, Shengfeng District, Xiaolan Town, Zhongshan City, Guangdong, China – 528400",./assets/images/tracklights/adhil-mini-6-06-white.webp
Adhil Mini 6,TTT060X,48V DC,NA,4000K, CRI>97, φ30*80mm,24°,6W,AJ/CG,ASTS0630/40/24/COF,R-41231258,IS 10322 (PART 5/SEC 1) : 2012,15099,"Guangdong Sat Technology Co. Ltd., No. 11 Lianbao Rd, Shengfeng District, Xiaolan Town, Zhongshan City, Guangdong, China – 528400",./assets/images/tracklights/adhil-mini-6-07-coffee.webp
Adhil Mini 6,TTT060X,48V DC,NA,4000K, CRI>97, φ30*80mm,24°,6W,AJ/CG,ASTS0630/40/24/DGR,R-41231258,IS 10322 (PART 5/SEC 1) : 2012,15099,"Guangdong Sat Technology Co. Ltd., No. 11 Lianbao Rd, Shengfeng District, Xiaolan Town, Zhongshan City, Guangdong, China – 528400",./assets/images/tracklights/adhil-mini-6-09-dark-gray-default.webp
Adhil Mini 6,TTT060X,48V DC,NA,4000K, CRI>97, φ30*80mm,24°,6W,AJ/CG,ASTS0630/40/24/CH,R-41231258,IS 10322 (PART 5/SEC 1) : 2012,15099,"Guangdong Sat Technology Co. Ltd., No. 11 Lianbao Rd, Shengfeng District, Xiaolan Town, Zhongshan City, Guangdong, China – 528400",./assets/images/tracklights/adhil-mini-6-01-chrome.webp
Adhil Mini 6,TTT060X,48V DC,NA,4000K, CRI>97, φ30*80mm,24°,6W,AJ/CG,ASTS0630/40/24/CG,R-41231258,IS 10322 (PART 5/SEC 1) : 2012,15099,"Guangdong Sat Technology Co. Ltd., No. 11 Lianbao Rd, Shengfeng District, Xiaolan Town, Zhongshan City, Guangdong, China – 528400",./assets/images/tracklights/adhil-mini-6-04-champeing-gold.webp
Adhil Mini 6,TTT060X,48V DC,NA,4000K, CRI>97, φ30*80mm,24°,6W,AJ/CG,ASTS0630/40/24/RG,R-41231258,IS 10322 (PART 5/SEC 1) : 2012,15099,"Guangdong Sat Technology Co. Ltd., No. 11 Lianbao Rd, Shengfeng District, Xiaolan Town, Zhongshan City, Guangdong, China – 528400",./assets/images/tracklights/adhil-mini-6-08-rose-gold.webp
Adhil Mini 6,TTT060X,48V DC,NA,4000K, CRI>97, φ30*80mm,24°,6W,AJ/CG,ASTS0630/40/24/BR,R-41231258,IS 10322 (PART 5/SEC 1) : 2012,15099,"Guangdong Sat Technology Co. Ltd., No. 11 Lianbao Rd, Shengfeng District, Xiaolan Town, Zhongshan City, Guangdong, China – 528400",./assets/images/tracklights/adhil-mini-6-10-brown.webp
Adhil Mini 6,TTT060X,48V DC,NA,4000K, CRI>97, φ30*80mm,24°,6W,AJ/CG,ASTS0630/40/24/BB,R-41231258,IS 10322 (PART 5/SEC 1) : 2012,15099,"Guangdong Sat Technology Co. Ltd., No. 11 Lianbao Rd, Shengfeng District, Xiaolan Town, Zhongshan City, Guangdong, China – 528400",./assets/images/tracklights/adhil-mini-6-06-ballet-blue.webp
Adhil Mini 6,TTT060X,48V DC,NA,4000K, CRI>97, φ30*80mm,24°,6W,AJ/CG,ASTS0630/40/24/CHB,R-41231258,IS 10322 (PART 5/SEC 1) : 2012,15099,"Guangdong Sat Technology Co. Ltd., No. 11 Lianbao Rd, Shengfeng District, Xiaolan Town, Zhongshan City, Guangdong, China – 528400",./assets/images/tracklights/adhil-mini-6-02-chrome-black.webp
Adhil Mini 6,TTT060X,48V DC,NA,4000K, CRI>97, φ30*80mm,36°,6W,AJ/CG,ASTS0630/40/36/B,R-41231258,IS 10322 (PART 5/SEC 1) : 2012,14099,"Guangdong Sat Technology Co. Ltd., No. 11 Lianbao Rd, Shengfeng District, Xiaolan Town, Zhongshan City, Guangdong, China – 528400",./assets/images/tracklights/adhil-mini-6-03-mat-black-default.webp
Adhil Mini 6,TTT060X,48V DC,NA,4000K, CRI>97, φ30*80mm,36°,6W,AJ/CG,ASTS0630/40/36/W,R-41231258,IS 10322 (PART 5/SEC 1) : 2012,14099,"Guangdong Sat Technology Co. Ltd., No. 11 Lianbao Rd, Shengfeng District, Xiaolan Town, Zhongshan City, Guangdong, China – 528400",./assets/images/tracklights/adhil-mini-6-06-white.webp
Adhil Mini 6,TTT060X,48V DC,NA,4000K, CRI>97, φ30*80mm,36°,6W,AJ/CG,ASTS0630/40/36/COF,R-41231258,IS 10322 (PART 5/SEC 1) : 2012,15099,"Guangdong Sat Technology Co. Ltd., No. 11 Lianbao Rd, Shengfeng District, Xiaolan Town, Zhongshan City, Guangdong, China – 528400",./assets/images/tracklights/adhil-mini-6-07-coffee.webp
Adhil Mini 6,TTT060X,48V DC,NA,4000K, CRI>97, φ30*80mm,36°,6W,AJ/CG,ASTS0630/40/36/DGR,R-41231258,IS 10322 (PART 5/SEC 1) : 2012,15099,"Guangdong Sat Technology Co. Ltd., No. 11 Lianbao Rd, Shengfeng District, Xiaolan Town, Zhongshan City, Guangdong, China – 528400",./assets/images/tracklights/adhil-mini-6-09-dark-gray-default.webp
Adhil Mini 6,TTT060X,48V DC,NA,4000K, CRI>97, φ30*80mm,36°,6W,AJ/CG,ASTS0630/40/36/CH,R-41231258,IS 10322 (PART 5/SEC 1) : 2012,15099,"Guangdong Sat Technology Co. Ltd., No. 11 Lianbao Rd, Shengfeng District, Xiaolan Town, Zhongshan City, Guangdong, China – 528400",./assets/images/tracklights/adhil-mini-6-01-chrome.webp
Adhil Mini 6,TTT060X,48V DC,NA,4000K, CRI>97, φ30*80mm,36°,6W,AJ/CG,ASTS0630/40/36/CG,R-41231258,IS 10322 (PART 5/SEC 1) : 2012,15099,"Guangdong Sat Technology Co. Ltd., No. 11 Lianbao Rd, Shengfeng District, Xiaolan Town, Zhongshan City, Guangdong, China – 528400",./assets/images/tracklights/adhil-mini-6-04-champeing-gold.webp
Adhil Mini 6,TTT060X,48V DC,NA,4000K, CRI>97, φ30*80mm,36°,6W,AJ/CG,ASTS0630/40/36/RG,R-41231258,IS 10322 (PART 5/SEC 1) : 2012,15099,"Guangdong Sat Technology Co. Ltd., No. 11 Lianbao Rd, Shengfeng District, Xiaolan Town, Zhongshan City, Guangdong, China – 528400",./assets/images/tracklights/adhil-mini-6-08-rose-gold.webp
Adhil Mini 6,TTT060X,48V DC,NA,4000K, CRI>97, φ30*80mm,36°,6W,AJ/CG,ASTS0630/40/36/BR,R-41231258,IS 10322 (PART 5/SEC 1) : 2012,15099,"Guangdong Sat Technology Co. Ltd., No. 11 Lianbao Rd, Shengfeng District, Xiaolan Town, Zhongshan City, Guangdong, China – 528400",./assets/images/tracklights/adhil-mini-6-10-brown.webp
Adhil Mini 6,TTT060X,48V DC,NA,4000K, CRI>97, φ30*80mm,36°,6W,AJ/CG,ASTS0630/40/36/BB,R-41231258,IS 10322 (PART 5/SEC 1) : 2012,15099,"Guangdong Sat Technology Co. Ltd., No. 11 Lianbao Rd, Shengfeng District, Xiaolan Town, Zhongshan City, Guangdong, China – 528400",./assets/images/tracklights/adhil-mini-6-06-ballet-blue.webp
Adhil Mini 6,TTT060X,48V DC,NA,4000K, CRI>97, φ30*80mm,36°,6W,AJ/CG,ASTS0630/40/36/CHB,R-41231258,IS 10322 (PART 5/SEC 1) : 2012,15099,"Guangdong Sat Technology Co. Ltd., No. 11 Lianbao Rd, Shengfeng District, Xiaolan Town, Zhongshan City, Guangdong, China – 528400",./assets/images/tracklights/adhil-mini-6-02-chrome-black.webp
Adhil Mini 6,TTT060X,48V DC,NA,5000K, CRI>97, φ30*80mm,15°,6W,AJ/CG,ASTS0630/50/15/B,R-41231258,IS 10322 (PART 5/SEC 1) : 2012,14099,"Guangdong Sat Technology Co. Ltd., No. 11 Lianbao Rd, Shengfeng District, Xiaolan Town, Zhongshan City, Guangdong, China – 528400",./assets/images/tracklights/adhil-mini-6-03-mat-black-default.webp
Adhil Mini 6,TTT060X,48V DC,NA,5000K, CRI>97, φ30*80mm,15°,6W,AJ/CG,ASTS0630/50/15/W,R-41231258,IS 10322 (PART 5/SEC 1) : 2012,14099,"Guangdong Sat Technology Co. Ltd., No. 11 Lianbao Rd, Shengfeng District, Xiaolan Town, Zhongshan City, Guangdong, China – 528400",./assets/images/tracklights/adhil-mini-6-06-white.webp
Adhil Mini 6,TTT060X,48V DC,NA,5000K, CRI>97, φ30*80mm,15°,6W,AJ/CG,ASTS0630/50/15/COF,R-41231258,IS 10322 (PART 5/SEC 1) : 2012,15099,"Guangdong Sat Technology Co. Ltd., No. 11 Lianbao Rd, Shengfeng District, Xiaolan Town, Zhongshan City, Guangdong, China – 528400",./assets/images/tracklights/adhil-mini-6-07-coffee.webp
Adhil Mini 6,TTT060X,48V DC,NA,5000K, CRI>97, φ30*80mm,15°,6W,AJ/CG,ASTS0630/50/15/DGR,R-41231258,IS 10322 (PART 5/SEC 1) : 2012,15099,"Guangdong Sat Technology Co. Ltd., No. 11 Lianbao Rd, Shengfeng District, Xiaolan Town, Zhongshan City, Guangdong, China – 528400",./assets/images/tracklights/adhil-mini-6-09-dark-gray-default.webp
Adhil Mini 6,TTT060X,48V DC,NA,5000K, CRI>97, φ30*80mm,15°,6W,AJ/CG,ASTS0630/50/15/CH,R-41231258,IS 10322 (PART 5/SEC 1) : 2012,15099,"Guangdong Sat Technology Co. Ltd., No. 11 Lianbao Rd, Shengfeng District, Xiaolan Town, Zhongshan City, Guangdong, China – 528400",./assets/images/tracklights/adhil-mini-6-01-chrome.webp
Adhil Mini 6,TTT060X,48V DC,NA,5000K, CRI>97, φ30*80mm,15°,6W,AJ/CG,ASTS0630/50/15/CG,R-41231258,IS 10322 (PART 5/SEC 1) : 2012,15099,"Guangdong Sat Technology Co. Ltd., No. 11 Lianbao Rd, Shengfeng District, Xiaolan Town, Zhongshan City, Guangdong, China – 528400",./assets/images/tracklights/adhil-mini-6-04-champeing-gold.webp
Adhil Mini 6,TTT060X,48V DC,NA,5000K, CRI>97, φ30*80mm,15°,6W,AJ/CG,ASTS0630/50/15/RG,R-41231258,IS 10322 (PART 5/SEC 1) : 2012,15099,"Guangdong Sat Technology Co. Ltd., No. 11 Lianbao Rd, Shengfeng District, Xiaolan Town, Zhongshan City, Guangdong, China – 528400",./assets/images/tracklights/adhil-mini-6-08-rose-gold.webp
Adhil Mini 6,TTT060X,48V DC,NA,5000K, CRI>97, φ30*80mm,15°,6W,AJ/CG,ASTS0630/50/15/BR,R-41231258,IS 10322 (PART 5/SEC 1) : 2012,15099,"Guangdong Sat Technology Co. Ltd., No. 11 Lianbao Rd, Shengfeng District, Xiaolan Town, Zhongshan City, Guangdong, China – 528400",./assets/images/tracklights/adhil-mini-6-10-brown.webp
Adhil Mini 6,TTT060X,48V DC,NA,5000K, CRI>97, φ30*80mm,15°,6W,AJ/CG,ASTS0630/50/15/BB,R-41231258,IS 10322 (PART 5/SEC 1) : 2012,15099,"Guangdong Sat Technology Co. Ltd., No. 11 Lianbao Rd, Shengfeng District, Xiaolan Town, Zhongshan City, Guangdong, China – 528400",./assets/images/tracklights/adhil-mini-6-06-ballet-blue.webp
Adhil Mini 6,TTT060X,48V DC,NA,5000K, CRI>97, φ30*80mm,15°,6W,AJ/CG,ASTS0630/50/15/CHB,R-41231258,IS 10322 (PART 5/SEC 1) : 2012,15099,"Guangdong Sat Technology Co. Ltd., No. 11 Lianbao Rd, Shengfeng District, Xiaolan Town, Zhongshan City, Guangdong, China – 528400",./assets/images/tracklights/adhil-mini-6-02-chrome-black.webp
Adhil Mini 6,TTT060X,48V DC,NA,5000K, CRI>97, φ30*80mm,24°,6W,AJ/CG,ASTS0630/50/24/B,R-41231258,IS 10322 (PART 5/SEC 1) : 2012,14099,"Guangdong Sat Technology Co. Ltd., No. 11 Lianbao Rd, Shengfeng District, Xiaolan Town, Zhongshan City, Guangdong, China – 528400",./assets/images/tracklights/adhil-mini-6-03-mat-black-default.webp
Adhil Mini 6,TTT060X,48V DC,NA,5000K, CRI>97, φ30*80mm,24°,6W,AJ/CG,ASTS0630/50/24/W,R-41231258,IS 10322 (PART 5/SEC 1) : 2012,14099,"Guangdong Sat Technology Co. Ltd., No. 11 Lianbao Rd, Shengfeng District, Xiaolan Town, Zhongshan City, Guangdong, China – 528400",./assets/images/tracklights/adhil-mini-6-06-white.webp
Adhil Mini 6,TTT060X,48V DC,NA,5000K, CRI>97, φ30*80mm,24°,6W,AJ/CG,ASTS0630/50/24/COF,R-41231258,IS 10322 (PART 5/SEC 1) : 2012,15099,"Guangdong Sat Technology Co. Ltd., No. 11 Lianbao Rd, Shengfeng District, Xiaolan Town, Zhongshan City, Guangdong, China – 528400",./assets/images/tracklights/adhil-mini-6-07-coffee.webp
Adhil Mini 6,TTT060X,48V DC,NA,5000K, CRI>97, φ30*80mm,24°,6W,AJ/CG,ASTS0630/50/24/DGR,R-41231258,IS 10322 (PART 5/SEC 1) : 2012,15099,"Guangdong Sat Technology Co. Ltd., No. 11 Lianbao Rd, Shengfeng District, Xiaolan Town, Zhongshan City, Guangdong, China – 528400",./assets/images/tracklights/adhil-mini-6-09-dark-gray-default.webp
Adhil Mini 6,TTT060X,48V DC,NA,5000K, CRI>97, φ30*80mm,24°,6W,AJ/CG,ASTS0630/50/24/CH,R-41231258,IS 10322 (PART 5/SEC 1) : 2012,15099,"Guangdong Sat Technology Co. Ltd., No. 11 Lianbao Rd, Shengfeng District, Xiaolan Town, Zhongshan City, Guangdong, China – 528400",./assets/images/tracklights/adhil-mini-6-01-chrome.webp
Adhil Mini 6,TTT060X,48V DC,NA,5000K, CRI>97, φ30*80mm,24°,6W,AJ/CG,ASTS0630/50/24/CG,R-41231258,IS 10322 (PART 5/SEC 1) : 2012,15099,"Guangdong Sat Technology Co. Ltd., No. 11 Lianbao Rd, Shengfeng District, Xiaolan Town, Zhongshan City, Guangdong, China – 528400",./assets/images/tracklights/adhil-mini-6-04-champeing-gold.webp
Adhil Mini 6,TTT060X,48V DC,NA,5000K, CRI>97, φ30*80mm,24°,6W,AJ/CG,ASTS0630/50/24/RG,R-41231258,IS 10322 (PART 5/SEC 1) : 2012,15099,"Guangdong Sat Technology Co. Ltd., No. 11 Lianbao Rd, Shengfeng District, Xiaolan Town, Zhongshan City, Guangdong, China – 528400",./assets/images/tracklights/adhil-mini-6-08-rose-gold.webp
Adhil Mini 6,TTT060X,48V DC,NA,5000K, CRI>97, φ30*80mm,24°,6W,AJ/CG,ASTS0630/50/24/BR,R-41231258,IS 10322 (PART 5/SEC 1) : 2012,15099,"Guangdong Sat Technology Co. Ltd., No. 11 Lianbao Rd, Shengfeng District, Xiaolan Town, Zhongshan City, Guangdong, China – 528400",./assets/images/tracklights/adhil-mini-6-10-brown.webp
Adhil Mini 6,TTT060X,48V DC,NA,5000K, CRI>97, φ30*80mm,24°,6W,AJ/CG,ASTS0630/50/24/BB,R-41231258,IS 10322 (PART 5/SEC 1) : 2012,15099,"Guangdong Sat Technology Co. Ltd., No. 11 Lianbao Rd, Shengfeng District, Xiaolan Town, Zhongshan City, Guangdong, China – 528400",./assets/images/tracklights/adhil-mini-6-06-ballet-blue.webp
Adhil Mini 6,TTT060X,48V DC,NA,5000K, CRI>97, φ30*80mm,24°,6W,AJ/CG,ASTS0630/50/24/CHB,R-41231258,IS 10322 (PART 5/SEC 1) : 2012,15099,"Guangdong Sat Technology Co. Ltd., No. 11 Lianbao Rd, Shengfeng District, Xiaolan Town, Zhongshan City, Guangdong, China – 528400",./assets/images/tracklights/adhil-mini-6-02-chrome-black.webp
Adhil Mini 6,TTT060X,48V DC,NA,5000K, CRI>97, φ30*80mm,36°,6W,AJ/CG,ASTS0630/50/36/B,R-41231258,IS 10322 (PART 5/SEC 1) : 2012,14099,"Guangdong Sat Technology Co. Ltd., No. 11 Lianbao Rd, Shengfeng District, Xiaolan Town, Zhongshan City, Guangdong, China – 528400",./assets/images/tracklights/adhil-mini-6-03-mat-black-default.webp
Adhil Mini 6,TTT060X,48V DC,NA,5000K, CRI>97, φ30*80mm,36°,6W,AJ/CG,ASTS0630/50/36/W,R-41231258,IS 10322 (PART 5/SEC 1) : 2012,14099,"Guangdong Sat Technology Co. Ltd., No. 11 Lianbao Rd, Shengfeng District, Xiaolan Town, Zhongshan City, Guangdong, China – 528400",./assets/images/tracklights/adhil-mini-6-06-white.webp
Adhil Mini 6,TTT060X,48V DC,NA,5000K, CRI>97, φ30*80mm,36°,6W,AJ/CG,ASTS0630/50/36/COF,R-41231258,IS 10322 (PART 5/SEC 1) : 2012,15099,"Guangdong Sat Technology Co. Ltd., No. 11 Lianbao Rd, Shengfeng District, Xiaolan Town, Zhongshan City, Guangdong, China – 528400",./assets/images/tracklights/adhil-mini-6-07-coffee.webp
Adhil Mini 6,TTT060X,48V DC,NA,5000K, CRI>97, φ30*80mm,36°,6W,AJ/CG,ASTS0630/50/36/DGR,R-41231258,IS 10322 (PART 5/SEC 1) : 2012,15099,"Guangdong Sat Technology Co. Ltd., No. 11 Lianbao Rd, Shengfeng District, Xiaolan Town, Zhongshan City, Guangdong, China – 528400",./assets/images/tracklights/adhil-mini-6-09-dark-gray-default.webp
Adhil Mini 6,TTT060X,48V DC,NA,5000K, CRI>97, φ30*80mm,36°,6W,AJ/CG,ASTS0630/50/36/CH,R-41231258,IS 10322 (PART 5/SEC 1) : 2012,15099,"Guangdong Sat Technology Co. Ltd., No. 11 Lianbao Rd, Shengfeng District, Xiaolan Town, Zhongshan City, Guangdong, China – 528400",./assets/images/tracklights/adhil-mini-6-01-chrome.webp
Adhil Mini 6,TTT060X,48V DC,NA,5000K, CRI>97, φ30*80mm,36°,6W,AJ/CG,ASTS0630/50/36/CG,R-41231258,IS 10322 (PART 5/SEC 1) : 2012,15099,"Guangdong Sat Technology Co. Ltd., No. 11 Lianbao Rd, Shengfeng District, Xiaolan Town, Zhongshan City, Guangdong, China – 528400",./assets/images/tracklights/adhil-mini-6-04-champeing-gold.webp
Adhil Mini 6,TTT060X,48V DC,NA,5000K, CRI>97, φ30*80mm,36°,6W,AJ/CG,ASTS0630/50/36/RG,R-41231258,IS 10322 (PART 5/SEC 1) : 2012,15099,"Guangdong Sat Technology Co. Ltd., No. 11 Lianbao Rd, Shengfeng District, Xiaolan Town, Zhongshan City, Guangdong, China – 528400",./assets/images/tracklights/adhil-mini-6-08-rose-gold.webp
Adhil Mini 6,TTT060X,48V DC,NA,5000K, CRI>97, φ30*80mm,36°,6W,AJ/CG,ASTS0630/50/36/BR,R-41231258,IS 10322 (PART 5/SEC 1) : 2012,15099,"Guangdong Sat Technology Co. Ltd., No. 11 Lianbao Rd, Shengfeng District, Xiaolan Town, Zhongshan City, Guangdong, China – 528400",./assets/images/tracklights/adhil-mini-6-10-brown.webp
Adhil Mini 6,TTT060X,48V DC,NA,5000K, CRI>97, φ30*80mm,36°,6W,AJ/CG,ASTS0630/50/36/BB,R-41231258,IS 10322 (PART 5/SEC 1) : 2012,15099,"Guangdong Sat Technology Co. Ltd., No. 11 Lianbao Rd, Shengfeng District, Xiaolan Town, Zhongshan City, Guangdong, China – 528400",./assets/images/tracklights/adhil-mini-6-06-ballet-blue.webp
Adhil Mini 6,TTT060X,48V DC,NA,5000K, CRI>97, φ30*80mm,36°,6W,AJ/CG,ASTS0630/50/36/CHB,R-41231258,IS 10322 (PART 5/SEC 1) : 2012,15099,"Guangdong Sat Technology Co. Ltd., No. 11 Lianbao Rd, Shengfeng District, Xiaolan Town, Zhongshan City, Guangdong, China – 528400",./assets/images/tracklights/adhil-mini-6-02-chrome-black.webp
Adhil Mini 12,TTT080X,48V DC,NA,2700K, CRI>97,φ30*120mm,15°,12W,AJ/CG,ASTS1230/27/15/B,R-41231258,IS 10322 (PART 5/SEC 1) : 2012,16099,"Guangdong Sat Technology Co. Ltd., No. 11 Lianbao Rd, Shengfeng District, Xiaolan Town, Zhongshan City, Guangdong, China – 528400",./assets/images/tracklights/adhil-mini-12-03-mat-black-default.webp
Adhil Mini 12,TTT080X,48V DC,NA,2700K, CRI>97,φ30*120mm,15°,12W,AJ/CG,ASTS1230/27/15/W,R-41231258,IS 10322 (PART 5/SEC 1) : 2012,16099,"Guangdong Sat Technology Co. Ltd., No. 11 Lianbao Rd, Shengfeng District, Xiaolan Town, Zhongshan City, Guangdong, China – 528400",./assets/images/tracklights/adhil-mini-12-05-white.webp
Adhil Mini 12,TTT080X,48V DC,NA,2700K, CRI>97,φ30*120mm,15°,12W,AJ/CG,ASTS1230/27/15/CG,R-41231258,IS 10322 (PART 5/SEC 1) : 2012,17099,"Guangdong Sat Technology Co. Ltd., No. 11 Lianbao Rd, Shengfeng District, Xiaolan Town, Zhongshan City, Guangdong, China – 528400",./assets/images/tracklights/adhil-mini-12-04-champeing-gold.webp
Adhil Mini 12,TTT080X,48V DC,NA,2700K, CRI>97,φ30*120mm,15°,12W,AJ/CG,ASTS1230/27/15/RG,R-41231258,IS 10322 (PART 5/SEC 1) : 2012,17099,"Guangdong Sat Technology Co. Ltd., No. 11 Lianbao Rd, Shengfeng District, Xiaolan Town, Zhongshan City, Guangdong, China – 528400",./assets/images/tracklights/adhil-mini-12-08-rose-gold.webp
Adhil Mini 12,TTT080X,48V DC,NA,2700K, CRI>97,φ30*120mm,15°,12W,AJ/CG,ASTS1230/27/15/BR,R-41231258,IS 10322 (PART 5/SEC 1) : 2012,17099,"Guangdong Sat Technology Co. Ltd., No. 11 Lianbao Rd, Shengfeng District, Xiaolan Town, Zhongshan City, Guangdong, China – 528400",./assets/images/tracklights/adhil-mini-12-10-brown.webp
Adhil Mini 12,TTT080X,48V DC,NA,2700K, CRI>97,φ30*120mm,15°,12W,AJ/CG,ASTS1230/27/15/BB,R-41231258,IS 10322 (PART 5/SEC 1) : 2012,17099,"Guangdong Sat Technology Co. Ltd., No. 11 Lianbao Rd, Shengfeng District, Xiaolan Town, Zhongshan City, Guangdong, China – 528400",./assets/images/tracklights/adhil-mini-12-06-ballet-blue.webp
Adhil Mini 12,TTT080X,48V DC,NA,2700K, CRI>97,φ30*120mm,15°,12W,AJ/CG,ASTS1230/27/15/CHB,R-41231258,IS 10322 (PART 5/SEC 1) : 2012,17099,"Guangdong Sat Technology Co. Ltd., No. 11 Lianbao Rd, Shengfeng District, Xiaolan Town, Zhongshan City, Guangdong, China – 528400",./assets/images/tracklights/adhil-mini-12-02-chrome-black.webp
Adhil Mini 12,TTT080X,48V DC,NA,2700K, CRI>97,φ30*120mm,15°,12W,AJ/CG,ASTS1230/27/15/COF,R-41231258,IS 10322 (PART 5/SEC 1) : 2012,17099,"Guangdong Sat Technology Co. Ltd., No. 11 Lianbao Rd, Shengfeng District, Xiaolan Town, Zhongshan City, Guangdong, China – 528400",./assets/images/tracklights/adhil-mini-12-07-coffee.webp
Adhil Mini 12,TTT080X,48V DC,NA,2700K, CRI>97,φ30*120mm,15°,12W,AJ/CG,ASTS1230/27/15/DGR,R-41231258,IS 10322 (PART 5/SEC 1) : 2012,17099,"Guangdong Sat Technology Co. Ltd., No. 11 Lianbao Rd, Shengfeng District, Xiaolan Town, Zhongshan City, Guangdong, China – 528400",./assets/images/tracklights/adhil-mini-12-09-dark-gray-default.webp
Adhil Mini 12,TTT080X,48V DC,NA,2700K, CRI>97,φ30*120mm,15°,12W,AJ/CG,ASTS1230/27/15/CH,R-41231258,IS 10322 (PART 5/SEC 1) : 2012,17099,"Guangdong Sat Technology Co. Ltd., No. 11 Lianbao Rd, Shengfeng District, Xiaolan Town, Zhongshan City, Guangdong, China – 528400",./assets/images/tracklights/adhil-mini-12-01-chrome.webp
Adhil Mini 12,TTT080X,48V DC,NA,2700K, CRI>97,φ30*120mm,15°,12W,AJ/CG,ASTS1230/30/15/B,R-41231258,IS 10322 (PART 5/SEC 1) : 2012,16099,"Guangdong Sat Technology Co. Ltd., No. 11 Lianbao Rd, Shengfeng District, Xiaolan Town, Zhongshan City, Guangdong, China – 528400",./assets/images/tracklights/adhil-mini-12-03-mat-black-default.webp
Adhil Mini 12,TTT080X,48V DC,NA,2700K, CRI>97,φ30*120mm,15°,12W,AJ/CG,ASTS1230/30/15/W,R-41231258,IS 10322 (PART 5/SEC 1) : 2012,16099,"Guangdong Sat Technology Co. Ltd., No. 11 Lianbao Rd, Shengfeng District, Xiaolan Town, Zhongshan City, Guangdong, China – 528400",./assets/images/tracklights/adhil-mini-12-05-white.webp
Adhil Mini 12,TTT080X,48V DC,NA,2700K, CRI>97,φ30*120mm,15°,12W,AJ/CG,ASTS1230/30/15/CG,R-41231258,IS 10322 (PART 5/SEC 1) : 2012,17099,"Guangdong Sat Technology Co. Ltd., No. 11 Lianbao Rd, Shengfeng District, Xiaolan Town, Zhongshan City, Guangdong, China – 528400",./assets/images/tracklights/adhil-mini-12-04-champeing-gold.webp
Adhil Mini 12,TTT080X,48V DC,NA,2700K, CRI>97,φ30*120mm,15°,12W,AJ/CG,ASTS1230/30/15/RG,R-41231258,IS 10322 (PART 5/SEC 1) : 2012,17099,"Guangdong Sat Technology Co. Ltd., No. 11 Lianbao Rd, Shengfeng District, Xiaolan Town, Zhongshan City, Guangdong, China – 528400",./assets/images/tracklights/adhil-mini-12-08-rose-gold.webp
Adhil Mini 12,TTT080X,48V DC,NA,2700K, CRI>97,φ30*120mm,15°,12W,AJ/CG,ASTS1230/30/15/BR,R-41231258,IS 10322 (PART 5/SEC 1) : 2012,17099,"Guangdong Sat Technology Co. Ltd., No. 11 Lianbao Rd, Shengfeng District, Xiaolan Town, Zhongshan City, Guangdong, China – 528400",./assets/images/tracklights/adhil-mini-12-10-brown.webp
Adhil Mini 12,TTT080X,48V DC,NA,2700K, CRI>97,φ30*120mm,15°,12W,AJ/CG,ASTS1230/30/15/BB,R-41231258,IS 10322 (PART 5/SEC 1) : 2012,17099,"Guangdong Sat Technology Co. Ltd., No. 11 Lianbao Rd, Shengfeng District, Xiaolan Town, Zhongshan City, Guangdong, China – 528400",./assets/images/tracklights/adhil-mini-12-06-ballet-blue.webp
Adhil Mini 12,TTT080X,48V DC,NA,2700K, CRI>97,φ30*120mm,15°,12W,AJ/CG,ASTS1230/30/15/CHB,R-41231258,IS 10322 (PART 5/SEC 1) : 2012,17099,"Guangdong Sat Technology Co. Ltd., No. 11 Lianbao Rd, Shengfeng District, Xiaolan Town, Zhongshan City, Guangdong, China – 528400",./assets/images/tracklights/adhil-mini-12-02-chrome-black.webp
Adhil Mini 12,TTT080X,48V DC,NA,2700K, CRI>97,φ30*120mm,15°,12W,AJ/CG,ASTS1230/30/15/COF,R-41231258,IS 10322 (PART 5/SEC 1) : 2012,17099,"Guangdong Sat Technology Co. Ltd., No. 11 Lianbao Rd, Shengfeng District, Xiaolan Town, Zhongshan City, Guangdong, China – 528400",./assets/images/tracklights/adhil-mini-12-07-coffee.webp
Adhil Mini 12,TTT080X,48V DC,NA,2700K, CRI>97,φ30*120mm,15°,12W,AJ/CG,ASTS1230/30/15/DGR,R-41231258,IS 10322 (PART 5/SEC 1) : 2012,17099,"Guangdong Sat Technology Co. Ltd., No. 11 Lianbao Rd, Shengfeng District, Xiaolan Town, Zhongshan City, Guangdong, China – 528400",./assets/images/tracklights/adhil-mini-12-09-dark-gray-default.webp
Adhil Mini 12,TTT080X,48V DC,NA,2700K, CRI>97,φ30*120mm,15°,12W,AJ/CG,ASTS1230/30/15/CH,R-41231258,IS 10322 (PART 5/SEC 1) : 2012,17099,"Guangdong Sat Technology Co. Ltd., No. 11 Lianbao Rd, Shengfeng District, Xiaolan Town, Zhongshan City, Guangdong, China – 528400",./assets/images/tracklights/adhil-mini-12-01-chrome.webp
Adhil Mini 12,TTT080X,48V DC,NA,2700K, CRI>97,φ30*120mm,15°,12W,AJ/CG,ASTS1230/35/15/B,R-41231258,IS 10322 (PART 5/SEC 1) : 2012,16099,"Guangdong Sat Technology Co. Ltd., No. 11 Lianbao Rd, Shengfeng District, Xiaolan Town, Zhongshan City, Guangdong, China – 528400",./assets/images/tracklights/adhil-mini-12-03-mat-black-default.webp
Adhil Mini 12,TTT080X,48V DC,NA,2700K, CRI>97,φ30*120mm,15°,12W,AJ/CG,ASTS1230/35/15/W,R-41231258,IS 10322 (PART 5/SEC 1) : 2012,16099,"Guangdong Sat Technology Co. Ltd., No. 11 Lianbao Rd, Shengfeng District, Xiaolan Town, Zhongshan City, Guangdong, China – 528400",./assets/images/tracklights/adhil-mini-12-05-white.webp
Adhil Mini 12,TTT080X,48V DC,NA,2700K, CRI>97,φ30*120mm,15°,12W,AJ/CG,ASTS1230/35/15/CG,R-41231258,IS 10322 (PART 5/SEC 1) : 2012,17099,"Guangdong Sat Technology Co. Ltd., No. 11 Lianbao Rd, Shengfeng District, Xiaolan Town, Zhongshan City, Guangdong, China – 528400",./assets/images/tracklights/adhil-mini-12-04-champeing-gold.webp
Adhil Mini 12,TTT080X,48V DC,NA,2700K, CRI>97,φ30*120mm,15°,12W,AJ/CG,ASTS1230/35/15/RG,R-41231258,IS 10322 (PART 5/SEC 1) : 2012,17099,"Guangdong Sat Technology Co. Ltd., No. 11 Lianbao Rd, Shengfeng District, Xiaolan Town, Zhongshan City, Guangdong, China – 528400",./assets/images/tracklights/adhil-mini-12-08-rose-gold.webp
Adhil Mini 12,TTT080X,48V DC,NA,2700K, CRI>97,φ30*120mm,15°,12W,AJ/CG,ASTS1230/35/15/BR,R-41231258,IS 10322 (PART 5/SEC 1) : 2012,17099,"Guangdong Sat Technology Co. Ltd., No. 11 Lianbao Rd, Shengfeng District, Xiaolan Town, Zhongshan City, Guangdong, China – 528400",./assets/images/tracklights/adhil-mini-12-10-brown.webp
Adhil Mini 12,TTT080X,48V DC,NA,2700K, CRI>97,φ30*120mm,15°,12W,AJ/CG,ASTS1230/35/15/BB,R-41231258,IS 10322 (PART 5/SEC 1) : 2012,17099,"Guangdong Sat Technology Co. Ltd., No. 11 Lianbao Rd, Shengfeng District, Xiaolan Town, Zhongshan City, Guangdong, China – 528400",./assets/images/tracklights/adhil-mini-12-06-ballet-blue.webp
Adhil Mini 12,TTT080X,48V DC,NA,2700K, CRI>97,φ30*120mm,15°,12W,AJ/CG,ASTS1230/35/15/CHB,R-41231258,IS 10322 (PART 5/SEC 1) : 2012,17099,"Guangdong Sat Technology Co. Ltd., No. 11 Lianbao Rd, Shengfeng District, Xiaolan Town, Zhongshan City, Guangdong, China – 528400",./assets/images/tracklights/adhil-mini-12-02-chrome-black.webp
Adhil Mini 12,TTT080X,48V DC,NA,2700K, CRI>97,φ30*120mm,15°,12W,AJ/CG,ASTS1230/35/15/COF,R-41231258,IS 10322 (PART 5/SEC 1) : 2012,17099,"Guangdong Sat Technology Co. Ltd., No. 11 Lianbao Rd, Shengfeng District, Xiaolan Town, Zhongshan City, Guangdong, China – 528400",./assets/images/tracklights/adhil-mini-12-07-coffee.webp
Adhil Mini 12,TTT080X,48V DC,NA,2700K, CRI>97,φ30*120mm,15°,12W,AJ/CG,ASTS1230/35/15/DGR,R-41231258,IS 10322 (PART 5/SEC 1) : 2012,17099,"Guangdong Sat Technology Co. Ltd., No. 11 Lianbao Rd, Shengfeng District, Xiaolan Town, Zhongshan City, Guangdong, China – 528400",./assets/images/tracklights/adhil-mini-12-09-dark-gray-default.webp
Adhil Mini 12,TTT080X,48V DC,NA,2700K, CRI>97,φ30*120mm,15°,12W,AJ/CG,ASTS1230/35/15/CH,R-41231258,IS 10322 (PART 5/SEC 1) : 2012,17099,"Guangdong Sat Technology Co. Ltd., No. 11 Lianbao Rd, Shengfeng District, Xiaolan Town, Zhongshan City, Guangdong, China – 528400",./assets/images/tracklights/adhil-mini-12-01-chrome.webp
Adhil Mini 12,TTT080X,48V DC,NA,3000K, CRI>97,φ30*120mm,15°,12W,AJ/CG,ASTS1230/40/15/B,R-41231258,IS 10322 (PART 5/SEC 1) : 2012,16099,"Guangdong Sat Technology Co. Ltd., No. 11 Lianbao Rd, Shengfeng District, Xiaolan Town, Zhongshan City, Guangdong, China – 528400",./assets/images/tracklights/adhil-mini-12-03-mat-black-default.webp
Adhil Mini 12,TTT080X,48V DC,NA,3000K, CRI>97,φ30*120mm,15°,12W,AJ/CG,ASTS1230/40/15/W,R-41231258,IS 10322 (PART 5/SEC 1) : 2012,16099,"Guangdong Sat Technology Co. Ltd., No. 11 Lianbao Rd, Shengfeng District, Xiaolan Town, Zhongshan City, Guangdong, China – 528400",./assets/images/tracklights/adhil-mini-12-05-white.webp
Adhil Mini 12,TTT080X,48V DC,NA,3000K, CRI>97,φ30*120mm,15°,12W,AJ/CG,ASTS1230/40/15/CG,R-41231258,IS 10322 (PART 5/SEC 1) : 2012,17099,"Guangdong Sat Technology Co. Ltd., No. 11 Lianbao Rd, Shengfeng District, Xiaolan Town, Zhongshan City, Guangdong, China – 528400",./assets/images/tracklights/adhil-mini-12-04-champeing-gold.webp
Adhil Mini 12,TTT080X,48V DC,NA,3000K, CRI>97,φ30*120mm,15°,12W,AJ/CG,ASTS1230/40/15/RG,R-41231258,IS 10322 (PART 5/SEC 1) : 2012,17099,"Guangdong Sat Technology Co. Ltd., No. 11 Lianbao Rd, Shengfeng District, Xiaolan Town, Zhongshan City, Guangdong, China – 528400",./assets/images/tracklights/adhil-mini-12-08-rose-gold.webp
Adhil Mini 12,TTT080X,48V DC,NA,3000K, CRI>97,φ30*120mm,15°,12W,AJ/CG,ASTS1230/40/15/BR,R-41231258,IS 10322 (PART 5/SEC 1) : 2012,17099,"Guangdong Sat Technology Co. Ltd., No. 11 Lianbao Rd, Shengfeng District, Xiaolan Town, Zhongshan City, Guangdong, China – 528400",./assets/images/tracklights/adhil-mini-12-10-brown.webp
Adhil Mini 12,TTT080X,48V DC,NA,3000K, CRI>97,φ30*120mm,15°,12W,AJ/CG,ASTS1230/40/15/BB,R-41231258,IS 10322 (PART 5/SEC 1) : 2012,17099,"Guangdong Sat Technology Co. Ltd., No. 11 Lianbao Rd, Shengfeng District, Xiaolan Town, Zhongshan City, Guangdong, China – 528400",./assets/images/tracklights/adhil-mini-12-06-ballet-blue.webp
Adhil Mini 12,TTT080X,48V DC,NA,3000K, CRI>97,φ30*120mm,15°,12W,AJ/CG,ASTS1230/40/15/CHB,R-41231258,IS 10322 (PART 5/SEC 1) : 2012,17099,"Guangdong Sat Technology Co. Ltd., No. 11 Lianbao Rd, Shengfeng District, Xiaolan Town, Zhongshan City, Guangdong, China – 528400",./assets/images/tracklights/adhil-mini-12-02-chrome-black.webp
Adhil Mini 12,TTT080X,48V DC,NA,3000K, CRI>97,φ30*120mm,15°,12W,AJ/CG,ASTS1230/40/15/COF,R-41231258,IS 10322 (PART 5/SEC 1) : 2012,17099,"Guangdong Sat Technology Co. Ltd., No. 11 Lianbao Rd, Shengfeng District, Xiaolan Town, Zhongshan City, Guangdong, China – 528400",./assets/images/tracklights/adhil-mini-12-07-coffee.webp
Adhil Mini 12,TTT080X,48V DC,NA,3000K, CRI>97,φ30*120mm,15°,12W,AJ/CG,ASTS1230/40/15/DGR,R-41231258,IS 10322 (PART 5/SEC 1) : 2012,17099,"Guangdong Sat Technology Co. Ltd., No. 11 Lianbao Rd, Shengfeng District, Xiaolan Town, Zhongshan City, Guangdong, China – 528400",./assets/images/tracklights/adhil-mini-12-09-dark-gray-default.webp
Adhil Mini 12,TTT080X,48V DC,NA,3000K, CRI>97,φ30*120mm,15°,12W,AJ/CG,ASTS1230/40/15/CH,R-41231258,IS 10322 (PART 5/SEC 1) : 2012,17099,"Guangdong Sat Technology Co. Ltd., No. 11 Lianbao Rd, Shengfeng District, Xiaolan Town, Zhongshan City, Guangdong, China – 528400",./assets/images/tracklights/adhil-mini-12-01-chrome.webp
Adhil Mini 12,TTT080X,48V DC,NA,3000K, CRI>97,φ30*120mm,15°,12W,AJ/CG,ASTS1230/50/15/B,R-41231258,IS 10322 (PART 5/SEC 1) : 2012,16099,"Guangdong Sat Technology Co. Ltd., No. 11 Lianbao Rd, Shengfeng District, Xiaolan Town, Zhongshan City, Guangdong, China – 528400",./assets/images/tracklights/adhil-mini-12-03-mat-black-default.webp
Adhil Mini 12,TTT080X,48V DC,NA,3000K, CRI>97,φ30*120mm,15°,12W,AJ/CG,ASTS1230/50/15/W,R-41231258,IS 10322 (PART 5/SEC 1) : 2012,16099,"Guangdong Sat Technology Co. Ltd., No. 11 Lianbao Rd, Shengfeng District, Xiaolan Town, Zhongshan City, Guangdong, China – 528400",./assets/images/tracklights/adhil-mini-12-05-white.webp
Adhil Mini 12,TTT080X,48V DC,NA,3000K, CRI>97,φ30*120mm,15°,12W,AJ/CG,ASTS1230/50/15/CG,R-41231258,IS 10322 (PART 5/SEC 1) : 2012,17099,"Guangdong Sat Technology Co. Ltd., No. 11 Lianbao Rd, Shengfeng District, Xiaolan Town, Zhongshan City, Guangdong, China – 528400",./assets/images/tracklights/adhil-mini-12-04-champeing-gold.webp
Adhil Mini 12,TTT080X,48V DC,NA,3000K, CRI>97,φ30*120mm,15°,12W,AJ/CG,ASTS1230/50/15/RG,R-41231258,IS 10322 (PART 5/SEC 1) : 2012,17099,"Guangdong Sat Technology Co. Ltd., No. 11 Lianbao Rd, Shengfeng District, Xiaolan Town, Zhongshan City, Guangdong, China – 528400",./assets/images/tracklights/adhil-mini-12-08-rose-gold.webp
Adhil Mini 12,TTT080X,48V DC,NA,3000K, CRI>97,φ30*120mm,15°,12W,AJ/CG,ASTS1230/50/15/BR,R-41231258,IS 10322 (PART 5/SEC 1) : 2012,17099,"Guangdong Sat Technology Co. Ltd., No. 11 Lianbao Rd, Shengfeng District, Xiaolan Town, Zhongshan City, Guangdong, China – 528400",./assets/images/tracklights/adhil-mini-12-10-brown.webp
Adhil Mini 12,TTT080X,48V DC,NA,3000K, CRI>97,φ30*120mm,15°,12W,AJ/CG,ASTS1230/50/15/BB,R-41231258,IS 10322 (PART 5/SEC 1) : 2012,17099,"Guangdong Sat Technology Co. Ltd., No. 11 Lianbao Rd, Shengfeng District, Xiaolan Town, Zhongshan City, Guangdong, China – 528400",./assets/images/tracklights/adhil-mini-12-06-ballet-blue.webp
Adhil Mini 12,TTT080X,48V DC,NA,3000K, CRI>97,φ30*120mm,15°,12W,AJ/CG,ASTS1230/50/15/CHB,R-41231258,IS 10322 (PART 5/SEC 1) : 2012,17099,"Guangdong Sat Technology Co. Ltd., No. 11 Lianbao Rd, Shengfeng District, Xiaolan Town, Zhongshan City, Guangdong, China – 528400",./assets/images/tracklights/adhil-mini-12-02-chrome-black.webp
Adhil Mini 12,TTT080X,48V DC,NA,3000K, CRI>97,φ30*120mm,15°,12W,AJ/CG,ASTS1230/50/15/COF,R-41231258,IS 10322 (PART 5/SEC 1) : 2012,17099,"Guangdong Sat Technology Co. Ltd., No. 11 Lianbao Rd, Shengfeng District, Xiaolan Town, Zhongshan City, Guangdong, China – 528400",./assets/images/tracklights/adhil-mini-12-07-coffee.webp
Adhil Mini 12,TTT080X,48V DC,NA,3000K, CRI>97,φ30*120mm,15°,12W,AJ/CG,ASTS1230/50/15/DGR,R-41231258,IS 10322 (PART 5/SEC 1) : 2012,17099,"Guangdong Sat Technology Co. Ltd., No. 11 Lianbao Rd, Shengfeng District, Xiaolan Town, Zhongshan City, Guangdong, China – 528400",./assets/images/tracklights/adhil-mini-12-09-dark-gray-default.webp
Adhil Mini 12,TTT080X,48V DC,NA,3000K, CRI>97,φ30*120mm,15°,12W,AJ/CG,ASTS1230/50/15/CH,R-41231258,IS 10322 (PART 5/SEC 1) : 2012,17099,"Guangdong Sat Technology Co. Ltd., No. 11 Lianbao Rd, Shengfeng District, Xiaolan Town, Zhongshan City, Guangdong, China – 528400",./assets/images/tracklights/adhil-mini-12-01-chrome.webp
Adhil Mini 12,TTT080X,48V DC,NA,3000K, CRI>97,φ30*120mm,24°,12W,AJ/CG,ASTS1230/27/24/B,R-41231258,IS 10322 (PART 5/SEC 1) : 2012,16099,"Guangdong Sat Technology Co. Ltd., No. 11 Lianbao Rd, Shengfeng District, Xiaolan Town, Zhongshan City, Guangdong, China – 528400",./assets/images/tracklights/adhil-mini-12-03-mat-black-default.webp
Adhil Mini 12,TTT080X,48V DC,NA,3000K, CRI>97,φ30*120mm,24°,12W,AJ/CG,ASTS1230/27/24/W,R-41231258,IS 10322 (PART 5/SEC 1) : 2012,16099,"Guangdong Sat Technology Co. Ltd., No. 11 Lianbao Rd, Shengfeng District, Xiaolan Town, Zhongshan City, Guangdong, China – 528400",./assets/images/tracklights/adhil-mini-12-05-white.webp
Adhil Mini 12,TTT080X,48V DC,NA,3000K, CRI>97,φ30*120mm,24°,12W,AJ/CG,ASTS1230/27/24/CG,R-41231258,IS 10322 (PART 5/SEC 1) : 2012,17099,"Guangdong Sat Technology Co. Ltd., No. 11 Lianbao Rd, Shengfeng District, Xiaolan Town, Zhongshan City, Guangdong, China – 528400",./assets/images/tracklights/adhil-mini-12-04-champeing-gold.webp
Adhil Mini 12,TTT080X,48V DC,NA,3000K, CRI>97,φ30*120mm,24°,12W,AJ/CG,ASTS1230/27/24/RG,R-41231258,IS 10322 (PART 5/SEC 1) : 2012,17099,"Guangdong Sat Technology Co. Ltd., No. 11 Lianbao Rd, Shengfeng District, Xiaolan Town, Zhongshan City, Guangdong, China – 528400",./assets/images/tracklights/adhil-mini-12-08-rose-gold.webp
Adhil Mini 12,TTT080X,48V DC,NA,3000K, CRI>97,φ30*120mm,24°,12W,AJ/CG,ASTS1230/27/24/BR,R-41231258,IS 10322 (PART 5/SEC 1) : 2012,17099,"Guangdong Sat Technology Co. Ltd., No. 11 Lianbao Rd, Shengfeng District, Xiaolan Town, Zhongshan City, Guangdong, China – 528400",./assets/images/tracklights/adhil-mini-12-10-brown.webp
Adhil Mini 12,TTT080X,48V DC,NA,3000K, CRI>97,φ30*120mm,24°,12W,AJ/CG,ASTS1230/27/24/BB,R-41231258,IS 10322 (PART 5/SEC 1) : 2012,17099,"Guangdong Sat Technology Co. Ltd., No. 11 Lianbao Rd, Shengfeng District, Xiaolan Town, Zhongshan City, Guangdong, China – 528400",./assets/images/tracklights/adhil-mini-12-06-ballet-blue.webp
Adhil Mini 12,TTT080X,48V DC,NA,3000K, CRI>97,φ30*120mm,24°,12W,AJ/CG,ASTS1230/27/24/CHB,R-41231258,IS 10322 (PART 5/SEC 1) : 2012,17099,"Guangdong Sat Technology Co. Ltd., No. 11 Lianbao Rd, Shengfeng District, Xiaolan Town, Zhongshan City, Guangdong, China – 528400",./assets/images/tracklights/adhil-mini-12-02-chrome-black.webp
Adhil Mini 12,TTT080X,48V DC,NA,3000K, CRI>97,φ30*120mm,24°,12W,AJ/CG,ASTS1230/27/24/COF,R-41231258,IS 10322 (PART 5/SEC 1) : 2012,17099,"Guangdong Sat Technology Co. Ltd., No. 11 Lianbao Rd, Shengfeng District, Xiaolan Town, Zhongshan City, Guangdong, China – 528400",./assets/images/tracklights/adhil-mini-12-07-coffee.webp
Adhil Mini 12,TTT080X,48V DC,NA,3000K, CRI>97,φ30*120mm,24°,12W,AJ/CG,ASTS1230/27/24/DGR,R-41231258,IS 10322 (PART 5/SEC 1) : 2012,17099,"Guangdong Sat Technology Co. Ltd., No. 11 Lianbao Rd, Shengfeng District, Xiaolan Town, Zhongshan City, Guangdong, China – 528400",./assets/images/tracklights/adhil-mini-12-09-dark-gray-default.webp
Adhil Mini 12,TTT080X,48V DC,NA,3000K, CRI>97,φ30*120mm,24°,12W,AJ/CG,ASTS1230/27/24/CH,R-41231258,IS 10322 (PART 5/SEC 1) : 2012,17099,"Guangdong Sat Technology Co. Ltd., No. 11 Lianbao Rd, Shengfeng District, Xiaolan Town, Zhongshan City, Guangdong, China – 528400",./assets/images/tracklights/adhil-mini-12-01-chrome.webp
Adhil Mini 12,TTT080X,48V DC,NA,3500K, CRI>97,φ30*120mm,24°,12W,AJ/CG,ASTS1230/30/24/B,R-41231258,IS 10322 (PART 5/SEC 1) : 2012,16099,"Guangdong Sat Technology Co. Ltd., No. 11 Lianbao Rd, Shengfeng District, Xiaolan Town, Zhongshan City, Guangdong, China – 528400",./assets/images/tracklights/adhil-mini-12-03-mat-black-default.webp
Adhil Mini 12,TTT080X,48V DC,NA,3500K, CRI>97,φ30*120mm,24°,12W,AJ/CG,ASTS1230/30/24/W,R-41231258,IS 10322 (PART 5/SEC 1) : 2012,16099,"Guangdong Sat Technology Co. Ltd., No. 11 Lianbao Rd, Shengfeng District, Xiaolan Town, Zhongshan City, Guangdong, China – 528400",./assets/images/tracklights/adhil-mini-12-05-white.webp
Adhil Mini 12,TTT080X,48V DC,NA,3500K, CRI>97,φ30*120mm,24°,12W,AJ/CG,ASTS1230/30/24/CG,R-41231258,IS 10322 (PART 5/SEC 1) : 2012,17099,"Guangdong Sat Technology Co. Ltd., No. 11 Lianbao Rd, Shengfeng District, Xiaolan Town, Zhongshan City, Guangdong, China – 528400",./assets/images/tracklights/adhil-mini-12-04-champeing-gold.webp
Adhil Mini 12,TTT080X,48V DC,NA,3500K, CRI>97,φ30*120mm,24°,12W,AJ/CG,ASTS1230/30/24/RG,R-41231258,IS 10322 (PART 5/SEC 1) : 2012,17099,"Guangdong Sat Technology Co. Ltd., No. 11 Lianbao Rd, Shengfeng District, Xiaolan Town, Zhongshan City, Guangdong, China – 528400",./assets/images/tracklights/adhil-mini-12-08-rose-gold.webp
Adhil Mini 12,TTT080X,48V DC,NA,3500K, CRI>97,φ30*120mm,24°,12W,AJ/CG,ASTS1230/30/24/BR,R-41231258,IS 10322 (PART 5/SEC 1) : 2012,17099,"Guangdong Sat Technology Co. Ltd., No. 11 Lianbao Rd, Shengfeng District, Xiaolan Town, Zhongshan City, Guangdong, China – 528400",./assets/images/tracklights/adhil-mini-12-10-brown.webp
Adhil Mini 12,TTT080X,48V DC,NA,3500K, CRI>97,φ30*120mm,24°,12W,AJ/CG,ASTS1230/30/24/BB,R-41231258,IS 10322 (PART 5/SEC 1) : 2012,17099,"Guangdong Sat Technology Co. Ltd., No. 11 Lianbao Rd, Shengfeng District, Xiaolan Town, Zhongshan City, Guangdong, China – 528400",./assets/images/tracklights/adhil-mini-12-06-ballet-blue.webp
Adhil Mini 12,TTT080X,48V DC,NA,3500K, CRI>97,φ30*120mm,24°,12W,AJ/CG,ASTS1230/30/24/CHB,R-41231258,IS 10322 (PART 5/SEC 1) : 2012,17099,"Guangdong Sat Technology Co. Ltd., No. 11 Lianbao Rd, Shengfeng District, Xiaolan Town, Zhongshan City, Guangdong, China – 528400",./assets/images/tracklights/adhil-mini-12-02-chrome-black.webp
Adhil Mini 12,TTT080X,48V DC,NA,3500K, CRI>97,φ30*120mm,24°,12W,AJ/CG,ASTS1230/30/24/COF,R-41231258,IS 10322 (PART 5/SEC 1) : 2012,17099,"Guangdong Sat Technology Co. Ltd., No. 11 Lianbao Rd, Shengfeng District, Xiaolan Town, Zhongshan City, Guangdong, China – 528400",./assets/images/tracklights/adhil-mini-12-07-coffee.webp
Adhil Mini 12,TTT080X,48V DC,NA,3500K, CRI>97,φ30*120mm,24°,12W,AJ/CG,ASTS1230/30/24/DGR,R-41231258,IS 10322 (PART 5/SEC 1) : 2012,17099,"Guangdong Sat Technology Co. Ltd., No. 11 Lianbao Rd, Shengfeng District, Xiaolan Town, Zhongshan City, Guangdong, China – 528400",./assets/images/tracklights/adhil-mini-12-09-dark-gray-default.webp
Adhil Mini 12,TTT080X,48V DC,NA,3500K, CRI>97,φ30*120mm,24°,12W,AJ/CG,ASTS1230/30/24/CH,R-41231258,IS 10322 (PART 5/SEC 1) : 2012,17099,"Guangdong Sat Technology Co. Ltd., No. 11 Lianbao Rd, Shengfeng District, Xiaolan Town, Zhongshan City, Guangdong, China – 528400",./assets/images/tracklights/adhil-mini-12-01-chrome.webp
Adhil Mini 12,TTT080X,48V DC,NA,3500K, CRI>97,φ30*120mm,24°,12W,AJ/CG,ASTS1230/35/24/B,R-41231258,IS 10322 (PART 5/SEC 1) : 2012,16099,"Guangdong Sat Technology Co. Ltd., No. 11 Lianbao Rd, Shengfeng District, Xiaolan Town, Zhongshan City, Guangdong, China – 528400",./assets/images/tracklights/adhil-mini-12-03-mat-black-default.webp
Adhil Mini 12,TTT080X,48V DC,NA,3500K, CRI>97,φ30*120mm,24°,12W,AJ/CG,ASTS1230/35/24/W,R-41231258,IS 10322 (PART 5/SEC 1) : 2012,16099,"Guangdong Sat Technology Co. Ltd., No. 11 Lianbao Rd, Shengfeng District, Xiaolan Town, Zhongshan City, Guangdong, China – 528400",./assets/images/tracklights/adhil-mini-12-05-white.webp
Adhil Mini 12,TTT080X,48V DC,NA,3500K, CRI>97,φ30*120mm,24°,12W,AJ/CG,ASTS1230/35/24/CG,R-41231258,IS 10322 (PART 5/SEC 1) : 2012,17099,"Guangdong Sat Technology Co. Ltd., No. 11 Lianbao Rd, Shengfeng District, Xiaolan Town, Zhongshan City, Guangdong, China – 528400",./assets/images/tracklights/adhil-mini-12-04-champeing-gold.webp
Adhil Mini 12,TTT080X,48V DC,NA,3500K, CRI>97,φ30*120mm,24°,12W,AJ/CG,ASTS1230/35/24/RG,R-41231258,IS 10322 (PART 5/SEC 1) : 2012,17099,"Guangdong Sat Technology Co. Ltd., No. 11 Lianbao Rd, Shengfeng District, Xiaolan Town, Zhongshan City, Guangdong, China – 528400",./assets/images/tracklights/adhil-mini-12-08-rose-gold.webp
Adhil Mini 12,TTT080X,48V DC,NA,3500K, CRI>97,φ30*120mm,24°,12W,AJ/CG,ASTS1230/35/24/BR,R-41231258,IS 10322 (PART 5/SEC 1) : 2012,17099,"Guangdong Sat Technology Co. Ltd., No. 11 Lianbao Rd, Shengfeng District, Xiaolan Town, Zhongshan City, Guangdong, China – 528400",./assets/images/tracklights/adhil-mini-12-10-brown.webp
Adhil Mini 12,TTT080X,48V DC,NA,3500K, CRI>97,φ30*120mm,24°,12W,AJ/CG,ASTS1230/35/24/BB,R-41231258,IS 10322 (PART 5/SEC 1) : 2012,17099,"Guangdong Sat Technology Co. Ltd., No. 11 Lianbao Rd, Shengfeng District, Xiaolan Town, Zhongshan City, Guangdong, China – 528400",./assets/images/tracklights/adhil-mini-12-06-ballet-blue.webp
Adhil Mini 12,TTT080X,48V DC,NA,3500K, CRI>97,φ30*120mm,24°,12W,AJ/CG,ASTS1230/35/24/CHB,R-41231258,IS 10322 (PART 5/SEC 1) : 2012,17099,"Guangdong Sat Technology Co. Ltd., No. 11 Lianbao Rd, Shengfeng District, Xiaolan Town, Zhongshan City, Guangdong, China – 528400",./assets/images/tracklights/adhil-mini-12-02-chrome-black.webp
Adhil Mini 12,TTT080X,48V DC,NA,3500K, CRI>97,φ30*120mm,24°,12W,AJ/CG,ASTS1230/35/24/COF,R-41231258,IS 10322 (PART 5/SEC 1) : 2012,17099,"Guangdong Sat Technology Co. Ltd., No. 11 Lianbao Rd, Shengfeng District, Xiaolan Town, Zhongshan City, Guangdong, China – 528400",./assets/images/tracklights/adhil-mini-12-07-coffee.webp
Adhil Mini 12,TTT080X,48V DC,NA,3500K, CRI>97,φ30*120mm,24°,12W,AJ/CG,ASTS1230/35/24/DGR,R-41231258,IS 10322 (PART 5/SEC 1) : 2012,17099,"Guangdong Sat Technology Co. Ltd., No. 11 Lianbao Rd, Shengfeng District, Xiaolan Town, Zhongshan City, Guangdong, China – 528400",./assets/images/tracklights/adhil-mini-12-09-dark-gray-default.webp
Adhil Mini 12,TTT080X,48V DC,NA,3500K, CRI>97,φ30*120mm,24°,12W,AJ/CG,ASTS1230/35/24/CH,R-41231258,IS 10322 (PART 5/SEC 1) : 2012,17099,"Guangdong Sat Technology Co. Ltd., No. 11 Lianbao Rd, Shengfeng District, Xiaolan Town, Zhongshan City, Guangdong, China – 528400",./assets/images/tracklights/adhil-mini-12-01-chrome.webp
Adhil Mini 12,TTT080X,48V DC,NA,3500K, CRI>97,φ30*120mm,24°,12W,AJ/CG,ASTS1230/40/24/B,R-41231258,IS 10322 (PART 5/SEC 1) : 2012,16099,"Guangdong Sat Technology Co. Ltd., No. 11 Lianbao Rd, Shengfeng District, Xiaolan Town, Zhongshan City, Guangdong, China – 528400",./assets/images/tracklights/adhil-mini-12-03-mat-black-default.webp
Adhil Mini 12,TTT080X,48V DC,NA,3500K, CRI>97,φ30*120mm,24°,12W,AJ/CG,ASTS1230/40/24/W,R-41231258,IS 10322 (PART 5/SEC 1) : 2012,16099,"Guangdong Sat Technology Co. Ltd., No. 11 Lianbao Rd, Shengfeng District, Xiaolan Town, Zhongshan City, Guangdong, China – 528400",./assets/images/tracklights/adhil-mini-12-05-white.webp
Adhil Mini 12,TTT080X,48V DC,NA,3500K, CRI>97,φ30*120mm,24°,12W,AJ/CG,ASTS1230/40/24/CG,R-41231258,IS 10322 (PART 5/SEC 1) : 2012,17099,"Guangdong Sat Technology Co. Ltd., No. 11 Lianbao Rd, Shengfeng District, Xiaolan Town, Zhongshan City, Guangdong, China – 528400",./assets/images/tracklights/adhil-mini-12-04-champeing-gold.webp
Adhil Mini 12,TTT080X,48V DC,NA,3500K, CRI>97,φ30*120mm,24°,12W,AJ/CG,ASTS1230/40/24/RG,R-41231258,IS 10322 (PART 5/SEC 1) : 2012,17099,"Guangdong Sat Technology Co. Ltd., No. 11 Lianbao Rd, Shengfeng District, Xiaolan Town, Zhongshan City, Guangdong, China – 528400",./assets/images/tracklights/adhil-mini-12-08-rose-gold.webp
Adhil Mini 12,TTT080X,48V DC,NA,3500K, CRI>97,φ30*120mm,24°,12W,AJ/CG,ASTS1230/40/24/BR,R-41231258,IS 10322 (PART 5/SEC 1) : 2012,17099,"Guangdong Sat Technology Co. Ltd., No. 11 Lianbao Rd, Shengfeng District, Xiaolan Town, Zhongshan City, Guangdong, China – 528400",./assets/images/tracklights/adhil-mini-12-10-brown.webp
Adhil Mini 12,TTT080X,48V DC,NA,3500K, CRI>97,φ30*120mm,24°,12W,AJ/CG,ASTS1230/40/24/BB,R-41231258,IS 10322 (PART 5/SEC 1) : 2012,17099,"Guangdong Sat Technology Co. Ltd., No. 11 Lianbao Rd, Shengfeng District, Xiaolan Town, Zhongshan City, Guangdong, China – 528400",./assets/images/tracklights/adhil-mini-12-06-ballet-blue.webp
Adhil Mini 12,TTT080X,48V DC,NA,3500K, CRI>97,φ30*120mm,24°,12W,AJ/CG,ASTS1230/40/24/CHB,R-41231258,IS 10322 (PART 5/SEC 1) : 2012,17099,"Guangdong Sat Technology Co. Ltd., No. 11 Lianbao Rd, Shengfeng District, Xiaolan Town, Zhongshan City, Guangdong, China – 528400",./assets/images/tracklights/adhil-mini-12-02-chrome-black.webp
Adhil Mini 12,TTT080X,48V DC,NA,3500K, CRI>97,φ30*120mm,24°,12W,AJ/CG,ASTS1230/40/24/COF,R-41231258,IS 10322 (PART 5/SEC 1) : 2012,17099,"Guangdong Sat Technology Co. Ltd., No. 11 Lianbao Rd, Shengfeng District, Xiaolan Town, Zhongshan City, Guangdong, China – 528400",./assets/images/tracklights/adhil-mini-12-07-coffee.webp
Adhil Mini 12,TTT080X,48V DC,NA,3500K, CRI>97,φ30*120mm,24°,12W,AJ/CG,ASTS1230/40/24/DGR,R-41231258,IS 10322 (PART 5/SEC 1) : 2012,17099,"Guangdong Sat Technology Co. Ltd., No. 11 Lianbao Rd, Shengfeng District, Xiaolan Town, Zhongshan City, Guangdong, China – 528400",./assets/images/tracklights/adhil-mini-12-09-dark-gray-default.webp
Adhil Mini 12,TTT080X,48V DC,NA,3500K, CRI>97,φ30*120mm,24°,12W,AJ/CG,ASTS1230/40/24/CH,R-41231258,IS 10322 (PART 5/SEC 1) : 2012,17099,"Guangdong Sat Technology Co. Ltd., No. 11 Lianbao Rd, Shengfeng District, Xiaolan Town, Zhongshan City, Guangdong, China – 528400",./assets/images/tracklights/adhil-mini-12-01-chrome.webp
Adhil Mini 12,TTT080X,48V DC,NA,4000K, CRI>97,φ30*120mm,24°,12W,AJ/CG,ASTS1230/50/24/B,R-41231258,IS 10322 (PART 5/SEC 1) : 2012,16099,"Guangdong Sat Technology Co. Ltd., No. 11 Lianbao Rd, Shengfeng District, Xiaolan Town, Zhongshan City, Guangdong, China – 528400",./assets/images/tracklights/adhil-mini-12-03-mat-black-default.webp
Adhil Mini 12,TTT080X,48V DC,NA,4000K, CRI>97,φ30*120mm,24°,12W,AJ/CG,ASTS1230/50/24/W,R-41231258,IS 10322 (PART 5/SEC 1) : 2012,16099,"Guangdong Sat Technology Co. Ltd., No. 11 Lianbao Rd, Shengfeng District, Xiaolan Town, Zhongshan City, Guangdong, China – 528400",./assets/images/tracklights/adhil-mini-12-05-white.webp
Adhil Mini 12,TTT080X,48V DC,NA,4000K, CRI>97,φ30*120mm,24°,12W,AJ/CG,ASTS1230/50/24/CG,R-41231258,IS 10322 (PART 5/SEC 1) : 2012,17099,"Guangdong Sat Technology Co. Ltd., No. 11 Lianbao Rd, Shengfeng District, Xiaolan Town, Zhongshan City, Guangdong, China – 528400",./assets/images/tracklights/adhil-mini-12-04-champeing-gold.webp
Adhil Mini 12,TTT080X,48V DC,NA,4000K, CRI>97,φ30*120mm,24°,12W,AJ/CG,ASTS1230/50/24/RG,R-41231258,IS 10322 (PART 5/SEC 1) : 2012,17099,"Guangdong Sat Technology Co. Ltd., No. 11 Lianbao Rd, Shengfeng District, Xiaolan Town, Zhongshan City, Guangdong, China – 528400",./assets/images/tracklights/adhil-mini-12-08-rose-gold.webp
Adhil Mini 12,TTT080X,48V DC,NA,4000K, CRI>97,φ30*120mm,24°,12W,AJ/CG,ASTS1230/50/24/BR,R-41231258,IS 10322 (PART 5/SEC 1) : 2012,17099,"Guangdong Sat Technology Co. Ltd., No. 11 Lianbao Rd, Shengfeng District, Xiaolan Town, Zhongshan City, Guangdong, China – 528400",./assets/images/tracklights/adhil-mini-12-10-brown.webp
Adhil Mini 12,TTT080X,48V DC,NA,4000K, CRI>97,φ30*120mm,24°,12W,AJ/CG,ASTS1230/50/24/BB,R-41231258,IS 10322 (PART 5/SEC 1) : 2012,17099,"Guangdong Sat Technology Co. Ltd., No. 11 Lianbao Rd, Shengfeng District, Xiaolan Town, Zhongshan City, Guangdong, China – 528400",./assets/images/tracklights/adhil-mini-12-06-ballet-blue.webp
Adhil Mini 12,TTT080X,48V DC,NA,4000K, CRI>97,φ30*120mm,24°,12W,AJ/CG,ASTS1230/50/24/CHB,R-41231258,IS 10322 (PART 5/SEC 1) : 2012,17099,"Guangdong Sat Technology Co. Ltd., No. 11 Lianbao Rd, Shengfeng District, Xiaolan Town, Zhongshan City, Guangdong, China – 528400",./assets/images/tracklights/adhil-mini-12-02-chrome-black.webp
Adhil Mini 12,TTT080X,48V DC,NA,4000K, CRI>97,φ30*120mm,24°,12W,AJ/CG,ASTS1230/50/24/COF,R-41231258,IS 10322 (PART 5/SEC 1) : 2012,17099,"Guangdong Sat Technology Co. Ltd., No. 11 Lianbao Rd, Shengfeng District, Xiaolan Town, Zhongshan City, Guangdong, China – 528400",./assets/images/tracklights/adhil-mini-12-07-coffee.webp
Adhil Mini 12,TTT080X,48V DC,NA,4000K, CRI>97,φ30*120mm,24°,12W,AJ/CG,ASTS1230/50/24/DGR,R-41231258,IS 10322 (PART 5/SEC 1) : 2012,17099,"Guangdong Sat Technology Co. Ltd., No. 11 Lianbao Rd, Shengfeng District, Xiaolan Town, Zhongshan City, Guangdong, China – 528400",./assets/images/tracklights/adhil-mini-12-09-dark-gray-default.webp
Adhil Mini 12,TTT080X,48V DC,NA,4000K, CRI>97,φ30*120mm,24°,12W,AJ/CG,ASTS1230/50/24/CH,R-41231258,IS 10322 (PART 5/SEC 1) : 2012,17099,"Guangdong Sat Technology Co. Ltd., No. 11 Lianbao Rd, Shengfeng District, Xiaolan Town, Zhongshan City, Guangdong, China – 528400",./assets/images/tracklights/adhil-mini-12-01-chrome.webp
Adhil Mini 12,TTT080X,48V DC,NA,4000K, CRI>97,φ30*120mm,36°,12W,AJ/CG,ASTS1230/27/36/B,R-41231258,IS 10322 (PART 5/SEC 1) : 2012,16099,"Guangdong Sat Technology Co. Ltd., No. 11 Lianbao Rd, Shengfeng District, Xiaolan Town, Zhongshan City, Guangdong, China – 528400",./assets/images/tracklights/adhil-mini-12-03-mat-black-default.webp
Adhil Mini 12,TTT080X,48V DC,NA,4000K, CRI>97,φ30*120mm,36°,12W,AJ/CG,ASTS1230/27/36/W,R-41231258,IS 10322 (PART 5/SEC 1) : 2012,16099,"Guangdong Sat Technology Co. Ltd., No. 11 Lianbao Rd, Shengfeng District, Xiaolan Town, Zhongshan City, Guangdong, China – 528400",./assets/images/tracklights/adhil-mini-12-05-white.webp
Adhil Mini 12,TTT080X,48V DC,NA,4000K, CRI>97,φ30*120mm,36°,12W,AJ/CG,ASTS1230/27/36/CG,R-41231258,IS 10322 (PART 5/SEC 1) : 2012,17099,"Guangdong Sat Technology Co. Ltd., No. 11 Lianbao Rd, Shengfeng District, Xiaolan Town, Zhongshan City, Guangdong, China – 528400",./assets/images/tracklights/adhil-mini-12-04-champeing-gold.webp
Adhil Mini 12,TTT080X,48V DC,NA,4000K, CRI>97,φ30*120mm,36°,12W,AJ/CG,ASTS1230/27/36/RG,R-41231258,IS 10322 (PART 5/SEC 1) : 2012,17099,"Guangdong Sat Technology Co. Ltd., No. 11 Lianbao Rd, Shengfeng District, Xiaolan Town, Zhongshan City, Guangdong, China – 528400",./assets/images/tracklights/adhil-mini-12-08-rose-gold.webp
Adhil Mini 12,TTT080X,48V DC,NA,4000K, CRI>97,φ30*120mm,36°,12W,AJ/CG,ASTS1230/27/36/BR,R-41231258,IS 10322 (PART 5/SEC 1) : 2012,17099,"Guangdong Sat Technology Co. Ltd., No. 11 Lianbao Rd, Shengfeng District, Xiaolan Town, Zhongshan City, Guangdong, China – 528400",./assets/images/tracklights/adhil-mini-12-10-brown.webp
Adhil Mini 12,TTT080X,48V DC,NA,4000K, CRI>97,φ30*120mm,36°,12W,AJ/CG,ASTS1230/27/36/BB,R-41231258,IS 10322 (PART 5/SEC 1) : 2012,17099,"Guangdong Sat Technology Co. Ltd., No. 11 Lianbao Rd, Shengfeng District, Xiaolan Town, Zhongshan City, Guangdong, China – 528400",./assets/images/tracklights/adhil-mini-12-06-ballet-blue.webp
Adhil Mini 12,TTT080X,48V DC,NA,4000K, CRI>97,φ30*120mm,36°,12W,AJ/CG,ASTS1230/27/36/CHB,R-41231258,IS 10322 (PART 5/SEC 1) : 2012,17099,"Guangdong Sat Technology Co. Ltd., No. 11 Lianbao Rd, Shengfeng District, Xiaolan Town, Zhongshan City, Guangdong, China – 528400",./assets/images/tracklights/adhil-mini-12-02-chrome-black.webp
Adhil Mini 12,TTT080X,48V DC,NA,4000K, CRI>97,φ30*120mm,36°,12W,AJ/CG,ASTS1230/27/36/COF,R-41231258,IS 10322 (PART 5/SEC 1) : 2012,17099,"Guangdong Sat Technology Co. Ltd., No. 11 Lianbao Rd, Shengfeng District, Xiaolan Town, Zhongshan City, Guangdong, China – 528400",./assets/images/tracklights/adhil-mini-12-07-coffee.webp
Adhil Mini 12,TTT080X,48V DC,NA,4000K, CRI>97,φ30*120mm,36°,12W,AJ/CG,ASTS1230/27/36/DGR,R-41231258,IS 10322 (PART 5/SEC 1) : 2012,17099,"Guangdong Sat Technology Co. Ltd., No. 11 Lianbao Rd, Shengfeng District, Xiaolan Town, Zhongshan City, Guangdong, China – 528400",./assets/images/tracklights/adhil-mini-12-09-dark-gray-default.webp
Adhil Mini 12,TTT080X,48V DC,NA,4000K, CRI>97,φ30*120mm,36°,12W,AJ/CG,ASTS1230/27/36/CH,R-41231258,IS 10322 (PART 5/SEC 1) : 2012,17099,"Guangdong Sat Technology Co. Ltd., No. 11 Lianbao Rd, Shengfeng District, Xiaolan Town, Zhongshan City, Guangdong, China – 528400",./assets/images/tracklights/adhil-mini-12-01-chrome.webp
Adhil Mini 12,TTT080X,48V DC,NA,4000K, CRI>97,φ30*120mm,36°,12W,AJ/CG,ASTS1230/30/36/B,R-41231258,IS 10322 (PART 5/SEC 1) : 2012,16099,"Guangdong Sat Technology Co. Ltd., No. 11 Lianbao Rd, Shengfeng District, Xiaolan Town, Zhongshan City, Guangdong, China – 528400",./assets/images/tracklights/adhil-mini-12-03-mat-black-default.webp
Adhil Mini 12,TTT080X,48V DC,NA,4000K, CRI>97,φ30*120mm,36°,12W,AJ/CG,ASTS1230/30/36/W,R-41231258,IS 10322 (PART 5/SEC 1) : 2012,16099,"Guangdong Sat Technology Co. Ltd., No. 11 Lianbao Rd, Shengfeng District, Xiaolan Town, Zhongshan City, Guangdong, China – 528400",./assets/images/tracklights/adhil-mini-12-05-white.webp
Adhil Mini 12,TTT080X,48V DC,NA,4000K, CRI>97,φ30*120mm,36°,12W,AJ/CG,ASTS1230/30/36/CG,R-41231258,IS 10322 (PART 5/SEC 1) : 2012,17099,"Guangdong Sat Technology Co. Ltd., No. 11 Lianbao Rd, Shengfeng District, Xiaolan Town, Zhongshan City, Guangdong, China – 528400",./assets/images/tracklights/adhil-mini-12-04-champeing-gold.webp
Adhil Mini 12,TTT080X,48V DC,NA,4000K, CRI>97,φ30*120mm,36°,12W,AJ/CG,ASTS1230/30/36/RG,R-41231258,IS 10322 (PART 5/SEC 1) : 2012,17099,"Guangdong Sat Technology Co. Ltd., No. 11 Lianbao Rd, Shengfeng District, Xiaolan Town, Zhongshan City, Guangdong, China – 528400",./assets/images/tracklights/adhil-mini-12-08-rose-gold.webp
Adhil Mini 12,TTT080X,48V DC,NA,4000K, CRI>97,φ30*120mm,36°,12W,AJ/CG,ASTS1230/30/36/BR,R-41231258,IS 10322 (PART 5/SEC 1) : 2012,17099,"Guangdong Sat Technology Co. Ltd., No. 11 Lianbao Rd, Shengfeng District, Xiaolan Town, Zhongshan City, Guangdong, China – 528400",./assets/images/tracklights/adhil-mini-12-10-brown.webp
Adhil Mini 12,TTT080X,48V DC,NA,4000K, CRI>97,φ30*120mm,36°,12W,AJ/CG,ASTS1230/30/36/COF,R-41231258,IS 10322 (PART 5/SEC 1) : 2012,17099,"Guangdong Sat Technology Co. Ltd., No. 11 Lianbao Rd, Shengfeng District, Xiaolan Town, Zhongshan City, Guangdong, China – 528400",./assets/images/tracklights/adhil-mini-12-06-ballet-blue.webp
Adhil Mini 12,TTT080X,48V DC,NA,4000K, CRI>97,φ30*120mm,36°,12W,AJ/CG,ASTS1230/30/36/DGR,R-41231258,IS 10322 (PART 5/SEC 1) : 2012,17099,"Guangdong Sat Technology Co. Ltd., No. 11 Lianbao Rd, Shengfeng District, Xiaolan Town, Zhongshan City, Guangdong, China – 528400",./assets/images/tracklights/adhil-mini-12-02-chrome-black.webp
Adhil Mini 12,TTT080X,48V DC,NA,4000K, CRI>97,φ30*120mm,36°,12W,AJ/CG,ASTS1230/30/36/BB,R-41231258,IS 10322 (PART 5/SEC 1) : 2012,17099,"Guangdong Sat Technology Co. Ltd., No. 11 Lianbao Rd, Shengfeng District, Xiaolan Town, Zhongshan City, Guangdong, China – 528400",./assets/images/tracklights/adhil-mini-12-07-coffee.webp
Adhil Mini 12,TTT080X,48V DC,NA,4000K, CRI>97,φ30*120mm,36°,12W,AJ/CG,ASTS1230/30/36/CHB,R-41231258,IS 10322 (PART 5/SEC 1) : 2012,17099,"Guangdong Sat Technology Co. Ltd., No. 11 Lianbao Rd, Shengfeng District, Xiaolan Town, Zhongshan City, Guangdong, China – 528400",./assets/images/tracklights/adhil-mini-12-09-dark-gray-default.webp
Adhil Mini 12,TTT080X,48V DC,NA,4000K, CRI>97,φ30*120mm,36°,12W,AJ/CG,ASTS1230/30/36/CH,R-41231258,IS 10322 (PART 5/SEC 1) : 2012,17099,"Guangdong Sat Technology Co. Ltd., No. 11 Lianbao Rd, Shengfeng District, Xiaolan Town, Zhongshan City, Guangdong, China – 528400",./assets/images/tracklights/adhil-mini-12-01-chrome.webp
Adhil Mini 12,TTT080X,48V DC,NA,5000K, CRI>97,φ30*120mm,36°,12W,AJ/CG,ASTS1230/35/36/B,R-41231258,IS 10322 (PART 5/SEC 1) : 2012,16099,"Guangdong Sat Technology Co. Ltd., No. 11 Lianbao Rd, Shengfeng District, Xiaolan Town, Zhongshan City, Guangdong, China – 528400",./assets/images/tracklights/adhil-mini-12-03-mat-black-default.webp
Adhil Mini 12,TTT080X,48V DC,NA,5000K, CRI>97,φ30*120mm,36°,12W,AJ/CG,ASTS1230/35/36/W,R-41231258,IS 10322 (PART 5/SEC 1) : 2012,16099,"Guangdong Sat Technology Co. Ltd., No. 11 Lianbao Rd, Shengfeng District, Xiaolan Town, Zhongshan City, Guangdong, China – 528400",./assets/images/tracklights/adhil-mini-12-05-white.webp
Adhil Mini 12,TTT080X,48V DC,NA,5000K, CRI>97,φ30*120mm,36°,12W,AJ/CG,ASTS1230/35/36/CG,R-41231258,IS 10322 (PART 5/SEC 1) : 2012,17099,"Guangdong Sat Technology Co. Ltd., No. 11 Lianbao Rd, Shengfeng District, Xiaolan Town, Zhongshan City, Guangdong, China – 528400",./assets/images/tracklights/adhil-mini-12-04-champeing-gold.webp
Adhil Mini 12,TTT080X,48V DC,NA,5000K, CRI>97,φ30*120mm,36°,12W,AJ/CG,ASTS1230/35/36/RG,R-41231258,IS 10322 (PART 5/SEC 1) : 2012,17099,"Guangdong Sat Technology Co. Ltd., No. 11 Lianbao Rd, Shengfeng District, Xiaolan Town, Zhongshan City, Guangdong, China – 528400",./assets/images/tracklights/adhil-mini-12-08-rose-gold.webp
Adhil Mini 12,TTT080X,48V DC,NA,5000K, CRI>97,φ30*120mm,36°,12W,AJ/CG,ASTS1230/35/36/BR,R-41231258,IS 10322 (PART 5/SEC 1) : 2012,17099,"Guangdong Sat Technology Co. Ltd., No. 11 Lianbao Rd, Shengfeng District, Xiaolan Town, Zhongshan City, Guangdong, China – 528400",./assets/images/tracklights/adhil-mini-12-10-brown.webp
Adhil Mini 12,TTT080X,48V DC,NA,5000K, CRI>97,φ30*120mm,36°,12W,AJ/CG,ASTS1230/35/36/BB,R-41231258,IS 10322 (PART 5/SEC 1) : 2012,17099,"Guangdong Sat Technology Co. Ltd., No. 11 Lianbao Rd, Shengfeng District, Xiaolan Town, Zhongshan City, Guangdong, China – 528400",./assets/images/tracklights/adhil-mini-12-06-ballet-blue.webp
Adhil Mini 12,TTT080X,48V DC,NA,5000K, CRI>97,φ30*120mm,36°,12W,AJ/CG,ASTS1230/35/36/CHB,R-41231258,IS 10322 (PART 5/SEC 1) : 2012,17099,"Guangdong Sat Technology Co. Ltd., No. 11 Lianbao Rd, Shengfeng District, Xiaolan Town, Zhongshan City, Guangdong, China – 528400",./assets/images/tracklights/adhil-mini-12-02-chrome-black.webp
Adhil Mini 12,TTT080X,48V DC,NA,5000K, CRI>97,φ30*120mm,36°,12W,AJ/CG,ASTS1230/35/36/COF,R-41231258,IS 10322 (PART 5/SEC 1) : 2012,17099,"Guangdong Sat Technology Co. Ltd., No. 11 Lianbao Rd, Shengfeng District, Xiaolan Town, Zhongshan City, Guangdong, China – 528400",./assets/images/tracklights/adhil-mini-12-07-coffee.webp
Adhil Mini 12,TTT080X,48V DC,NA,5000K, CRI>97,φ30*120mm,36°,12W,AJ/CG,ASTS1230/35/36/DGR,R-41231258,IS 10322 (PART 5/SEC 1) : 2012,17099,"Guangdong Sat Technology Co. Ltd., No. 11 Lianbao Rd, Shengfeng District, Xiaolan Town, Zhongshan City, Guangdong, China – 528400",./assets/images/tracklights/adhil-mini-12-09-dark-gray-default.webp
Adhil Mini 12,TTT080X,48V DC,NA,5000K, CRI>97,φ30*120mm,36°,12W,AJ/CG,ASTS1230/35/36/CH,R-41231258,IS 10322 (PART 5/SEC 1) : 2012,17099,"Guangdong Sat Technology Co. Ltd., No. 11 Lianbao Rd, Shengfeng District, Xiaolan Town, Zhongshan City, Guangdong, China – 528400",./assets/images/tracklights/adhil-mini-12-01-chrome.webp
Adhil Mini 12,TTT080X,48V DC,NA,5000K, CRI>97,φ30*120mm,36°,12W,AJ/CG,ASTS1230/40/36/B,R-41231258,IS 10322 (PART 5/SEC 1) : 2012,16099,"Guangdong Sat Technology Co. Ltd., No. 11 Lianbao Rd, Shengfeng District, Xiaolan Town, Zhongshan City, Guangdong, China – 528400",./assets/images/tracklights/adhil-mini-12-03-mat-black-default.webp
Adhil Mini 12,TTT080X,48V DC,NA,5000K, CRI>97,φ30*120mm,36°,12W,AJ/CG,ASTS1230/40/36/W,R-41231258,IS 10322 (PART 5/SEC 1) : 2012,16099,"Guangdong Sat Technology Co. Ltd., No. 11 Lianbao Rd, Shengfeng District, Xiaolan Town, Zhongshan City, Guangdong, China – 528400",./assets/images/tracklights/adhil-mini-12-05-white.webp
Adhil Mini 12,TTT080X,48V DC,NA,5000K, CRI>97,φ30*120mm,36°,12W,AJ/CG,ASTS1230/40/36/CG,R-41231258,IS 10322 (PART 5/SEC 1) : 2012,17099,"Guangdong Sat Technology Co. Ltd., No. 11 Lianbao Rd, Shengfeng District, Xiaolan Town, Zhongshan City, Guangdong, China – 528400",./assets/images/tracklights/adhil-mini-12-04-champeing-gold.webp
Adhil Mini 12,TTT080X,48V DC,NA,5000K, CRI>97,φ30*120mm,36°,12W,AJ/CG,ASTS1230/40/36/RG,R-41231258,IS 10322 (PART 5/SEC 1) : 2012,17099,"Guangdong Sat Technology Co. Ltd., No. 11 Lianbao Rd, Shengfeng District, Xiaolan Town, Zhongshan City, Guangdong, China – 528400",./assets/images/tracklights/adhil-mini-12-08-rose-gold.webp
Adhil Mini 12,TTT080X,48V DC,NA,5000K, CRI>97,φ30*120mm,36°,12W,AJ/CG,ASTS1230/40/36/BR,R-41231258,IS 10322 (PART 5/SEC 1) : 2012,17099,"Guangdong Sat Technology Co. Ltd., No. 11 Lianbao Rd, Shengfeng District, Xiaolan Town, Zhongshan City, Guangdong, China – 528400",./assets/images/tracklights/adhil-mini-12-10-brown.webp
Adhil Mini 12,TTT080X,48V DC,NA,5000K, CRI>97,φ30*120mm,36°,12W,AJ/CG,ASTS1230/40/36/BB,R-41231258,IS 10322 (PART 5/SEC 1) : 2012,17099,"Guangdong Sat Technology Co. Ltd., No. 11 Lianbao Rd, Shengfeng District, Xiaolan Town, Zhongshan City, Guangdong, China – 528400",./assets/images/tracklights/adhil-mini-12-06-ballet-blue.webp
Adhil Mini 12,TTT080X,48V DC,NA,5000K, CRI>97,φ30*120mm,36°,12W,AJ/CG,ASTS1230/40/36/CHB,R-41231258,IS 10322 (PART 5/SEC 1) : 2012,17099,"Guangdong Sat Technology Co. Ltd., No. 11 Lianbao Rd, Shengfeng District, Xiaolan Town, Zhongshan City, Guangdong, China – 528400",./assets/images/tracklights/adhil-mini-12-02-chrome-black.webp
Adhil Mini 12,TTT080X,48V DC,NA,5000K, CRI>97,φ30*120mm,36°,12W,AJ/CG,ASTS1230/40/36/COF,R-41231258,IS 10322 (PART 5/SEC 1) : 2012,17099,"Guangdong Sat Technology Co. Ltd., No. 11 Lianbao Rd, Shengfeng District, Xiaolan Town, Zhongshan City, Guangdong, China – 528400",./assets/images/tracklights/adhil-mini-12-07-coffee.webp
Adhil Mini 12,TTT080X,48V DC,NA,5000K, CRI>97,φ30*120mm,36°,12W,AJ/CG,ASTS1230/40/36/DGR,R-41231258,IS 10322 (PART 5/SEC 1) : 2012,17099,"Guangdong Sat Technology Co. Ltd., No. 11 Lianbao Rd, Shengfeng District, Xiaolan Town, Zhongshan City, Guangdong, China – 528400",./assets/images/tracklights/adhil-mini-12-09-dark-gray-default.webp
Adhil Mini 12,TTT080X,48V DC,NA,5000K, CRI>97,φ30*120mm,36°,12W,AJ/CG,ASTS1230/40/36/CH,R-41231258,IS 10322 (PART 5/SEC 1) : 2012,17099,"Guangdong Sat Technology Co. Ltd., No. 11 Lianbao Rd, Shengfeng District, Xiaolan Town, Zhongshan City, Guangdong, China – 528400",./assets/images/tracklights/adhil-mini-12-01-chrome.webp
Adhil Mini 12,TTT080X,48V DC,NA,5000K, CRI>97,φ30*120mm,36°,12W,AJ/CG,ASTS1230/50/36/B,R-41231258,IS 10322 (PART 5/SEC 1) : 2012,16099,"Guangdong Sat Technology Co. Ltd., No. 11 Lianbao Rd, Shengfeng District, Xiaolan Town, Zhongshan City, Guangdong, China – 528400",./assets/images/tracklights/adhil-mini-12-03-mat-black-default.webp
Adhil Mini 12,TTT080X,48V DC,NA,5000K, CRI>97,φ30*120mm,36°,12W,AJ/CG,ASTS1230/50/36/W,R-41231258,IS 10322 (PART 5/SEC 1) : 2012,16099,"Guangdong Sat Technology Co. Ltd., No. 11 Lianbao Rd, Shengfeng District, Xiaolan Town, Zhongshan City, Guangdong, China – 528400",./assets/images/tracklights/adhil-mini-12-05-white.webp
Adhil Mini 12,TTT080X,48V DC,NA,5000K, CRI>97,φ30*120mm,36°,12W,AJ/CG,ASTS1230/50/36/CG,R-41231258,IS 10322 (PART 5/SEC 1) : 2012,17099,"Guangdong Sat Technology Co. Ltd., No. 11 Lianbao Rd, Shengfeng District, Xiaolan Town, Zhongshan City, Guangdong, China – 528400",./assets/images/tracklights/adhil-mini-12-04-champeing-gold.webp
Adhil Mini 12,TTT080X,48V DC,NA,5000K, CRI>97,φ30*120mm,36°,12W,AJ/CG,ASTS1230/50/36/RG,R-41231258,IS 10322 (PART 5/SEC 1) : 2012,17099,"Guangdong Sat Technology Co. Ltd., No. 11 Lianbao Rd, Shengfeng District, Xiaolan Town, Zhongshan City, Guangdong, China – 528400",./assets/images/tracklights/adhil-mini-12-08-rose-gold.webp
Adhil Mini 12,TTT080X,48V DC,NA,5000K, CRI>97,φ30*120mm,36°,12W,AJ/CG,ASTS1230/50/36/BR,R-41231258,IS 10322 (PART 5/SEC 1) : 2012,17099,"Guangdong Sat Technology Co. Ltd., No. 11 Lianbao Rd, Shengfeng District, Xiaolan Town, Zhongshan City, Guangdong, China – 528400",./assets/images/tracklights/adhil-mini-12-10-brown.webp
Adhil Mini 12,TTT080X,48V DC,NA,5000K, CRI>97,φ30*120mm,36°,12W,AJ/CG,ASTS1230/50/36/BB,R-41231258,IS 10322 (PART 5/SEC 1) : 2012,17099,"Guangdong Sat Technology Co. Ltd., No. 11 Lianbao Rd, Shengfeng District, Xiaolan Town, Zhongshan City, Guangdong, China – 528400",./assets/images/tracklights/adhil-mini-12-06-ballet-blue.webp
Adhil Mini 12,TTT080X,48V DC,NA,5000K, CRI>97,φ30*120mm,36°,12W,AJ/CG,ASTS1230/50/36/CHB,R-41231258,IS 10322 (PART 5/SEC 1) : 2012,17099,"Guangdong Sat Technology Co. Ltd., No. 11 Lianbao Rd, Shengfeng District, Xiaolan Town, Zhongshan City, Guangdong, China – 528400",./assets/images/tracklights/adhil-mini-12-02-chrome-black.webp
Adhil Mini 12,TTT080X,48V DC,NA,5000K, CRI>97,φ30*120mm,36°,12W,AJ/CG,ASTS1230/50/36/COF,R-41231258,IS 10322 (PART 5/SEC 1) : 2012,17099,"Guangdong Sat Technology Co. Ltd., No. 11 Lianbao Rd, Shengfeng District, Xiaolan Town, Zhongshan City, Guangdong, China – 528400",./assets/images/tracklights/adhil-mini-12-07-coffee.webp
Adhil Mini 12,TTT080X,48V DC,NA,5000K, CRI>97,φ30*120mm,36°,12W,AJ/CG,ASTS1230/50/36/DGR,R-41231258,IS 10322 (PART 5/SEC 1) : 2012,17099,"Guangdong Sat Technology Co. Ltd., No. 11 Lianbao Rd, Shengfeng District, Xiaolan Town, Zhongshan City, Guangdong, China – 528400",./assets/images/tracklights/adhil-mini-12-09-dark-gray-default.webp
Adhil Mini 12,TTT080X,48V DC,NA,5000K, CRI>97,φ30*120mm,36°,12W,AJ/CG,ASTS1230/50/36/CH,R-41231258,IS 10322 (PART 5/SEC 1) : 2012,17099,"Guangdong Sat Technology Co. Ltd., No. 11 Lianbao Rd, Shengfeng District, Xiaolan Town, Zhongshan City, Guangdong, China – 528400",./assets/images/tracklights/adhil-mini-12-01-chrome.webp
Mirach Mini 6, TTT070X,48V DC,NA,2700K, CRI>97, L116*14.5*14.5mm,30°,6W,AJ/CG,ASTL0611/27/B,R-41231258,IS 10322 (PART 5/SEC 1) : 2012,13499,"Guangdong Sat Technology Co. Ltd., No. 11 Lianbao Rd, Shengfeng District, Xiaolan Town, Zhongshan City, Guangdong, China – 528400",./assets/images/tracklights/mirach-mini-6-03-mat-black-default.webp
Mirach Mini 6, TTT070X,48V DC,NA,2700K, CRI>97, L116*14.5*14.5mm,30°,6W,AJ/CG,ASTL0611/27/W,R-41231258,IS 10322 (PART 5/SEC 1) : 2012,13499,"Guangdong Sat Technology Co. Ltd., No. 11 Lianbao Rd, Shengfeng District, Xiaolan Town, Zhongshan City, Guangdong, China – 528400",./assets/images/tracklights/mirach-mini-6-05-white.webp
Mirach Mini 6, TTT070X,48V DC,NA,2700K, CRI>97, L116*14.5*14.5mm,30°,6W,AJ/CG,ASTL0611/27/CG,R-41231258,IS 10322 (PART 5/SEC 1) : 2012,14499,"Guangdong Sat Technology Co. Ltd., No. 11 Lianbao Rd, Shengfeng District, Xiaolan Town, Zhongshan City, Guangdong, China – 528400",./assets/images/tracklights/mirach-mini-6-04-champeing-gold.webp
Mirach Mini 6, TTT070X,48V DC,NA,2700K, CRI>97, L116*14.5*14.5mm,30°,6W,AJ/CG,ASTL0611/27/RG,R-41231258,IS 10322 (PART 5/SEC 1) : 2012,14499,"Guangdong Sat Technology Co. Ltd., No. 11 Lianbao Rd, Shengfeng District, Xiaolan Town, Zhongshan City, Guangdong, China – 528400",./assets/images/tracklights/mirach-mini-6-08-rose-gold.webp
Mirach Mini 6, TTT070X,48V DC,NA,2700K, CRI>97, L116*14.5*14.5mm,30°,6W,AJ/CG,ASTL0611/27/BR,R-41231258,IS 10322 (PART 5/SEC 1) : 2012,14499,"Guangdong Sat Technology Co. Ltd., No. 11 Lianbao Rd, Shengfeng District, Xiaolan Town, Zhongshan City, Guangdong, China – 528400",./assets/images/tracklights/mirach-mini-6-10-brown.webp
Mirach Mini 6, TTT070X,48V DC,NA,2700K, CRI>97, L116*14.5*14.5mm,30°,6W,AJ/CG,ASTL0611/27/COF,R-41231258,IS 10322 (PART 5/SEC 1) : 2012,14499,"Guangdong Sat Technology Co. Ltd., No. 11 Lianbao Rd, Shengfeng District, Xiaolan Town, Zhongshan City, Guangdong, China – 528400",./assets/images/tracklights/mirach-mini-6-07-coffee.webp
Mirach Mini 6, TTT070X,48V DC,NA,2700K, CRI>97, L116*14.5*14.5mm,30°,6W,AJ/CG,ASTL0611/27/DGR,R-41231258,IS 10322 (PART 5/SEC 1) : 2012,14499,"Guangdong Sat Technology Co. Ltd., No. 11 Lianbao Rd, Shengfeng District, Xiaolan Town, Zhongshan City, Guangdong, China – 528400",./assets/images/tracklights/mirach-mini-6-09-dark-gray-default.webp
Mirach Mini 6, TTT070X,48V DC,NA,2700K, CRI>97, L116*14.5*14.5mm,30°,6W,AJ/CG,ASTL0611/27/BB,R-41231258,IS 10322 (PART 5/SEC 1) : 2012,14499,"Guangdong Sat Technology Co. Ltd., No. 11 Lianbao Rd, Shengfeng District, Xiaolan Town, Zhongshan City, Guangdong, China – 528400",./assets/images/tracklights/mirach-mini-6-06-ballet-blue.webp
Mirach Mini 6, TTT070X,48V DC,NA,2700K, CRI>97, L116*14.5*14.5mm,30°,6W,AJ/CG,ASTL0611/27/CH,R-41231258,IS 10322 (PART 5/SEC 1) : 2012,14499,"Guangdong Sat Technology Co. Ltd., No. 11 Lianbao Rd, Shengfeng District, Xiaolan Town, Zhongshan City, Guangdong, China – 528400",./assets/images/tracklights/mirach-mini-6-01-chrome.webp
Mirach Mini 6, TTT070X,48V DC,NA,2700K, CRI>97, L116*14.5*14.5mm,30°,6W,AJ/CG,ASTL0611/27/CHB,R-41231258,IS 10322 (PART 5/SEC 1) : 2012,14499,"Guangdong Sat Technology Co. Ltd., No. 11 Lianbao Rd, Shengfeng District, Xiaolan Town, Zhongshan City, Guangdong, China – 528400",./assets/images/tracklights/mirach-mini-6-02-chrome-black.webp
Mirach Mini 6, TTT070X,48V DC,NA,3000K, CRI>97, L116*14.5*14.5mm,30°,6W,AJ/CG,ASTL0611/30/B,R-41231258,IS 10322 (PART 5/SEC 1) : 2012,13499,"Guangdong Sat Technology Co. Ltd., No. 11 Lianbao Rd, Shengfeng District, Xiaolan Town, Zhongshan City, Guangdong, China – 528400",./assets/images/tracklights/mirach-mini-6-03-mat-black-default.webp
Mirach Mini 6, TTT070X,48V DC,NA,3000K, CRI>97, L116*14.5*14.5mm,30°,6W,AJ/CG,ASTL0611/30/W,R-41231258,IS 10322 (PART 5/SEC 1) : 2012,13499,"Guangdong Sat Technology Co. Ltd., No. 11 Lianbao Rd, Shengfeng District, Xiaolan Town, Zhongshan City, Guangdong, China – 528400",./assets/images/tracklights/mirach-mini-6-05-white.webp
Mirach Mini 6, TTT070X,48V DC,NA,3000K, CRI>97, L116*14.5*14.5mm,30°,6W,AJ/CG,ASTL0611/30/CG,R-41231258,IS 10322 (PART 5/SEC 1) : 2012,14499,"Guangdong Sat Technology Co. Ltd., No. 11 Lianbao Rd, Shengfeng District, Xiaolan Town, Zhongshan City, Guangdong, China – 528400",./assets/images/tracklights/mirach-mini-6-04-champeing-gold.webp
Mirach Mini 6, TTT070X,48V DC,NA,3000K, CRI>97, L116*14.5*14.5mm,30°,6W,AJ/CG,ASTL0611/30/RG,R-41231258,IS 10322 (PART 5/SEC 1) : 2012,14499,"Guangdong Sat Technology Co. Ltd., No. 11 Lianbao Rd, Shengfeng District, Xiaolan Town, Zhongshan City, Guangdong, China – 528400",./assets/images/tracklights/mirach-mini-6-08-rose-gold.webp
Mirach Mini 6, TTT070X,48V DC,NA,3000K, CRI>97, L116*14.5*14.5mm,30°,6W,AJ/CG,ASTL0611/30/BR,R-41231258,IS 10322 (PART 5/SEC 1) : 2012,14499,"Guangdong Sat Technology Co. Ltd., No. 11 Lianbao Rd, Shengfeng District, Xiaolan Town, Zhongshan City, Guangdong, China – 528400",./assets/images/tracklights/mirach-mini-6-10-brown.webp
Mirach Mini 6, TTT070X,48V DC,NA,3000K, CRI>97, L116*14.5*14.5mm,30°,6W,AJ/CG,ASTL0611/30/COF,R-41231258,IS 10322 (PART 5/SEC 1) : 2012,14499,"Guangdong Sat Technology Co. Ltd., No. 11 Lianbao Rd, Shengfeng District, Xiaolan Town, Zhongshan City, Guangdong, China – 528400",./assets/images/tracklights/mirach-mini-6-07-coffee.webp
Mirach Mini 6, TTT070X,48V DC,NA,3000K, CRI>97, L116*14.5*14.5mm,30°,6W,AJ/CG,ASTL0611/30/DGR,R-41231258,IS 10322 (PART 5/SEC 1) : 2012,14499,"Guangdong Sat Technology Co. Ltd., No. 11 Lianbao Rd, Shengfeng District, Xiaolan Town, Zhongshan City, Guangdong, China – 528400",./assets/images/tracklights/mirach-mini-6-09-dark-gray-default.webp
Mirach Mini 6, TTT070X,48V DC,NA,3000K, CRI>97, L116*14.5*14.5mm,30°,6W,AJ/CG,ASTL0611/30/BB,R-41231258,IS 10322 (PART 5/SEC 1) : 2012,14499,"Guangdong Sat Technology Co. Ltd., No. 11 Lianbao Rd, Shengfeng District, Xiaolan Town, Zhongshan City, Guangdong, China – 528400",./assets/images/tracklights/mirach-mini-6-06-ballet-blue.webp
Mirach Mini 6, TTT070X,48V DC,NA,3000K, CRI>97, L116*14.5*14.5mm,30°,6W,AJ/CG,ASTL0611/30/CH,R-41231258,IS 10322 (PART 5/SEC 1) : 2012,14499,"Guangdong Sat Technology Co. Ltd., No. 11 Lianbao Rd, Shengfeng District, Xiaolan Town, Zhongshan City, Guangdong, China – 528400",./assets/images/tracklights/mirach-mini-6-01-chrome.webp
Mirach Mini 6, TTT070X,48V DC,NA,3000K, CRI>97, L116*14.5*14.5mm,30°,6W,AJ/CG,ASTL0611/30/CHB,R-41231258,IS 10322 (PART 5/SEC 1) : 2012,14499,"Guangdong Sat Technology Co. Ltd., No. 11 Lianbao Rd, Shengfeng District, Xiaolan Town, Zhongshan City, Guangdong, China – 528400",./assets/images/tracklights/mirach-mini-6-02-chrome-black.webp
Mirach Mini 6, TTT070X,48V DC,NA,3500K, CRI>97, L116*14.5*14.5mm,30°,6W,AJ/CG,ASTL0611/35/B,R-41231258,IS 10322 (PART 5/SEC 1) : 2012,13499,"Guangdong Sat Technology Co. Ltd., No. 11 Lianbao Rd, Shengfeng District, Xiaolan Town, Zhongshan City, Guangdong, China – 528400",./assets/images/tracklights/mirach-mini-6-03-mat-black-default.webp
Mirach Mini 6, TTT070X,48V DC,NA,3500K, CRI>97, L116*14.5*14.5mm,30°,6W,AJ/CG,ASTL0611/35/W,R-41231258,IS 10322 (PART 5/SEC 1) : 2012,13499,"Guangdong Sat Technology Co. Ltd., No. 11 Lianbao Rd, Shengfeng District, Xiaolan Town, Zhongshan City, Guangdong, China – 528400",./assets/images/tracklights/mirach-mini-6-05-white.webp
Mirach Mini 6, TTT070X,48V DC,NA,3500K, CRI>97, L116*14.5*14.5mm,30°,6W,AJ/CG,ASTL0611/35/CG,R-41231258,IS 10322 (PART 5/SEC 1) : 2012,14499,"Guangdong Sat Technology Co. Ltd., No. 11 Lianbao Rd, Shengfeng District, Xiaolan Town, Zhongshan City, Guangdong, China – 528400",./assets/images/tracklights/mirach-mini-6-04-champeing-gold.webp
Mirach Mini 6, TTT070X,48V DC,NA,3500K, CRI>97, L116*14.5*14.5mm,30°,6W,AJ/CG,ASTL0611/35/RG,R-41231258,IS 10322 (PART 5/SEC 1) : 2012,14499,"Guangdong Sat Technology Co. Ltd., No. 11 Lianbao Rd, Shengfeng District, Xiaolan Town, Zhongshan City, Guangdong, China – 528400",./assets/images/tracklights/mirach-mini-6-08-rose-gold.webp
Mirach Mini 6, TTT070X,48V DC,NA,3500K, CRI>97, L116*14.5*14.5mm,30°,6W,AJ/CG,ASTL0611/35/BR,R-41231258,IS 10322 (PART 5/SEC 1) : 2012,14499,"Guangdong Sat Technology Co. Ltd., No. 11 Lianbao Rd, Shengfeng District, Xiaolan Town, Zhongshan City, Guangdong, China – 528400",./assets/images/tracklights/mirach-mini-6-10-brown.webp
Mirach Mini 6, TTT070X,48V DC,NA,3500K, CRI>97, L116*14.5*14.5mm,30°,6W,AJ/CG,ASTL0611/35/COF,R-41231258,IS 10322 (PART 5/SEC 1) : 2012,14499,"Guangdong Sat Technology Co. Ltd., No. 11 Lianbao Rd, Shengfeng District, Xiaolan Town, Zhongshan City, Guangdong, China – 528400",./assets/images/tracklights/mirach-mini-6-07-coffee.webp
Mirach Mini 6, TTT070X,48V DC,NA,3500K, CRI>97, L116*14.5*14.5mm,30°,6W,AJ/CG,ASTL0611/35/DGR,R-41231258,IS 10322 (PART 5/SEC 1) : 2012,14499,"Guangdong Sat Technology Co. Ltd., No. 11 Lianbao Rd, Shengfeng District, Xiaolan Town, Zhongshan City, Guangdong, China – 528400",./assets/images/tracklights/mirach-mini-6-09-dark-gray-default.webp
Mirach Mini 6, TTT070X,48V DC,NA,3500K, CRI>97, L116*14.5*14.5mm,30°,6W,AJ/CG,ASTL0611/35/BB,R-41231258,IS 10322 (PART 5/SEC 1) : 2012,14499,"Guangdong Sat Technology Co. Ltd., No. 11 Lianbao Rd, Shengfeng District, Xiaolan Town, Zhongshan City, Guangdong, China – 528400",./assets/images/tracklights/mirach-mini-6-06-ballet-blue.webp
Mirach Mini 6, TTT070X,48V DC,NA,3500K, CRI>97, L116*14.5*14.5mm,30°,6W,AJ/CG,ASTL0611/35/CH,R-41231258,IS 10322 (PART 5/SEC 1) : 2012,14499,"Guangdong Sat Technology Co. Ltd., No. 11 Lianbao Rd, Shengfeng District, Xiaolan Town, Zhongshan City, Guangdong, China – 528400",./assets/images/tracklights/mirach-mini-6-01-chrome.webp
Mirach Mini 6, TTT070X,48V DC,NA,3500K, CRI>97, L116*14.5*14.5mm,30°,6W,AJ/CG,ASTL0611/35/CHB,R-41231258,IS 10322 (PART 5/SEC 1) : 2012,14499,"Guangdong Sat Technology Co. Ltd., No. 11 Lianbao Rd, Shengfeng District, Xiaolan Town, Zhongshan City, Guangdong, China – 528400",./assets/images/tracklights/mirach-mini-6-02-chrome-black.webp
Mirach Mini 6, TTT070X,48V DC,NA,4000K, CRI>97, L116*14.5*14.5mm,30°,6W,AJ/CG,ASTL0611/40/B,R-41231258,IS 10322 (PART 5/SEC 1) : 2012,13499,"Guangdong Sat Technology Co. Ltd., No. 11 Lianbao Rd, Shengfeng District, Xiaolan Town, Zhongshan City, Guangdong, China – 528400",./assets/images/tracklights/mirach-mini-6-03-mat-black-default.webp
Mirach Mini 6, TTT070X,48V DC,NA,4000K, CRI>97, L116*14.5*14.5mm,30°,6W,AJ/CG,ASTL0611/40/W,R-41231258,IS 10322 (PART 5/SEC 1) : 2012,13499,"Guangdong Sat Technology Co. Ltd., No. 11 Lianbao Rd, Shengfeng District, Xiaolan Town, Zhongshan City, Guangdong, China – 528400",./assets/images/tracklights/mirach-mini-6-05-white.webp
Mirach Mini 6, TTT070X,48V DC,NA,4000K, CRI>97, L116*14.5*14.5mm,30°,6W,AJ/CG,ASTL0611/40/CG,R-41231258,IS 10322 (PART 5/SEC 1) : 2012,14499,"Guangdong Sat Technology Co. Ltd., No. 11 Lianbao Rd, Shengfeng District, Xiaolan Town, Zhongshan City, Guangdong, China – 528400",./assets/images/tracklights/mirach-mini-6-04-champeing-gold.webp
Mirach Mini 6, TTT070X,48V DC,NA,4000K, CRI>97, L116*14.5*14.5mm,30°,6W,AJ/CG,ASTL0611/40/RG,R-41231258,IS 10322 (PART 5/SEC 1) : 2012,14499,"Guangdong Sat Technology Co. Ltd., No. 11 Lianbao Rd, Shengfeng District, Xiaolan Town, Zhongshan City, Guangdong, China – 528400",./assets/images/tracklights/mirach-mini-6-08-rose-gold.webp
Mirach Mini 6, TTT070X,48V DC,NA,4000K, CRI>97, L116*14.5*14.5mm,30°,6W,AJ/CG,ASTL0611/40/BR,R-41231258,IS 10322 (PART 5/SEC 1) : 2012,14499,"Guangdong Sat Technology Co. Ltd., No. 11 Lianbao Rd, Shengfeng District, Xiaolan Town, Zhongshan City, Guangdong, China – 528400",./assets/images/tracklights/mirach-mini-6-10-brown.webp
Mirach Mini 6, TTT070X,48V DC,NA,4000K, CRI>97, L116*14.5*14.5mm,30°,6W,AJ/CG,ASTL0611/40/COF,R-41231258,IS 10322 (PART 5/SEC 1) : 2012,14499,"Guangdong Sat Technology Co. Ltd., No. 11 Lianbao Rd, Shengfeng District, Xiaolan Town, Zhongshan City, Guangdong, China – 528400",./assets/images/tracklights/mirach-mini-6-07-coffee.webp
Mirach Mini 6, TTT070X,48V DC,NA,4000K, CRI>97, L116*14.5*14.5mm,30°,6W,AJ/CG,ASTL0611/40/DGR,R-41231258,IS 10322 (PART 5/SEC 1) : 2012,14499,"Guangdong Sat Technology Co. Ltd., No. 11 Lianbao Rd, Shengfeng District, Xiaolan Town, Zhongshan City, Guangdong, China – 528400",./assets/images/tracklights/mirach-mini-6-09-dark-gray-default.webp
Mirach Mini 6, TTT070X,48V DC,NA,4000K, CRI>97, L116*14.5*14.5mm,30°,6W,AJ/CG,ASTL0611/40/BB,R-41231258,IS 10322 (PART 5/SEC 1) : 2012,14499,"Guangdong Sat Technology Co. Ltd., No. 11 Lianbao Rd, Shengfeng District, Xiaolan Town, Zhongshan City, Guangdong, China – 528400",./assets/images/tracklights/mirach-mini-6-06-ballet-blue.webp
Mirach Mini 6, TTT070X,48V DC,NA,4000K, CRI>97, L116*14.5*14.5mm,30°,6W,AJ/CG,ASTL0611/40/CH,R-41231258,IS 10322 (PART 5/SEC 1) : 2012,14499,"Guangdong Sat Technology Co. Ltd., No. 11 Lianbao Rd, Shengfeng District, Xiaolan Town, Zhongshan City, Guangdong, China – 528400",./assets/images/tracklights/mirach-mini-6-01-chrome.webp
Mirach Mini 6, TTT070X,48V DC,NA,4000K, CRI>97, L116*14.5*14.5mm,30°,6W,AJ/CG,ASTL0611/40/CHB,R-41231258,IS 10322 (PART 5/SEC 1) : 2012,14499,"Guangdong Sat Technology Co. Ltd., No. 11 Lianbao Rd, Shengfeng District, Xiaolan Town, Zhongshan City, Guangdong, China – 528400",./assets/images/tracklights/mirach-mini-6-02-chrome-black.webp
Mirach Mini 6, TTT070X,48V DC,NA,5000K, CRI>97, L116*14.5*14.5mm,30°,6W,AJ/CG,ASTL0611/50/B,R-41231258,IS 10322 (PART 5/SEC 1) : 2012,13499,"Guangdong Sat Technology Co. Ltd., No. 11 Lianbao Rd, Shengfeng District, Xiaolan Town, Zhongshan City, Guangdong, China – 528400",./assets/images/tracklights/mirach-mini-6-03-mat-black-default.webp
Mirach Mini 6, TTT070X,48V DC,NA,5000K, CRI>97, L116*14.5*14.5mm,30°,6W,AJ/CG,ASTL0611/50/W,R-41231258,IS 10322 (PART 5/SEC 1) : 2012,13499,"Guangdong Sat Technology Co. Ltd., No. 11 Lianbao Rd, Shengfeng District, Xiaolan Town, Zhongshan City, Guangdong, China – 528400",./assets/images/tracklights/mirach-mini-6-05-white.webp
Mirach Mini 6, TTT070X,48V DC,NA,5000K, CRI>97, L116*14.5*14.5mm,30°,6W,AJ/CG,ASTL0611/50/CG,R-41231258,IS 10322 (PART 5/SEC 1) : 2012,14499,"Guangdong Sat Technology Co. Ltd., No. 11 Lianbao Rd, Shengfeng District, Xiaolan Town, Zhongshan City, Guangdong, China – 528400",./assets/images/tracklights/mirach-mini-6-04-champeing-gold.webp
Mirach Mini 6, TTT070X,48V DC,NA,5000K, CRI>97, L116*14.5*14.5mm,30°,6W,AJ/CG,ASTL0611/50/RG,R-41231258,IS 10322 (PART 5/SEC 1) : 2012,14499,"Guangdong Sat Technology Co. Ltd., No. 11 Lianbao Rd, Shengfeng District, Xiaolan Town, Zhongshan City, Guangdong, China – 528400",./assets/images/tracklights/mirach-mini-6-08-rose-gold.webp
Mirach Mini 6, TTT070X,48V DC,NA,5000K, CRI>97, L116*14.5*14.5mm,30°,6W,AJ/CG,ASTL0611/50/BR,R-41231258,IS 10322 (PART 5/SEC 1) : 2012,14499,"Guangdong Sat Technology Co. Ltd., No. 11 Lianbao Rd, Shengfeng District, Xiaolan Town, Zhongshan City, Guangdong, China – 528400",./assets/images/tracklights/mirach-mini-6-10-brown.webp
Mirach Mini 6, TTT070X,48V DC,NA,5000K, CRI>97, L116*14.5*14.5mm,30°,6W,AJ/CG,ASTL0611/50/COF,R-41231258,IS 10322 (PART 5/SEC 1) : 2012,14499,"Guangdong Sat Technology Co. Ltd., No. 11 Lianbao Rd, Shengfeng District, Xiaolan Town, Zhongshan City, Guangdong, China – 528400",./assets/images/tracklights/mirach-mini-6-07-coffee.webp
Mirach Mini 6, TTT070X,48V DC,NA,5000K, CRI>97, L116*14.5*14.5mm,30°,6W,AJ/CG,ASTL0611/50/DGR,R-41231258,IS 10322 (PART 5/SEC 1) : 2012,14499,"Guangdong Sat Technology Co. Ltd., No. 11 Lianbao Rd, Shengfeng District, Xiaolan Town, Zhongshan City, Guangdong, China – 528400",./assets/images/tracklights/mirach-mini-6-09-dark-gray-default.webp
Mirach Mini 6, TTT070X,48V DC,NA,5000K, CRI>97, L116*14.5*14.5mm,30°,6W,AJ/CG,ASTL0611/50/BB,R-41231258,IS 10322 (PART 5/SEC 1) : 2012,14499,"Guangdong Sat Technology Co. Ltd., No. 11 Lianbao Rd, Shengfeng District, Xiaolan Town, Zhongshan City, Guangdong, China – 528400",./assets/images/tracklights/mirach-mini-6-06-ballet-blue.webp
Mirach Mini 6, TTT070X,48V DC,NA,5000K, CRI>97, L116*14.5*14.5mm,30°,6W,AJ/CG,ASTL0611/50/CH,R-41231258,IS 10322 (PART 5/SEC 1) : 2012,14499,"Guangdong Sat Technology Co. Ltd., No. 11 Lianbao Rd, Shengfeng District, Xiaolan Town, Zhongshan City, Guangdong, China – 528400",./assets/images/tracklights/mirach-mini-6-01-chrome.webp
Mirach Mini 6, TTT070X,48V DC,NA,5000K, CRI>97, L116*14.5*14.5mm,30°,6W,AJ/CG,ASTL0611/50/CHB,R-41231258,IS 10322 (PART 5/SEC 1) : 2012,14499,"Guangdong Sat Technology Co. Ltd., No. 11 Lianbao Rd, Shengfeng District, Xiaolan Town, Zhongshan City, Guangdong, China – 528400",./assets/images/tracklights/mirach-mini-6-02-chrome-black.webp
Mirach Mini 12,TSL060X,48V DC,NA,2700K, CRI>97,  L236*14.5*14.5mm,30°,12W,AJ/CG,ASTL1211/27/B,R-41231258,IS 10322 (PART 5/SEC 1) : 2012,14599,"Guangdong Sat Technology Co. Ltd., No. 11 Lianbao Rd, Shengfeng District, Xiaolan Town, Zhongshan City, Guangdong, China – 528400",./assets/images/tracklights/mirach-mini-12-03-mat-black-default.webp
Mirach Mini 12,TSL060X,48V DC,NA,2700K, CRI>97,  L236*14.5*14.5mm,30°,12W,AJ/CG,ASTL1211/27/W,R-41231258,IS 10322 (PART 5/SEC 1) : 2012,14599,"Guangdong Sat Technology Co. Ltd., No. 11 Lianbao Rd, Shengfeng District, Xiaolan Town, Zhongshan City, Guangdong, China – 528400",./assets/images/tracklights/mirach-mini-12-05-white.webp
Mirach Mini 12,TSL060X,48V DC,NA,2700K, CRI>97,  L236*14.5*14.5mm,30°,12W,AJ/CG,ASTL1211/27/CG,R-41231258,IS 10322 (PART 5/SEC 1) : 2012,15599,"Guangdong Sat Technology Co. Ltd., No. 11 Lianbao Rd, Shengfeng District, Xiaolan Town, Zhongshan City, Guangdong, China – 528400",./assets/images/tracklights/mirach-mini-12-04-champeing-gold.webp
Mirach Mini 12,TSL060X,48V DC,NA,2700K, CRI>97,  L236*14.5*14.5mm,30°,12W,AJ/CG,ASTL1211/27/RG,R-41231258,IS 10322 (PART 5/SEC 1) : 2012,15599,"Guangdong Sat Technology Co. Ltd., No. 11 Lianbao Rd, Shengfeng District, Xiaolan Town, Zhongshan City, Guangdong, China – 528400",./assets/images/tracklights/mirach-mini-12-08-rose-gold.webp
Mirach Mini 12,TSL060X,48V DC,NA,2700K, CRI>97,  L236*14.5*14.5mm,30°,12W,AJ/CG,ASTL1211/27/BR,R-41231258,IS 10322 (PART 5/SEC 1) : 2012,15599,"Guangdong Sat Technology Co. Ltd., No. 11 Lianbao Rd, Shengfeng District, Xiaolan Town, Zhongshan City, Guangdong, China – 528400",./assets/images/tracklights/mirach-mini-12-10-brown.webp
Mirach Mini 12,TSL060X,48V DC,NA,2700K, CRI>97,  L236*14.5*14.5mm,30°,12W,AJ/CG,ASTL1211/27/COF,R-41231258,IS 10322 (PART 5/SEC 1) : 2012,15599,"Guangdong Sat Technology Co. Ltd., No. 11 Lianbao Rd, Shengfeng District, Xiaolan Town, Zhongshan City, Guangdong, China – 528400",./assets/images/tracklights/mirach-mini-12-07-coffee.webp
Mirach Mini 12,TSL060X,48V DC,NA,2700K, CRI>97,  L236*14.5*14.5mm,30°,12W,AJ/CG,ASTL1211/27/DGR,R-41231258,IS 10322 (PART 5/SEC 1) : 2012,15599,"Guangdong Sat Technology Co. Ltd., No. 11 Lianbao Rd, Shengfeng District, Xiaolan Town, Zhongshan City, Guangdong, China – 528400",./assets/images/tracklights/mirach-mini-12-09-dark-gray-default.webp
Mirach Mini 12,TSL060X,48V DC,NA,2700K, CRI>97,  L236*14.5*14.5mm,30°,12W,AJ/CG,ASTL1211/27/BB,R-41231258,IS 10322 (PART 5/SEC 1) : 2012,15599,"Guangdong Sat Technology Co. Ltd., No. 11 Lianbao Rd, Shengfeng District, Xiaolan Town, Zhongshan City, Guangdong, China – 528400",./assets/images/tracklights/mirach-mini-12-06-ballet-blue.webp
Mirach Mini 12,TSL060X,48V DC,NA,2700K, CRI>97,  L236*14.5*14.5mm,30°,12W,AJ/CG,ASTL1211/27/CH,R-41231258,IS 10322 (PART 5/SEC 1) : 2012,15599,"Guangdong Sat Technology Co. Ltd., No. 11 Lianbao Rd, Shengfeng District, Xiaolan Town, Zhongshan City, Guangdong, China – 528400",./assets/images/tracklights/mirach-mini-12-01-chrome.webp
Mirach Mini 12,TSL060X,48V DC,NA,2700K, CRI>97,  L236*14.5*14.5mm,30°,12W,AJ/CG,ASTL1211/27/CHB,R-41231258,IS 10322 (PART 5/SEC 1) : 2012,15599,"Guangdong Sat Technology Co. Ltd., No. 11 Lianbao Rd, Shengfeng District, Xiaolan Town, Zhongshan City, Guangdong, China – 528400",./assets/images/tracklights/mirach-mini-12-02-chrome-black.webp
Mirach Mini 12,TSL060X,48V DC,NA,3000K, CRI>97,  L236*14.5*14.5mm,30°,12W,AJ/CG,ASTL1211/30/B,R-41231258,IS 10322 (PART 5/SEC 1) : 2012,14599,"Guangdong Sat Technology Co. Ltd., No. 11 Lianbao Rd, Shengfeng District, Xiaolan Town, Zhongshan City, Guangdong, China – 528400",./assets/images/tracklights/mirach-mini-12-03-mat-black-default.webp
Mirach Mini 12,TSL060X,48V DC,NA,3000K, CRI>97,  L236*14.5*14.5mm,30°,12W,AJ/CG,ASTL1211/30/W,R-41231258,IS 10322 (PART 5/SEC 1) : 2012,14599,"Guangdong Sat Technology Co. Ltd., No. 11 Lianbao Rd, Shengfeng District, Xiaolan Town, Zhongshan City, Guangdong, China – 528400",./assets/images/tracklights/mirach-mini-12-05-white.webp
Mirach Mini 12,TSL060X,48V DC,NA,3000K, CRI>97,  L236*14.5*14.5mm,30°,12W,AJ/CG,ASTL1211/30/CG,R-41231258,IS 10322 (PART 5/SEC 1) : 2012,15599,"Guangdong Sat Technology Co. Ltd., No. 11 Lianbao Rd, Shengfeng District, Xiaolan Town, Zhongshan City, Guangdong, China – 528400",./assets/images/tracklights/mirach-mini-12-04-champeing-gold.webp
Mirach Mini 12,TSL060X,48V DC,NA,3000K, CRI>97,  L236*14.5*14.5mm,30°,12W,AJ/CG,ASTL1211/30/RG,R-41231258,IS 10322 (PART 5/SEC 1) : 2012,15599,"Guangdong Sat Technology Co. Ltd., No. 11 Lianbao Rd, Shengfeng District, Xiaolan Town, Zhongshan City, Guangdong, China – 528400",./assets/images/tracklights/mirach-mini-12-08-rose-gold.webp
Mirach Mini 12,TSL060X,48V DC,NA,3000K, CRI>97,  L236*14.5*14.5mm,30°,12W,AJ/CG,ASTL1211/30/BR,R-41231258,IS 10322 (PART 5/SEC 1) : 2012,15599,"Guangdong Sat Technology Co. Ltd., No. 11 Lianbao Rd, Shengfeng District, Xiaolan Town, Zhongshan City, Guangdong, China – 528400",./assets/images/tracklights/mirach-mini-12-10-brown.webp
Mirach Mini 12,TSL060X,48V DC,NA,3000K, CRI>97,  L236*14.5*14.5mm,30°,12W,AJ/CG,ASTL1211/30/COF,R-41231258,IS 10322 (PART 5/SEC 1) : 2012,15599,"Guangdong Sat Technology Co. Ltd., No. 11 Lianbao Rd, Shengfeng District, Xiaolan Town, Zhongshan City, Guangdong, China – 528400",./assets/images/tracklights/mirach-mini-12-07-coffee.webp
Mirach Mini 12,TSL060X,48V DC,NA,3000K, CRI>97,  L236*14.5*14.5mm,30°,12W,AJ/CG,ASTL1211/30/DGR,R-41231258,IS 10322 (PART 5/SEC 1) : 2012,15599,"Guangdong Sat Technology Co. Ltd., No. 11 Lianbao Rd, Shengfeng District, Xiaolan Town, Zhongshan City, Guangdong, China – 528400",./assets/images/tracklights/mirach-mini-12-09-dark-gray-default.webp
Mirach Mini 12,TSL060X,48V DC,NA,3000K, CRI>97,  L236*14.5*14.5mm,30°,12W,AJ/CG,ASTL1211/30/BB,R-41231258,IS 10322 (PART 5/SEC 1) : 2012,15599,"Guangdong Sat Technology Co. Ltd., No. 11 Lianbao Rd, Shengfeng District, Xiaolan Town, Zhongshan City, Guangdong, China – 528400",./assets/images/tracklights/mirach-mini-12-06-ballet-blue.webp
Mirach Mini 12,TSL060X,48V DC,NA,3000K, CRI>97,  L236*14.5*14.5mm,30°,12W,AJ/CG,ASTL1211/30/CH,R-41231258,IS 10322 (PART 5/SEC 1) : 2012,15599,"Guangdong Sat Technology Co. Ltd., No. 11 Lianbao Rd, Shengfeng District, Xiaolan Town, Zhongshan City, Guangdong, China – 528400",./assets/images/tracklights/mirach-mini-12-01-chrome.webp
Mirach Mini 12,TSL060X,48V DC,NA,3000K, CRI>97,  L236*14.5*14.5mm,30°,12W,AJ/CG,ASTL1211/30/CHB,R-41231258,IS 10322 (PART 5/SEC 1) : 2012,15599,"Guangdong Sat Technology Co. Ltd., No. 11 Lianbao Rd, Shengfeng District, Xiaolan Town, Zhongshan City, Guangdong, China – 528400",./assets/images/tracklights/mirach-mini-12-02-chrome-black.webp
Mirach Mini 12,TSL060X,48V DC,NA,3500K, CRI>97,  L236*14.5*14.5mm,30°,12W,AJ/CG,ASTL1211/35/B,R-41231258,IS 10322 (PART 5/SEC 1) : 2012,14599,"Guangdong Sat Technology Co. Ltd., No. 11 Lianbao Rd, Shengfeng District, Xiaolan Town, Zhongshan City, Guangdong, China – 528400",./assets/images/tracklights/mirach-mini-12-03-mat-black-default.webp
Mirach Mini 12,TSL060X,48V DC,NA,3500K, CRI>97,  L236*14.5*14.5mm,30°,12W,AJ/CG,ASTL1211/35/W,R-41231258,IS 10322 (PART 5/SEC 1) : 2012,14599,"Guangdong Sat Technology Co. Ltd., No. 11 Lianbao Rd, Shengfeng District, Xiaolan Town, Zhongshan City, Guangdong, China – 528400",./assets/images/tracklights/mirach-mini-12-05-white.webp
Mirach Mini 12,TSL060X,48V DC,NA,3500K, CRI>97,  L236*14.5*14.5mm,30°,12W,AJ/CG,ASTL1211/35/CG,R-41231258,IS 10322 (PART 5/SEC 1) : 2012,15599,"Guangdong Sat Technology Co. Ltd., No. 11 Lianbao Rd, Shengfeng District, Xiaolan Town, Zhongshan City, Guangdong, China – 528400",./assets/images/tracklights/mirach-mini-12-04-champeing-gold.webp
Mirach Mini 12,TSL060X,48V DC,NA,3500K, CRI>97,  L236*14.5*14.5mm,30°,12W,AJ/CG,ASTL1211/35/RG,R-41231258,IS 10322 (PART 5/SEC 1) : 2012,15599,"Guangdong Sat Technology Co. Ltd., No. 11 Lianbao Rd, Shengfeng District, Xiaolan Town, Zhongshan City, Guangdong, China – 528400",./assets/images/tracklights/mirach-mini-12-08-rose-gold.webp
Mirach Mini 12,TSL060X,48V DC,NA,3500K, CRI>97,  L236*14.5*14.5mm,30°,12W,AJ/CG,ASTL1211/35/BR,R-41231258,IS 10322 (PART 5/SEC 1) : 2012,15599,"Guangdong Sat Technology Co. Ltd., No. 11 Lianbao Rd, Shengfeng District, Xiaolan Town, Zhongshan City, Guangdong, China – 528400",./assets/images/tracklights/mirach-mini-12-10-brown.webp
Mirach Mini 12,TSL060X,48V DC,NA,3500K, CRI>97,  L236*14.5*14.5mm,30°,12W,AJ/CG,ASTL1211/35/COF,R-41231258,IS 10322 (PART 5/SEC 1) : 2012,15599,"Guangdong Sat Technology Co. Ltd., No. 11 Lianbao Rd, Shengfeng District, Xiaolan Town, Zhongshan City, Guangdong, China – 528400",./assets/images/tracklights/mirach-mini-12-07-coffee.webp
Mirach Mini 12,TSL060X,48V DC,NA,3500K, CRI>97,  L236*14.5*14.5mm,30°,12W,AJ/CG,ASTL1211/35/DGR,R-41231258,IS 10322 (PART 5/SEC 1) : 2012,15599,"Guangdong Sat Technology Co. Ltd., No. 11 Lianbao Rd, Shengfeng District, Xiaolan Town, Zhongshan City, Guangdong, China – 528400",./assets/images/tracklights/mirach-mini-12-09-dark-gray-default.webp
Mirach Mini 12,TSL060X,48V DC,NA,3500K, CRI>97,  L236*14.5*14.5mm,30°,12W,AJ/CG,ASTL1211/35/BB,R-41231258,IS 10322 (PART 5/SEC 1) : 2012,15599,"Guangdong Sat Technology Co. Ltd., No. 11 Lianbao Rd, Shengfeng District, Xiaolan Town, Zhongshan City, Guangdong, China – 528400",./assets/images/tracklights/mirach-mini-12-06-ballet-blue.webp
Mirach Mini 12,TSL060X,48V DC,NA,3500K, CRI>97,  L236*14.5*14.5mm,30°,12W,AJ/CG,ASTL1211/35/CH,R-41231258,IS 10322 (PART 5/SEC 1) : 2012,15599,"Guangdong Sat Technology Co. Ltd., No. 11 Lianbao Rd, Shengfeng District, Xiaolan Town, Zhongshan City, Guangdong, China – 528400",./assets/images/tracklights/mirach-mini-12-01-chrome.webp
Mirach Mini 12,TSL060X,48V DC,NA,3500K, CRI>97,  L236*14.5*14.5mm,30°,12W,AJ/CG,ASTL1211/35/CHB,R-41231258,IS 10322 (PART 5/SEC 1) : 2012,15599,"Guangdong Sat Technology Co. Ltd., No. 11 Lianbao Rd, Shengfeng District, Xiaolan Town, Zhongshan City, Guangdong, China – 528400",./assets/images/tracklights/mirach-mini-12-02-chrome-black.webp
Mirach Mini 12,TSL060X,48V DC,NA,4000K, CRI>97,  L236*14.5*14.5mm,30°,12W,AJ/CG,ASTL1211/40/B,R-41231258,IS 10322 (PART 5/SEC 1) : 2012,14599,"Guangdong Sat Technology Co. Ltd., No. 11 Lianbao Rd, Shengfeng District, Xiaolan Town, Zhongshan City, Guangdong, China – 528400",./assets/images/tracklights/mirach-mini-12-03-mat-black-default.webp
Mirach Mini 12,TSL060X,48V DC,NA,4000K, CRI>97,  L236*14.5*14.5mm,30°,12W,AJ/CG,ASTL1211/40/W,R-41231258,IS 10322 (PART 5/SEC 1) : 2012,14599,"Guangdong Sat Technology Co. Ltd., No. 11 Lianbao Rd, Shengfeng District, Xiaolan Town, Zhongshan City, Guangdong, China – 528400",./assets/images/tracklights/mirach-mini-12-05-white.webp
Mirach Mini 12,TSL060X,48V DC,NA,4000K, CRI>97,  L236*14.5*14.5mm,30°,12W,AJ/CG,ASTL1211/40/CG,R-41231258,IS 10322 (PART 5/SEC 1) : 2012,15599,"Guangdong Sat Technology Co. Ltd., No. 11 Lianbao Rd, Shengfeng District, Xiaolan Town, Zhongshan City, Guangdong, China – 528400",./assets/images/tracklights/mirach-mini-12-04-champeing-gold.webp
Mirach Mini 12,TSL060X,48V DC,NA,4000K, CRI>97,  L236*14.5*14.5mm,30°,12W,AJ/CG,ASTL1211/40/RG,R-41231258,IS 10322 (PART 5/SEC 1) : 2012,15599,"Guangdong Sat Technology Co. Ltd., No. 11 Lianbao Rd, Shengfeng District, Xiaolan Town, Zhongshan City, Guangdong, China – 528400",./assets/images/tracklights/mirach-mini-12-08-rose-gold.webp
Mirach Mini 12,TSL060X,48V DC,NA,4000K, CRI>97,  L236*14.5*14.5mm,30°,12W,AJ/CG,ASTL1211/40/BR,R-41231258,IS 10322 (PART 5/SEC 1) : 2012,15599,"Guangdong Sat Technology Co. Ltd., No. 11 Lianbao Rd, Shengfeng District, Xiaolan Town, Zhongshan City, Guangdong, China – 528400",./assets/images/tracklights/mirach-mini-12-10-brown.webp
Mirach Mini 12,TSL060X,48V DC,NA,4000K, CRI>97,  L236*14.5*14.5mm,30°,12W,AJ/CG,ASTL1211/40/COF,R-41231258,IS 10322 (PART 5/SEC 1) : 2012,15599,"Guangdong Sat Technology Co. Ltd., No. 11 Lianbao Rd, Shengfeng District, Xiaolan Town, Zhongshan City, Guangdong, China – 528400",./assets/images/tracklights/mirach-mini-12-07-coffee.webp
Mirach Mini 12,TSL060X,48V DC,NA,4000K, CRI>97,  L236*14.5*14.5mm,30°,12W,AJ/CG,ASTL1211/40/DGR,R-41231258,IS 10322 (PART 5/SEC 1) : 2012,15599,"Guangdong Sat Technology Co. Ltd., No. 11 Lianbao Rd, Shengfeng District, Xiaolan Town, Zhongshan City, Guangdong, China – 528400",./assets/images/tracklights/mirach-mini-12-09-dark-gray-default.webp
Mirach Mini 12,TSL060X,48V DC,NA,4000K, CRI>97,  L236*14.5*14.5mm,30°,12W,AJ/CG,ASTL1211/40/BB,R-41231258,IS 10322 (PART 5/SEC 1) : 2012,15599,"Guangdong Sat Technology Co. Ltd., No. 11 Lianbao Rd, Shengfeng District, Xiaolan Town, Zhongshan City, Guangdong, China – 528400",./assets/images/tracklights/mirach-mini-12-06-ballet-blue.webp
Mirach Mini 12,TSL060X,48V DC,NA,4000K, CRI>97,  L236*14.5*14.5mm,30°,12W,AJ/CG,ASTL1211/40/CH,R-41231258,IS 10322 (PART 5/SEC 1) : 2012,15599,"Guangdong Sat Technology Co. Ltd., No. 11 Lianbao Rd, Shengfeng District, Xiaolan Town, Zhongshan City, Guangdong, China – 528400",./assets/images/tracklights/mirach-mini-12-01-chrome.webp
Mirach Mini 12,TSL060X,48V DC,NA,4000K, CRI>97,  L236*14.5*14.5mm,30°,12W,AJ/CG,ASTL1211/40/CHB,R-41231258,IS 10322 (PART 5/SEC 1) : 2012,15599,"Guangdong Sat Technology Co. Ltd., No. 11 Lianbao Rd, Shengfeng District, Xiaolan Town, Zhongshan City, Guangdong, China – 528400",./assets/images/tracklights/mirach-mini-12-02-chrome-black.webp
Mirach Mini 12,TSL060X,48V DC,NA,5000K, CRI>97,  L236*14.5*14.5mm,30°,12W,AJ/CG,ASTL1211/50/B,R-41231258,IS 10322 (PART 5/SEC 1) : 2012,14599,"Guangdong Sat Technology Co. Ltd., No. 11 Lianbao Rd, Shengfeng District, Xiaolan Town, Zhongshan City, Guangdong, China – 528400",./assets/images/tracklights/mirach-mini-12-03-mat-black-default.webp
Mirach Mini 12,TSL060X,48V DC,NA,5000K, CRI>97,  L236*14.5*14.5mm,30°,12W,AJ/CG,ASTL1211/50/W,R-41231258,IS 10322 (PART 5/SEC 1) : 2012,14599,"Guangdong Sat Technology Co. Ltd., No. 11 Lianbao Rd, Shengfeng District, Xiaolan Town, Zhongshan City, Guangdong, China – 528400",./assets/images/tracklights/mirach-mini-12-05-white.webp
Mirach Mini 12,TSL060X,48V DC,NA,5000K, CRI>97,  L236*14.5*14.5mm,30°,12W,AJ/CG,ASTL1211/50/CG,R-41231258,IS 10322 (PART 5/SEC 1) : 2012,15599,"Guangdong Sat Technology Co. Ltd., No. 11 Lianbao Rd, Shengfeng District, Xiaolan Town, Zhongshan City, Guangdong, China – 528400",./assets/images/tracklights/mirach-mini-12-04-champeing-gold.webp
Mirach Mini 12,TSL060X,48V DC,NA,5000K, CRI>97,  L236*14.5*14.5mm,30°,12W,AJ/CG,ASTL1211/50/RG,R-41231258,IS 10322 (PART 5/SEC 1) : 2012,15599,"Guangdong Sat Technology Co. Ltd., No. 11 Lianbao Rd, Shengfeng District, Xiaolan Town, Zhongshan City, Guangdong, China – 528400",./assets/images/tracklights/mirach-mini-12-08-rose-gold.webp
Mirach Mini 12,TSL060X,48V DC,NA,5000K, CRI>97,  L236*14.5*14.5mm,30°,12W,AJ/CG,ASTL1211/50/BR,R-41231258,IS 10322 (PART 5/SEC 1) : 2012,15599,"Guangdong Sat Technology Co. Ltd., No. 11 Lianbao Rd, Shengfeng District, Xiaolan Town, Zhongshan City, Guangdong, China – 528400",./assets/images/tracklights/mirach-mini-12-10-brown.webp
Mirach Mini 12,TSL060X,48V DC,NA,5000K, CRI>97,  L236*14.5*14.5mm,30°,12W,AJ/CG,ASTL1211/50/COF,R-41231258,IS 10322 (PART 5/SEC 1) : 2012,15599,"Guangdong Sat Technology Co. Ltd., No. 11 Lianbao Rd, Shengfeng District, Xiaolan Town, Zhongshan City, Guangdong, China – 528400",./assets/images/tracklights/mirach-mini-12-07-coffee.webp
Mirach Mini 12,TSL060X,48V DC,NA,5000K, CRI>97,  L236*14.5*14.5mm,30°,12W,AJ/CG,ASTL1211/50/DGR,R-41231258,IS 10322 (PART 5/SEC 1) : 2012,15599,"Guangdong Sat Technology Co. Ltd., No. 11 Lianbao Rd, Shengfeng District, Xiaolan Town, Zhongshan City, Guangdong, China – 528400",./assets/images/tracklights/mirach-mini-12-09-dark-gray-default.webp
Mirach Mini 12,TSL060X,48V DC,NA,5000K, CRI>97,  L236*14.5*14.5mm,30°,12W,AJ/CG,ASTL1211/50/BB,R-41231258,IS 10322 (PART 5/SEC 1) : 2012,15599,"Guangdong Sat Technology Co. Ltd., No. 11 Lianbao Rd, Shengfeng District, Xiaolan Town, Zhongshan City, Guangdong, China – 528400",./assets/images/tracklights/mirach-mini-12-06-ballet-blue.webp
Mirach Mini 12,TSL060X,48V DC,NA,5000K, CRI>97,  L236*14.5*14.5mm,30°,12W,AJ/CG,ASTL1211/50/CH,R-41231258,IS 10322 (PART 5/SEC 1) : 2012,15599,"Guangdong Sat Technology Co. Ltd., No. 11 Lianbao Rd, Shengfeng District, Xiaolan Town, Zhongshan City, Guangdong, China – 528400",./assets/images/tracklights/mirach-mini-12-01-chrome.webp
Mirach Mini 12,TSL060X,48V DC,NA,5000K, CRI>97,  L236*14.5*14.5mm,30°,12W,AJ/CG,ASTL1211/50/CHB,R-41231258,IS 10322 (PART 5/SEC 1) : 2012,15599,"Guangdong Sat Technology Co. Ltd., No. 11 Lianbao Rd, Shengfeng District, Xiaolan Town, Zhongshan City, Guangdong, China – 528400",./assets/images/tracklights/mirach-mini-12-02-chrome-black.webp
Almach Mini 6,ARFD1501,48V DC,NA,2700K, CRI>97, L116*14.5*53.4mm,30°,6W,AJ/CG,ASTA0611/27/B,R-41159492,IS 10322 (PART 5/SEC1):2012,14099,"Guangdong Sat Technology Co. Ltd., No. 11 Lianbao Rd, Shengfeng District, Xiaolan Town, Zhongshan City, Guangdong, China – 528400",./assets/images/tracklights/almach-mini-6-03-mat-black-default.webp
Almach Mini 6,ARFD1501,48V DC,NA,2700K, CRI>97, L116*14.5*53.4mm,30°,6W,AJ/CG,ASTA0611/27/W,R-41159492,IS 10322 (PART 5/SEC1):2012,14099,"Guangdong Sat Technology Co. Ltd., No. 11 Lianbao Rd, Shengfeng District, Xiaolan Town, Zhongshan City, Guangdong, China – 528400",./assets/images/tracklights/almach-mini-6-05-white.webp
Almach Mini 6,ARFD1501,48V DC,NA,2700K, CRI>97, L116*14.5*53.4mm,30°,6W,AJ/CG,ASTA0611/27/CG,R-41159492,IS 10322 (PART 5/SEC1):2012,15099,"Guangdong Sat Technology Co. Ltd., No. 11 Lianbao Rd, Shengfeng District, Xiaolan Town, Zhongshan City, Guangdong, China – 528400",./assets/images/tracklights/almach-mini-6-04-champeing-gold.webp
Almach Mini 6,ARFD1501,48V DC,NA,2700K, CRI>97, L116*14.5*53.4mm,30°,6W,AJ/CG,ASTA0611/27/RG,R-41159492,IS 10322 (PART 5/SEC1):2012,15099,"Guangdong Sat Technology Co. Ltd., No. 11 Lianbao Rd, Shengfeng District, Xiaolan Town, Zhongshan City, Guangdong, China – 528400",./assets/images/tracklights/almach-mini-6-08-rose-gold.webp
Almach Mini 6,ARFD1501,48V DC,NA,2700K, CRI>97, L116*14.5*53.4mm,30°,6W,AJ/CG,ASTA0611/27/BR,R-41159492,IS 10322 (PART 5/SEC1):2012,15099,"Guangdong Sat Technology Co. Ltd., No. 11 Lianbao Rd, Shengfeng District, Xiaolan Town, Zhongshan City, Guangdong, China – 528400",./assets/images/tracklights/almach-mini-6-10-brown.webp
Almach Mini 6,ARFD1501,48V DC,NA,2700K, CRI>97, L116*14.5*53.4mm,30°,6W,AJ/CG,ASTA0611/27/BB,R-41159492,IS 10322 (PART 5/SEC1):2012,15099,"Guangdong Sat Technology Co. Ltd., No. 11 Lianbao Rd, Shengfeng District, Xiaolan Town, Zhongshan City, Guangdong, China – 528400",./assets/images/tracklights/almach-mini-6-06-ballet-blue.webp
Almach Mini 6,ARFD1501,48V DC,NA,2700K, CRI>97, L116*14.5*53.4mm,30°,6W,AJ/CG,ASTA0611/27/CHB,R-41159492,IS 10322 (PART 5/SEC1):2012,15099,"Guangdong Sat Technology Co. Ltd., No. 11 Lianbao Rd, Shengfeng District, Xiaolan Town, Zhongshan City, Guangdong, China – 528400",./assets/images/tracklights/almach-mini-6-02-chrome-black.webp
Almach Mini 6,ARFD1501,48V DC,NA,2700K, CRI>97, L116*14.5*53.4mm,30°,6W,AJ/CG,ASTA0611/27/COF,R-41159492,IS 10322 (PART 5/SEC1):2012,15099,"Guangdong Sat Technology Co. Ltd., No. 11 Lianbao Rd, Shengfeng District, Xiaolan Town, Zhongshan City, Guangdong, China – 528400",./assets/images/tracklights/almach-mini-6-07-coffee.webp
Almach Mini 6,ARFD1501,48V DC,NA,2700K, CRI>97, L116*14.5*53.4mm,30°,6W,AJ/CG,ASTA0611/27/DGR,R-41159492,IS 10322 (PART 5/SEC1):2012,15099,"Guangdong Sat Technology Co. Ltd., No. 11 Lianbao Rd, Shengfeng District, Xiaolan Town, Zhongshan City, Guangdong, China – 528400",./assets/images/tracklights/almach-mini-6-09-dark-gray-default.webp
Almach Mini 6,ARFD1501,48V DC,NA,2700K, CRI>97, L116*14.5*53.4mm,30°,6W,AJ/CG,ASTA0611/27/CH,R-41159492,IS 10322 (PART 5/SEC1):2012,15099,"Guangdong Sat Technology Co. Ltd., No. 11 Lianbao Rd, Shengfeng District, Xiaolan Town, Zhongshan City, Guangdong, China – 528400",./assets/images/tracklights/almach-mini-6-01-chrome.webp
Almach Mini 6,ARFD1501,48V DC,NA,3000K, CRI>97, L116*14.5*53.4mm,30°,6W,AJ/CG,ASTA0611/30/B,R-41159492,IS 10322 (PART 5/SEC1):2012,14099,"Guangdong Sat Technology Co. Ltd., No. 11 Lianbao Rd, Shengfeng District, Xiaolan Town, Zhongshan City, Guangdong, China – 528400",./assets/images/tracklights/almach-mini-6-03-mat-black-default.webp
Almach Mini 6,ARFD1501,48V DC,NA,3000K, CRI>97, L116*14.5*53.4mm,30°,6W,AJ/CG,ASTA0611/30/W,R-41159492,IS 10322 (PART 5/SEC1):2012,14099,"Guangdong Sat Technology Co. Ltd., No. 11 Lianbao Rd, Shengfeng District, Xiaolan Town, Zhongshan City, Guangdong, China – 528400",./assets/images/tracklights/almach-mini-6-05-white.webp
Almach Mini 6,ARFD1501,48V DC,NA,3000K, CRI>97, L116*14.5*53.4mm,30°,6W,AJ/CG,ASTA0611/30/CG,R-41159492,IS 10322 (PART 5/SEC1):2012,15099,"Guangdong Sat Technology Co. Ltd., No. 11 Lianbao Rd, Shengfeng District, Xiaolan Town, Zhongshan City, Guangdong, China – 528400",./assets/images/tracklights/almach-mini-6-04-champeing-gold.webp
Almach Mini 6,ARFD1501,48V DC,NA,3000K, CRI>97, L116*14.5*53.4mm,30°,6W,AJ/CG,ASTA0611/30/RG,R-41159492,IS 10322 (PART 5/SEC1):2012,15099,"Guangdong Sat Technology Co. Ltd., No. 11 Lianbao Rd, Shengfeng District, Xiaolan Town, Zhongshan City, Guangdong, China – 528400",./assets/images/tracklights/almach-mini-6-08-rose-gold.webp
Almach Mini 6,ARFD1501,48V DC,NA,3000K, CRI>97, L116*14.5*53.4mm,30°,6W,AJ/CG,ASTA0611/30/BR,R-41159492,IS 10322 (PART 5/SEC1):2012,15099,"Guangdong Sat Technology Co. Ltd., No. 11 Lianbao Rd, Shengfeng District, Xiaolan Town, Zhongshan City, Guangdong, China – 528400",./assets/images/tracklights/almach-mini-6-10-brown.webp
Almach Mini 6,ARFD1501,48V DC,NA,3000K, CRI>97, L116*14.5*53.4mm,30°,6W,AJ/CG,ASTA0611/30/BB,R-41159492,IS 10322 (PART 5/SEC1):2012,15099,"Guangdong Sat Technology Co. Ltd., No. 11 Lianbao Rd, Shengfeng District, Xiaolan Town, Zhongshan City, Guangdong, China – 528400",./assets/images/tracklights/almach-mini-6-06-ballet-blue.webp
Almach Mini 6,ARFD1501,48V DC,NA,3000K, CRI>97, L116*14.5*53.4mm,30°,6W,AJ/CG,ASTA0611/30/CHB,R-41159492,IS 10322 (PART 5/SEC1):2012,15099,"Guangdong Sat Technology Co. Ltd., No. 11 Lianbao Rd, Shengfeng District, Xiaolan Town, Zhongshan City, Guangdong, China – 528400",./assets/images/tracklights/almach-mini-6-02-chrome-black.webp
Almach Mini 6,ARFD1501,48V DC,NA,3000K, CRI>97, L116*14.5*53.4mm,30°,6W,AJ/CG,ASTA0611/30/COF,R-41159492,IS 10322 (PART 5/SEC1):2012,15099,"Guangdong Sat Technology Co. Ltd., No. 11 Lianbao Rd, Shengfeng District, Xiaolan Town, Zhongshan City, Guangdong, China – 528400",./assets/images/tracklights/almach-mini-6-07-coffee.webp
Almach Mini 6,ARFD1501,48V DC,NA,3000K, CRI>97, L116*14.5*53.4mm,30°,6W,AJ/CG,ASTA0611/30/DGR,R-41159492,IS 10322 (PART 5/SEC1):2012,15099,"Guangdong Sat Technology Co. Ltd., No. 11 Lianbao Rd, Shengfeng District, Xiaolan Town, Zhongshan City, Guangdong, China – 528400",./assets/images/tracklights/almach-mini-6-09-dark-gray-default.webp
Almach Mini 6,ARFD1501,48V DC,NA,3000K, CRI>97, L116*14.5*53.4mm,30°,6W,AJ/CG,ASTA0611/30/CH,R-41159492,IS 10322 (PART 5/SEC1):2012,15099,"Guangdong Sat Technology Co. Ltd., No. 11 Lianbao Rd, Shengfeng District, Xiaolan Town, Zhongshan City, Guangdong, China – 528400",./assets/images/tracklights/almach-mini-6-01-chrome.webp
Almach Mini 6,ARFD1501,48V DC,NA,3500K, CRI>97, L116*14.5*53.4mm,30°,6W,AJ/CG,ASTA0611/35/B,R-41159492,IS 10322 (PART 5/SEC1):2012,14099,"Guangdong Sat Technology Co. Ltd., No. 11 Lianbao Rd, Shengfeng District, Xiaolan Town, Zhongshan City, Guangdong, China – 528400",./assets/images/tracklights/almach-mini-6-03-mat-black-default.webp
Almach Mini 6,ARFD1501,48V DC,NA,3500K, CRI>97, L116*14.5*53.4mm,30°,6W,AJ/CG,ASTA0611/35/W,R-41159492,IS 10322 (PART 5/SEC1):2012,14099,"Guangdong Sat Technology Co. Ltd., No. 11 Lianbao Rd, Shengfeng District, Xiaolan Town, Zhongshan City, Guangdong, China – 528400",./assets/images/tracklights/almach-mini-6-05-white.webp
Almach Mini 6,ARFD1501,48V DC,NA,3500K, CRI>97, L116*14.5*53.4mm,30°,6W,AJ/CG,ASTA0611/35/CG,R-41159492,IS 10322 (PART 5/SEC1):2012,15099,"Guangdong Sat Technology Co. Ltd., No. 11 Lianbao Rd, Shengfeng District, Xiaolan Town, Zhongshan City, Guangdong, China – 528400",./assets/images/tracklights/almach-mini-6-04-champeing-gold.webp
Almach Mini 6,ARFD1501,48V DC,NA,3500K, CRI>97, L116*14.5*53.4mm,30°,6W,AJ/CG,ASTA0611/35/RG,R-41159492,IS 10322 (PART 5/SEC1):2012,15099,"Guangdong Sat Technology Co. Ltd., No. 11 Lianbao Rd, Shengfeng District, Xiaolan Town, Zhongshan City, Guangdong, China – 528400",./assets/images/tracklights/almach-mini-6-08-rose-gold.webp
Almach Mini 6,ARFD1501,48V DC,NA,3500K, CRI>97, L116*14.5*53.4mm,30°,6W,AJ/CG,ASTA0611/35/BR,R-41159492,IS 10322 (PART 5/SEC1):2012,15099,"Guangdong Sat Technology Co. Ltd., No. 11 Lianbao Rd, Shengfeng District, Xiaolan Town, Zhongshan City, Guangdong, China – 528400",./assets/images/tracklights/almach-mini-6-10-brown.webp
Almach Mini 6,ARFD1501,48V DC,NA,3500K, CRI>97, L116*14.5*53.4mm,30°,6W,AJ/CG,ASTA0611/35/BB,R-41159492,IS 10322 (PART 5/SEC1):2012,15099,"Guangdong Sat Technology Co. Ltd., No. 11 Lianbao Rd, Shengfeng District, Xiaolan Town, Zhongshan City, Guangdong, China – 528400",./assets/images/tracklights/almach-mini-6-06-ballet-blue.webp
Almach Mini 6,ARFD1501,48V DC,NA,3500K, CRI>97, L116*14.5*53.4mm,30°,6W,AJ/CG,ASTA0611/35/CHB,R-41159492,IS 10322 (PART 5/SEC1):2012,15099,"Guangdong Sat Technology Co. Ltd., No. 11 Lianbao Rd, Shengfeng District, Xiaolan Town, Zhongshan City, Guangdong, China – 528400",./assets/images/tracklights/almach-mini-6-02-chrome-black.webp
Almach Mini 6,ARFD1501,48V DC,NA,3500K, CRI>97, L116*14.5*53.4mm,30°,6W,AJ/CG,ASTA0611/35/COF,R-41159492,IS 10322 (PART 5/SEC1):2012,15099,"Guangdong Sat Technology Co. Ltd., No. 11 Lianbao Rd, Shengfeng District, Xiaolan Town, Zhongshan City, Guangdong, China – 528400",./assets/images/tracklights/almach-mini-6-07-coffee.webp
Almach Mini 6,ARFD1501,48V DC,NA,3500K, CRI>97, L116*14.5*53.4mm,30°,6W,AJ/CG,ASTA0611/35/DGR,R-41159492,IS 10322 (PART 5/SEC1):2012,15099,"Guangdong Sat Technology Co. Ltd., No. 11 Lianbao Rd, Shengfeng District, Xiaolan Town, Zhongshan City, Guangdong, China – 528400",./assets/images/tracklights/almach-mini-6-09-dark-gray-default.webp
Almach Mini 6,ARFD1501,48V DC,NA,3500K, CRI>97, L116*14.5*53.4mm,30°,6W,AJ/CG,ASTA0611/35/CH,R-41159492,IS 10322 (PART 5/SEC1):2012,15099,"Guangdong Sat Technology Co. Ltd., No. 11 Lianbao Rd, Shengfeng District, Xiaolan Town, Zhongshan City, Guangdong, China – 528400",./assets/images/tracklights/almach-mini-6-01-chrome.webp
Almach Mini 6,ARFD1501,48V DC,NA,4000K, CRI>97, L116*14.5*53.4mm,30°,6W,AJ/CG,ASTA0611/40/B,R-41159492,IS 10322 (PART 5/SEC1):2012,14099,"Guangdong Sat Technology Co. Ltd., No. 11 Lianbao Rd, Shengfeng District, Xiaolan Town, Zhongshan City, Guangdong, China – 528400",./assets/images/tracklights/almach-mini-6-03-mat-black-default.webp
Almach Mini 6,ARFD1501,48V DC,NA,4000K, CRI>97, L116*14.5*53.4mm,30°,6W,AJ/CG,ASTA0611/40/W,R-41159492,IS 10322 (PART 5/SEC1):2012,14099,"Guangdong Sat Technology Co. Ltd., No. 11 Lianbao Rd, Shengfeng District, Xiaolan Town, Zhongshan City, Guangdong, China – 528400",./assets/images/tracklights/almach-mini-6-05-white.webp
Almach Mini 6,ARFD1501,48V DC,NA,4000K, CRI>97, L116*14.5*53.4mm,30°,6W,AJ/CG,ASTA0611/40/CG,R-41159492,IS 10322 (PART 5/SEC1):2012,15099,"Guangdong Sat Technology Co. Ltd., No. 11 Lianbao Rd, Shengfeng District, Xiaolan Town, Zhongshan City, Guangdong, China – 528400",./assets/images/tracklights/almach-mini-6-04-champeing-gold.webp
Almach Mini 6,ARFD1501,48V DC,NA,4000K, CRI>97, L116*14.5*53.4mm,30°,6W,AJ/CG,ASTA0611/40/RG,R-41159492,IS 10322 (PART 5/SEC1):2012,15099,"Guangdong Sat Technology Co. Ltd., No. 11 Lianbao Rd, Shengfeng District, Xiaolan Town, Zhongshan City, Guangdong, China – 528400",./assets/images/tracklights/almach-mini-6-08-rose-gold.webp
Almach Mini 6,ARFD1501,48V DC,NA,4000K, CRI>97, L116*14.5*53.4mm,30°,6W,AJ/CG,ASTA0611/40/BR,R-41159492,IS 10322 (PART 5/SEC1):2012,15099,"Guangdong Sat Technology Co. Ltd., No. 11 Lianbao Rd, Shengfeng District, Xiaolan Town, Zhongshan City, Guangdong, China – 528400",./assets/images/tracklights/almach-mini-6-10-brown.webp
Almach Mini 6,ARFD1501,48V DC,NA,4000K, CRI>97, L116*14.5*53.4mm,30°,6W,AJ/CG,ASTA0611/40/BB,R-41159492,IS 10322 (PART 5/SEC1):2012,15099,"Guangdong Sat Technology Co. Ltd., No. 11 Lianbao Rd, Shengfeng District, Xiaolan Town, Zhongshan City, Guangdong, China – 528400",./assets/images/tracklights/almach-mini-6-06-ballet-blue.webp
Almach Mini 6,ARFD1501,48V DC,NA,4000K, CRI>97, L116*14.5*53.4mm,30°,6W,AJ/CG,ASTA0611/40/CHB,R-41159492,IS 10322 (PART 5/SEC1):2012,15099,"Guangdong Sat Technology Co. Ltd., No. 11 Lianbao Rd, Shengfeng District, Xiaolan Town, Zhongshan City, Guangdong, China – 528400",./assets/images/tracklights/almach-mini-6-02-chrome-black.webp
Almach Mini 6,ARFD1501,48V DC,NA,4000K, CRI>97, L116*14.5*53.4mm,30°,6W,AJ/CG,ASTA0611/40/COF,R-41159492,IS 10322 (PART 5/SEC1):2012,15099,"Guangdong Sat Technology Co. Ltd., No. 11 Lianbao Rd, Shengfeng District, Xiaolan Town, Zhongshan City, Guangdong, China – 528400",./assets/images/tracklights/almach-mini-6-07-coffee.webp
Almach Mini 6,ARFD1501,48V DC,NA,4000K, CRI>97, L116*14.5*53.4mm,30°,6W,AJ/CG,ASTA0611/40/DGR,R-41159492,IS 10322 (PART 5/SEC1):2012,15099,"Guangdong Sat Technology Co. Ltd., No. 11 Lianbao Rd, Shengfeng District, Xiaolan Town, Zhongshan City, Guangdong, China – 528400",./assets/images/tracklights/almach-mini-6-09-dark-gray-default.webp
Almach Mini 6,ARFD1501,48V DC,NA,4000K, CRI>97, L116*14.5*53.4mm,30°,6W,AJ/CG,ASTA0611/40/CH,R-41159492,IS 10322 (PART 5/SEC1):2012,15099,"Guangdong Sat Technology Co. Ltd., No. 11 Lianbao Rd, Shengfeng District, Xiaolan Town, Zhongshan City, Guangdong, China – 528400",./assets/images/tracklights/almach-mini-6-01-chrome.webp
Almach Mini 6,ARFD1501,48V DC,NA,5000K, CRI>97, L116*14.5*53.4mm,30°,6W,AJ/CG,ASTA0611/50/B,R-41159492,IS 10322 (PART 5/SEC1):2012,14099,"Guangdong Sat Technology Co. Ltd., No. 11 Lianbao Rd, Shengfeng District, Xiaolan Town, Zhongshan City, Guangdong, China – 528400",./assets/images/tracklights/almach-mini-6-03-mat-black-default.webp
Almach Mini 6,ARFD1501,48V DC,NA,5000K, CRI>97, L116*14.5*53.4mm,30°,6W,AJ/CG,ASTA0611/50/W,R-41159492,IS 10322 (PART 5/SEC1):2012,14099,"Guangdong Sat Technology Co. Ltd., No. 11 Lianbao Rd, Shengfeng District, Xiaolan Town, Zhongshan City, Guangdong, China – 528400",./assets/images/tracklights/almach-mini-6-05-white.webp
Almach Mini 6,ARFD1501,48V DC,NA,5000K, CRI>97, L116*14.5*53.4mm,30°,6W,AJ/CG,ASTA0611/50/CG,R-41159492,IS 10322 (PART 5/SEC1):2012,15099,"Guangdong Sat Technology Co. Ltd., No. 11 Lianbao Rd, Shengfeng District, Xiaolan Town, Zhongshan City, Guangdong, China – 528400",./assets/images/tracklights/almach-mini-6-04-champeing-gold.webp
Almach Mini 6,ARFD1501,48V DC,NA,5000K, CRI>97, L116*14.5*53.4mm,30°,6W,AJ/CG,ASTA0611/50/RG,R-41159492,IS 10322 (PART 5/SEC1):2012,15099,"Guangdong Sat Technology Co. Ltd., No. 11 Lianbao Rd, Shengfeng District, Xiaolan Town, Zhongshan City, Guangdong, China – 528400",./assets/images/tracklights/almach-mini-6-08-rose-gold.webp
Almach Mini 6,ARFD1501,48V DC,NA,5000K, CRI>97, L116*14.5*53.4mm,30°,6W,AJ/CG,ASTA0611/50/BR,R-41159492,IS 10322 (PART 5/SEC1):2012,15099,"Guangdong Sat Technology Co. Ltd., No. 11 Lianbao Rd, Shengfeng District, Xiaolan Town, Zhongshan City, Guangdong, China – 528400",./assets/images/tracklights/almach-mini-6-10-brown.webp
Almach Mini 6,ARFD1501,48V DC,NA,5000K, CRI>97, L116*14.5*53.4mm,30°,6W,AJ/CG,ASTA0611/50/BB,R-41159492,IS 10322 (PART 5/SEC1):2012,15099,"Guangdong Sat Technology Co. Ltd., No. 11 Lianbao Rd, Shengfeng District, Xiaolan Town, Zhongshan City, Guangdong, China – 528400",./assets/images/tracklights/almach-mini-6-06-ballet-blue.webp
Almach Mini 6,ARFD1501,48V DC,NA,5000K, CRI>97, L116*14.5*53.4mm,30°,6W,AJ/CG,ASTA0611/50/CHB,R-41159492,IS 10322 (PART 5/SEC1):2012,15099,"Guangdong Sat Technology Co. Ltd., No. 11 Lianbao Rd, Shengfeng District, Xiaolan Town, Zhongshan City, Guangdong, China – 528400",./assets/images/tracklights/almach-mini-6-02-chrome-black.webp
Almach Mini 6,ARFD1501,48V DC,NA,5000K, CRI>97, L116*14.5*53.4mm,30°,6W,AJ/CG,ASTA0611/50/COF,R-41159492,IS 10322 (PART 5/SEC1):2012,15099,"Guangdong Sat Technology Co. Ltd., No. 11 Lianbao Rd, Shengfeng District, Xiaolan Town, Zhongshan City, Guangdong, China – 528400",./assets/images/tracklights/almach-mini-6-07-coffee.webp
Almach Mini 6,ARFD1501,48V DC,NA,5000K, CRI>97, L116*14.5*53.4mm,30°,6W,AJ/CG,ASTA0611/50/DGR,R-41159492,IS 10322 (PART 5/SEC1):2012,15099,"Guangdong Sat Technology Co. Ltd., No. 11 Lianbao Rd, Shengfeng District, Xiaolan Town, Zhongshan City, Guangdong, China – 528400",./assets/images/tracklights/almach-mini-6-09-dark-gray-default.webp
Almach Mini 6,ARFD1501,48V DC,NA,5000K, CRI>97, L116*14.5*53.4mm,30°,6W,AJ/CG,ASTA0611/50/CH,R-41159492,IS 10322 (PART 5/SEC1):2012,15099,"Guangdong Sat Technology Co. Ltd., No. 11 Lianbao Rd, Shengfeng District, Xiaolan Town, Zhongshan City, Guangdong, China – 528400",./assets/images/tracklights/almach-mini-6-01-chrome.webp
Nembus Mini 6,TSL080A,48V DC,NA,2700K, CRI>97,  D60*H20mm,60°,6W,AJ/CG,ASTF0660/27/B,R-41231258,IS 10322 (PART 5/SEC 1) : 2012,14549,"Guangdong Sat Technology Co. Ltd., No. 11 Lianbao Rd, Shengfeng District, Xiaolan Town, Zhongshan City, Guangdong, China – 528400",./assets/images/tracklights/nembus-mini-03-mat-black-default.webp
Nembus Mini 6,TSL080A,48V DC,NA,2700K, CRI>97,  D60*H20mm,60°,6W,AJ/CG,ASTF0660/27/W,R-41231258,IS 10322 (PART 5/SEC 1) : 2012,14549,"Guangdong Sat Technology Co. Ltd., No. 11 Lianbao Rd, Shengfeng District, Xiaolan Town, Zhongshan City, Guangdong, China – 528400",./assets/images/tracklights/nembus-mini-06-white.webp
Nembus Mini 6,TSL080A,48V DC,NA,2700K, CRI>97,  D60*H20mm,60°,6W,AJ/CG,ASTF0660/27/CG,R-41231258,IS 10322 (PART 5/SEC 1) : 2012,15549,"Guangdong Sat Technology Co. Ltd., No. 11 Lianbao Rd, Shengfeng District, Xiaolan Town, Zhongshan City, Guangdong, China – 528400",./assets/images/tracklights/nembus-mini-04-champeing-gold.webp
Nembus Mini 6,TSL080A,48V DC,NA,2700K, CRI>97,  D60*H20mm,60°,6W,AJ/CG,ASTF0660/27/RG,R-41231258,IS 10322 (PART 5/SEC 1) : 2012,15549,"Guangdong Sat Technology Co. Ltd., No. 11 Lianbao Rd, Shengfeng District, Xiaolan Town, Zhongshan City, Guangdong, China – 528400",./assets/images/tracklights/nembus-mini-08-rose-gold.webp
Nembus Mini 6,TSL080A,48V DC,NA,2700K, CRI>97,  D60*H20mm,60°,6W,AJ/CG,ASTF0660/27/BR,R-41231258,IS 10322 (PART 5/SEC 1) : 2012,15549,"Guangdong Sat Technology Co. Ltd., No. 11 Lianbao Rd, Shengfeng District, Xiaolan Town, Zhongshan City, Guangdong, China – 528400",./assets/images/tracklights/nembus-mini-10-brown.webp
Nembus Mini 6,TSL080A,48V DC,NA,2700K, CRI>97,  D60*H20mm,60°,6W,AJ/CG,ASTF0660/27/COF,R-41231258,IS 10322 (PART 5/SEC 1) : 2012,15549,"Guangdong Sat Technology Co. Ltd., No. 11 Lianbao Rd, Shengfeng District, Xiaolan Town, Zhongshan City, Guangdong, China – 528400",./assets/images/tracklights/nembus-mini-07-coffee.webp
Nembus Mini 6,TSL080A,48V DC,NA,2700K, CRI>97,  D60*H20mm,60°,6W,AJ/CG,ASTF0660/27/DGB,R-41231258,IS 10322 (PART 5/SEC 1) : 2012,15549,"Guangdong Sat Technology Co. Ltd., No. 11 Lianbao Rd, Shengfeng District, Xiaolan Town, Zhongshan City, Guangdong, China – 528400",./assets/images/tracklights/nembus-mini-09-dark-gray-default.webp
Nembus Mini 6,TSL080A,48V DC,NA,2700K, CRI>97,  D60*H20mm,60°,6W,AJ/CG,ASTF0660/27/BB,R-41231258,IS 10322 (PART 5/SEC 1) : 2012,15549,"Guangdong Sat Technology Co. Ltd., No. 11 Lianbao Rd, Shengfeng District, Xiaolan Town, Zhongshan City, Guangdong, China – 528400",./assets/images/tracklights/nembus-mini-06-ballet-blue.webp
Nembus Mini 6,TSL080A,48V DC,NA,2700K, CRI>97,  D60*H20mm,60°,6W,AJ/CG,ASTF0660/27/CH,R-41231258,IS 10322 (PART 5/SEC 1) : 2012,15549,"Guangdong Sat Technology Co. Ltd., No. 11 Lianbao Rd, Shengfeng District, Xiaolan Town, Zhongshan City, Guangdong, China – 528400",./assets/images/tracklights/nembus-mini-01-chrome.webp
Nembus Mini 6,TSL080A,48V DC,NA,2700K, CRI>97,  D60*H20mm,60°,6W,AJ/CG,ASTF0660/27/CHB,R-41231258,IS 10322 (PART 5/SEC 1) : 2012,15549,"Guangdong Sat Technology Co. Ltd., No. 11 Lianbao Rd, Shengfeng District, Xiaolan Town, Zhongshan City, Guangdong, China – 528400",./assets/images/tracklights/nembus-mini-02-chrome-black.webp
Nembus Mini 6,TSL080A,48V DC,NA,3000K, CRI>97,  D60*H20mm,60°,6W,AJ/CG,ASTF0660/30/B,R-41231258,IS 10322 (PART 5/SEC 1) : 2012,14549,"Guangdong Sat Technology Co. Ltd., No. 11 Lianbao Rd, Shengfeng District, Xiaolan Town, Zhongshan City, Guangdong, China – 528400",./assets/images/tracklights/nembus-mini-03-mat-black-default.webp
Nembus Mini 6,TSL080A,48V DC,NA,3000K, CRI>97,  D60*H20mm,60°,6W,AJ/CG,ASTF0660/30/W,R-41231258,IS 10322 (PART 5/SEC 1) : 2012,14549,"Guangdong Sat Technology Co. Ltd., No. 11 Lianbao Rd, Shengfeng District, Xiaolan Town, Zhongshan City, Guangdong, China – 528400",./assets/images/tracklights/nembus-mini-06-white.webp
Nembus Mini 6,TSL080A,48V DC,NA,3000K, CRI>97,  D60*H20mm,60°,6W,AJ/CG,ASTF0660/30/CG,R-41231258,IS 10322 (PART 5/SEC 1) : 2012,15549,"Guangdong Sat Technology Co. Ltd., No. 11 Lianbao Rd, Shengfeng District, Xiaolan Town, Zhongshan City, Guangdong, China – 528400",./assets/images/tracklights/nembus-mini-04-champeing-gold.webp
Nembus Mini 6,TSL080A,48V DC,NA,3000K, CRI>97,  D60*H20mm,60°,6W,AJ/CG,ASTF0660/30/RG,R-41231258,IS 10322 (PART 5/SEC 1) : 2012,15549,"Guangdong Sat Technology Co. Ltd., No. 11 Lianbao Rd, Shengfeng District, Xiaolan Town, Zhongshan City, Guangdong, China – 528400",./assets/images/tracklights/nembus-mini-08-rose-gold.webp
Nembus Mini 6,TSL080A,48V DC,NA,3000K, CRI>97,  D60*H20mm,60°,6W,AJ/CG,ASTF0660/30/BR,R-41231258,IS 10322 (PART 5/SEC 1) : 2012,15549,"Guangdong Sat Technology Co. Ltd., No. 11 Lianbao Rd, Shengfeng District, Xiaolan Town, Zhongshan City, Guangdong, China – 528400",./assets/images/tracklights/nembus-mini-10-brown.webp
Nembus Mini 6,TSL080A,48V DC,NA,3000K, CRI>97,  D60*H20mm,60°,6W,AJ/CG,ASTF0660/30/COF,R-41231258,IS 10322 (PART 5/SEC 1) : 2012,15549,"Guangdong Sat Technology Co. Ltd., No. 11 Lianbao Rd, Shengfeng District, Xiaolan Town, Zhongshan City, Guangdong, China – 528400",./assets/images/tracklights/nembus-mini-07-coffee.webp
Nembus Mini 6,TSL080A,48V DC,NA,3000K, CRI>97,  D60*H20mm,60°,6W,AJ/CG,ASTF0660/30/DGB,R-41231258,IS 10322 (PART 5/SEC 1) : 2012,15549,"Guangdong Sat Technology Co. Ltd., No. 11 Lianbao Rd, Shengfeng District, Xiaolan Town, Zhongshan City, Guangdong, China – 528400",./assets/images/tracklights/nembus-mini-09-dark-gray-default.webp
Nembus Mini 6,TSL080A,48V DC,NA,3000K, CRI>97,  D60*H20mm,60°,6W,AJ/CG,ASTF0660/30/BB,R-41231258,IS 10322 (PART 5/SEC 1) : 2012,15549,"Guangdong Sat Technology Co. Ltd., No. 11 Lianbao Rd, Shengfeng District, Xiaolan Town, Zhongshan City, Guangdong, China – 528400",./assets/images/tracklights/nembus-mini-06-ballet-blue.webp
Nembus Mini 6,TSL080A,48V DC,NA,3000K, CRI>97,  D60*H20mm,60°,6W,AJ/CG,ASTF0660/30/CH,R-41231258,IS 10322 (PART 5/SEC 1) : 2012,15549,"Guangdong Sat Technology Co. Ltd., No. 11 Lianbao Rd, Shengfeng District, Xiaolan Town, Zhongshan City, Guangdong, China – 528400",./assets/images/tracklights/nembus-mini-01-chrome.webp
Nembus Mini 6,TSL080A,48V DC,NA,3000K, CRI>97,  D60*H20mm,60°,6W,AJ/CG,ASTF0660/30/CHB,R-41231258,IS 10322 (PART 5/SEC 1) : 2012,15549,"Guangdong Sat Technology Co. Ltd., No. 11 Lianbao Rd, Shengfeng District, Xiaolan Town, Zhongshan City, Guangdong, China – 528400",./assets/images/tracklights/nembus-mini-02-chrome-black.webp
Nembus Mini 6,TSL080A,48V DC,NA,3500K, CRI>97,  D60*H20mm,60°,6W,AJ/CG,ASTF0660/35/B,R-41231258,IS 10322 (PART 5/SEC 1) : 2012,14549,"Guangdong Sat Technology Co. Ltd., No. 11 Lianbao Rd, Shengfeng District, Xiaolan Town, Zhongshan City, Guangdong, China – 528400",./assets/images/tracklights/nembus-mini-03-mat-black-default.webp
Nembus Mini 6,TSL080A,48V DC,NA,3500K, CRI>97,  D60*H20mm,60°,6W,AJ/CG,ASTF0660/35/W,R-41231258,IS 10322 (PART 5/SEC 1) : 2012,14549,"Guangdong Sat Technology Co. Ltd., No. 11 Lianbao Rd, Shengfeng District, Xiaolan Town, Zhongshan City, Guangdong, China – 528400",./assets/images/tracklights/nembus-mini-06-white.webp
Nembus Mini 6,TSL080A,48V DC,NA,3500K, CRI>97,  D60*H20mm,60°,6W,AJ/CG,ASTF0660/35/CG,R-41231258,IS 10322 (PART 5/SEC 1) : 2012,15549,"Guangdong Sat Technology Co. Ltd., No. 11 Lianbao Rd, Shengfeng District, Xiaolan Town, Zhongshan City, Guangdong, China – 528400",./assets/images/tracklights/nembus-mini-04-champeing-gold.webp
Nembus Mini 6,TSL080A,48V DC,NA,3500K, CRI>97,  D60*H20mm,60°,6W,AJ/CG,ASTF0660/35/RG,R-41231258,IS 10322 (PART 5/SEC 1) : 2012,15549,"Guangdong Sat Technology Co. Ltd., No. 11 Lianbao Rd, Shengfeng District, Xiaolan Town, Zhongshan City, Guangdong, China – 528400",./assets/images/tracklights/nembus-mini-08-rose-gold.webp
Nembus Mini 6,TSL080A,48V DC,NA,3500K, CRI>97,  D60*H20mm,60°,6W,AJ/CG,ASTF0660/35/BR,R-41231258,IS 10322 (PART 5/SEC 1) : 2012,15549,"Guangdong Sat Technology Co. Ltd., No. 11 Lianbao Rd, Shengfeng District, Xiaolan Town, Zhongshan City, Guangdong, China – 528400",./assets/images/tracklights/nembus-mini-10-brown.webp
Nembus Mini 6,TSL080A,48V DC,NA,3500K, CRI>97,  D60*H20mm,60°,6W,AJ/CG,ASTF0660/35/COF,R-41231258,IS 10322 (PART 5/SEC 1) : 2012,15549,"Guangdong Sat Technology Co. Ltd., No. 11 Lianbao Rd, Shengfeng District, Xiaolan Town, Zhongshan City, Guangdong, China – 528400",./assets/images/tracklights/nembus-mini-07-coffee.webp
Nembus Mini 6,TSL080A,48V DC,NA,3500K, CRI>97,  D60*H20mm,60°,6W,AJ/CG,ASTF0660/35/DGB,R-41231258,IS 10322 (PART 5/SEC 1) : 2012,15549,"Guangdong Sat Technology Co. Ltd., No. 11 Lianbao Rd, Shengfeng District, Xiaolan Town, Zhongshan City, Guangdong, China – 528400",./assets/images/tracklights/nembus-mini-09-dark-gray-default.webp
Nembus Mini 6,TSL080A,48V DC,NA,3500K, CRI>97,  D60*H20mm,60°,6W,AJ/CG,ASTF0660/35/BB,R-41231258,IS 10322 (PART 5/SEC 1) : 2012,15549,"Guangdong Sat Technology Co. Ltd., No. 11 Lianbao Rd, Shengfeng District, Xiaolan Town, Zhongshan City, Guangdong, China – 528400",./assets/images/tracklights/nembus-mini-06-ballet-blue.webp
Nembus Mini 6,TSL080A,48V DC,NA,3500K, CRI>97,  D60*H20mm,60°,6W,AJ/CG,ASTF0660/35/CH,R-41231258,IS 10322 (PART 5/SEC 1) : 2012,15549,"Guangdong Sat Technology Co. Ltd., No. 11 Lianbao Rd, Shengfeng District, Xiaolan Town, Zhongshan City, Guangdong, China – 528400",./assets/images/tracklights/nembus-mini-01-chrome.webp
Nembus Mini 6,TSL080A,48V DC,NA,3500K, CRI>97,  D60*H20mm,60°,6W,AJ/CG,ASTF0660/35/CHB,R-41231258,IS 10322 (PART 5/SEC 1) : 2012,15549,"Guangdong Sat Technology Co. Ltd., No. 11 Lianbao Rd, Shengfeng District, Xiaolan Town, Zhongshan City, Guangdong, China – 528400",./assets/images/tracklights/nembus-mini-02-chrome-black.webp
Nembus Mini 6,TSL080A,48V DC,NA,4000K, CRI>97,  D60*H20mm,60°,6W,AJ/CG,ASTF0660/40/B,R-41231258,IS 10322 (PART 5/SEC 1) : 2012,14549,"Guangdong Sat Technology Co. Ltd., No. 11 Lianbao Rd, Shengfeng District, Xiaolan Town, Zhongshan City, Guangdong, China – 528400",./assets/images/tracklights/nembus-mini-03-mat-black-default.webp
Nembus Mini 6,TSL080A,48V DC,NA,4000K, CRI>97,  D60*H20mm,60°,6W,AJ/CG,ASTF0660/40/W,R-41231258,IS 10322 (PART 5/SEC 1) : 2012,14549,"Guangdong Sat Technology Co. Ltd., No. 11 Lianbao Rd, Shengfeng District, Xiaolan Town, Zhongshan City, Guangdong, China – 528400",./assets/images/tracklights/nembus-mini-06-white.webp
Nembus Mini 6,TSL080A,48V DC,NA,4000K, CRI>97,  D60*H20mm,60°,6W,AJ/CG,ASTF0660/40/CG,R-41231258,IS 10322 (PART 5/SEC 1) : 2012,15549,"Guangdong Sat Technology Co. Ltd., No. 11 Lianbao Rd, Shengfeng District, Xiaolan Town, Zhongshan City, Guangdong, China – 528400",./assets/images/tracklights/nembus-mini-04-champeing-gold.webp
Nembus Mini 6,TSL080A,48V DC,NA,4000K, CRI>97,  D60*H20mm,60°,6W,AJ/CG,ASTF0660/40/RG,R-41231258,IS 10322 (PART 5/SEC 1) : 2012,15549,"Guangdong Sat Technology Co. Ltd., No. 11 Lianbao Rd, Shengfeng District, Xiaolan Town, Zhongshan City, Guangdong, China – 528400",./assets/images/tracklights/nembus-mini-08-rose-gold.webp
Nembus Mini 6,TSL080A,48V DC,NA,4000K, CRI>97,  D60*H20mm,60°,6W,AJ/CG,ASTF0660/40/BR,R-41231258,IS 10322 (PART 5/SEC 1) : 2012,15549,"Guangdong Sat Technology Co. Ltd., No. 11 Lianbao Rd, Shengfeng District, Xiaolan Town, Zhongshan City, Guangdong, China – 528400",./assets/images/tracklights/nembus-mini-10-brown.webp
Nembus Mini 6,TSL080A,48V DC,NA,4000K, CRI>97,  D60*H20mm,60°,6W,AJ/CG,ASTF0660/40/COF,R-41231258,IS 10322 (PART 5/SEC 1) : 2012,15549,"Guangdong Sat Technology Co. Ltd., No. 11 Lianbao Rd, Shengfeng District, Xiaolan Town, Zhongshan City, Guangdong, China – 528400",./assets/images/tracklights/nembus-mini-07-coffee.webp
Nembus Mini 6,TSL080A,48V DC,NA,4000K, CRI>97,  D60*H20mm,60°,6W,AJ/CG,ASTF0660/40/DGB,R-41231258,IS 10322 (PART 5/SEC 1) : 2012,15549,"Guangdong Sat Technology Co. Ltd., No. 11 Lianbao Rd, Shengfeng District, Xiaolan Town, Zhongshan City, Guangdong, China – 528400",./assets/images/tracklights/nembus-mini-09-dark-gray-default.webp
Nembus Mini 6,TSL080A,48V DC,NA,4000K, CRI>97,  D60*H20mm,60°,6W,AJ/CG,ASTF0660/40/BB,R-41231258,IS 10322 (PART 5/SEC 1) : 2012,15549,"Guangdong Sat Technology Co. Ltd., No. 11 Lianbao Rd, Shengfeng District, Xiaolan Town, Zhongshan City, Guangdong, China – 528400",./assets/images/tracklights/nembus-mini-06-ballet-blue.webp
Nembus Mini 6,TSL080A,48V DC,NA,4000K, CRI>97,  D60*H20mm,60°,6W,AJ/CG,ASTF0660/40/CH,R-41231258,IS 10322 (PART 5/SEC 1) : 2012,15549,"Guangdong Sat Technology Co. Ltd., No. 11 Lianbao Rd, Shengfeng District, Xiaolan Town, Zhongshan City, Guangdong, China – 528400",./assets/images/tracklights/nembus-mini-01-chrome.webp
Nembus Mini 6,TSL080A,48V DC,NA,4000K, CRI>97,  D60*H20mm,60°,6W,AJ/CG,ASTF0660/40/CHB,R-41231258,IS 10322 (PART 5/SEC 1) : 2012,15549,"Guangdong Sat Technology Co. Ltd., No. 11 Lianbao Rd, Shengfeng District, Xiaolan Town, Zhongshan City, Guangdong, China – 528400",./assets/images/tracklights/nembus-mini-02-chrome-black.webp
Nembus Mini 6,TSL080A,48V DC,NA,5000K, CRI>97,  D60*H20mm,60°,6W,AJ/CG,ASTF0660/50/B,R-41231258,IS 10322 (PART 5/SEC 1) : 2012,14549,"Guangdong Sat Technology Co. Ltd., No. 11 Lianbao Rd, Shengfeng District, Xiaolan Town, Zhongshan City, Guangdong, China – 528400",./assets/images/tracklights/nembus-mini-03-mat-black-default.webp
Nembus Mini 6,TSL080A,48V DC,NA,5000K, CRI>97,  D60*H20mm,60°,6W,AJ/CG,ASTF0660/50/W,R-41231258,IS 10322 (PART 5/SEC 1) : 2012,14549,"Guangdong Sat Technology Co. Ltd., No. 11 Lianbao Rd, Shengfeng District, Xiaolan Town, Zhongshan City, Guangdong, China – 528400",./assets/images/tracklights/nembus-mini-06-white.webp
Nembus Mini 6,TSL080A,48V DC,NA,5000K, CRI>97,  D60*H20mm,60°,6W,AJ/CG,ASTF0660/50/CG,R-41231258,IS 10322 (PART 5/SEC 1) : 2012,15549,"Guangdong Sat Technology Co. Ltd., No. 11 Lianbao Rd, Shengfeng District, Xiaolan Town, Zhongshan City, Guangdong, China – 528400",./assets/images/tracklights/nembus-mini-04-champeing-gold.webp
Nembus Mini 6,TSL080A,48V DC,NA,5000K, CRI>97,  D60*H20mm,60°,6W,AJ/CG,ASTF0660/50/RG,R-41231258,IS 10322 (PART 5/SEC 1) : 2012,15549,"Guangdong Sat Technology Co. Ltd., No. 11 Lianbao Rd, Shengfeng District, Xiaolan Town, Zhongshan City, Guangdong, China – 528400",./assets/images/tracklights/nembus-mini-08-rose-gold.webp
Nembus Mini 6,TSL080A,48V DC,NA,5000K, CRI>97,  D60*H20mm,60°,6W,AJ/CG,ASTF0660/50/BR,R-41231258,IS 10322 (PART 5/SEC 1) : 2012,15549,"Guangdong Sat Technology Co. Ltd., No. 11 Lianbao Rd, Shengfeng District, Xiaolan Town, Zhongshan City, Guangdong, China – 528400",./assets/images/tracklights/nembus-mini-10-brown.webp
Nembus Mini 6,TSL080A,48V DC,NA,5000K, CRI>97,  D60*H20mm,60°,6W,AJ/CG,ASTF0660/50/COF,R-41231258,IS 10322 (PART 5/SEC 1) : 2012,15549,"Guangdong Sat Technology Co. Ltd., No. 11 Lianbao Rd, Shengfeng District, Xiaolan Town, Zhongshan City, Guangdong, China – 528400",./assets/images/tracklights/nembus-mini-07-coffee.webp
Nembus Mini 6,TSL080A,48V DC,NA,5000K, CRI>97,  D60*H20mm,60°,6W,AJ/CG,ASTF0660/50/DGB,R-41231258,IS 10322 (PART 5/SEC 1) : 2012,15549,"Guangdong Sat Technology Co. Ltd., No. 11 Lianbao Rd, Shengfeng District, Xiaolan Town, Zhongshan City, Guangdong, China – 528400",./assets/images/tracklights/nembus-mini-09-dark-gray-default.webp
Nembus Mini 6,TSL080A,48V DC,NA,5000K, CRI>97,  D60*H20mm,60°,6W,AJ/CG,ASTF0660/50/BB,R-41231258,IS 10322 (PART 5/SEC 1) : 2012,15549,"Guangdong Sat Technology Co. Ltd., No. 11 Lianbao Rd, Shengfeng District, Xiaolan Town, Zhongshan City, Guangdong, China – 528400",./assets/images/tracklights/nembus-mini-06-ballet-blue.webp
Nembus Mini 6,TSL080A,48V DC,NA,5000K, CRI>97,  D60*H20mm,60°,6W,AJ/CG,ASTF0660/50/CH,R-41231258,IS 10322 (PART 5/SEC 1) : 2012,15549,"Guangdong Sat Technology Co. Ltd., No. 11 Lianbao Rd, Shengfeng District, Xiaolan Town, Zhongshan City, Guangdong, China – 528400",./assets/images/tracklights/nembus-mini-01-chrome.webp
Nembus Mini 6,TSL080A,48V DC,NA,5000K, CRI>97,  D60*H20mm,60°,6W,AJ/CG,ASTF0660/50/CHB,R-41231258,IS 10322 (PART 5/SEC 1) : 2012,15549,"Guangdong Sat Technology Co. Ltd., No. 11 Lianbao Rd, Shengfeng District, Xiaolan Town, Zhongshan City, Guangdong, China – 528400",./assets/images/tracklights/nembus-mini-02-chrome-black.webp
Kappa Mini 12,ARFD1504,48V DC,NA,2700K, CRI>97,  L300*30*20mm,100°,12W,AJ/CG,ASTL1230/27/B,R-41159492,IS 10322 (PART 5/SEC1):2012,15649,"Guangdong Sat Technology Co. Ltd., No. 11 Lianbao Rd, Shengfeng District, Xiaolan Town, Zhongshan City, Guangdong, China – 528400",./assets/images/tracklights/kappa-mini-03-mat-black-default.webp
Kappa Mini 12,ARFD1504,48V DC,NA,2700K, CRI>97,  L300*30*20mm,100°,12W,AJ/CG,ASTL1230/27/W,R-41159492,IS 10322 (PART 5/SEC1):2012,15649,"Guangdong Sat Technology Co. Ltd., No. 11 Lianbao Rd, Shengfeng District, Xiaolan Town, Zhongshan City, Guangdong, China – 528400",./assets/images/tracklights/kappa-mini-06-white.webp
Kappa Mini 12,ARFD1504,48V DC,NA,2700K, CRI>97,  L300*30*20mm,100°,12W,AJ/CG,ASTL1230/27/CG,R-41159492,IS 10322 (PART 5/SEC1):2012,16649,"Guangdong Sat Technology Co. Ltd., No. 11 Lianbao Rd, Shengfeng District, Xiaolan Town, Zhongshan City, Guangdong, China – 528400",./assets/images/tracklights/kappa-mini-04-champeing-gold.webp
Kappa Mini 12,ARFD1504,48V DC,NA,2700K, CRI>97,  L300*30*20mm,100°,12W,AJ/CG,ASTL1230/27/RG,R-41159492,IS 10322 (PART 5/SEC1):2012,16649,"Guangdong Sat Technology Co. Ltd., No. 11 Lianbao Rd, Shengfeng District, Xiaolan Town, Zhongshan City, Guangdong, China – 528400",./assets/images/tracklights/kappa-mini-08-rose-gold.webp
Kappa Mini 12,ARFD1504,48V DC,NA,2700K, CRI>97,  L300*30*20mm,100°,12W,AJ/CG,ASTL1230/27/BR,R-41159492,IS 10322 (PART 5/SEC1):2012,16649,"Guangdong Sat Technology Co. Ltd., No. 11 Lianbao Rd, Shengfeng District, Xiaolan Town, Zhongshan City, Guangdong, China – 528400",./assets/images/tracklights/kappa-mini-10-brown.webp
Kappa Mini 12,ARFD1504,48V DC,NA,2700K, CRI>97,  L300*30*20mm,100°,12W,AJ/CG,ASTL1230/27/COF,R-41159492,IS 10322 (PART 5/SEC1):2012,16649,"Guangdong Sat Technology Co. Ltd., No. 11 Lianbao Rd, Shengfeng District, Xiaolan Town, Zhongshan City, Guangdong, China – 528400",./assets/images/tracklights/kappa-mini-07-coffee.webp
Kappa Mini 12,ARFD1504,48V DC,NA,2700K, CRI>97,  L300*30*20mm,100°,12W,AJ/CG,ASTL1230/27/DGR,R-41159492,IS 10322 (PART 5/SEC1):2012,16649,"Guangdong Sat Technology Co. Ltd., No. 11 Lianbao Rd, Shengfeng District, Xiaolan Town, Zhongshan City, Guangdong, China – 528400",./assets/images/tracklights/kappa-mini-09-dark-gray-default.webp
Kappa Mini 12,ARFD1504,48V DC,NA,2700K, CRI>97,  L300*30*20mm,100°,12W,AJ/CG,ASTL1230/27/BB,R-41159492,IS 10322 (PART 5/SEC1):2012,16649,"Guangdong Sat Technology Co. Ltd., No. 11 Lianbao Rd, Shengfeng District, Xiaolan Town, Zhongshan City, Guangdong, China – 528400",./assets/images/tracklights/kappa-mini-06-ballet-blue.webp
Kappa Mini 12,ARFD1504,48V DC,NA,2700K, CRI>97,  L300*30*20mm,100°,12W,AJ/CG,ASTL1230/27/CH,R-41159492,IS 10322 (PART 5/SEC1):2012,16649,"Guangdong Sat Technology Co. Ltd., No. 11 Lianbao Rd, Shengfeng District, Xiaolan Town, Zhongshan City, Guangdong, China – 528400",./assets/images/tracklights/kappa-mini-01-chrome.webp
Kappa Mini 12,ARFD1504,48V DC,NA,2700K, CRI>97,  L300*30*20mm,100°,12W,AJ/CG,ASTL1230/27/CHB,R-41159492,IS 10322 (PART 5/SEC1):2012,16649,"Guangdong Sat Technology Co. Ltd., No. 11 Lianbao Rd, Shengfeng District, Xiaolan Town, Zhongshan City, Guangdong, China – 528400",./assets/images/tracklights/kappa-mini-02-chrome-black.webp
Kappa Mini 12,ARFD1504,48V DC,NA,3000K, CRI>97,  L300*30*20mm,100°,12W,AJ/CG,ASTL1230/30/B,R-41159492,IS 10322 (PART 5/SEC1):2012,15649,"Guangdong Sat Technology Co. Ltd., No. 11 Lianbao Rd, Shengfeng District, Xiaolan Town, Zhongshan City, Guangdong, China – 528400",./assets/images/tracklights/kappa-mini-03-mat-black-default.webp
Kappa Mini 12,ARFD1504,48V DC,NA,3000K, CRI>97,  L300*30*20mm,100°,12W,AJ/CG,ASTL1230/30/W,R-41159492,IS 10322 (PART 5/SEC1):2012,15649,"Guangdong Sat Technology Co. Ltd., No. 11 Lianbao Rd, Shengfeng District, Xiaolan Town, Zhongshan City, Guangdong, China – 528400",./assets/images/tracklights/kappa-mini-06-white.webp
Kappa Mini 12,ARFD1504,48V DC,NA,3000K, CRI>97,  L300*30*20mm,100°,12W,AJ/CG,ASTL1230/30/CG,R-41159492,IS 10322 (PART 5/SEC1):2012,16649,"Guangdong Sat Technology Co. Ltd., No. 11 Lianbao Rd, Shengfeng District, Xiaolan Town, Zhongshan City, Guangdong, China – 528400",./assets/images/tracklights/kappa-mini-04-champeing-gold.webp
Kappa Mini 12,ARFD1504,48V DC,NA,3000K, CRI>97,  L300*30*20mm,100°,12W,AJ/CG,ASTL1230/30/RG,R-41159492,IS 10322 (PART 5/SEC1):2012,16649,"Guangdong Sat Technology Co. Ltd., No. 11 Lianbao Rd, Shengfeng District, Xiaolan Town, Zhongshan City, Guangdong, China – 528400",./assets/images/tracklights/kappa-mini-08-rose-gold.webp
Kappa Mini 12,ARFD1504,48V DC,NA,3000K, CRI>97,  L300*30*20mm,100°,12W,AJ/CG,ASTL1230/30/BR,R-41159492,IS 10322 (PART 5/SEC1):2012,16649,"Guangdong Sat Technology Co. Ltd., No. 11 Lianbao Rd, Shengfeng District, Xiaolan Town, Zhongshan City, Guangdong, China – 528400",./assets/images/tracklights/kappa-mini-10-brown.webp
Kappa Mini 12,ARFD1504,48V DC,NA,3000K, CRI>97,  L300*30*20mm,100°,12W,AJ/CG,ASTL1230/30/COF,R-41159492,IS 10322 (PART 5/SEC1):2012,16649,"Guangdong Sat Technology Co. Ltd., No. 11 Lianbao Rd, Shengfeng District, Xiaolan Town, Zhongshan City, Guangdong, China – 528400",./assets/images/tracklights/kappa-mini-07-coffee.webp
Kappa Mini 12,ARFD1504,48V DC,NA,3000K, CRI>97,  L300*30*20mm,100°,12W,AJ/CG,ASTL1230/30/DGR,R-41159492,IS 10322 (PART 5/SEC1):2012,16649,"Guangdong Sat Technology Co. Ltd., No. 11 Lianbao Rd, Shengfeng District, Xiaolan Town, Zhongshan City, Guangdong, China – 528400",./assets/images/tracklights/kappa-mini-09-dark-gray-default.webp
Kappa Mini 12,ARFD1504,48V DC,NA,3000K, CRI>97,  L300*30*20mm,100°,12W,AJ/CG,ASTL1230/30/BB,R-41159492,IS 10322 (PART 5/SEC1):2012,16649,"Guangdong Sat Technology Co. Ltd., No. 11 Lianbao Rd, Shengfeng District, Xiaolan Town, Zhongshan City, Guangdong, China – 528400",./assets/images/tracklights/kappa-mini-06-ballet-blue.webp
Kappa Mini 12,ARFD1504,48V DC,NA,3000K, CRI>97,  L300*30*20mm,100°,12W,AJ/CG,ASTL1230/30/CH,R-41159492,IS 10322 (PART 5/SEC1):2012,16649,"Guangdong Sat Technology Co. Ltd., No. 11 Lianbao Rd, Shengfeng District, Xiaolan Town, Zhongshan City, Guangdong, China – 528400",./assets/images/tracklights/kappa-mini-01-chrome.webp
Kappa Mini 12,ARFD1504,48V DC,NA,3000K, CRI>97,  L300*30*20mm,100°,12W,AJ/CG,ASTL1230/30/CHB,R-41159492,IS 10322 (PART 5/SEC1):2012,16649,"Guangdong Sat Technology Co. Ltd., No. 11 Lianbao Rd, Shengfeng District, Xiaolan Town, Zhongshan City, Guangdong, China – 528400",./assets/images/tracklights/kappa-mini-02-chrome-black.webp
Kappa Mini 12,ARFD1504,48V DC,NA,3500K, CRI>97,  L300*30*20mm,100°,12W,AJ/CG,ASTL1230/35/B,R-41159492,IS 10322 (PART 5/SEC1):2012,15649,"Guangdong Sat Technology Co. Ltd., No. 11 Lianbao Rd, Shengfeng District, Xiaolan Town, Zhongshan City, Guangdong, China – 528400",./assets/images/tracklights/kappa-mini-03-mat-black-default.webp
Kappa Mini 12,ARFD1504,48V DC,NA,3500K, CRI>97,  L300*30*20mm,100°,12W,AJ/CG,ASTL1230/35/W,R-41159492,IS 10322 (PART 5/SEC1):2012,15649,"Guangdong Sat Technology Co. Ltd., No. 11 Lianbao Rd, Shengfeng District, Xiaolan Town, Zhongshan City, Guangdong, China – 528400",./assets/images/tracklights/kappa-mini-06-white.webp
Kappa Mini 12,ARFD1504,48V DC,NA,3500K, CRI>97,  L300*30*20mm,100°,12W,AJ/CG,ASTL1230/35/CG,R-41159492,IS 10322 (PART 5/SEC1):2012,16649,"Guangdong Sat Technology Co. Ltd., No. 11 Lianbao Rd, Shengfeng District, Xiaolan Town, Zhongshan City, Guangdong, China – 528400",./assets/images/tracklights/kappa-mini-04-champeing-gold.webp
Kappa Mini 12,ARFD1504,48V DC,NA,3500K, CRI>97,  L300*30*20mm,100°,12W,AJ/CG,ASTL1230/35/RG,R-41159492,IS 10322 (PART 5/SEC1):2012,16649,"Guangdong Sat Technology Co. Ltd., No. 11 Lianbao Rd, Shengfeng District, Xiaolan Town, Zhongshan City, Guangdong, China – 528400",./assets/images/tracklights/kappa-mini-08-rose-gold.webp
Kappa Mini 12,ARFD1504,48V DC,NA,3500K, CRI>97,  L300*30*20mm,100°,12W,AJ/CG,ASTL1230/35/BR,R-41159492,IS 10322 (PART 5/SEC1):2012,16649,"Guangdong Sat Technology Co. Ltd., No. 11 Lianbao Rd, Shengfeng District, Xiaolan Town, Zhongshan City, Guangdong, China – 528400",./assets/images/tracklights/kappa-mini-10-brown.webp
Kappa Mini 12,ARFD1504,48V DC,NA,3500K, CRI>97,  L300*30*20mm,100°,12W,AJ/CG,ASTL1230/35/COF,R-41159492,IS 10322 (PART 5/SEC1):2012,16649,"Guangdong Sat Technology Co. Ltd., No. 11 Lianbao Rd, Shengfeng District, Xiaolan Town, Zhongshan City, Guangdong, China – 528400",./assets/images/tracklights/kappa-mini-07-coffee.webp
Kappa Mini 12,ARFD1504,48V DC,NA,3500K, CRI>97,  L300*30*20mm,100°,12W,AJ/CG,ASTL1230/35/DGR,R-41159492,IS 10322 (PART 5/SEC1):2012,16649,"Guangdong Sat Technology Co. Ltd., No. 11 Lianbao Rd, Shengfeng District, Xiaolan Town, Zhongshan City, Guangdong, China – 528400",./assets/images/tracklights/kappa-mini-09-dark-gray-default.webp
Kappa Mini 12,ARFD1504,48V DC,NA,3500K, CRI>97,  L300*30*20mm,100°,12W,AJ/CG,ASTL1230/35/BB,R-41159492,IS 10322 (PART 5/SEC1):2012,16649,"Guangdong Sat Technology Co. Ltd., No. 11 Lianbao Rd, Shengfeng District, Xiaolan Town, Zhongshan City, Guangdong, China – 528400",./assets/images/tracklights/kappa-mini-06-ballet-blue.webp
Kappa Mini 12,ARFD1504,48V DC,NA,3500K, CRI>97,  L300*30*20mm,100°,12W,AJ/CG,ASTL1230/35/CH,R-41159492,IS 10322 (PART 5/SEC1):2012,16649,"Guangdong Sat Technology Co. Ltd., No. 11 Lianbao Rd, Shengfeng District, Xiaolan Town, Zhongshan City, Guangdong, China – 528400",./assets/images/tracklights/kappa-mini-01-chrome.webp
Kappa Mini 12,ARFD1504,48V DC,NA,3500K, CRI>97,  L300*30*20mm,100°,12W,AJ/CG,ASTL1230/35/CHB,R-41159492,IS 10322 (PART 5/SEC1):2012,16649,"Guangdong Sat Technology Co. Ltd., No. 11 Lianbao Rd, Shengfeng District, Xiaolan Town, Zhongshan City, Guangdong, China – 528400",./assets/images/tracklights/kappa-mini-02-chrome-black.webp
Kappa Mini 12,ARFD1504,48V DC,NA,4000K, CRI>97,  L300*30*20mm,100°,12W,AJ/CG,ASTL1230/40/B,R-41159492,IS 10322 (PART 5/SEC1):2012,15649,"Guangdong Sat Technology Co. Ltd., No. 11 Lianbao Rd, Shengfeng District, Xiaolan Town, Zhongshan City, Guangdong, China – 528400",./assets/images/tracklights/kappa-mini-03-mat-black-default.webp
Kappa Mini 12,ARFD1504,48V DC,NA,4000K, CRI>97,  L300*30*20mm,100°,12W,AJ/CG,ASTL1230/40/W,R-41159492,IS 10322 (PART 5/SEC1):2012,15649,"Guangdong Sat Technology Co. Ltd., No. 11 Lianbao Rd, Shengfeng District, Xiaolan Town, Zhongshan City, Guangdong, China – 528400",./assets/images/tracklights/kappa-mini-06-white.webp
Kappa Mini 12,ARFD1504,48V DC,NA,4000K, CRI>97,  L300*30*20mm,100°,12W,AJ/CG,ASTL1230/40/CG,R-41159492,IS 10322 (PART 5/SEC1):2012,16649,"Guangdong Sat Technology Co. Ltd., No. 11 Lianbao Rd, Shengfeng District, Xiaolan Town, Zhongshan City, Guangdong, China – 528400",./assets/images/tracklights/kappa-mini-04-champeing-gold.webp
Kappa Mini 12,ARFD1504,48V DC,NA,4000K, CRI>97,  L300*30*20mm,100°,12W,AJ/CG,ASTL1230/40/RG,R-41159492,IS 10322 (PART 5/SEC1):2012,16649,"Guangdong Sat Technology Co. Ltd., No. 11 Lianbao Rd, Shengfeng District, Xiaolan Town, Zhongshan City, Guangdong, China – 528400",./assets/images/tracklights/kappa-mini-08-rose-gold.webp
Kappa Mini 12,ARFD1504,48V DC,NA,4000K, CRI>97,  L300*30*20mm,100°,12W,AJ/CG,ASTL1230/40/BR,R-41159492,IS 10322 (PART 5/SEC1):2012,16649,"Guangdong Sat Technology Co. Ltd., No. 11 Lianbao Rd, Shengfeng District, Xiaolan Town, Zhongshan City, Guangdong, China – 528400",./assets/images/tracklights/kappa-mini-10-brown.webp
Kappa Mini 12,ARFD1504,48V DC,NA,4000K, CRI>97,  L300*30*20mm,100°,12W,AJ/CG,ASTL1230/40/COF,R-41159492,IS 10322 (PART 5/SEC1):2012,16649,"Guangdong Sat Technology Co. Ltd., No. 11 Lianbao Rd, Shengfeng District, Xiaolan Town, Zhongshan City, Guangdong, China – 528400",./assets/images/tracklights/kappa-mini-07-coffee.webp
Kappa Mini 12,ARFD1504,48V DC,NA,4000K, CRI>97,  L300*30*20mm,100°,12W,AJ/CG,ASTL1230/40/DGR,R-41159492,IS 10322 (PART 5/SEC1):2012,16649,"Guangdong Sat Technology Co. Ltd., No. 11 Lianbao Rd, Shengfeng District, Xiaolan Town, Zhongshan City, Guangdong, China – 528400",./assets/images/tracklights/kappa-mini-09-dark-gray-default.webp
Kappa Mini 12,ARFD1504,48V DC,NA,4000K, CRI>97,  L300*30*20mm,100°,12W,AJ/CG,ASTL1230/40/BB,R-41159492,IS 10322 (PART 5/SEC1):2012,16649,"Guangdong Sat Technology Co. Ltd., No. 11 Lianbao Rd, Shengfeng District, Xiaolan Town, Zhongshan City, Guangdong, China – 528400",./assets/images/tracklights/kappa-mini-06-ballet-blue.webp
Kappa Mini 12,ARFD1504,48V DC,NA,4000K, CRI>97,  L300*30*20mm,100°,12W,AJ/CG,ASTL1230/40/CH,R-41159492,IS 10322 (PART 5/SEC1):2012,16649,"Guangdong Sat Technology Co. Ltd., No. 11 Lianbao Rd, Shengfeng District, Xiaolan Town, Zhongshan City, Guangdong, China – 528400",./assets/images/tracklights/kappa-mini-01-chrome.webp
Kappa Mini 12,ARFD1504,48V DC,NA,4000K, CRI>97,  L300*30*20mm,100°,12W,AJ/CG,ASTL1230/40/CHB,R-41159492,IS 10322 (PART 5/SEC1):2012,16649,"Guangdong Sat Technology Co. Ltd., No. 11 Lianbao Rd, Shengfeng District, Xiaolan Town, Zhongshan City, Guangdong, China – 528400",./assets/images/tracklights/kappa-mini-02-chrome-black.webp
Kappa Mini 12,ARFD1504,48V DC,NA,5000K, CRI>97,  L300*30*20mm,100°,12W,AJ/CG,ASTL1230/50/B,R-41159492,IS 10322 (PART 5/SEC1):2012,15649,"Guangdong Sat Technology Co. Ltd., No. 11 Lianbao Rd, Shengfeng District, Xiaolan Town, Zhongshan City, Guangdong, China – 528400",./assets/images/tracklights/kappa-mini-03-mat-black-default.webp
Kappa Mini 12,ARFD1504,48V DC,NA,5000K, CRI>97,  L300*30*20mm,100°,12W,AJ/CG,ASTL1230/50/W,R-41159492,IS 10322 (PART 5/SEC1):2012,15649,"Guangdong Sat Technology Co. Ltd., No. 11 Lianbao Rd, Shengfeng District, Xiaolan Town, Zhongshan City, Guangdong, China – 528400",./assets/images/tracklights/kappa-mini-06-white.webp
Kappa Mini 12,ARFD1504,48V DC,NA,5000K, CRI>97,  L300*30*20mm,100°,12W,AJ/CG,ASTL1230/50/CG,R-41159492,IS 10322 (PART 5/SEC1):2012,16649,"Guangdong Sat Technology Co. Ltd., No. 11 Lianbao Rd, Shengfeng District, Xiaolan Town, Zhongshan City, Guangdong, China – 528400",./assets/images/tracklights/kappa-mini-04-champeing-gold.webp
Kappa Mini 12,ARFD1504,48V DC,NA,5000K, CRI>97,  L300*30*20mm,100°,12W,AJ/CG,ASTL1230/50/RG,R-41159492,IS 10322 (PART 5/SEC1):2012,16649,"Guangdong Sat Technology Co. Ltd., No. 11 Lianbao Rd, Shengfeng District, Xiaolan Town, Zhongshan City, Guangdong, China – 528400",./assets/images/tracklights/kappa-mini-08-rose-gold.webp
Kappa Mini 12,ARFD1504,48V DC,NA,5000K, CRI>97,  L300*30*20mm,100°,12W,AJ/CG,ASTL1230/50/BR,R-41159492,IS 10322 (PART 5/SEC1):2012,16649,"Guangdong Sat Technology Co. Ltd., No. 11 Lianbao Rd, Shengfeng District, Xiaolan Town, Zhongshan City, Guangdong, China – 528400",./assets/images/tracklights/kappa-mini-10-brown.webp
Kappa Mini 12,ARFD1504,48V DC,NA,5000K, CRI>97,  L300*30*20mm,100°,12W,AJ/CG,ASTL1230/50/COF,R-41159492,IS 10322 (PART 5/SEC1):2012,16649,"Guangdong Sat Technology Co. Ltd., No. 11 Lianbao Rd, Shengfeng District, Xiaolan Town, Zhongshan City, Guangdong, China – 528400",./assets/images/tracklights/kappa-mini-07-coffee.webp
Kappa Mini 12,ARFD1504,48V DC,NA,5000K, CRI>97,  L300*30*20mm,100°,12W,AJ/CG,ASTL1230/50/DGR,R-41159492,IS 10322 (PART 5/SEC1):2012,16649,"Guangdong Sat Technology Co. Ltd., No. 11 Lianbao Rd, Shengfeng District, Xiaolan Town, Zhongshan City, Guangdong, China – 528400",./assets/images/tracklights/kappa-mini-09-dark-gray-default.webp
Kappa Mini 12,ARFD1504,48V DC,NA,5000K, CRI>97,  L300*30*20mm,100°,12W,AJ/CG,ASTL1230/50/BB,R-41159492,IS 10322 (PART 5/SEC1):2012,16649,"Guangdong Sat Technology Co. Ltd., No. 11 Lianbao Rd, Shengfeng District, Xiaolan Town, Zhongshan City, Guangdong, China – 528400",./assets/images/tracklights/kappa-mini-06-ballet-blue.webp
Kappa Mini 12,ARFD1504,48V DC,NA,5000K, CRI>97,  L300*30*20mm,100°,12W,AJ/CG,ASTL1230/50/CH,R-41159492,IS 10322 (PART 5/SEC1):2012,16649,"Guangdong Sat Technology Co. Ltd., No. 11 Lianbao Rd, Shengfeng District, Xiaolan Town, Zhongshan City, Guangdong, China – 528400",./assets/images/tracklights/kappa-mini-01-chrome.webp
Kappa Mini 12,ARFD1504,48V DC,NA,5000K, CRI>97,  L300*30*20mm,100°,12W,AJ/CG,ASTL1230/50/CHB,R-41159492,IS 10322 (PART 5/SEC1):2012,16649,"Guangdong Sat Technology Co. Ltd., No. 11 Lianbao Rd, Shengfeng District, Xiaolan Town, Zhongshan City, Guangdong, China – 528400",./assets/images/tracklights/kappa-mini-02-chrome-black.webp
